[2025-06-28T00:00:15.631+0000] {processor.py:186} INFO - Started process (PID=1981) to work on /opt/airflow/dags/driven_data_pipeline.py
[2025-06-28T00:00:15.631+0000] {processor.py:914} INFO - Processing file /opt/airflow/dags/driven_data_pipeline.py for tasks to queue
[2025-06-28T00:00:15.634+0000] {logging_mixin.py:190} INFO - [2025-06-28T00:00:15.633+0000] {dagbag.py:588} INFO - Filling up the DagBag from /opt/airflow/dags/driven_data_pipeline.py
[2025-06-28T00:00:15.804+0000] {processor.py:925} INFO - DAG(s) 'extract_raw_data_pipeline' retrieved from /opt/airflow/dags/driven_data_pipeline.py
[2025-06-28T00:00:15.834+0000] {logging_mixin.py:190} INFO - [2025-06-28T00:00:15.834+0000] {dag.py:3239} INFO - Sync 1 DAGs
[2025-06-28T00:00:15.860+0000] {logging_mixin.py:190} INFO - [2025-06-28T00:00:15.860+0000] {dag.py:4180} INFO - Setting next_dagrun for extract_raw_data_pipeline to 2025-06-27 07:58:00+00:00, run_after=2025-06-27 07:59:00+00:00
[2025-06-28T00:00:15.889+0000] {processor.py:208} INFO - Processing /opt/airflow/dags/driven_data_pipeline.py took 0.268 seconds
[2025-06-28T00:00:45.988+0000] {processor.py:186} INFO - Started process (PID=1989) to work on /opt/airflow/dags/driven_data_pipeline.py
[2025-06-28T00:00:45.989+0000] {processor.py:914} INFO - Processing file /opt/airflow/dags/driven_data_pipeline.py for tasks to queue
[2025-06-28T00:00:45.991+0000] {logging_mixin.py:190} INFO - [2025-06-28T00:00:45.991+0000] {dagbag.py:588} INFO - Filling up the DagBag from /opt/airflow/dags/driven_data_pipeline.py
[2025-06-28T00:00:46.169+0000] {processor.py:925} INFO - DAG(s) 'extract_raw_data_pipeline' retrieved from /opt/airflow/dags/driven_data_pipeline.py
[2025-06-28T00:00:46.194+0000] {logging_mixin.py:190} INFO - [2025-06-28T00:00:46.194+0000] {dag.py:3239} INFO - Sync 1 DAGs
[2025-06-28T00:00:46.222+0000] {logging_mixin.py:190} INFO - [2025-06-28T00:00:46.221+0000] {dag.py:4180} INFO - Setting next_dagrun for extract_raw_data_pipeline to 2025-06-27 07:58:00+00:00, run_after=2025-06-27 07:59:00+00:00
[2025-06-28T00:00:46.293+0000] {processor.py:208} INFO - Processing /opt/airflow/dags/driven_data_pipeline.py took 0.317 seconds
[2025-06-28T00:01:16.541+0000] {processor.py:186} INFO - Started process (PID=1997) to work on /opt/airflow/dags/driven_data_pipeline.py
[2025-06-28T00:01:16.542+0000] {processor.py:914} INFO - Processing file /opt/airflow/dags/driven_data_pipeline.py for tasks to queue
[2025-06-28T00:01:16.545+0000] {logging_mixin.py:190} INFO - [2025-06-28T00:01:16.544+0000] {dagbag.py:588} INFO - Filling up the DagBag from /opt/airflow/dags/driven_data_pipeline.py
[2025-06-28T00:01:16.720+0000] {processor.py:925} INFO - DAG(s) 'extract_raw_data_pipeline' retrieved from /opt/airflow/dags/driven_data_pipeline.py
[2025-06-28T00:01:16.744+0000] {logging_mixin.py:190} INFO - [2025-06-28T00:01:16.744+0000] {dag.py:3239} INFO - Sync 1 DAGs
[2025-06-28T00:01:16.766+0000] {logging_mixin.py:190} INFO - [2025-06-28T00:01:16.766+0000] {dag.py:4180} INFO - Setting next_dagrun for extract_raw_data_pipeline to 2025-06-27 07:58:00+00:00, run_after=2025-06-27 07:59:00+00:00
[2025-06-28T00:01:16.800+0000] {processor.py:208} INFO - Processing /opt/airflow/dags/driven_data_pipeline.py took 0.268 seconds
[2025-06-28T00:01:46.976+0000] {processor.py:186} INFO - Started process (PID=2005) to work on /opt/airflow/dags/driven_data_pipeline.py
[2025-06-28T00:01:47.005+0000] {processor.py:914} INFO - Processing file /opt/airflow/dags/driven_data_pipeline.py for tasks to queue
[2025-06-28T00:01:47.013+0000] {logging_mixin.py:190} INFO - [2025-06-28T00:01:47.012+0000] {dagbag.py:588} INFO - Filling up the DagBag from /opt/airflow/dags/driven_data_pipeline.py
[2025-06-28T00:01:47.207+0000] {processor.py:925} INFO - DAG(s) 'extract_raw_data_pipeline' retrieved from /opt/airflow/dags/driven_data_pipeline.py
[2025-06-28T00:01:47.231+0000] {logging_mixin.py:190} INFO - [2025-06-28T00:01:47.230+0000] {dag.py:3239} INFO - Sync 1 DAGs
[2025-06-28T00:01:47.253+0000] {logging_mixin.py:190} INFO - [2025-06-28T00:01:47.252+0000] {dag.py:4180} INFO - Setting next_dagrun for extract_raw_data_pipeline to 2025-06-27 07:58:00+00:00, run_after=2025-06-27 07:59:00+00:00
[2025-06-28T00:01:47.287+0000] {processor.py:208} INFO - Processing /opt/airflow/dags/driven_data_pipeline.py took 0.318 seconds
[2025-06-28T00:02:17.496+0000] {processor.py:186} INFO - Started process (PID=2012) to work on /opt/airflow/dags/driven_data_pipeline.py
[2025-06-28T00:02:17.497+0000] {processor.py:914} INFO - Processing file /opt/airflow/dags/driven_data_pipeline.py for tasks to queue
[2025-06-28T00:02:17.499+0000] {logging_mixin.py:190} INFO - [2025-06-28T00:02:17.499+0000] {dagbag.py:588} INFO - Filling up the DagBag from /opt/airflow/dags/driven_data_pipeline.py
[2025-06-28T00:02:17.717+0000] {processor.py:925} INFO - DAG(s) 'extract_raw_data_pipeline' retrieved from /opt/airflow/dags/driven_data_pipeline.py
[2025-06-28T00:02:17.749+0000] {logging_mixin.py:190} INFO - [2025-06-28T00:02:17.748+0000] {dag.py:3239} INFO - Sync 1 DAGs
[2025-06-28T00:02:17.789+0000] {logging_mixin.py:190} INFO - [2025-06-28T00:02:17.789+0000] {dag.py:4180} INFO - Setting next_dagrun for extract_raw_data_pipeline to 2025-06-27 07:58:00+00:00, run_after=2025-06-27 07:59:00+00:00
[2025-06-28T00:02:17.847+0000] {processor.py:208} INFO - Processing /opt/airflow/dags/driven_data_pipeline.py took 0.360 seconds
[2025-06-28T00:02:47.931+0000] {processor.py:186} INFO - Started process (PID=2020) to work on /opt/airflow/dags/driven_data_pipeline.py
[2025-06-28T00:02:47.943+0000] {processor.py:914} INFO - Processing file /opt/airflow/dags/driven_data_pipeline.py for tasks to queue
[2025-06-28T00:02:47.949+0000] {logging_mixin.py:190} INFO - [2025-06-28T00:02:47.949+0000] {dagbag.py:588} INFO - Filling up the DagBag from /opt/airflow/dags/driven_data_pipeline.py
[2025-06-28T00:02:48.291+0000] {processor.py:925} INFO - DAG(s) 'extract_raw_data_pipeline' retrieved from /opt/airflow/dags/driven_data_pipeline.py
[2025-06-28T00:02:48.337+0000] {logging_mixin.py:190} INFO - [2025-06-28T00:02:48.337+0000] {dag.py:3239} INFO - Sync 1 DAGs
[2025-06-28T00:02:48.382+0000] {logging_mixin.py:190} INFO - [2025-06-28T00:02:48.381+0000] {dag.py:4180} INFO - Setting next_dagrun for extract_raw_data_pipeline to 2025-06-27 07:58:00+00:00, run_after=2025-06-27 07:59:00+00:00
[2025-06-28T00:02:48.824+0000] {processor.py:208} INFO - Processing /opt/airflow/dags/driven_data_pipeline.py took 0.904 seconds
[2025-06-28T00:03:19.214+0000] {processor.py:186} INFO - Started process (PID=2028) to work on /opt/airflow/dags/driven_data_pipeline.py
[2025-06-28T00:03:19.216+0000] {processor.py:914} INFO - Processing file /opt/airflow/dags/driven_data_pipeline.py for tasks to queue
[2025-06-28T00:03:19.220+0000] {logging_mixin.py:190} INFO - [2025-06-28T00:03:19.219+0000] {dagbag.py:588} INFO - Filling up the DagBag from /opt/airflow/dags/driven_data_pipeline.py
[2025-06-28T00:03:19.404+0000] {processor.py:925} INFO - DAG(s) 'extract_raw_data_pipeline' retrieved from /opt/airflow/dags/driven_data_pipeline.py
[2025-06-28T00:03:19.429+0000] {logging_mixin.py:190} INFO - [2025-06-28T00:03:19.429+0000] {dag.py:3239} INFO - Sync 1 DAGs
[2025-06-28T00:03:19.451+0000] {logging_mixin.py:190} INFO - [2025-06-28T00:03:19.451+0000] {dag.py:4180} INFO - Setting next_dagrun for extract_raw_data_pipeline to 2025-06-27 07:58:00+00:00, run_after=2025-06-27 07:59:00+00:00
[2025-06-28T00:03:19.782+0000] {processor.py:208} INFO - Processing /opt/airflow/dags/driven_data_pipeline.py took 0.588 seconds
[2025-06-28T00:03:50.133+0000] {processor.py:186} INFO - Started process (PID=2036) to work on /opt/airflow/dags/driven_data_pipeline.py
[2025-06-28T00:03:50.135+0000] {processor.py:914} INFO - Processing file /opt/airflow/dags/driven_data_pipeline.py for tasks to queue
[2025-06-28T00:03:50.141+0000] {logging_mixin.py:190} INFO - [2025-06-28T00:03:50.141+0000] {dagbag.py:588} INFO - Filling up the DagBag from /opt/airflow/dags/driven_data_pipeline.py
[2025-06-28T00:03:50.370+0000] {processor.py:925} INFO - DAG(s) 'extract_raw_data_pipeline' retrieved from /opt/airflow/dags/driven_data_pipeline.py
[2025-06-28T00:03:50.410+0000] {logging_mixin.py:190} INFO - [2025-06-28T00:03:50.409+0000] {dag.py:3239} INFO - Sync 1 DAGs
[2025-06-28T00:03:50.435+0000] {logging_mixin.py:190} INFO - [2025-06-28T00:03:50.435+0000] {dag.py:4180} INFO - Setting next_dagrun for extract_raw_data_pipeline to 2025-06-27 07:58:00+00:00, run_after=2025-06-27 07:59:00+00:00
[2025-06-28T00:03:51.570+0000] {processor.py:208} INFO - Processing /opt/airflow/dags/driven_data_pipeline.py took 1.451 seconds
[2025-06-28T00:04:21.991+0000] {processor.py:186} INFO - Started process (PID=2044) to work on /opt/airflow/dags/driven_data_pipeline.py
[2025-06-28T00:04:21.992+0000] {processor.py:914} INFO - Processing file /opt/airflow/dags/driven_data_pipeline.py for tasks to queue
[2025-06-28T00:04:21.996+0000] {logging_mixin.py:190} INFO - [2025-06-28T00:04:21.995+0000] {dagbag.py:588} INFO - Filling up the DagBag from /opt/airflow/dags/driven_data_pipeline.py
[2025-06-28T00:04:22.189+0000] {processor.py:925} INFO - DAG(s) 'extract_raw_data_pipeline' retrieved from /opt/airflow/dags/driven_data_pipeline.py
[2025-06-28T00:04:22.221+0000] {logging_mixin.py:190} INFO - [2025-06-28T00:04:22.221+0000] {dag.py:3239} INFO - Sync 1 DAGs
[2025-06-28T00:04:22.248+0000] {logging_mixin.py:190} INFO - [2025-06-28T00:04:22.248+0000] {dag.py:4180} INFO - Setting next_dagrun for extract_raw_data_pipeline to 2025-06-27 07:58:00+00:00, run_after=2025-06-27 07:59:00+00:00
[2025-06-28T00:04:22.621+0000] {processor.py:208} INFO - Processing /opt/airflow/dags/driven_data_pipeline.py took 0.641 seconds
[2025-06-28T00:04:52.847+0000] {processor.py:186} INFO - Started process (PID=2052) to work on /opt/airflow/dags/driven_data_pipeline.py
[2025-06-28T00:04:52.848+0000] {processor.py:914} INFO - Processing file /opt/airflow/dags/driven_data_pipeline.py for tasks to queue
[2025-06-28T00:04:52.850+0000] {logging_mixin.py:190} INFO - [2025-06-28T00:04:52.850+0000] {dagbag.py:588} INFO - Filling up the DagBag from /opt/airflow/dags/driven_data_pipeline.py
[2025-06-28T00:04:53.057+0000] {processor.py:925} INFO - DAG(s) 'extract_raw_data_pipeline' retrieved from /opt/airflow/dags/driven_data_pipeline.py
[2025-06-28T00:04:53.085+0000] {logging_mixin.py:190} INFO - [2025-06-28T00:04:53.085+0000] {dag.py:3239} INFO - Sync 1 DAGs
[2025-06-28T00:04:53.111+0000] {logging_mixin.py:190} INFO - [2025-06-28T00:04:53.111+0000] {dag.py:4180} INFO - Setting next_dagrun for extract_raw_data_pipeline to 2025-06-27 07:58:00+00:00, run_after=2025-06-27 07:59:00+00:00
[2025-06-28T00:04:53.434+0000] {processor.py:208} INFO - Processing /opt/airflow/dags/driven_data_pipeline.py took 0.598 seconds
[2025-06-28T00:05:23.832+0000] {processor.py:186} INFO - Started process (PID=2059) to work on /opt/airflow/dags/driven_data_pipeline.py
[2025-06-28T00:05:23.834+0000] {processor.py:914} INFO - Processing file /opt/airflow/dags/driven_data_pipeline.py for tasks to queue
[2025-06-28T00:05:23.839+0000] {logging_mixin.py:190} INFO - [2025-06-28T00:05:23.838+0000] {dagbag.py:588} INFO - Filling up the DagBag from /opt/airflow/dags/driven_data_pipeline.py
[2025-06-28T00:05:24.021+0000] {processor.py:925} INFO - DAG(s) 'extract_raw_data_pipeline' retrieved from /opt/airflow/dags/driven_data_pipeline.py
[2025-06-28T00:05:24.045+0000] {logging_mixin.py:190} INFO - [2025-06-28T00:05:24.045+0000] {dag.py:3239} INFO - Sync 1 DAGs
[2025-06-28T00:05:24.067+0000] {logging_mixin.py:190} INFO - [2025-06-28T00:05:24.067+0000] {dag.py:4180} INFO - Setting next_dagrun for extract_raw_data_pipeline to 2025-06-27 07:58:00+00:00, run_after=2025-06-27 07:59:00+00:00
[2025-06-28T00:05:24.409+0000] {processor.py:208} INFO - Processing /opt/airflow/dags/driven_data_pipeline.py took 0.590 seconds
[2025-06-28T00:05:54.660+0000] {processor.py:186} INFO - Started process (PID=2067) to work on /opt/airflow/dags/driven_data_pipeline.py
[2025-06-28T00:05:55.423+0000] {processor.py:914} INFO - Processing file /opt/airflow/dags/driven_data_pipeline.py for tasks to queue
[2025-06-28T00:05:55.435+0000] {logging_mixin.py:190} INFO - [2025-06-28T00:05:55.434+0000] {dagbag.py:588} INFO - Filling up the DagBag from /opt/airflow/dags/driven_data_pipeline.py
[2025-06-28T00:05:55.624+0000] {processor.py:925} INFO - DAG(s) 'extract_raw_data_pipeline' retrieved from /opt/airflow/dags/driven_data_pipeline.py
[2025-06-28T00:05:55.648+0000] {logging_mixin.py:190} INFO - [2025-06-28T00:05:55.648+0000] {dag.py:3239} INFO - Sync 1 DAGs
[2025-06-28T00:05:55.671+0000] {logging_mixin.py:190} INFO - [2025-06-28T00:05:55.671+0000] {dag.py:4180} INFO - Setting next_dagrun for extract_raw_data_pipeline to 2025-06-27 07:58:00+00:00, run_after=2025-06-27 07:59:00+00:00
[2025-06-28T00:05:55.712+0000] {processor.py:208} INFO - Processing /opt/airflow/dags/driven_data_pipeline.py took 1.058 seconds
[2025-06-28T00:06:26.040+0000] {processor.py:186} INFO - Started process (PID=2075) to work on /opt/airflow/dags/driven_data_pipeline.py
[2025-06-28T00:06:26.042+0000] {processor.py:914} INFO - Processing file /opt/airflow/dags/driven_data_pipeline.py for tasks to queue
[2025-06-28T00:06:26.044+0000] {logging_mixin.py:190} INFO - [2025-06-28T00:06:26.044+0000] {dagbag.py:588} INFO - Filling up the DagBag from /opt/airflow/dags/driven_data_pipeline.py
[2025-06-28T00:06:26.214+0000] {processor.py:925} INFO - DAG(s) 'extract_raw_data_pipeline' retrieved from /opt/airflow/dags/driven_data_pipeline.py
[2025-06-28T00:06:26.239+0000] {logging_mixin.py:190} INFO - [2025-06-28T00:06:26.239+0000] {dag.py:3239} INFO - Sync 1 DAGs
[2025-06-28T00:06:26.263+0000] {logging_mixin.py:190} INFO - [2025-06-28T00:06:26.263+0000] {dag.py:4180} INFO - Setting next_dagrun for extract_raw_data_pipeline to 2025-06-27 07:58:00+00:00, run_after=2025-06-27 07:59:00+00:00
[2025-06-28T00:06:27.034+0000] {processor.py:208} INFO - Processing /opt/airflow/dags/driven_data_pipeline.py took 1.002 seconds
[2025-06-28T00:06:57.496+0000] {processor.py:186} INFO - Started process (PID=2082) to work on /opt/airflow/dags/driven_data_pipeline.py
[2025-06-28T00:06:57.498+0000] {processor.py:914} INFO - Processing file /opt/airflow/dags/driven_data_pipeline.py for tasks to queue
[2025-06-28T00:06:57.504+0000] {logging_mixin.py:190} INFO - [2025-06-28T00:06:57.503+0000] {dagbag.py:588} INFO - Filling up the DagBag from /opt/airflow/dags/driven_data_pipeline.py
[2025-06-28T00:06:57.723+0000] {processor.py:925} INFO - DAG(s) 'extract_raw_data_pipeline' retrieved from /opt/airflow/dags/driven_data_pipeline.py
[2025-06-28T00:06:57.753+0000] {logging_mixin.py:190} INFO - [2025-06-28T00:06:57.753+0000] {dag.py:3239} INFO - Sync 1 DAGs
[2025-06-28T00:06:57.777+0000] {logging_mixin.py:190} INFO - [2025-06-28T00:06:57.776+0000] {dag.py:4180} INFO - Setting next_dagrun for extract_raw_data_pipeline to 2025-06-27 07:58:00+00:00, run_after=2025-06-27 07:59:00+00:00
[2025-06-28T00:06:57.845+0000] {processor.py:208} INFO - Processing /opt/airflow/dags/driven_data_pipeline.py took 0.369 seconds
[2025-06-28T00:07:28.273+0000] {processor.py:186} INFO - Started process (PID=2090) to work on /opt/airflow/dags/driven_data_pipeline.py
[2025-06-28T00:07:28.275+0000] {processor.py:914} INFO - Processing file /opt/airflow/dags/driven_data_pipeline.py for tasks to queue
[2025-06-28T00:07:28.278+0000] {logging_mixin.py:190} INFO - [2025-06-28T00:07:28.278+0000] {dagbag.py:588} INFO - Filling up the DagBag from /opt/airflow/dags/driven_data_pipeline.py
[2025-06-28T00:07:28.474+0000] {processor.py:925} INFO - DAG(s) 'extract_raw_data_pipeline' retrieved from /opt/airflow/dags/driven_data_pipeline.py
[2025-06-28T00:07:28.501+0000] {logging_mixin.py:190} INFO - [2025-06-28T00:07:28.501+0000] {dag.py:3239} INFO - Sync 1 DAGs
[2025-06-28T00:07:28.525+0000] {logging_mixin.py:190} INFO - [2025-06-28T00:07:28.525+0000] {dag.py:4180} INFO - Setting next_dagrun for extract_raw_data_pipeline to 2025-06-27 07:58:00+00:00, run_after=2025-06-27 07:59:00+00:00
[2025-06-28T00:07:29.173+0000] {processor.py:208} INFO - Processing /opt/airflow/dags/driven_data_pipeline.py took 0.919 seconds
[2025-06-28T00:07:59.625+0000] {processor.py:186} INFO - Started process (PID=2098) to work on /opt/airflow/dags/driven_data_pipeline.py
[2025-06-28T00:07:59.631+0000] {processor.py:914} INFO - Processing file /opt/airflow/dags/driven_data_pipeline.py for tasks to queue
[2025-06-28T00:07:59.635+0000] {logging_mixin.py:190} INFO - [2025-06-28T00:07:59.634+0000] {dagbag.py:588} INFO - Filling up the DagBag from /opt/airflow/dags/driven_data_pipeline.py
[2025-06-28T00:07:59.810+0000] {processor.py:925} INFO - DAG(s) 'extract_raw_data_pipeline' retrieved from /opt/airflow/dags/driven_data_pipeline.py
[2025-06-28T00:07:59.834+0000] {logging_mixin.py:190} INFO - [2025-06-28T00:07:59.833+0000] {dag.py:3239} INFO - Sync 1 DAGs
[2025-06-28T00:07:59.856+0000] {logging_mixin.py:190} INFO - [2025-06-28T00:07:59.856+0000] {dag.py:4180} INFO - Setting next_dagrun for extract_raw_data_pipeline to 2025-06-27 07:58:00+00:00, run_after=2025-06-27 07:59:00+00:00
[2025-06-28T00:07:59.925+0000] {processor.py:208} INFO - Processing /opt/airflow/dags/driven_data_pipeline.py took 0.321 seconds
[2025-06-28T00:08:30.277+0000] {processor.py:186} INFO - Started process (PID=2106) to work on /opt/airflow/dags/driven_data_pipeline.py
[2025-06-28T00:08:30.288+0000] {processor.py:914} INFO - Processing file /opt/airflow/dags/driven_data_pipeline.py for tasks to queue
[2025-06-28T00:08:30.291+0000] {logging_mixin.py:190} INFO - [2025-06-28T00:08:30.291+0000] {dagbag.py:588} INFO - Filling up the DagBag from /opt/airflow/dags/driven_data_pipeline.py
[2025-06-28T00:08:30.515+0000] {processor.py:925} INFO - DAG(s) 'extract_raw_data_pipeline' retrieved from /opt/airflow/dags/driven_data_pipeline.py
[2025-06-28T00:08:30.547+0000] {logging_mixin.py:190} INFO - [2025-06-28T00:08:30.547+0000] {dag.py:3239} INFO - Sync 1 DAGs
[2025-06-28T00:08:30.573+0000] {logging_mixin.py:190} INFO - [2025-06-28T00:08:30.573+0000] {dag.py:4180} INFO - Setting next_dagrun for extract_raw_data_pipeline to 2025-06-27 07:58:00+00:00, run_after=2025-06-27 07:59:00+00:00
[2025-06-28T00:08:30.814+0000] {processor.py:208} INFO - Processing /opt/airflow/dags/driven_data_pipeline.py took 0.547 seconds
[2025-06-28T00:09:01.213+0000] {processor.py:186} INFO - Started process (PID=2114) to work on /opt/airflow/dags/driven_data_pipeline.py
[2025-06-28T00:09:01.253+0000] {processor.py:914} INFO - Processing file /opt/airflow/dags/driven_data_pipeline.py for tasks to queue
[2025-06-28T00:09:01.256+0000] {logging_mixin.py:190} INFO - [2025-06-28T00:09:01.255+0000] {dagbag.py:588} INFO - Filling up the DagBag from /opt/airflow/dags/driven_data_pipeline.py
[2025-06-28T00:09:01.539+0000] {processor.py:925} INFO - DAG(s) 'extract_raw_data_pipeline' retrieved from /opt/airflow/dags/driven_data_pipeline.py
[2025-06-28T00:09:01.592+0000] {logging_mixin.py:190} INFO - [2025-06-28T00:09:01.592+0000] {dag.py:3239} INFO - Sync 1 DAGs
[2025-06-28T00:09:01.642+0000] {logging_mixin.py:190} INFO - [2025-06-28T00:09:01.641+0000] {dag.py:4180} INFO - Setting next_dagrun for extract_raw_data_pipeline to 2025-06-27 07:58:00+00:00, run_after=2025-06-27 07:59:00+00:00
[2025-06-28T00:09:01.867+0000] {processor.py:208} INFO - Processing /opt/airflow/dags/driven_data_pipeline.py took 0.664 seconds
[2025-06-28T00:09:32.171+0000] {processor.py:186} INFO - Started process (PID=2122) to work on /opt/airflow/dags/driven_data_pipeline.py
[2025-06-28T00:09:32.226+0000] {processor.py:914} INFO - Processing file /opt/airflow/dags/driven_data_pipeline.py for tasks to queue
[2025-06-28T00:09:32.229+0000] {logging_mixin.py:190} INFO - [2025-06-28T00:09:32.229+0000] {dagbag.py:588} INFO - Filling up the DagBag from /opt/airflow/dags/driven_data_pipeline.py
[2025-06-28T00:09:32.441+0000] {processor.py:925} INFO - DAG(s) 'extract_raw_data_pipeline' retrieved from /opt/airflow/dags/driven_data_pipeline.py
[2025-06-28T00:09:32.470+0000] {logging_mixin.py:190} INFO - [2025-06-28T00:09:32.470+0000] {dag.py:3239} INFO - Sync 1 DAGs
[2025-06-28T00:09:32.498+0000] {logging_mixin.py:190} INFO - [2025-06-28T00:09:32.498+0000] {dag.py:4180} INFO - Setting next_dagrun for extract_raw_data_pipeline to 2025-06-27 07:58:00+00:00, run_after=2025-06-27 07:59:00+00:00
[2025-06-28T00:09:33.633+0000] {processor.py:208} INFO - Processing /opt/airflow/dags/driven_data_pipeline.py took 1.486 seconds
[2025-06-28T00:10:04.030+0000] {processor.py:186} INFO - Started process (PID=2130) to work on /opt/airflow/dags/driven_data_pipeline.py
[2025-06-28T00:10:04.106+0000] {processor.py:914} INFO - Processing file /opt/airflow/dags/driven_data_pipeline.py for tasks to queue
[2025-06-28T00:10:04.113+0000] {logging_mixin.py:190} INFO - [2025-06-28T00:10:04.112+0000] {dagbag.py:588} INFO - Filling up the DagBag from /opt/airflow/dags/driven_data_pipeline.py
[2025-06-28T00:10:04.367+0000] {processor.py:925} INFO - DAG(s) 'extract_raw_data_pipeline' retrieved from /opt/airflow/dags/driven_data_pipeline.py
[2025-06-28T00:10:04.395+0000] {logging_mixin.py:190} INFO - [2025-06-28T00:10:04.395+0000] {dag.py:3239} INFO - Sync 1 DAGs
[2025-06-28T00:10:04.425+0000] {logging_mixin.py:190} INFO - [2025-06-28T00:10:04.425+0000] {dag.py:4180} INFO - Setting next_dagrun for extract_raw_data_pipeline to 2025-06-27 07:58:00+00:00, run_after=2025-06-27 07:59:00+00:00
[2025-06-28T00:10:04.475+0000] {processor.py:208} INFO - Processing /opt/airflow/dags/driven_data_pipeline.py took 0.459 seconds
[2025-06-28T00:10:34.854+0000] {processor.py:186} INFO - Started process (PID=2138) to work on /opt/airflow/dags/driven_data_pipeline.py
[2025-06-28T00:10:34.858+0000] {processor.py:914} INFO - Processing file /opt/airflow/dags/driven_data_pipeline.py for tasks to queue
[2025-06-28T00:10:34.861+0000] {logging_mixin.py:190} INFO - [2025-06-28T00:10:34.860+0000] {dagbag.py:588} INFO - Filling up the DagBag from /opt/airflow/dags/driven_data_pipeline.py
[2025-06-28T00:10:35.143+0000] {processor.py:925} INFO - DAG(s) 'extract_raw_data_pipeline' retrieved from /opt/airflow/dags/driven_data_pipeline.py
[2025-06-28T00:10:35.176+0000] {logging_mixin.py:190} INFO - [2025-06-28T00:10:35.176+0000] {dag.py:3239} INFO - Sync 1 DAGs
[2025-06-28T00:10:35.205+0000] {logging_mixin.py:190} INFO - [2025-06-28T00:10:35.205+0000] {dag.py:4180} INFO - Setting next_dagrun for extract_raw_data_pipeline to 2025-06-27 07:58:00+00:00, run_after=2025-06-27 07:59:00+00:00
[2025-06-28T00:10:36.083+0000] {processor.py:208} INFO - Processing /opt/airflow/dags/driven_data_pipeline.py took 1.235 seconds
[2025-06-28T00:11:06.275+0000] {processor.py:186} INFO - Started process (PID=2146) to work on /opt/airflow/dags/driven_data_pipeline.py
[2025-06-28T00:11:06.282+0000] {processor.py:914} INFO - Processing file /opt/airflow/dags/driven_data_pipeline.py for tasks to queue
[2025-06-28T00:11:06.286+0000] {logging_mixin.py:190} INFO - [2025-06-28T00:11:06.285+0000] {dagbag.py:588} INFO - Filling up the DagBag from /opt/airflow/dags/driven_data_pipeline.py
[2025-06-28T00:11:06.506+0000] {processor.py:925} INFO - DAG(s) 'extract_raw_data_pipeline' retrieved from /opt/airflow/dags/driven_data_pipeline.py
[2025-06-28T00:11:06.535+0000] {logging_mixin.py:190} INFO - [2025-06-28T00:11:06.535+0000] {dag.py:3239} INFO - Sync 1 DAGs
[2025-06-28T00:11:06.562+0000] {logging_mixin.py:190} INFO - [2025-06-28T00:11:06.562+0000] {dag.py:4180} INFO - Setting next_dagrun for extract_raw_data_pipeline to 2025-06-27 07:58:00+00:00, run_after=2025-06-27 07:59:00+00:00
[2025-06-28T00:11:06.601+0000] {processor.py:208} INFO - Processing /opt/airflow/dags/driven_data_pipeline.py took 0.336 seconds
[2025-06-28T00:11:36.942+0000] {processor.py:186} INFO - Started process (PID=2154) to work on /opt/airflow/dags/driven_data_pipeline.py
[2025-06-28T00:11:36.943+0000] {processor.py:914} INFO - Processing file /opt/airflow/dags/driven_data_pipeline.py for tasks to queue
[2025-06-28T00:11:36.948+0000] {logging_mixin.py:190} INFO - [2025-06-28T00:11:36.947+0000] {dagbag.py:588} INFO - Filling up the DagBag from /opt/airflow/dags/driven_data_pipeline.py
[2025-06-28T00:11:37.179+0000] {processor.py:925} INFO - DAG(s) 'extract_raw_data_pipeline' retrieved from /opt/airflow/dags/driven_data_pipeline.py
[2025-06-28T00:11:37.207+0000] {logging_mixin.py:190} INFO - [2025-06-28T00:11:37.206+0000] {dag.py:3239} INFO - Sync 1 DAGs
[2025-06-28T00:11:37.232+0000] {logging_mixin.py:190} INFO - [2025-06-28T00:11:37.232+0000] {dag.py:4180} INFO - Setting next_dagrun for extract_raw_data_pipeline to 2025-06-27 07:58:00+00:00, run_after=2025-06-27 07:59:00+00:00
[2025-06-28T00:11:37.275+0000] {processor.py:208} INFO - Processing /opt/airflow/dags/driven_data_pipeline.py took 0.346 seconds
[2025-06-28T00:12:07.676+0000] {processor.py:186} INFO - Started process (PID=2162) to work on /opt/airflow/dags/driven_data_pipeline.py
[2025-06-28T00:12:07.679+0000] {processor.py:914} INFO - Processing file /opt/airflow/dags/driven_data_pipeline.py for tasks to queue
[2025-06-28T00:12:07.683+0000] {logging_mixin.py:190} INFO - [2025-06-28T00:12:07.682+0000] {dagbag.py:588} INFO - Filling up the DagBag from /opt/airflow/dags/driven_data_pipeline.py
[2025-06-28T00:12:07.963+0000] {processor.py:925} INFO - DAG(s) 'extract_raw_data_pipeline' retrieved from /opt/airflow/dags/driven_data_pipeline.py
[2025-06-28T00:12:08.005+0000] {logging_mixin.py:190} INFO - [2025-06-28T00:12:08.005+0000] {dag.py:3239} INFO - Sync 1 DAGs
[2025-06-28T00:12:08.049+0000] {logging_mixin.py:190} INFO - [2025-06-28T00:12:08.049+0000] {dag.py:4180} INFO - Setting next_dagrun for extract_raw_data_pipeline to 2025-06-27 07:58:00+00:00, run_after=2025-06-27 07:59:00+00:00
[2025-06-28T00:12:08.099+0000] {processor.py:208} INFO - Processing /opt/airflow/dags/driven_data_pipeline.py took 0.445 seconds
[2025-06-28T00:12:38.464+0000] {processor.py:186} INFO - Started process (PID=2169) to work on /opt/airflow/dags/driven_data_pipeline.py
[2025-06-28T00:12:38.468+0000] {processor.py:914} INFO - Processing file /opt/airflow/dags/driven_data_pipeline.py for tasks to queue
[2025-06-28T00:12:38.476+0000] {logging_mixin.py:190} INFO - [2025-06-28T00:12:38.474+0000] {dagbag.py:588} INFO - Filling up the DagBag from /opt/airflow/dags/driven_data_pipeline.py
[2025-06-28T00:12:38.754+0000] {processor.py:925} INFO - DAG(s) 'extract_raw_data_pipeline' retrieved from /opt/airflow/dags/driven_data_pipeline.py
[2025-06-28T00:12:38.789+0000] {logging_mixin.py:190} INFO - [2025-06-28T00:12:38.789+0000] {dag.py:3239} INFO - Sync 1 DAGs
[2025-06-28T00:12:38.821+0000] {logging_mixin.py:190} INFO - [2025-06-28T00:12:38.821+0000] {dag.py:4180} INFO - Setting next_dagrun for extract_raw_data_pipeline to 2025-06-27 07:58:00+00:00, run_after=2025-06-27 07:59:00+00:00
[2025-06-28T00:12:38.863+0000] {processor.py:208} INFO - Processing /opt/airflow/dags/driven_data_pipeline.py took 0.424 seconds
[2025-06-28T00:13:09.245+0000] {processor.py:186} INFO - Started process (PID=2177) to work on /opt/airflow/dags/driven_data_pipeline.py
[2025-06-28T00:13:09.396+0000] {processor.py:914} INFO - Processing file /opt/airflow/dags/driven_data_pipeline.py for tasks to queue
[2025-06-28T00:13:09.401+0000] {logging_mixin.py:190} INFO - [2025-06-28T00:13:09.400+0000] {dagbag.py:588} INFO - Filling up the DagBag from /opt/airflow/dags/driven_data_pipeline.py
[2025-06-28T00:13:09.749+0000] {processor.py:925} INFO - DAG(s) 'extract_raw_data_pipeline' retrieved from /opt/airflow/dags/driven_data_pipeline.py
[2025-06-28T00:13:09.799+0000] {logging_mixin.py:190} INFO - [2025-06-28T00:13:09.798+0000] {dag.py:3239} INFO - Sync 1 DAGs
[2025-06-28T00:13:09.845+0000] {logging_mixin.py:190} INFO - [2025-06-28T00:13:09.844+0000] {dag.py:4180} INFO - Setting next_dagrun for extract_raw_data_pipeline to 2025-06-27 07:58:00+00:00, run_after=2025-06-27 07:59:00+00:00
[2025-06-28T00:13:09.900+0000] {processor.py:208} INFO - Processing /opt/airflow/dags/driven_data_pipeline.py took 0.671 seconds
[2025-06-28T00:13:40.092+0000] {processor.py:186} INFO - Started process (PID=2185) to work on /opt/airflow/dags/driven_data_pipeline.py
[2025-06-28T00:13:40.094+0000] {processor.py:914} INFO - Processing file /opt/airflow/dags/driven_data_pipeline.py for tasks to queue
[2025-06-28T00:13:40.101+0000] {logging_mixin.py:190} INFO - [2025-06-28T00:13:40.100+0000] {dagbag.py:588} INFO - Filling up the DagBag from /opt/airflow/dags/driven_data_pipeline.py
[2025-06-28T00:13:40.367+0000] {processor.py:925} INFO - DAG(s) 'extract_raw_data_pipeline' retrieved from /opt/airflow/dags/driven_data_pipeline.py
[2025-06-28T00:13:40.406+0000] {logging_mixin.py:190} INFO - [2025-06-28T00:13:40.406+0000] {dag.py:3239} INFO - Sync 1 DAGs
[2025-06-28T00:13:40.440+0000] {logging_mixin.py:190} INFO - [2025-06-28T00:13:40.440+0000] {dag.py:4180} INFO - Setting next_dagrun for extract_raw_data_pipeline to 2025-06-27 07:58:00+00:00, run_after=2025-06-27 07:59:00+00:00
[2025-06-28T00:13:40.488+0000] {processor.py:208} INFO - Processing /opt/airflow/dags/driven_data_pipeline.py took 0.416 seconds
[2025-06-28T00:14:10.739+0000] {processor.py:186} INFO - Started process (PID=2193) to work on /opt/airflow/dags/driven_data_pipeline.py
[2025-06-28T00:14:10.741+0000] {processor.py:914} INFO - Processing file /opt/airflow/dags/driven_data_pipeline.py for tasks to queue
[2025-06-28T00:14:10.745+0000] {logging_mixin.py:190} INFO - [2025-06-28T00:14:10.744+0000] {dagbag.py:588} INFO - Filling up the DagBag from /opt/airflow/dags/driven_data_pipeline.py
[2025-06-28T00:14:11.027+0000] {processor.py:925} INFO - DAG(s) 'extract_raw_data_pipeline' retrieved from /opt/airflow/dags/driven_data_pipeline.py
[2025-06-28T00:14:11.059+0000] {logging_mixin.py:190} INFO - [2025-06-28T00:14:11.059+0000] {dag.py:3239} INFO - Sync 1 DAGs
[2025-06-28T00:14:11.091+0000] {logging_mixin.py:190} INFO - [2025-06-28T00:14:11.091+0000] {dag.py:4180} INFO - Setting next_dagrun for extract_raw_data_pipeline to 2025-06-27 07:58:00+00:00, run_after=2025-06-27 07:59:00+00:00
[2025-06-28T00:14:11.192+0000] {processor.py:208} INFO - Processing /opt/airflow/dags/driven_data_pipeline.py took 0.473 seconds
[2025-06-28T00:14:41.594+0000] {processor.py:186} INFO - Started process (PID=2207) to work on /opt/airflow/dags/driven_data_pipeline.py
[2025-06-28T00:14:41.596+0000] {processor.py:914} INFO - Processing file /opt/airflow/dags/driven_data_pipeline.py for tasks to queue
[2025-06-28T00:14:41.603+0000] {logging_mixin.py:190} INFO - [2025-06-28T00:14:41.602+0000] {dagbag.py:588} INFO - Filling up the DagBag from /opt/airflow/dags/driven_data_pipeline.py
[2025-06-28T00:14:41.850+0000] {processor.py:925} INFO - DAG(s) 'extract_raw_data_pipeline' retrieved from /opt/airflow/dags/driven_data_pipeline.py
[2025-06-28T00:14:41.884+0000] {logging_mixin.py:190} INFO - [2025-06-28T00:14:41.883+0000] {dag.py:3239} INFO - Sync 1 DAGs
[2025-06-28T00:14:41.914+0000] {logging_mixin.py:190} INFO - [2025-06-28T00:14:41.914+0000] {dag.py:4180} INFO - Setting next_dagrun for extract_raw_data_pipeline to 2025-06-27 07:58:00+00:00, run_after=2025-06-27 07:59:00+00:00
[2025-06-28T00:14:41.959+0000] {processor.py:208} INFO - Processing /opt/airflow/dags/driven_data_pipeline.py took 0.382 seconds
[2025-06-28T00:15:12.321+0000] {processor.py:186} INFO - Started process (PID=2214) to work on /opt/airflow/dags/driven_data_pipeline.py
[2025-06-28T00:15:12.322+0000] {processor.py:914} INFO - Processing file /opt/airflow/dags/driven_data_pipeline.py for tasks to queue
[2025-06-28T00:15:12.327+0000] {logging_mixin.py:190} INFO - [2025-06-28T00:15:12.326+0000] {dagbag.py:588} INFO - Filling up the DagBag from /opt/airflow/dags/driven_data_pipeline.py
[2025-06-28T00:15:12.655+0000] {processor.py:925} INFO - DAG(s) 'extract_raw_data_pipeline' retrieved from /opt/airflow/dags/driven_data_pipeline.py
[2025-06-28T00:15:12.701+0000] {logging_mixin.py:190} INFO - [2025-06-28T00:15:12.700+0000] {dag.py:3239} INFO - Sync 1 DAGs
[2025-06-28T00:15:12.746+0000] {logging_mixin.py:190} INFO - [2025-06-28T00:15:12.746+0000] {dag.py:4180} INFO - Setting next_dagrun for extract_raw_data_pipeline to 2025-06-27 07:58:00+00:00, run_after=2025-06-27 07:59:00+00:00
[2025-06-28T00:15:12.803+0000] {processor.py:208} INFO - Processing /opt/airflow/dags/driven_data_pipeline.py took 0.492 seconds
[2025-06-28T00:15:43.155+0000] {processor.py:186} INFO - Started process (PID=2222) to work on /opt/airflow/dags/driven_data_pipeline.py
[2025-06-28T00:15:43.156+0000] {processor.py:914} INFO - Processing file /opt/airflow/dags/driven_data_pipeline.py for tasks to queue
[2025-06-28T00:15:43.159+0000] {logging_mixin.py:190} INFO - [2025-06-28T00:15:43.158+0000] {dagbag.py:588} INFO - Filling up the DagBag from /opt/airflow/dags/driven_data_pipeline.py
[2025-06-28T00:15:43.521+0000] {processor.py:925} INFO - DAG(s) 'extract_raw_data_pipeline' retrieved from /opt/airflow/dags/driven_data_pipeline.py
[2025-06-28T00:15:43.569+0000] {logging_mixin.py:190} INFO - [2025-06-28T00:15:43.568+0000] {dag.py:3239} INFO - Sync 1 DAGs
[2025-06-28T00:15:43.612+0000] {logging_mixin.py:190} INFO - [2025-06-28T00:15:43.612+0000] {dag.py:4180} INFO - Setting next_dagrun for extract_raw_data_pipeline to 2025-06-27 07:58:00+00:00, run_after=2025-06-27 07:59:00+00:00
[2025-06-28T00:15:43.666+0000] {processor.py:208} INFO - Processing /opt/airflow/dags/driven_data_pipeline.py took 0.523 seconds
[2025-06-28T00:16:14.007+0000] {processor.py:186} INFO - Started process (PID=2229) to work on /opt/airflow/dags/driven_data_pipeline.py
[2025-06-28T00:16:14.008+0000] {processor.py:914} INFO - Processing file /opt/airflow/dags/driven_data_pipeline.py for tasks to queue
[2025-06-28T00:16:14.012+0000] {logging_mixin.py:190} INFO - [2025-06-28T00:16:14.011+0000] {dagbag.py:588} INFO - Filling up the DagBag from /opt/airflow/dags/driven_data_pipeline.py
[2025-06-28T00:16:14.222+0000] {processor.py:925} INFO - DAG(s) 'extract_raw_data_pipeline' retrieved from /opt/airflow/dags/driven_data_pipeline.py
[2025-06-28T00:16:14.252+0000] {logging_mixin.py:190} INFO - [2025-06-28T00:16:14.252+0000] {dag.py:3239} INFO - Sync 1 DAGs
[2025-06-28T00:16:14.281+0000] {logging_mixin.py:190} INFO - [2025-06-28T00:16:14.281+0000] {dag.py:4180} INFO - Setting next_dagrun for extract_raw_data_pipeline to 2025-06-27 07:58:00+00:00, run_after=2025-06-27 07:59:00+00:00
[2025-06-28T00:16:14.520+0000] {processor.py:208} INFO - Processing /opt/airflow/dags/driven_data_pipeline.py took 0.530 seconds
[2025-06-28T00:16:45.025+0000] {processor.py:186} INFO - Started process (PID=2237) to work on /opt/airflow/dags/driven_data_pipeline.py
[2025-06-28T00:16:45.027+0000] {processor.py:914} INFO - Processing file /opt/airflow/dags/driven_data_pipeline.py for tasks to queue
[2025-06-28T00:16:45.033+0000] {logging_mixin.py:190} INFO - [2025-06-28T00:16:45.032+0000] {dagbag.py:588} INFO - Filling up the DagBag from /opt/airflow/dags/driven_data_pipeline.py
[2025-06-28T00:16:45.253+0000] {processor.py:925} INFO - DAG(s) 'extract_raw_data_pipeline' retrieved from /opt/airflow/dags/driven_data_pipeline.py
[2025-06-28T00:16:45.283+0000] {logging_mixin.py:190} INFO - [2025-06-28T00:16:45.283+0000] {dag.py:3239} INFO - Sync 1 DAGs
[2025-06-28T00:16:45.309+0000] {logging_mixin.py:190} INFO - [2025-06-28T00:16:45.308+0000] {dag.py:4180} INFO - Setting next_dagrun for extract_raw_data_pipeline to 2025-06-27 07:58:00+00:00, run_after=2025-06-27 07:59:00+00:00
[2025-06-28T00:16:45.351+0000] {processor.py:208} INFO - Processing /opt/airflow/dags/driven_data_pipeline.py took 0.352 seconds
[2025-06-28T00:17:15.750+0000] {processor.py:186} INFO - Started process (PID=2245) to work on /opt/airflow/dags/driven_data_pipeline.py
[2025-06-28T00:17:15.751+0000] {processor.py:914} INFO - Processing file /opt/airflow/dags/driven_data_pipeline.py for tasks to queue
[2025-06-28T00:17:15.754+0000] {logging_mixin.py:190} INFO - [2025-06-28T00:17:15.753+0000] {dagbag.py:588} INFO - Filling up the DagBag from /opt/airflow/dags/driven_data_pipeline.py
[2025-06-28T00:17:15.979+0000] {processor.py:925} INFO - DAG(s) 'extract_raw_data_pipeline' retrieved from /opt/airflow/dags/driven_data_pipeline.py
[2025-06-28T00:17:16.011+0000] {logging_mixin.py:190} INFO - [2025-06-28T00:17:16.010+0000] {dag.py:3239} INFO - Sync 1 DAGs
[2025-06-28T00:17:16.052+0000] {logging_mixin.py:190} INFO - [2025-06-28T00:17:16.052+0000] {dag.py:4180} INFO - Setting next_dagrun for extract_raw_data_pipeline to 2025-06-27 07:58:00+00:00, run_after=2025-06-27 07:59:00+00:00
[2025-06-28T00:17:16.104+0000] {processor.py:208} INFO - Processing /opt/airflow/dags/driven_data_pipeline.py took 0.371 seconds
[2025-06-28T00:17:46.458+0000] {processor.py:186} INFO - Started process (PID=2253) to work on /opt/airflow/dags/driven_data_pipeline.py
[2025-06-28T00:17:46.459+0000] {processor.py:914} INFO - Processing file /opt/airflow/dags/driven_data_pipeline.py for tasks to queue
[2025-06-28T00:17:46.462+0000] {logging_mixin.py:190} INFO - [2025-06-28T00:17:46.462+0000] {dagbag.py:588} INFO - Filling up the DagBag from /opt/airflow/dags/driven_data_pipeline.py
[2025-06-28T00:17:46.645+0000] {processor.py:925} INFO - DAG(s) 'extract_raw_data_pipeline' retrieved from /opt/airflow/dags/driven_data_pipeline.py
[2025-06-28T00:17:46.669+0000] {logging_mixin.py:190} INFO - [2025-06-28T00:17:46.669+0000] {dag.py:3239} INFO - Sync 1 DAGs
[2025-06-28T00:17:46.692+0000] {logging_mixin.py:190} INFO - [2025-06-28T00:17:46.692+0000] {dag.py:4180} INFO - Setting next_dagrun for extract_raw_data_pipeline to 2025-06-27 07:58:00+00:00, run_after=2025-06-27 07:59:00+00:00
[2025-06-28T00:17:46.735+0000] {processor.py:208} INFO - Processing /opt/airflow/dags/driven_data_pipeline.py took 0.287 seconds
[2025-06-28T00:18:16.804+0000] {processor.py:186} INFO - Started process (PID=2261) to work on /opt/airflow/dags/driven_data_pipeline.py
[2025-06-28T00:18:16.805+0000] {processor.py:914} INFO - Processing file /opt/airflow/dags/driven_data_pipeline.py for tasks to queue
[2025-06-28T00:18:16.807+0000] {logging_mixin.py:190} INFO - [2025-06-28T00:18:16.807+0000] {dagbag.py:588} INFO - Filling up the DagBag from /opt/airflow/dags/driven_data_pipeline.py
[2025-06-28T00:18:17.003+0000] {processor.py:925} INFO - DAG(s) 'extract_raw_data_pipeline' retrieved from /opt/airflow/dags/driven_data_pipeline.py
[2025-06-28T00:18:17.031+0000] {logging_mixin.py:190} INFO - [2025-06-28T00:18:17.031+0000] {dag.py:3239} INFO - Sync 1 DAGs
[2025-06-28T00:18:17.057+0000] {logging_mixin.py:190} INFO - [2025-06-28T00:18:17.057+0000] {dag.py:4180} INFO - Setting next_dagrun for extract_raw_data_pipeline to 2025-06-27 07:58:00+00:00, run_after=2025-06-27 07:59:00+00:00
[2025-06-28T00:18:17.105+0000] {processor.py:208} INFO - Processing /opt/airflow/dags/driven_data_pipeline.py took 0.307 seconds
[2025-06-28T00:18:47.484+0000] {processor.py:186} INFO - Started process (PID=2269) to work on /opt/airflow/dags/driven_data_pipeline.py
[2025-06-28T00:18:47.496+0000] {processor.py:914} INFO - Processing file /opt/airflow/dags/driven_data_pipeline.py for tasks to queue
[2025-06-28T00:18:47.498+0000] {logging_mixin.py:190} INFO - [2025-06-28T00:18:47.498+0000] {dagbag.py:588} INFO - Filling up the DagBag from /opt/airflow/dags/driven_data_pipeline.py
[2025-06-28T00:18:47.680+0000] {processor.py:925} INFO - DAG(s) 'extract_raw_data_pipeline' retrieved from /opt/airflow/dags/driven_data_pipeline.py
[2025-06-28T00:18:47.704+0000] {logging_mixin.py:190} INFO - [2025-06-28T00:18:47.704+0000] {dag.py:3239} INFO - Sync 1 DAGs
[2025-06-28T00:18:47.727+0000] {logging_mixin.py:190} INFO - [2025-06-28T00:18:47.727+0000] {dag.py:4180} INFO - Setting next_dagrun for extract_raw_data_pipeline to 2025-06-27 07:58:00+00:00, run_after=2025-06-27 07:59:00+00:00
[2025-06-28T00:18:48.053+0000] {processor.py:208} INFO - Processing /opt/airflow/dags/driven_data_pipeline.py took 0.578 seconds
[2025-06-28T00:19:18.418+0000] {processor.py:186} INFO - Started process (PID=2277) to work on /opt/airflow/dags/driven_data_pipeline.py
[2025-06-28T00:19:18.419+0000] {processor.py:914} INFO - Processing file /opt/airflow/dags/driven_data_pipeline.py for tasks to queue
[2025-06-28T00:19:18.422+0000] {logging_mixin.py:190} INFO - [2025-06-28T00:19:18.421+0000] {dagbag.py:588} INFO - Filling up the DagBag from /opt/airflow/dags/driven_data_pipeline.py
[2025-06-28T00:19:18.600+0000] {processor.py:925} INFO - DAG(s) 'extract_raw_data_pipeline' retrieved from /opt/airflow/dags/driven_data_pipeline.py
[2025-06-28T00:19:18.626+0000] {logging_mixin.py:190} INFO - [2025-06-28T00:19:18.626+0000] {dag.py:3239} INFO - Sync 1 DAGs
[2025-06-28T00:19:18.648+0000] {logging_mixin.py:190} INFO - [2025-06-28T00:19:18.648+0000] {dag.py:4180} INFO - Setting next_dagrun for extract_raw_data_pipeline to 2025-06-27 07:58:00+00:00, run_after=2025-06-27 07:59:00+00:00
[2025-06-28T00:19:18.691+0000] {processor.py:208} INFO - Processing /opt/airflow/dags/driven_data_pipeline.py took 0.282 seconds
[2025-06-28T00:19:48.792+0000] {processor.py:186} INFO - Started process (PID=2285) to work on /opt/airflow/dags/driven_data_pipeline.py
[2025-06-28T00:19:48.794+0000] {processor.py:914} INFO - Processing file /opt/airflow/dags/driven_data_pipeline.py for tasks to queue
[2025-06-28T00:19:48.797+0000] {logging_mixin.py:190} INFO - [2025-06-28T00:19:48.797+0000] {dagbag.py:588} INFO - Filling up the DagBag from /opt/airflow/dags/driven_data_pipeline.py
[2025-06-28T00:19:48.976+0000] {processor.py:925} INFO - DAG(s) 'extract_raw_data_pipeline' retrieved from /opt/airflow/dags/driven_data_pipeline.py
[2025-06-28T00:19:49.001+0000] {logging_mixin.py:190} INFO - [2025-06-28T00:19:49.000+0000] {dag.py:3239} INFO - Sync 1 DAGs
[2025-06-28T00:19:49.025+0000] {logging_mixin.py:190} INFO - [2025-06-28T00:19:49.024+0000] {dag.py:4180} INFO - Setting next_dagrun for extract_raw_data_pipeline to 2025-06-27 07:58:00+00:00, run_after=2025-06-27 07:59:00+00:00
[2025-06-28T00:19:49.062+0000] {processor.py:208} INFO - Processing /opt/airflow/dags/driven_data_pipeline.py took 0.280 seconds
[2025-06-28T00:20:19.402+0000] {processor.py:186} INFO - Started process (PID=2293) to work on /opt/airflow/dags/driven_data_pipeline.py
[2025-06-28T00:20:19.403+0000] {processor.py:914} INFO - Processing file /opt/airflow/dags/driven_data_pipeline.py for tasks to queue
[2025-06-28T00:20:19.405+0000] {logging_mixin.py:190} INFO - [2025-06-28T00:20:19.405+0000] {dagbag.py:588} INFO - Filling up the DagBag from /opt/airflow/dags/driven_data_pipeline.py
[2025-06-28T00:20:19.580+0000] {processor.py:925} INFO - DAG(s) 'extract_raw_data_pipeline' retrieved from /opt/airflow/dags/driven_data_pipeline.py
[2025-06-28T00:20:19.604+0000] {logging_mixin.py:190} INFO - [2025-06-28T00:20:19.603+0000] {dag.py:3239} INFO - Sync 1 DAGs
[2025-06-28T00:20:19.627+0000] {logging_mixin.py:190} INFO - [2025-06-28T00:20:19.627+0000] {dag.py:4180} INFO - Setting next_dagrun for extract_raw_data_pipeline to 2025-06-27 07:58:00+00:00, run_after=2025-06-27 07:59:00+00:00
[2025-06-28T00:20:19.661+0000] {processor.py:208} INFO - Processing /opt/airflow/dags/driven_data_pipeline.py took 0.268 seconds
[2025-06-28T00:20:49.781+0000] {processor.py:186} INFO - Started process (PID=2301) to work on /opt/airflow/dags/driven_data_pipeline.py
[2025-06-28T00:20:49.799+0000] {processor.py:914} INFO - Processing file /opt/airflow/dags/driven_data_pipeline.py for tasks to queue
[2025-06-28T00:20:49.801+0000] {logging_mixin.py:190} INFO - [2025-06-28T00:20:49.801+0000] {dagbag.py:588} INFO - Filling up the DagBag from /opt/airflow/dags/driven_data_pipeline.py
[2025-06-28T00:20:49.975+0000] {processor.py:925} INFO - DAG(s) 'extract_raw_data_pipeline' retrieved from /opt/airflow/dags/driven_data_pipeline.py
[2025-06-28T00:20:50.001+0000] {logging_mixin.py:190} INFO - [2025-06-28T00:20:50.001+0000] {dag.py:3239} INFO - Sync 1 DAGs
[2025-06-28T00:20:50.026+0000] {logging_mixin.py:190} INFO - [2025-06-28T00:20:50.026+0000] {dag.py:4180} INFO - Setting next_dagrun for extract_raw_data_pipeline to 2025-06-27 07:58:00+00:00, run_after=2025-06-27 07:59:00+00:00
[2025-06-28T00:20:50.065+0000] {processor.py:208} INFO - Processing /opt/airflow/dags/driven_data_pipeline.py took 0.293 seconds
[2025-06-28T00:21:20.359+0000] {processor.py:186} INFO - Started process (PID=2309) to work on /opt/airflow/dags/driven_data_pipeline.py
[2025-06-28T00:21:20.359+0000] {processor.py:914} INFO - Processing file /opt/airflow/dags/driven_data_pipeline.py for tasks to queue
[2025-06-28T00:21:20.362+0000] {logging_mixin.py:190} INFO - [2025-06-28T00:21:20.361+0000] {dagbag.py:588} INFO - Filling up the DagBag from /opt/airflow/dags/driven_data_pipeline.py
[2025-06-28T00:21:20.588+0000] {processor.py:925} INFO - DAG(s) 'extract_raw_data_pipeline' retrieved from /opt/airflow/dags/driven_data_pipeline.py
[2025-06-28T00:21:20.617+0000] {logging_mixin.py:190} INFO - [2025-06-28T00:21:20.617+0000] {dag.py:3239} INFO - Sync 1 DAGs
[2025-06-28T00:21:20.644+0000] {logging_mixin.py:190} INFO - [2025-06-28T00:21:20.644+0000] {dag.py:4180} INFO - Setting next_dagrun for extract_raw_data_pipeline to 2025-06-27 07:58:00+00:00, run_after=2025-06-27 07:59:00+00:00
[2025-06-28T00:21:20.705+0000] {processor.py:208} INFO - Processing /opt/airflow/dags/driven_data_pipeline.py took 0.354 seconds
[2025-06-28T00:21:50.769+0000] {processor.py:186} INFO - Started process (PID=2317) to work on /opt/airflow/dags/driven_data_pipeline.py
[2025-06-28T00:21:50.782+0000] {processor.py:914} INFO - Processing file /opt/airflow/dags/driven_data_pipeline.py for tasks to queue
[2025-06-28T00:21:50.785+0000] {logging_mixin.py:190} INFO - [2025-06-28T00:21:50.784+0000] {dagbag.py:588} INFO - Filling up the DagBag from /opt/airflow/dags/driven_data_pipeline.py
[2025-06-28T00:21:50.963+0000] {processor.py:925} INFO - DAG(s) 'extract_raw_data_pipeline' retrieved from /opt/airflow/dags/driven_data_pipeline.py
[2025-06-28T00:21:50.988+0000] {logging_mixin.py:190} INFO - [2025-06-28T00:21:50.987+0000] {dag.py:3239} INFO - Sync 1 DAGs
[2025-06-28T00:21:51.011+0000] {logging_mixin.py:190} INFO - [2025-06-28T00:21:51.011+0000] {dag.py:4180} INFO - Setting next_dagrun for extract_raw_data_pipeline to 2025-06-27 07:58:00+00:00, run_after=2025-06-27 07:59:00+00:00
[2025-06-28T00:21:51.045+0000] {processor.py:208} INFO - Processing /opt/airflow/dags/driven_data_pipeline.py took 0.285 seconds
[2025-06-28T00:22:21.437+0000] {processor.py:186} INFO - Started process (PID=2325) to work on /opt/airflow/dags/driven_data_pipeline.py
[2025-06-28T00:22:21.437+0000] {processor.py:914} INFO - Processing file /opt/airflow/dags/driven_data_pipeline.py for tasks to queue
[2025-06-28T00:22:21.440+0000] {logging_mixin.py:190} INFO - [2025-06-28T00:22:21.440+0000] {dagbag.py:588} INFO - Filling up the DagBag from /opt/airflow/dags/driven_data_pipeline.py
[2025-06-28T00:22:21.613+0000] {processor.py:925} INFO - DAG(s) 'extract_raw_data_pipeline' retrieved from /opt/airflow/dags/driven_data_pipeline.py
[2025-06-28T00:22:21.637+0000] {logging_mixin.py:190} INFO - [2025-06-28T00:22:21.636+0000] {dag.py:3239} INFO - Sync 1 DAGs
[2025-06-28T00:22:21.659+0000] {logging_mixin.py:190} INFO - [2025-06-28T00:22:21.659+0000] {dag.py:4180} INFO - Setting next_dagrun for extract_raw_data_pipeline to 2025-06-27 07:58:00+00:00, run_after=2025-06-27 07:59:00+00:00
[2025-06-28T00:22:21.705+0000] {processor.py:208} INFO - Processing /opt/airflow/dags/driven_data_pipeline.py took 0.278 seconds
[2025-06-28T00:22:51.779+0000] {processor.py:186} INFO - Started process (PID=2333) to work on /opt/airflow/dags/driven_data_pipeline.py
[2025-06-28T00:22:51.785+0000] {processor.py:914} INFO - Processing file /opt/airflow/dags/driven_data_pipeline.py for tasks to queue
[2025-06-28T00:22:51.787+0000] {logging_mixin.py:190} INFO - [2025-06-28T00:22:51.787+0000] {dagbag.py:588} INFO - Filling up the DagBag from /opt/airflow/dags/driven_data_pipeline.py
[2025-06-28T00:22:51.959+0000] {processor.py:925} INFO - DAG(s) 'extract_raw_data_pipeline' retrieved from /opt/airflow/dags/driven_data_pipeline.py
[2025-06-28T00:22:51.984+0000] {logging_mixin.py:190} INFO - [2025-06-28T00:22:51.983+0000] {dag.py:3239} INFO - Sync 1 DAGs
[2025-06-28T00:22:52.009+0000] {logging_mixin.py:190} INFO - [2025-06-28T00:22:52.009+0000] {dag.py:4180} INFO - Setting next_dagrun for extract_raw_data_pipeline to 2025-06-27 07:58:00+00:00, run_after=2025-06-27 07:59:00+00:00
[2025-06-28T00:22:52.052+0000] {processor.py:208} INFO - Processing /opt/airflow/dags/driven_data_pipeline.py took 0.280 seconds
[2025-06-28T00:23:22.370+0000] {processor.py:186} INFO - Started process (PID=2341) to work on /opt/airflow/dags/driven_data_pipeline.py
[2025-06-28T00:23:22.371+0000] {processor.py:914} INFO - Processing file /opt/airflow/dags/driven_data_pipeline.py for tasks to queue
[2025-06-28T00:23:22.373+0000] {logging_mixin.py:190} INFO - [2025-06-28T00:23:22.373+0000] {dagbag.py:588} INFO - Filling up the DagBag from /opt/airflow/dags/driven_data_pipeline.py
[2025-06-28T00:23:22.551+0000] {processor.py:925} INFO - DAG(s) 'extract_raw_data_pipeline' retrieved from /opt/airflow/dags/driven_data_pipeline.py
[2025-06-28T00:23:22.577+0000] {logging_mixin.py:190} INFO - [2025-06-28T00:23:22.576+0000] {dag.py:3239} INFO - Sync 1 DAGs
[2025-06-28T00:23:22.599+0000] {logging_mixin.py:190} INFO - [2025-06-28T00:23:22.599+0000] {dag.py:4180} INFO - Setting next_dagrun for extract_raw_data_pipeline to 2025-06-27 07:58:00+00:00, run_after=2025-06-27 07:59:00+00:00
[2025-06-28T00:23:22.645+0000] {processor.py:208} INFO - Processing /opt/airflow/dags/driven_data_pipeline.py took 0.285 seconds
[2025-06-28T00:23:52.719+0000] {processor.py:186} INFO - Started process (PID=2349) to work on /opt/airflow/dags/driven_data_pipeline.py
[2025-06-28T00:23:52.720+0000] {processor.py:914} INFO - Processing file /opt/airflow/dags/driven_data_pipeline.py for tasks to queue
[2025-06-28T00:23:52.723+0000] {logging_mixin.py:190} INFO - [2025-06-28T00:23:52.723+0000] {dagbag.py:588} INFO - Filling up the DagBag from /opt/airflow/dags/driven_data_pipeline.py
[2025-06-28T00:23:52.920+0000] {processor.py:925} INFO - DAG(s) 'extract_raw_data_pipeline' retrieved from /opt/airflow/dags/driven_data_pipeline.py
[2025-06-28T00:23:52.944+0000] {logging_mixin.py:190} INFO - [2025-06-28T00:23:52.944+0000] {dag.py:3239} INFO - Sync 1 DAGs
[2025-06-28T00:23:52.967+0000] {logging_mixin.py:190} INFO - [2025-06-28T00:23:52.967+0000] {dag.py:4180} INFO - Setting next_dagrun for extract_raw_data_pipeline to 2025-06-27 07:58:00+00:00, run_after=2025-06-27 07:59:00+00:00
[2025-06-28T00:23:53.010+0000] {processor.py:208} INFO - Processing /opt/airflow/dags/driven_data_pipeline.py took 0.299 seconds
[2025-06-28T00:24:23.301+0000] {processor.py:186} INFO - Started process (PID=2357) to work on /opt/airflow/dags/driven_data_pipeline.py
[2025-06-28T00:24:23.312+0000] {processor.py:914} INFO - Processing file /opt/airflow/dags/driven_data_pipeline.py for tasks to queue
[2025-06-28T00:24:23.315+0000] {logging_mixin.py:190} INFO - [2025-06-28T00:24:23.314+0000] {dagbag.py:588} INFO - Filling up the DagBag from /opt/airflow/dags/driven_data_pipeline.py
[2025-06-28T00:24:23.501+0000] {processor.py:925} INFO - DAG(s) 'extract_raw_data_pipeline' retrieved from /opt/airflow/dags/driven_data_pipeline.py
[2025-06-28T00:24:23.526+0000] {logging_mixin.py:190} INFO - [2025-06-28T00:24:23.526+0000] {dag.py:3239} INFO - Sync 1 DAGs
[2025-06-28T00:24:23.550+0000] {logging_mixin.py:190} INFO - [2025-06-28T00:24:23.550+0000] {dag.py:4180} INFO - Setting next_dagrun for extract_raw_data_pipeline to 2025-06-27 07:58:00+00:00, run_after=2025-06-27 07:59:00+00:00
[2025-06-28T00:24:23.594+0000] {processor.py:208} INFO - Processing /opt/airflow/dags/driven_data_pipeline.py took 0.299 seconds
[2025-06-28T00:24:53.663+0000] {processor.py:186} INFO - Started process (PID=2365) to work on /opt/airflow/dags/driven_data_pipeline.py
[2025-06-28T00:24:53.663+0000] {processor.py:914} INFO - Processing file /opt/airflow/dags/driven_data_pipeline.py for tasks to queue
[2025-06-28T00:24:53.667+0000] {logging_mixin.py:190} INFO - [2025-06-28T00:24:53.666+0000] {dagbag.py:588} INFO - Filling up the DagBag from /opt/airflow/dags/driven_data_pipeline.py
[2025-06-28T00:24:53.844+0000] {processor.py:925} INFO - DAG(s) 'extract_raw_data_pipeline' retrieved from /opt/airflow/dags/driven_data_pipeline.py
[2025-06-28T00:24:53.868+0000] {logging_mixin.py:190} INFO - [2025-06-28T00:24:53.868+0000] {dag.py:3239} INFO - Sync 1 DAGs
[2025-06-28T00:24:53.895+0000] {logging_mixin.py:190} INFO - [2025-06-28T00:24:53.894+0000] {dag.py:4180} INFO - Setting next_dagrun for extract_raw_data_pipeline to 2025-06-27 07:58:00+00:00, run_after=2025-06-27 07:59:00+00:00
[2025-06-28T00:24:53.932+0000] {processor.py:208} INFO - Processing /opt/airflow/dags/driven_data_pipeline.py took 0.276 seconds
[2025-06-28T00:25:24.279+0000] {processor.py:186} INFO - Started process (PID=2373) to work on /opt/airflow/dags/driven_data_pipeline.py
[2025-06-28T00:25:24.679+0000] {processor.py:914} INFO - Processing file /opt/airflow/dags/driven_data_pipeline.py for tasks to queue
[2025-06-28T00:25:24.690+0000] {logging_mixin.py:190} INFO - [2025-06-28T00:25:24.689+0000] {dagbag.py:588} INFO - Filling up the DagBag from /opt/airflow/dags/driven_data_pipeline.py
[2025-06-28T00:25:24.879+0000] {processor.py:925} INFO - DAG(s) 'extract_raw_data_pipeline' retrieved from /opt/airflow/dags/driven_data_pipeline.py
[2025-06-28T00:25:24.904+0000] {logging_mixin.py:190} INFO - [2025-06-28T00:25:24.903+0000] {dag.py:3239} INFO - Sync 1 DAGs
[2025-06-28T00:25:24.926+0000] {logging_mixin.py:190} INFO - [2025-06-28T00:25:24.925+0000] {dag.py:4180} INFO - Setting next_dagrun for extract_raw_data_pipeline to 2025-06-27 07:58:00+00:00, run_after=2025-06-27 07:59:00+00:00
[2025-06-28T00:25:24.968+0000] {processor.py:208} INFO - Processing /opt/airflow/dags/driven_data_pipeline.py took 0.698 seconds
[2025-06-28T00:25:55.342+0000] {processor.py:186} INFO - Started process (PID=2381) to work on /opt/airflow/dags/driven_data_pipeline.py
[2025-06-28T00:25:55.344+0000] {processor.py:914} INFO - Processing file /opt/airflow/dags/driven_data_pipeline.py for tasks to queue
[2025-06-28T00:25:55.347+0000] {logging_mixin.py:190} INFO - [2025-06-28T00:25:55.346+0000] {dagbag.py:588} INFO - Filling up the DagBag from /opt/airflow/dags/driven_data_pipeline.py
[2025-06-28T00:25:55.519+0000] {processor.py:925} INFO - DAG(s) 'extract_raw_data_pipeline' retrieved from /opt/airflow/dags/driven_data_pipeline.py
[2025-06-28T00:25:55.549+0000] {logging_mixin.py:190} INFO - [2025-06-28T00:25:55.548+0000] {dag.py:3239} INFO - Sync 1 DAGs
[2025-06-28T00:25:55.576+0000] {logging_mixin.py:190} INFO - [2025-06-28T00:25:55.575+0000] {dag.py:4180} INFO - Setting next_dagrun for extract_raw_data_pipeline to 2025-06-27 07:58:00+00:00, run_after=2025-06-27 07:59:00+00:00
[2025-06-28T00:25:55.619+0000] {processor.py:208} INFO - Processing /opt/airflow/dags/driven_data_pipeline.py took 0.288 seconds
[2025-06-28T00:26:25.982+0000] {processor.py:186} INFO - Started process (PID=2389) to work on /opt/airflow/dags/driven_data_pipeline.py
[2025-06-28T00:26:26.106+0000] {processor.py:914} INFO - Processing file /opt/airflow/dags/driven_data_pipeline.py for tasks to queue
[2025-06-28T00:26:26.117+0000] {logging_mixin.py:190} INFO - [2025-06-28T00:26:26.115+0000] {dagbag.py:588} INFO - Filling up the DagBag from /opt/airflow/dags/driven_data_pipeline.py
[2025-06-28T00:26:26.312+0000] {processor.py:925} INFO - DAG(s) 'extract_raw_data_pipeline' retrieved from /opt/airflow/dags/driven_data_pipeline.py
[2025-06-28T00:26:26.336+0000] {logging_mixin.py:190} INFO - [2025-06-28T00:26:26.336+0000] {dag.py:3239} INFO - Sync 1 DAGs
[2025-06-28T00:26:26.358+0000] {logging_mixin.py:190} INFO - [2025-06-28T00:26:26.358+0000] {dag.py:4180} INFO - Setting next_dagrun for extract_raw_data_pipeline to 2025-06-27 07:58:00+00:00, run_after=2025-06-27 07:59:00+00:00
[2025-06-28T00:26:26.574+0000] {processor.py:208} INFO - Processing /opt/airflow/dags/driven_data_pipeline.py took 0.602 seconds
[2025-06-28T00:26:56.928+0000] {processor.py:186} INFO - Started process (PID=2398) to work on /opt/airflow/dags/driven_data_pipeline.py
[2025-06-28T00:26:56.929+0000] {processor.py:914} INFO - Processing file /opt/airflow/dags/driven_data_pipeline.py for tasks to queue
[2025-06-28T00:26:56.931+0000] {logging_mixin.py:190} INFO - [2025-06-28T00:26:56.931+0000] {dagbag.py:588} INFO - Filling up the DagBag from /opt/airflow/dags/driven_data_pipeline.py
[2025-06-28T00:26:57.127+0000] {processor.py:925} INFO - DAG(s) 'extract_raw_data_pipeline' retrieved from /opt/airflow/dags/driven_data_pipeline.py
[2025-06-28T00:26:57.151+0000] {logging_mixin.py:190} INFO - [2025-06-28T00:26:57.151+0000] {dag.py:3239} INFO - Sync 1 DAGs
[2025-06-28T00:26:57.175+0000] {logging_mixin.py:190} INFO - [2025-06-28T00:26:57.175+0000] {dag.py:4180} INFO - Setting next_dagrun for extract_raw_data_pipeline to 2025-06-27 07:58:00+00:00, run_after=2025-06-27 07:59:00+00:00
[2025-06-28T00:26:57.213+0000] {processor.py:208} INFO - Processing /opt/airflow/dags/driven_data_pipeline.py took 0.296 seconds
[2025-06-28T00:27:27.267+0000] {processor.py:186} INFO - Started process (PID=2406) to work on /opt/airflow/dags/driven_data_pipeline.py
[2025-06-28T00:27:27.268+0000] {processor.py:914} INFO - Processing file /opt/airflow/dags/driven_data_pipeline.py for tasks to queue
[2025-06-28T00:27:27.271+0000] {logging_mixin.py:190} INFO - [2025-06-28T00:27:27.270+0000] {dagbag.py:588} INFO - Filling up the DagBag from /opt/airflow/dags/driven_data_pipeline.py
[2025-06-28T00:27:27.472+0000] {processor.py:925} INFO - DAG(s) 'extract_raw_data_pipeline' retrieved from /opt/airflow/dags/driven_data_pipeline.py
[2025-06-28T00:27:27.498+0000] {logging_mixin.py:190} INFO - [2025-06-28T00:27:27.498+0000] {dag.py:3239} INFO - Sync 1 DAGs
[2025-06-28T00:27:27.521+0000] {logging_mixin.py:190} INFO - [2025-06-28T00:27:27.521+0000] {dag.py:4180} INFO - Setting next_dagrun for extract_raw_data_pipeline to 2025-06-27 07:58:00+00:00, run_after=2025-06-27 07:59:00+00:00
[2025-06-28T00:27:27.568+0000] {processor.py:208} INFO - Processing /opt/airflow/dags/driven_data_pipeline.py took 0.311 seconds
[2025-06-28T00:27:57.652+0000] {processor.py:186} INFO - Started process (PID=2414) to work on /opt/airflow/dags/driven_data_pipeline.py
[2025-06-28T00:27:57.657+0000] {processor.py:914} INFO - Processing file /opt/airflow/dags/driven_data_pipeline.py for tasks to queue
[2025-06-28T00:27:57.660+0000] {logging_mixin.py:190} INFO - [2025-06-28T00:27:57.659+0000] {dagbag.py:588} INFO - Filling up the DagBag from /opt/airflow/dags/driven_data_pipeline.py
[2025-06-28T00:27:57.840+0000] {processor.py:925} INFO - DAG(s) 'extract_raw_data_pipeline' retrieved from /opt/airflow/dags/driven_data_pipeline.py
[2025-06-28T00:27:57.864+0000] {logging_mixin.py:190} INFO - [2025-06-28T00:27:57.864+0000] {dag.py:3239} INFO - Sync 1 DAGs
[2025-06-28T00:27:57.886+0000] {logging_mixin.py:190} INFO - [2025-06-28T00:27:57.886+0000] {dag.py:4180} INFO - Setting next_dagrun for extract_raw_data_pipeline to 2025-06-27 07:58:00+00:00, run_after=2025-06-27 07:59:00+00:00
[2025-06-28T00:27:57.924+0000] {processor.py:208} INFO - Processing /opt/airflow/dags/driven_data_pipeline.py took 0.283 seconds
[2025-06-28T00:28:28.310+0000] {processor.py:186} INFO - Started process (PID=2422) to work on /opt/airflow/dags/driven_data_pipeline.py
[2025-06-28T00:28:28.311+0000] {processor.py:914} INFO - Processing file /opt/airflow/dags/driven_data_pipeline.py for tasks to queue
[2025-06-28T00:28:28.314+0000] {logging_mixin.py:190} INFO - [2025-06-28T00:28:28.313+0000] {dagbag.py:588} INFO - Filling up the DagBag from /opt/airflow/dags/driven_data_pipeline.py
[2025-06-28T00:28:28.485+0000] {processor.py:925} INFO - DAG(s) 'extract_raw_data_pipeline' retrieved from /opt/airflow/dags/driven_data_pipeline.py
[2025-06-28T00:28:28.509+0000] {logging_mixin.py:190} INFO - [2025-06-28T00:28:28.509+0000] {dag.py:3239} INFO - Sync 1 DAGs
[2025-06-28T00:28:28.531+0000] {logging_mixin.py:190} INFO - [2025-06-28T00:28:28.531+0000] {dag.py:4180} INFO - Setting next_dagrun for extract_raw_data_pipeline to 2025-06-27 07:58:00+00:00, run_after=2025-06-27 07:59:00+00:00
[2025-06-28T00:28:28.568+0000] {processor.py:208} INFO - Processing /opt/airflow/dags/driven_data_pipeline.py took 0.268 seconds
[2025-06-28T00:28:58.705+0000] {processor.py:186} INFO - Started process (PID=2430) to work on /opt/airflow/dags/driven_data_pipeline.py
[2025-06-28T00:28:58.717+0000] {processor.py:914} INFO - Processing file /opt/airflow/dags/driven_data_pipeline.py for tasks to queue
[2025-06-28T00:28:58.721+0000] {logging_mixin.py:190} INFO - [2025-06-28T00:28:58.720+0000] {dagbag.py:588} INFO - Filling up the DagBag from /opt/airflow/dags/driven_data_pipeline.py
[2025-06-28T00:28:58.900+0000] {processor.py:925} INFO - DAG(s) 'extract_raw_data_pipeline' retrieved from /opt/airflow/dags/driven_data_pipeline.py
[2025-06-28T00:28:58.924+0000] {logging_mixin.py:190} INFO - [2025-06-28T00:28:58.924+0000] {dag.py:3239} INFO - Sync 1 DAGs
[2025-06-28T00:28:58.948+0000] {logging_mixin.py:190} INFO - [2025-06-28T00:28:58.948+0000] {dag.py:4180} INFO - Setting next_dagrun for extract_raw_data_pipeline to 2025-06-27 07:58:00+00:00, run_after=2025-06-27 07:59:00+00:00
[2025-06-28T00:28:58.992+0000] {processor.py:208} INFO - Processing /opt/airflow/dags/driven_data_pipeline.py took 0.296 seconds
[2025-06-28T00:29:29.293+0000] {processor.py:186} INFO - Started process (PID=2438) to work on /opt/airflow/dags/driven_data_pipeline.py
[2025-06-28T00:29:29.294+0000] {processor.py:914} INFO - Processing file /opt/airflow/dags/driven_data_pipeline.py for tasks to queue
[2025-06-28T00:29:29.296+0000] {logging_mixin.py:190} INFO - [2025-06-28T00:29:29.296+0000] {dagbag.py:588} INFO - Filling up the DagBag from /opt/airflow/dags/driven_data_pipeline.py
[2025-06-28T00:29:29.470+0000] {processor.py:925} INFO - DAG(s) 'extract_raw_data_pipeline' retrieved from /opt/airflow/dags/driven_data_pipeline.py
[2025-06-28T00:29:29.495+0000] {logging_mixin.py:190} INFO - [2025-06-28T00:29:29.495+0000] {dag.py:3239} INFO - Sync 1 DAGs
[2025-06-28T00:29:29.517+0000] {logging_mixin.py:190} INFO - [2025-06-28T00:29:29.517+0000] {dag.py:4180} INFO - Setting next_dagrun for extract_raw_data_pipeline to 2025-06-27 07:58:00+00:00, run_after=2025-06-27 07:59:00+00:00
[2025-06-28T00:29:29.557+0000] {processor.py:208} INFO - Processing /opt/airflow/dags/driven_data_pipeline.py took 0.274 seconds
[2025-06-28T00:29:59.654+0000] {processor.py:186} INFO - Started process (PID=2446) to work on /opt/airflow/dags/driven_data_pipeline.py
[2025-06-28T00:29:59.664+0000] {processor.py:914} INFO - Processing file /opt/airflow/dags/driven_data_pipeline.py for tasks to queue
[2025-06-28T00:29:59.666+0000] {logging_mixin.py:190} INFO - [2025-06-28T00:29:59.665+0000] {dagbag.py:588} INFO - Filling up the DagBag from /opt/airflow/dags/driven_data_pipeline.py
[2025-06-28T00:29:59.850+0000] {processor.py:925} INFO - DAG(s) 'extract_raw_data_pipeline' retrieved from /opt/airflow/dags/driven_data_pipeline.py
[2025-06-28T00:29:59.875+0000] {logging_mixin.py:190} INFO - [2025-06-28T00:29:59.875+0000] {dag.py:3239} INFO - Sync 1 DAGs
[2025-06-28T00:29:59.902+0000] {logging_mixin.py:190} INFO - [2025-06-28T00:29:59.902+0000] {dag.py:4180} INFO - Setting next_dagrun for extract_raw_data_pipeline to 2025-06-27 07:58:00+00:00, run_after=2025-06-27 07:59:00+00:00
[2025-06-28T00:29:59.952+0000] {processor.py:208} INFO - Processing /opt/airflow/dags/driven_data_pipeline.py took 0.305 seconds
[2025-06-28T00:30:30.324+0000] {processor.py:186} INFO - Started process (PID=2454) to work on /opt/airflow/dags/driven_data_pipeline.py
[2025-06-28T00:30:30.325+0000] {processor.py:914} INFO - Processing file /opt/airflow/dags/driven_data_pipeline.py for tasks to queue
[2025-06-28T00:30:30.328+0000] {logging_mixin.py:190} INFO - [2025-06-28T00:30:30.327+0000] {dagbag.py:588} INFO - Filling up the DagBag from /opt/airflow/dags/driven_data_pipeline.py
[2025-06-28T00:30:30.528+0000] {processor.py:925} INFO - DAG(s) 'extract_raw_data_pipeline' retrieved from /opt/airflow/dags/driven_data_pipeline.py
[2025-06-28T00:30:30.552+0000] {logging_mixin.py:190} INFO - [2025-06-28T00:30:30.552+0000] {dag.py:3239} INFO - Sync 1 DAGs
[2025-06-28T00:30:30.578+0000] {logging_mixin.py:190} INFO - [2025-06-28T00:30:30.577+0000] {dag.py:4180} INFO - Setting next_dagrun for extract_raw_data_pipeline to 2025-06-27 07:58:00+00:00, run_after=2025-06-27 07:59:00+00:00
[2025-06-28T00:30:30.626+0000] {processor.py:208} INFO - Processing /opt/airflow/dags/driven_data_pipeline.py took 0.313 seconds
[2025-06-28T00:31:00.695+0000] {processor.py:186} INFO - Started process (PID=2462) to work on /opt/airflow/dags/driven_data_pipeline.py
[2025-06-28T00:31:00.704+0000] {processor.py:914} INFO - Processing file /opt/airflow/dags/driven_data_pipeline.py for tasks to queue
[2025-06-28T00:31:00.707+0000] {logging_mixin.py:190} INFO - [2025-06-28T00:31:00.707+0000] {dagbag.py:588} INFO - Filling up the DagBag from /opt/airflow/dags/driven_data_pipeline.py
[2025-06-28T00:31:00.884+0000] {processor.py:925} INFO - DAG(s) 'extract_raw_data_pipeline' retrieved from /opt/airflow/dags/driven_data_pipeline.py
[2025-06-28T00:31:00.908+0000] {logging_mixin.py:190} INFO - [2025-06-28T00:31:00.908+0000] {dag.py:3239} INFO - Sync 1 DAGs
[2025-06-28T00:31:00.934+0000] {logging_mixin.py:190} INFO - [2025-06-28T00:31:00.934+0000] {dag.py:4180} INFO - Setting next_dagrun for extract_raw_data_pipeline to 2025-06-27 07:58:00+00:00, run_after=2025-06-27 07:59:00+00:00
[2025-06-28T00:31:00.971+0000] {processor.py:208} INFO - Processing /opt/airflow/dags/driven_data_pipeline.py took 0.285 seconds
[2025-06-28T00:31:31.297+0000] {processor.py:186} INFO - Started process (PID=2470) to work on /opt/airflow/dags/driven_data_pipeline.py
[2025-06-28T00:31:31.299+0000] {processor.py:914} INFO - Processing file /opt/airflow/dags/driven_data_pipeline.py for tasks to queue
[2025-06-28T00:31:31.302+0000] {logging_mixin.py:190} INFO - [2025-06-28T00:31:31.302+0000] {dagbag.py:588} INFO - Filling up the DagBag from /opt/airflow/dags/driven_data_pipeline.py
[2025-06-28T00:31:31.478+0000] {processor.py:925} INFO - DAG(s) 'extract_raw_data_pipeline' retrieved from /opt/airflow/dags/driven_data_pipeline.py
[2025-06-28T00:31:31.503+0000] {logging_mixin.py:190} INFO - [2025-06-28T00:31:31.503+0000] {dag.py:3239} INFO - Sync 1 DAGs
[2025-06-28T00:31:31.526+0000] {logging_mixin.py:190} INFO - [2025-06-28T00:31:31.526+0000] {dag.py:4180} INFO - Setting next_dagrun for extract_raw_data_pipeline to 2025-06-27 07:58:00+00:00, run_after=2025-06-27 07:59:00+00:00
[2025-06-28T00:31:31.566+0000] {processor.py:208} INFO - Processing /opt/airflow/dags/driven_data_pipeline.py took 0.280 seconds
[2025-06-28T00:32:01.681+0000] {processor.py:186} INFO - Started process (PID=2478) to work on /opt/airflow/dags/driven_data_pipeline.py
[2025-06-28T00:32:01.690+0000] {processor.py:914} INFO - Processing file /opt/airflow/dags/driven_data_pipeline.py for tasks to queue
[2025-06-28T00:32:01.692+0000] {logging_mixin.py:190} INFO - [2025-06-28T00:32:01.692+0000] {dagbag.py:588} INFO - Filling up the DagBag from /opt/airflow/dags/driven_data_pipeline.py
[2025-06-28T00:32:01.872+0000] {processor.py:925} INFO - DAG(s) 'extract_raw_data_pipeline' retrieved from /opt/airflow/dags/driven_data_pipeline.py
[2025-06-28T00:32:01.896+0000] {logging_mixin.py:190} INFO - [2025-06-28T00:32:01.896+0000] {dag.py:3239} INFO - Sync 1 DAGs
[2025-06-28T00:32:01.919+0000] {logging_mixin.py:190} INFO - [2025-06-28T00:32:01.919+0000] {dag.py:4180} INFO - Setting next_dagrun for extract_raw_data_pipeline to 2025-06-27 07:58:00+00:00, run_after=2025-06-27 07:59:00+00:00
[2025-06-28T00:32:01.964+0000] {processor.py:208} INFO - Processing /opt/airflow/dags/driven_data_pipeline.py took 0.291 seconds
[2025-06-28T00:32:32.266+0000] {processor.py:186} INFO - Started process (PID=2486) to work on /opt/airflow/dags/driven_data_pipeline.py
[2025-06-28T00:32:32.285+0000] {processor.py:914} INFO - Processing file /opt/airflow/dags/driven_data_pipeline.py for tasks to queue
[2025-06-28T00:32:32.287+0000] {logging_mixin.py:190} INFO - [2025-06-28T00:32:32.287+0000] {dagbag.py:588} INFO - Filling up the DagBag from /opt/airflow/dags/driven_data_pipeline.py
[2025-06-28T00:32:32.462+0000] {processor.py:925} INFO - DAG(s) 'extract_raw_data_pipeline' retrieved from /opt/airflow/dags/driven_data_pipeline.py
[2025-06-28T00:32:32.486+0000] {logging_mixin.py:190} INFO - [2025-06-28T00:32:32.486+0000] {dag.py:3239} INFO - Sync 1 DAGs
[2025-06-28T00:32:32.508+0000] {logging_mixin.py:190} INFO - [2025-06-28T00:32:32.508+0000] {dag.py:4180} INFO - Setting next_dagrun for extract_raw_data_pipeline to 2025-06-27 07:58:00+00:00, run_after=2025-06-27 07:59:00+00:00
[2025-06-28T00:32:32.541+0000] {processor.py:208} INFO - Processing /opt/airflow/dags/driven_data_pipeline.py took 0.283 seconds
[2025-06-28T00:33:02.633+0000] {processor.py:186} INFO - Started process (PID=2494) to work on /opt/airflow/dags/driven_data_pipeline.py
[2025-06-28T00:33:02.642+0000] {processor.py:914} INFO - Processing file /opt/airflow/dags/driven_data_pipeline.py for tasks to queue
[2025-06-28T00:33:02.645+0000] {logging_mixin.py:190} INFO - [2025-06-28T00:33:02.644+0000] {dagbag.py:588} INFO - Filling up the DagBag from /opt/airflow/dags/driven_data_pipeline.py
[2025-06-28T00:33:02.818+0000] {processor.py:925} INFO - DAG(s) 'extract_raw_data_pipeline' retrieved from /opt/airflow/dags/driven_data_pipeline.py
[2025-06-28T00:33:02.843+0000] {logging_mixin.py:190} INFO - [2025-06-28T00:33:02.842+0000] {dag.py:3239} INFO - Sync 1 DAGs
[2025-06-28T00:33:02.866+0000] {logging_mixin.py:190} INFO - [2025-06-28T00:33:02.865+0000] {dag.py:4180} INFO - Setting next_dagrun for extract_raw_data_pipeline to 2025-06-27 07:58:00+00:00, run_after=2025-06-27 07:59:00+00:00
[2025-06-28T00:33:02.907+0000] {processor.py:208} INFO - Processing /opt/airflow/dags/driven_data_pipeline.py took 0.284 seconds
[2025-06-28T00:33:33.156+0000] {processor.py:186} INFO - Started process (PID=2502) to work on /opt/airflow/dags/driven_data_pipeline.py
[2025-06-28T00:33:33.166+0000] {processor.py:914} INFO - Processing file /opt/airflow/dags/driven_data_pipeline.py for tasks to queue
[2025-06-28T00:33:33.168+0000] {logging_mixin.py:190} INFO - [2025-06-28T00:33:33.168+0000] {dagbag.py:588} INFO - Filling up the DagBag from /opt/airflow/dags/driven_data_pipeline.py
[2025-06-28T00:33:33.355+0000] {processor.py:925} INFO - DAG(s) 'extract_raw_data_pipeline' retrieved from /opt/airflow/dags/driven_data_pipeline.py
[2025-06-28T00:33:33.390+0000] {logging_mixin.py:190} INFO - [2025-06-28T00:33:33.389+0000] {dag.py:3239} INFO - Sync 1 DAGs
[2025-06-28T00:33:33.416+0000] {logging_mixin.py:190} INFO - [2025-06-28T00:33:33.416+0000] {dag.py:4180} INFO - Setting next_dagrun for extract_raw_data_pipeline to 2025-06-27 07:58:00+00:00, run_after=2025-06-27 07:59:00+00:00
[2025-06-28T00:33:33.450+0000] {processor.py:208} INFO - Processing /opt/airflow/dags/driven_data_pipeline.py took 0.300 seconds
[2025-06-28T00:34:03.685+0000] {processor.py:186} INFO - Started process (PID=2510) to work on /opt/airflow/dags/driven_data_pipeline.py
[2025-06-28T00:34:03.698+0000] {processor.py:914} INFO - Processing file /opt/airflow/dags/driven_data_pipeline.py for tasks to queue
[2025-06-28T00:34:03.702+0000] {logging_mixin.py:190} INFO - [2025-06-28T00:34:03.701+0000] {dagbag.py:588} INFO - Filling up the DagBag from /opt/airflow/dags/driven_data_pipeline.py
[2025-06-28T00:34:03.892+0000] {processor.py:925} INFO - DAG(s) 'extract_raw_data_pipeline' retrieved from /opt/airflow/dags/driven_data_pipeline.py
[2025-06-28T00:34:03.922+0000] {logging_mixin.py:190} INFO - [2025-06-28T00:34:03.922+0000] {dag.py:3239} INFO - Sync 1 DAGs
[2025-06-28T00:34:03.947+0000] {logging_mixin.py:190} INFO - [2025-06-28T00:34:03.946+0000] {dag.py:4180} INFO - Setting next_dagrun for extract_raw_data_pipeline to 2025-06-27 07:58:00+00:00, run_after=2025-06-27 07:59:00+00:00
[2025-06-28T00:34:03.990+0000] {processor.py:208} INFO - Processing /opt/airflow/dags/driven_data_pipeline.py took 0.316 seconds
[2025-06-28T00:34:34.150+0000] {processor.py:186} INFO - Started process (PID=2518) to work on /opt/airflow/dags/driven_data_pipeline.py
[2025-06-28T00:34:34.156+0000] {processor.py:914} INFO - Processing file /opt/airflow/dags/driven_data_pipeline.py for tasks to queue
[2025-06-28T00:34:34.159+0000] {logging_mixin.py:190} INFO - [2025-06-28T00:34:34.159+0000] {dagbag.py:588} INFO - Filling up the DagBag from /opt/airflow/dags/driven_data_pipeline.py
[2025-06-28T00:34:34.339+0000] {processor.py:925} INFO - DAG(s) 'extract_raw_data_pipeline' retrieved from /opt/airflow/dags/driven_data_pipeline.py
[2025-06-28T00:34:34.362+0000] {logging_mixin.py:190} INFO - [2025-06-28T00:34:34.362+0000] {dag.py:3239} INFO - Sync 1 DAGs
[2025-06-28T00:34:34.384+0000] {logging_mixin.py:190} INFO - [2025-06-28T00:34:34.384+0000] {dag.py:4180} INFO - Setting next_dagrun for extract_raw_data_pipeline to 2025-06-27 07:58:00+00:00, run_after=2025-06-27 07:59:00+00:00
[2025-06-28T00:34:34.429+0000] {processor.py:208} INFO - Processing /opt/airflow/dags/driven_data_pipeline.py took 0.289 seconds
[2025-06-28T00:35:04.712+0000] {processor.py:186} INFO - Started process (PID=2526) to work on /opt/airflow/dags/driven_data_pipeline.py
[2025-06-28T00:35:04.718+0000] {processor.py:914} INFO - Processing file /opt/airflow/dags/driven_data_pipeline.py for tasks to queue
[2025-06-28T00:35:04.723+0000] {logging_mixin.py:190} INFO - [2025-06-28T00:35:04.722+0000] {dagbag.py:588} INFO - Filling up the DagBag from /opt/airflow/dags/driven_data_pipeline.py
[2025-06-28T00:35:04.902+0000] {processor.py:925} INFO - DAG(s) 'extract_raw_data_pipeline' retrieved from /opt/airflow/dags/driven_data_pipeline.py
[2025-06-28T00:35:04.927+0000] {logging_mixin.py:190} INFO - [2025-06-28T00:35:04.927+0000] {dag.py:3239} INFO - Sync 1 DAGs
[2025-06-28T00:35:04.951+0000] {logging_mixin.py:190} INFO - [2025-06-28T00:35:04.951+0000] {dag.py:4180} INFO - Setting next_dagrun for extract_raw_data_pipeline to 2025-06-27 07:58:00+00:00, run_after=2025-06-27 07:59:00+00:00
[2025-06-28T00:35:04.985+0000] {processor.py:208} INFO - Processing /opt/airflow/dags/driven_data_pipeline.py took 0.286 seconds
[2025-06-28T00:35:35.105+0000] {processor.py:186} INFO - Started process (PID=2534) to work on /opt/airflow/dags/driven_data_pipeline.py
[2025-06-28T00:35:35.116+0000] {processor.py:914} INFO - Processing file /opt/airflow/dags/driven_data_pipeline.py for tasks to queue
[2025-06-28T00:35:35.120+0000] {logging_mixin.py:190} INFO - [2025-06-28T00:35:35.119+0000] {dagbag.py:588} INFO - Filling up the DagBag from /opt/airflow/dags/driven_data_pipeline.py
[2025-06-28T00:35:35.301+0000] {processor.py:925} INFO - DAG(s) 'extract_raw_data_pipeline' retrieved from /opt/airflow/dags/driven_data_pipeline.py
[2025-06-28T00:35:35.328+0000] {logging_mixin.py:190} INFO - [2025-06-28T00:35:35.328+0000] {dag.py:3239} INFO - Sync 1 DAGs
[2025-06-28T00:35:35.350+0000] {logging_mixin.py:190} INFO - [2025-06-28T00:35:35.350+0000] {dag.py:4180} INFO - Setting next_dagrun for extract_raw_data_pipeline to 2025-06-27 07:58:00+00:00, run_after=2025-06-27 07:59:00+00:00
[2025-06-28T00:35:35.389+0000] {processor.py:208} INFO - Processing /opt/airflow/dags/driven_data_pipeline.py took 0.295 seconds
[2025-06-28T00:36:05.657+0000] {processor.py:186} INFO - Started process (PID=2542) to work on /opt/airflow/dags/driven_data_pipeline.py
[2025-06-28T00:36:05.663+0000] {processor.py:914} INFO - Processing file /opt/airflow/dags/driven_data_pipeline.py for tasks to queue
[2025-06-28T00:36:05.665+0000] {logging_mixin.py:190} INFO - [2025-06-28T00:36:05.665+0000] {dagbag.py:588} INFO - Filling up the DagBag from /opt/airflow/dags/driven_data_pipeline.py
[2025-06-28T00:36:05.854+0000] {processor.py:925} INFO - DAG(s) 'extract_raw_data_pipeline' retrieved from /opt/airflow/dags/driven_data_pipeline.py
[2025-06-28T00:36:05.879+0000] {logging_mixin.py:190} INFO - [2025-06-28T00:36:05.879+0000] {dag.py:3239} INFO - Sync 1 DAGs
[2025-06-28T00:36:05.902+0000] {logging_mixin.py:190} INFO - [2025-06-28T00:36:05.902+0000] {dag.py:4180} INFO - Setting next_dagrun for extract_raw_data_pipeline to 2025-06-27 07:58:00+00:00, run_after=2025-06-27 07:59:00+00:00
[2025-06-28T00:36:05.948+0000] {processor.py:208} INFO - Processing /opt/airflow/dags/driven_data_pipeline.py took 0.297 seconds
[2025-06-28T00:36:36.142+0000] {processor.py:186} INFO - Started process (PID=2550) to work on /opt/airflow/dags/driven_data_pipeline.py
[2025-06-28T00:36:36.143+0000] {processor.py:914} INFO - Processing file /opt/airflow/dags/driven_data_pipeline.py for tasks to queue
[2025-06-28T00:36:36.147+0000] {logging_mixin.py:190} INFO - [2025-06-28T00:36:36.146+0000] {dagbag.py:588} INFO - Filling up the DagBag from /opt/airflow/dags/driven_data_pipeline.py
[2025-06-28T00:36:36.332+0000] {processor.py:925} INFO - DAG(s) 'extract_raw_data_pipeline' retrieved from /opt/airflow/dags/driven_data_pipeline.py
[2025-06-28T00:36:36.356+0000] {logging_mixin.py:190} INFO - [2025-06-28T00:36:36.355+0000] {dag.py:3239} INFO - Sync 1 DAGs
[2025-06-28T00:36:36.378+0000] {logging_mixin.py:190} INFO - [2025-06-28T00:36:36.378+0000] {dag.py:4180} INFO - Setting next_dagrun for extract_raw_data_pipeline to 2025-06-27 07:58:00+00:00, run_after=2025-06-27 07:59:00+00:00
[2025-06-28T00:36:37.576+0000] {processor.py:208} INFO - Processing /opt/airflow/dags/driven_data_pipeline.py took 1.444 seconds
[2025-06-28T00:37:07.671+0000] {processor.py:186} INFO - Started process (PID=2558) to work on /opt/airflow/dags/driven_data_pipeline.py
[2025-06-28T00:37:07.688+0000] {processor.py:914} INFO - Processing file /opt/airflow/dags/driven_data_pipeline.py for tasks to queue
[2025-06-28T00:37:07.691+0000] {logging_mixin.py:190} INFO - [2025-06-28T00:37:07.690+0000] {dagbag.py:588} INFO - Filling up the DagBag from /opt/airflow/dags/driven_data_pipeline.py
[2025-06-28T00:37:07.864+0000] {processor.py:925} INFO - DAG(s) 'extract_raw_data_pipeline' retrieved from /opt/airflow/dags/driven_data_pipeline.py
[2025-06-28T00:37:07.888+0000] {logging_mixin.py:190} INFO - [2025-06-28T00:37:07.888+0000] {dag.py:3239} INFO - Sync 1 DAGs
[2025-06-28T00:37:07.914+0000] {logging_mixin.py:190} INFO - [2025-06-28T00:37:07.913+0000] {dag.py:4180} INFO - Setting next_dagrun for extract_raw_data_pipeline to 2025-06-27 07:58:00+00:00, run_after=2025-06-27 07:59:00+00:00
[2025-06-28T00:37:07.957+0000] {processor.py:208} INFO - Processing /opt/airflow/dags/driven_data_pipeline.py took 0.294 seconds
[2025-06-28T00:37:38.294+0000] {processor.py:186} INFO - Started process (PID=2566) to work on /opt/airflow/dags/driven_data_pipeline.py
[2025-06-28T00:37:38.295+0000] {processor.py:914} INFO - Processing file /opt/airflow/dags/driven_data_pipeline.py for tasks to queue
[2025-06-28T00:37:38.297+0000] {logging_mixin.py:190} INFO - [2025-06-28T00:37:38.297+0000] {dagbag.py:588} INFO - Filling up the DagBag from /opt/airflow/dags/driven_data_pipeline.py
[2025-06-28T00:37:38.468+0000] {processor.py:925} INFO - DAG(s) 'extract_raw_data_pipeline' retrieved from /opt/airflow/dags/driven_data_pipeline.py
[2025-06-28T00:37:38.493+0000] {logging_mixin.py:190} INFO - [2025-06-28T00:37:38.493+0000] {dag.py:3239} INFO - Sync 1 DAGs
[2025-06-28T00:37:38.515+0000] {logging_mixin.py:190} INFO - [2025-06-28T00:37:38.515+0000] {dag.py:4180} INFO - Setting next_dagrun for extract_raw_data_pipeline to 2025-06-27 07:58:00+00:00, run_after=2025-06-27 07:59:00+00:00
[2025-06-28T00:37:38.554+0000] {processor.py:208} INFO - Processing /opt/airflow/dags/driven_data_pipeline.py took 0.270 seconds
[2025-06-28T00:38:08.670+0000] {processor.py:186} INFO - Started process (PID=2574) to work on /opt/airflow/dags/driven_data_pipeline.py
[2025-06-28T00:38:08.677+0000] {processor.py:914} INFO - Processing file /opt/airflow/dags/driven_data_pipeline.py for tasks to queue
[2025-06-28T00:38:08.681+0000] {logging_mixin.py:190} INFO - [2025-06-28T00:38:08.680+0000] {dagbag.py:588} INFO - Filling up the DagBag from /opt/airflow/dags/driven_data_pipeline.py
[2025-06-28T00:38:08.858+0000] {processor.py:925} INFO - DAG(s) 'extract_raw_data_pipeline' retrieved from /opt/airflow/dags/driven_data_pipeline.py
[2025-06-28T00:38:08.882+0000] {logging_mixin.py:190} INFO - [2025-06-28T00:38:08.882+0000] {dag.py:3239} INFO - Sync 1 DAGs
[2025-06-28T00:38:08.906+0000] {logging_mixin.py:190} INFO - [2025-06-28T00:38:08.905+0000] {dag.py:4180} INFO - Setting next_dagrun for extract_raw_data_pipeline to 2025-06-27 07:58:00+00:00, run_after=2025-06-27 07:59:00+00:00
[2025-06-28T00:38:08.943+0000] {processor.py:208} INFO - Processing /opt/airflow/dags/driven_data_pipeline.py took 0.283 seconds
[2025-06-28T00:38:39.213+0000] {processor.py:186} INFO - Started process (PID=2582) to work on /opt/airflow/dags/driven_data_pipeline.py
[2025-06-28T00:38:39.213+0000] {processor.py:914} INFO - Processing file /opt/airflow/dags/driven_data_pipeline.py for tasks to queue
[2025-06-28T00:38:39.215+0000] {logging_mixin.py:190} INFO - [2025-06-28T00:38:39.215+0000] {dagbag.py:588} INFO - Filling up the DagBag from /opt/airflow/dags/driven_data_pipeline.py
[2025-06-28T00:38:39.389+0000] {processor.py:925} INFO - DAG(s) 'extract_raw_data_pipeline' retrieved from /opt/airflow/dags/driven_data_pipeline.py
[2025-06-28T00:38:39.413+0000] {logging_mixin.py:190} INFO - [2025-06-28T00:38:39.412+0000] {dag.py:3239} INFO - Sync 1 DAGs
[2025-06-28T00:38:39.434+0000] {logging_mixin.py:190} INFO - [2025-06-28T00:38:39.434+0000] {dag.py:4180} INFO - Setting next_dagrun for extract_raw_data_pipeline to 2025-06-27 07:58:00+00:00, run_after=2025-06-27 07:59:00+00:00
[2025-06-28T00:38:39.472+0000] {processor.py:208} INFO - Processing /opt/airflow/dags/driven_data_pipeline.py took 0.265 seconds
[2025-06-28T00:39:09.616+0000] {processor.py:186} INFO - Started process (PID=2590) to work on /opt/airflow/dags/driven_data_pipeline.py
[2025-06-28T00:39:09.623+0000] {processor.py:914} INFO - Processing file /opt/airflow/dags/driven_data_pipeline.py for tasks to queue
[2025-06-28T00:39:09.627+0000] {logging_mixin.py:190} INFO - [2025-06-28T00:39:09.626+0000] {dagbag.py:588} INFO - Filling up the DagBag from /opt/airflow/dags/driven_data_pipeline.py
[2025-06-28T00:39:09.805+0000] {processor.py:925} INFO - DAG(s) 'extract_raw_data_pipeline' retrieved from /opt/airflow/dags/driven_data_pipeline.py
[2025-06-28T00:39:09.834+0000] {logging_mixin.py:190} INFO - [2025-06-28T00:39:09.834+0000] {dag.py:3239} INFO - Sync 1 DAGs
[2025-06-28T00:39:09.857+0000] {logging_mixin.py:190} INFO - [2025-06-28T00:39:09.857+0000] {dag.py:4180} INFO - Setting next_dagrun for extract_raw_data_pipeline to 2025-06-27 07:58:00+00:00, run_after=2025-06-27 07:59:00+00:00
[2025-06-28T00:39:09.907+0000] {processor.py:208} INFO - Processing /opt/airflow/dags/driven_data_pipeline.py took 0.301 seconds
[2025-06-28T00:39:40.140+0000] {processor.py:186} INFO - Started process (PID=2598) to work on /opt/airflow/dags/driven_data_pipeline.py
[2025-06-28T00:39:40.141+0000] {processor.py:914} INFO - Processing file /opt/airflow/dags/driven_data_pipeline.py for tasks to queue
[2025-06-28T00:39:40.143+0000] {logging_mixin.py:190} INFO - [2025-06-28T00:39:40.143+0000] {dagbag.py:588} INFO - Filling up the DagBag from /opt/airflow/dags/driven_data_pipeline.py
[2025-06-28T00:39:40.318+0000] {processor.py:925} INFO - DAG(s) 'extract_raw_data_pipeline' retrieved from /opt/airflow/dags/driven_data_pipeline.py
[2025-06-28T00:39:40.344+0000] {logging_mixin.py:190} INFO - [2025-06-28T00:39:40.344+0000] {dag.py:3239} INFO - Sync 1 DAGs
[2025-06-28T00:39:40.366+0000] {logging_mixin.py:190} INFO - [2025-06-28T00:39:40.366+0000] {dag.py:4180} INFO - Setting next_dagrun for extract_raw_data_pipeline to 2025-06-27 07:58:00+00:00, run_after=2025-06-27 07:59:00+00:00
[2025-06-28T00:39:40.409+0000] {processor.py:208} INFO - Processing /opt/airflow/dags/driven_data_pipeline.py took 0.276 seconds
[2025-06-28T00:40:10.542+0000] {processor.py:186} INFO - Started process (PID=2606) to work on /opt/airflow/dags/driven_data_pipeline.py
[2025-06-28T00:40:10.575+0000] {processor.py:914} INFO - Processing file /opt/airflow/dags/driven_data_pipeline.py for tasks to queue
[2025-06-28T00:40:10.577+0000] {logging_mixin.py:190} INFO - [2025-06-28T00:40:10.577+0000] {dagbag.py:588} INFO - Filling up the DagBag from /opt/airflow/dags/driven_data_pipeline.py
[2025-06-28T00:40:10.766+0000] {processor.py:925} INFO - DAG(s) 'extract_raw_data_pipeline' retrieved from /opt/airflow/dags/driven_data_pipeline.py
[2025-06-28T00:40:10.791+0000] {logging_mixin.py:190} INFO - [2025-06-28T00:40:10.791+0000] {dag.py:3239} INFO - Sync 1 DAGs
[2025-06-28T00:40:10.814+0000] {logging_mixin.py:190} INFO - [2025-06-28T00:40:10.814+0000] {dag.py:4180} INFO - Setting next_dagrun for extract_raw_data_pipeline to 2025-06-27 07:58:00+00:00, run_after=2025-06-27 07:59:00+00:00
[2025-06-28T00:40:10.861+0000] {processor.py:208} INFO - Processing /opt/airflow/dags/driven_data_pipeline.py took 0.326 seconds
[2025-06-28T00:40:41.106+0000] {processor.py:186} INFO - Started process (PID=2614) to work on /opt/airflow/dags/driven_data_pipeline.py
[2025-06-28T00:40:41.107+0000] {processor.py:914} INFO - Processing file /opt/airflow/dags/driven_data_pipeline.py for tasks to queue
[2025-06-28T00:40:41.109+0000] {logging_mixin.py:190} INFO - [2025-06-28T00:40:41.109+0000] {dagbag.py:588} INFO - Filling up the DagBag from /opt/airflow/dags/driven_data_pipeline.py
[2025-06-28T00:40:41.288+0000] {processor.py:925} INFO - DAG(s) 'extract_raw_data_pipeline' retrieved from /opt/airflow/dags/driven_data_pipeline.py
[2025-06-28T00:40:41.312+0000] {logging_mixin.py:190} INFO - [2025-06-28T00:40:41.312+0000] {dag.py:3239} INFO - Sync 1 DAGs
[2025-06-28T00:40:41.334+0000] {logging_mixin.py:190} INFO - [2025-06-28T00:40:41.334+0000] {dag.py:4180} INFO - Setting next_dagrun for extract_raw_data_pipeline to 2025-06-27 07:58:00+00:00, run_after=2025-06-27 07:59:00+00:00
[2025-06-28T00:40:41.369+0000] {processor.py:208} INFO - Processing /opt/airflow/dags/driven_data_pipeline.py took 0.273 seconds
[2025-06-28T00:41:11.494+0000] {processor.py:186} INFO - Started process (PID=2622) to work on /opt/airflow/dags/driven_data_pipeline.py
[2025-06-28T00:41:11.503+0000] {processor.py:914} INFO - Processing file /opt/airflow/dags/driven_data_pipeline.py for tasks to queue
[2025-06-28T00:41:11.506+0000] {logging_mixin.py:190} INFO - [2025-06-28T00:41:11.506+0000] {dagbag.py:588} INFO - Filling up the DagBag from /opt/airflow/dags/driven_data_pipeline.py
[2025-06-28T00:41:11.681+0000] {processor.py:925} INFO - DAG(s) 'extract_raw_data_pipeline' retrieved from /opt/airflow/dags/driven_data_pipeline.py
[2025-06-28T00:41:11.705+0000] {logging_mixin.py:190} INFO - [2025-06-28T00:41:11.705+0000] {dag.py:3239} INFO - Sync 1 DAGs
[2025-06-28T00:41:11.731+0000] {logging_mixin.py:190} INFO - [2025-06-28T00:41:11.731+0000] {dag.py:4180} INFO - Setting next_dagrun for extract_raw_data_pipeline to 2025-06-27 07:58:00+00:00, run_after=2025-06-27 07:59:00+00:00
[2025-06-28T00:41:11.787+0000] {processor.py:208} INFO - Processing /opt/airflow/dags/driven_data_pipeline.py took 0.301 seconds
[2025-06-28T00:41:42.011+0000] {processor.py:186} INFO - Started process (PID=2630) to work on /opt/airflow/dags/driven_data_pipeline.py
[2025-06-28T00:41:42.012+0000] {processor.py:914} INFO - Processing file /opt/airflow/dags/driven_data_pipeline.py for tasks to queue
[2025-06-28T00:41:42.015+0000] {logging_mixin.py:190} INFO - [2025-06-28T00:41:42.014+0000] {dagbag.py:588} INFO - Filling up the DagBag from /opt/airflow/dags/driven_data_pipeline.py
[2025-06-28T00:41:42.195+0000] {processor.py:925} INFO - DAG(s) 'extract_raw_data_pipeline' retrieved from /opt/airflow/dags/driven_data_pipeline.py
[2025-06-28T00:41:42.231+0000] {logging_mixin.py:190} INFO - [2025-06-28T00:41:42.230+0000] {dag.py:3239} INFO - Sync 1 DAGs
[2025-06-28T00:41:42.255+0000] {logging_mixin.py:190} INFO - [2025-06-28T00:41:42.255+0000] {dag.py:4180} INFO - Setting next_dagrun for extract_raw_data_pipeline to 2025-06-27 07:58:00+00:00, run_after=2025-06-27 07:59:00+00:00
[2025-06-28T00:41:42.292+0000] {processor.py:208} INFO - Processing /opt/airflow/dags/driven_data_pipeline.py took 0.288 seconds
[2025-06-28T00:42:12.486+0000] {processor.py:186} INFO - Started process (PID=2638) to work on /opt/airflow/dags/driven_data_pipeline.py
[2025-06-28T00:42:12.492+0000] {processor.py:914} INFO - Processing file /opt/airflow/dags/driven_data_pipeline.py for tasks to queue
[2025-06-28T00:42:12.495+0000] {logging_mixin.py:190} INFO - [2025-06-28T00:42:12.494+0000] {dagbag.py:588} INFO - Filling up the DagBag from /opt/airflow/dags/driven_data_pipeline.py
[2025-06-28T00:42:12.700+0000] {processor.py:925} INFO - DAG(s) 'extract_raw_data_pipeline' retrieved from /opt/airflow/dags/driven_data_pipeline.py
[2025-06-28T00:42:12.730+0000] {logging_mixin.py:190} INFO - [2025-06-28T00:42:12.730+0000] {dag.py:3239} INFO - Sync 1 DAGs
[2025-06-28T00:42:12.757+0000] {logging_mixin.py:190} INFO - [2025-06-28T00:42:12.757+0000] {dag.py:4180} INFO - Setting next_dagrun for extract_raw_data_pipeline to 2025-06-27 07:58:00+00:00, run_after=2025-06-27 07:59:00+00:00
[2025-06-28T00:42:12.805+0000] {processor.py:208} INFO - Processing /opt/airflow/dags/driven_data_pipeline.py took 0.339 seconds
[2025-06-28T00:42:43.022+0000] {processor.py:186} INFO - Started process (PID=2646) to work on /opt/airflow/dags/driven_data_pipeline.py
[2025-06-28T00:42:43.024+0000] {processor.py:914} INFO - Processing file /opt/airflow/dags/driven_data_pipeline.py for tasks to queue
[2025-06-28T00:42:43.027+0000] {logging_mixin.py:190} INFO - [2025-06-28T00:42:43.026+0000] {dagbag.py:588} INFO - Filling up the DagBag from /opt/airflow/dags/driven_data_pipeline.py
[2025-06-28T00:42:43.206+0000] {processor.py:925} INFO - DAG(s) 'extract_raw_data_pipeline' retrieved from /opt/airflow/dags/driven_data_pipeline.py
[2025-06-28T00:42:43.230+0000] {logging_mixin.py:190} INFO - [2025-06-28T00:42:43.229+0000] {dag.py:3239} INFO - Sync 1 DAGs
[2025-06-28T00:42:43.253+0000] {logging_mixin.py:190} INFO - [2025-06-28T00:42:43.253+0000] {dag.py:4180} INFO - Setting next_dagrun for extract_raw_data_pipeline to 2025-06-27 07:58:00+00:00, run_after=2025-06-27 07:59:00+00:00
[2025-06-28T00:42:44.483+0000] {processor.py:208} INFO - Processing /opt/airflow/dags/driven_data_pipeline.py took 1.472 seconds
[2025-06-28T00:43:14.816+0000] {processor.py:186} INFO - Started process (PID=2654) to work on /opt/airflow/dags/driven_data_pipeline.py
[2025-06-28T00:43:14.818+0000] {processor.py:914} INFO - Processing file /opt/airflow/dags/driven_data_pipeline.py for tasks to queue
[2025-06-28T00:43:14.821+0000] {logging_mixin.py:190} INFO - [2025-06-28T00:43:14.820+0000] {dagbag.py:588} INFO - Filling up the DagBag from /opt/airflow/dags/driven_data_pipeline.py
[2025-06-28T00:43:15.017+0000] {processor.py:925} INFO - DAG(s) 'extract_raw_data_pipeline' retrieved from /opt/airflow/dags/driven_data_pipeline.py
[2025-06-28T00:43:15.046+0000] {logging_mixin.py:190} INFO - [2025-06-28T00:43:15.046+0000] {dag.py:3239} INFO - Sync 1 DAGs
[2025-06-28T00:43:15.078+0000] {logging_mixin.py:190} INFO - [2025-06-28T00:43:15.078+0000] {dag.py:4180} INFO - Setting next_dagrun for extract_raw_data_pipeline to 2025-06-27 07:58:00+00:00, run_after=2025-06-27 07:59:00+00:00
[2025-06-28T00:43:15.118+0000] {processor.py:208} INFO - Processing /opt/airflow/dags/driven_data_pipeline.py took 0.313 seconds
[2025-06-28T00:43:45.503+0000] {processor.py:186} INFO - Started process (PID=2662) to work on /opt/airflow/dags/driven_data_pipeline.py
[2025-06-28T00:43:45.505+0000] {processor.py:914} INFO - Processing file /opt/airflow/dags/driven_data_pipeline.py for tasks to queue
[2025-06-28T00:43:45.509+0000] {logging_mixin.py:190} INFO - [2025-06-28T00:43:45.509+0000] {dagbag.py:588} INFO - Filling up the DagBag from /opt/airflow/dags/driven_data_pipeline.py
[2025-06-28T00:43:45.732+0000] {processor.py:925} INFO - DAG(s) 'extract_raw_data_pipeline' retrieved from /opt/airflow/dags/driven_data_pipeline.py
[2025-06-28T00:43:45.763+0000] {logging_mixin.py:190} INFO - [2025-06-28T00:43:45.763+0000] {dag.py:3239} INFO - Sync 1 DAGs
[2025-06-28T00:43:45.798+0000] {logging_mixin.py:190} INFO - [2025-06-28T00:43:45.798+0000] {dag.py:4180} INFO - Setting next_dagrun for extract_raw_data_pipeline to 2025-06-27 07:58:00+00:00, run_after=2025-06-27 07:59:00+00:00
[2025-06-28T00:43:46.075+0000] {processor.py:208} INFO - Processing /opt/airflow/dags/driven_data_pipeline.py took 0.590 seconds
[2025-06-28T00:44:16.510+0000] {processor.py:186} INFO - Started process (PID=2670) to work on /opt/airflow/dags/driven_data_pipeline.py
[2025-06-28T00:44:16.511+0000] {processor.py:914} INFO - Processing file /opt/airflow/dags/driven_data_pipeline.py for tasks to queue
[2025-06-28T00:44:16.515+0000] {logging_mixin.py:190} INFO - [2025-06-28T00:44:16.514+0000] {dagbag.py:588} INFO - Filling up the DagBag from /opt/airflow/dags/driven_data_pipeline.py
[2025-06-28T00:44:16.692+0000] {processor.py:925} INFO - DAG(s) 'extract_raw_data_pipeline' retrieved from /opt/airflow/dags/driven_data_pipeline.py
[2025-06-28T00:44:16.716+0000] {logging_mixin.py:190} INFO - [2025-06-28T00:44:16.716+0000] {dag.py:3239} INFO - Sync 1 DAGs
[2025-06-28T00:44:16.739+0000] {logging_mixin.py:190} INFO - [2025-06-28T00:44:16.739+0000] {dag.py:4180} INFO - Setting next_dagrun for extract_raw_data_pipeline to 2025-06-27 07:58:00+00:00, run_after=2025-06-27 07:59:00+00:00
[2025-06-28T00:44:16.778+0000] {processor.py:208} INFO - Processing /opt/airflow/dags/driven_data_pipeline.py took 0.279 seconds
[2025-06-28T00:44:46.842+0000] {processor.py:186} INFO - Started process (PID=2678) to work on /opt/airflow/dags/driven_data_pipeline.py
[2025-06-28T00:44:46.843+0000] {processor.py:914} INFO - Processing file /opt/airflow/dags/driven_data_pipeline.py for tasks to queue
[2025-06-28T00:44:46.846+0000] {logging_mixin.py:190} INFO - [2025-06-28T00:44:46.845+0000] {dagbag.py:588} INFO - Filling up the DagBag from /opt/airflow/dags/driven_data_pipeline.py
[2025-06-28T00:44:47.022+0000] {processor.py:925} INFO - DAG(s) 'extract_raw_data_pipeline' retrieved from /opt/airflow/dags/driven_data_pipeline.py
[2025-06-28T00:44:47.053+0000] {logging_mixin.py:190} INFO - [2025-06-28T00:44:47.052+0000] {dag.py:3239} INFO - Sync 1 DAGs
[2025-06-28T00:44:47.076+0000] {logging_mixin.py:190} INFO - [2025-06-28T00:44:47.075+0000] {dag.py:4180} INFO - Setting next_dagrun for extract_raw_data_pipeline to 2025-06-27 07:58:00+00:00, run_after=2025-06-27 07:59:00+00:00
[2025-06-28T00:44:47.118+0000] {processor.py:208} INFO - Processing /opt/airflow/dags/driven_data_pipeline.py took 0.285 seconds
[2025-06-28T00:45:17.442+0000] {processor.py:186} INFO - Started process (PID=2686) to work on /opt/airflow/dags/driven_data_pipeline.py
[2025-06-28T00:45:17.469+0000] {processor.py:914} INFO - Processing file /opt/airflow/dags/driven_data_pipeline.py for tasks to queue
[2025-06-28T00:45:17.471+0000] {logging_mixin.py:190} INFO - [2025-06-28T00:45:17.471+0000] {dagbag.py:588} INFO - Filling up the DagBag from /opt/airflow/dags/driven_data_pipeline.py
[2025-06-28T00:45:17.686+0000] {processor.py:925} INFO - DAG(s) 'extract_raw_data_pipeline' retrieved from /opt/airflow/dags/driven_data_pipeline.py
[2025-06-28T00:45:17.711+0000] {logging_mixin.py:190} INFO - [2025-06-28T00:45:17.711+0000] {dag.py:3239} INFO - Sync 1 DAGs
[2025-06-28T00:45:17.738+0000] {logging_mixin.py:190} INFO - [2025-06-28T00:45:17.738+0000] {dag.py:4180} INFO - Setting next_dagrun for extract_raw_data_pipeline to 2025-06-27 07:58:00+00:00, run_after=2025-06-27 07:59:00+00:00
[2025-06-28T00:45:17.767+0000] {processor.py:208} INFO - Processing /opt/airflow/dags/driven_data_pipeline.py took 0.333 seconds
[2025-06-28T00:45:48.125+0000] {processor.py:186} INFO - Started process (PID=2700) to work on /opt/airflow/dags/driven_data_pipeline.py
[2025-06-28T00:45:48.127+0000] {processor.py:914} INFO - Processing file /opt/airflow/dags/driven_data_pipeline.py for tasks to queue
[2025-06-28T00:45:48.131+0000] {logging_mixin.py:190} INFO - [2025-06-28T00:45:48.130+0000] {dagbag.py:588} INFO - Filling up the DagBag from /opt/airflow/dags/driven_data_pipeline.py
[2025-06-28T00:45:48.313+0000] {processor.py:925} INFO - DAG(s) 'extract_raw_data_pipeline' retrieved from /opt/airflow/dags/driven_data_pipeline.py
[2025-06-28T00:45:48.339+0000] {logging_mixin.py:190} INFO - [2025-06-28T00:45:48.339+0000] {dag.py:3239} INFO - Sync 1 DAGs
[2025-06-28T00:45:48.361+0000] {logging_mixin.py:190} INFO - [2025-06-28T00:45:48.361+0000] {dag.py:4180} INFO - Setting next_dagrun for extract_raw_data_pipeline to 2025-06-27 07:58:00+00:00, run_after=2025-06-27 07:59:00+00:00
[2025-06-28T00:45:48.405+0000] {processor.py:208} INFO - Processing /opt/airflow/dags/driven_data_pipeline.py took 0.300 seconds
[2025-06-28T00:46:18.443+0000] {processor.py:186} INFO - Started process (PID=2708) to work on /opt/airflow/dags/driven_data_pipeline.py
[2025-06-28T00:46:18.444+0000] {processor.py:914} INFO - Processing file /opt/airflow/dags/driven_data_pipeline.py for tasks to queue
[2025-06-28T00:46:18.446+0000] {logging_mixin.py:190} INFO - [2025-06-28T00:46:18.446+0000] {dagbag.py:588} INFO - Filling up the DagBag from /opt/airflow/dags/driven_data_pipeline.py
[2025-06-28T00:46:18.626+0000] {processor.py:925} INFO - DAG(s) 'extract_raw_data_pipeline' retrieved from /opt/airflow/dags/driven_data_pipeline.py
[2025-06-28T00:46:18.655+0000] {logging_mixin.py:190} INFO - [2025-06-28T00:46:18.655+0000] {dag.py:3239} INFO - Sync 1 DAGs
[2025-06-28T00:46:18.683+0000] {logging_mixin.py:190} INFO - [2025-06-28T00:46:18.683+0000] {dag.py:4180} INFO - Setting next_dagrun for extract_raw_data_pipeline to 2025-06-27 07:58:00+00:00, run_after=2025-06-27 07:59:00+00:00
[2025-06-28T00:46:18.717+0000] {processor.py:208} INFO - Processing /opt/airflow/dags/driven_data_pipeline.py took 0.281 seconds
[2025-06-28T00:46:48.764+0000] {processor.py:186} INFO - Started process (PID=2716) to work on /opt/airflow/dags/driven_data_pipeline.py
[2025-06-28T00:46:48.771+0000] {processor.py:914} INFO - Processing file /opt/airflow/dags/driven_data_pipeline.py for tasks to queue
[2025-06-28T00:46:48.774+0000] {logging_mixin.py:190} INFO - [2025-06-28T00:46:48.773+0000] {dagbag.py:588} INFO - Filling up the DagBag from /opt/airflow/dags/driven_data_pipeline.py
[2025-06-28T00:46:48.954+0000] {processor.py:925} INFO - DAG(s) 'extract_raw_data_pipeline' retrieved from /opt/airflow/dags/driven_data_pipeline.py
[2025-06-28T00:46:48.980+0000] {logging_mixin.py:190} INFO - [2025-06-28T00:46:48.980+0000] {dag.py:3239} INFO - Sync 1 DAGs
[2025-06-28T00:46:49.004+0000] {logging_mixin.py:190} INFO - [2025-06-28T00:46:49.004+0000] {dag.py:4180} INFO - Setting next_dagrun for extract_raw_data_pipeline to 2025-06-27 07:58:00+00:00, run_after=2025-06-27 07:59:00+00:00
[2025-06-28T00:46:49.036+0000] {processor.py:208} INFO - Processing /opt/airflow/dags/driven_data_pipeline.py took 0.279 seconds
[2025-06-28T00:47:19.126+0000] {processor.py:186} INFO - Started process (PID=2724) to work on /opt/airflow/dags/driven_data_pipeline.py
[2025-06-28T00:47:19.127+0000] {processor.py:914} INFO - Processing file /opt/airflow/dags/driven_data_pipeline.py for tasks to queue
[2025-06-28T00:47:19.129+0000] {logging_mixin.py:190} INFO - [2025-06-28T00:47:19.129+0000] {dagbag.py:588} INFO - Filling up the DagBag from /opt/airflow/dags/driven_data_pipeline.py
[2025-06-28T00:47:19.341+0000] {processor.py:925} INFO - DAG(s) 'extract_raw_data_pipeline' retrieved from /opt/airflow/dags/driven_data_pipeline.py
[2025-06-28T00:47:19.366+0000] {logging_mixin.py:190} INFO - [2025-06-28T00:47:19.366+0000] {dag.py:3239} INFO - Sync 1 DAGs
[2025-06-28T00:47:19.393+0000] {logging_mixin.py:190} INFO - [2025-06-28T00:47:19.393+0000] {dag.py:4180} INFO - Setting next_dagrun for extract_raw_data_pipeline to 2025-06-27 07:58:00+00:00, run_after=2025-06-27 07:59:00+00:00
[2025-06-28T00:47:19.430+0000] {processor.py:208} INFO - Processing /opt/airflow/dags/driven_data_pipeline.py took 0.310 seconds
[2025-06-28T00:47:49.811+0000] {processor.py:186} INFO - Started process (PID=2732) to work on /opt/airflow/dags/driven_data_pipeline.py
[2025-06-28T00:47:49.821+0000] {processor.py:914} INFO - Processing file /opt/airflow/dags/driven_data_pipeline.py for tasks to queue
[2025-06-28T00:47:49.824+0000] {logging_mixin.py:190} INFO - [2025-06-28T00:47:49.823+0000] {dagbag.py:588} INFO - Filling up the DagBag from /opt/airflow/dags/driven_data_pipeline.py
[2025-06-28T00:47:50.007+0000] {processor.py:925} INFO - DAG(s) 'extract_raw_data_pipeline' retrieved from /opt/airflow/dags/driven_data_pipeline.py
[2025-06-28T00:47:50.037+0000] {logging_mixin.py:190} INFO - [2025-06-28T00:47:50.037+0000] {dag.py:3239} INFO - Sync 1 DAGs
[2025-06-28T00:47:50.061+0000] {logging_mixin.py:190} INFO - [2025-06-28T00:47:50.061+0000] {dag.py:4180} INFO - Setting next_dagrun for extract_raw_data_pipeline to 2025-06-27 07:58:00+00:00, run_after=2025-06-27 07:59:00+00:00
[2025-06-28T00:47:50.093+0000] {processor.py:208} INFO - Processing /opt/airflow/dags/driven_data_pipeline.py took 0.291 seconds
[2025-06-28T00:48:20.463+0000] {processor.py:186} INFO - Started process (PID=2740) to work on /opt/airflow/dags/driven_data_pipeline.py
[2025-06-28T00:48:20.463+0000] {processor.py:914} INFO - Processing file /opt/airflow/dags/driven_data_pipeline.py for tasks to queue
[2025-06-28T00:48:20.466+0000] {logging_mixin.py:190} INFO - [2025-06-28T00:48:20.465+0000] {dagbag.py:588} INFO - Filling up the DagBag from /opt/airflow/dags/driven_data_pipeline.py
[2025-06-28T00:48:20.643+0000] {processor.py:925} INFO - DAG(s) 'extract_raw_data_pipeline' retrieved from /opt/airflow/dags/driven_data_pipeline.py
[2025-06-28T00:48:20.668+0000] {logging_mixin.py:190} INFO - [2025-06-28T00:48:20.667+0000] {dag.py:3239} INFO - Sync 1 DAGs
[2025-06-28T00:48:20.690+0000] {logging_mixin.py:190} INFO - [2025-06-28T00:48:20.690+0000] {dag.py:4180} INFO - Setting next_dagrun for extract_raw_data_pipeline to 2025-06-27 07:58:00+00:00, run_after=2025-06-27 07:59:00+00:00
[2025-06-28T00:48:20.735+0000] {processor.py:208} INFO - Processing /opt/airflow/dags/driven_data_pipeline.py took 0.283 seconds
[2025-06-28T00:48:50.874+0000] {processor.py:186} INFO - Started process (PID=2748) to work on /opt/airflow/dags/driven_data_pipeline.py
[2025-06-28T00:48:50.888+0000] {processor.py:914} INFO - Processing file /opt/airflow/dags/driven_data_pipeline.py for tasks to queue
[2025-06-28T00:48:50.892+0000] {logging_mixin.py:190} INFO - [2025-06-28T00:48:50.891+0000] {dagbag.py:588} INFO - Filling up the DagBag from /opt/airflow/dags/driven_data_pipeline.py
[2025-06-28T00:48:51.078+0000] {processor.py:925} INFO - DAG(s) 'extract_raw_data_pipeline' retrieved from /opt/airflow/dags/driven_data_pipeline.py
[2025-06-28T00:48:51.104+0000] {logging_mixin.py:190} INFO - [2025-06-28T00:48:51.104+0000] {dag.py:3239} INFO - Sync 1 DAGs
[2025-06-28T00:48:51.129+0000] {logging_mixin.py:190} INFO - [2025-06-28T00:48:51.129+0000] {dag.py:4180} INFO - Setting next_dagrun for extract_raw_data_pipeline to 2025-06-27 07:58:00+00:00, run_after=2025-06-27 07:59:00+00:00
[2025-06-28T00:48:51.166+0000] {processor.py:208} INFO - Processing /opt/airflow/dags/driven_data_pipeline.py took 0.303 seconds
[2025-06-28T00:49:21.438+0000] {processor.py:186} INFO - Started process (PID=2756) to work on /opt/airflow/dags/driven_data_pipeline.py
[2025-06-28T00:49:21.584+0000] {processor.py:914} INFO - Processing file /opt/airflow/dags/driven_data_pipeline.py for tasks to queue
[2025-06-28T00:49:21.590+0000] {logging_mixin.py:190} INFO - [2025-06-28T00:49:21.589+0000] {dagbag.py:588} INFO - Filling up the DagBag from /opt/airflow/dags/driven_data_pipeline.py
[2025-06-28T00:49:21.784+0000] {processor.py:925} INFO - DAG(s) 'extract_raw_data_pipeline' retrieved from /opt/airflow/dags/driven_data_pipeline.py
[2025-06-28T00:49:21.808+0000] {logging_mixin.py:190} INFO - [2025-06-28T00:49:21.808+0000] {dag.py:3239} INFO - Sync 1 DAGs
[2025-06-28T00:49:21.832+0000] {logging_mixin.py:190} INFO - [2025-06-28T00:49:21.832+0000] {dag.py:4180} INFO - Setting next_dagrun for extract_raw_data_pipeline to 2025-06-27 07:58:00+00:00, run_after=2025-06-27 07:59:00+00:00
[2025-06-28T00:49:21.871+0000] {processor.py:208} INFO - Processing /opt/airflow/dags/driven_data_pipeline.py took 0.443 seconds
[2025-06-28T00:49:52.254+0000] {processor.py:186} INFO - Started process (PID=2764) to work on /opt/airflow/dags/driven_data_pipeline.py
[2025-06-28T00:49:52.255+0000] {processor.py:914} INFO - Processing file /opt/airflow/dags/driven_data_pipeline.py for tasks to queue
[2025-06-28T00:49:52.259+0000] {logging_mixin.py:190} INFO - [2025-06-28T00:49:52.258+0000] {dagbag.py:588} INFO - Filling up the DagBag from /opt/airflow/dags/driven_data_pipeline.py
[2025-06-28T00:49:52.440+0000] {processor.py:925} INFO - DAG(s) 'extract_raw_data_pipeline' retrieved from /opt/airflow/dags/driven_data_pipeline.py
[2025-06-28T00:49:52.466+0000] {logging_mixin.py:190} INFO - [2025-06-28T00:49:52.466+0000] {dag.py:3239} INFO - Sync 1 DAGs
[2025-06-28T00:49:52.489+0000] {logging_mixin.py:190} INFO - [2025-06-28T00:49:52.489+0000] {dag.py:4180} INFO - Setting next_dagrun for extract_raw_data_pipeline to 2025-06-27 07:58:00+00:00, run_after=2025-06-27 07:59:00+00:00
[2025-06-28T00:49:52.525+0000] {processor.py:208} INFO - Processing /opt/airflow/dags/driven_data_pipeline.py took 0.281 seconds
[2025-06-28T00:50:22.628+0000] {processor.py:186} INFO - Started process (PID=2772) to work on /opt/airflow/dags/driven_data_pipeline.py
[2025-06-28T00:50:22.629+0000] {processor.py:914} INFO - Processing file /opt/airflow/dags/driven_data_pipeline.py for tasks to queue
[2025-06-28T00:50:22.632+0000] {logging_mixin.py:190} INFO - [2025-06-28T00:50:22.632+0000] {dagbag.py:588} INFO - Filling up the DagBag from /opt/airflow/dags/driven_data_pipeline.py
[2025-06-28T00:50:23.722+0000] {processor.py:925} INFO - DAG(s) 'extract_raw_data_pipeline' retrieved from /opt/airflow/dags/driven_data_pipeline.py
[2025-06-28T00:50:23.779+0000] {logging_mixin.py:190} INFO - [2025-06-28T00:50:23.779+0000] {dag.py:3239} INFO - Sync 1 DAGs
[2025-06-28T00:50:23.804+0000] {logging_mixin.py:190} INFO - [2025-06-28T00:50:23.803+0000] {dag.py:4180} INFO - Setting next_dagrun for extract_raw_data_pipeline to 2025-06-27 07:58:00+00:00, run_after=2025-06-27 07:59:00+00:00
[2025-06-28T00:50:23.843+0000] {processor.py:208} INFO - Processing /opt/airflow/dags/driven_data_pipeline.py took 1.226 seconds
[2025-06-28T00:50:53.967+0000] {processor.py:186} INFO - Started process (PID=2780) to work on /opt/airflow/dags/driven_data_pipeline.py
[2025-06-28T00:50:53.969+0000] {processor.py:914} INFO - Processing file /opt/airflow/dags/driven_data_pipeline.py for tasks to queue
[2025-06-28T00:50:53.973+0000] {logging_mixin.py:190} INFO - [2025-06-28T00:50:53.972+0000] {dagbag.py:588} INFO - Filling up the DagBag from /opt/airflow/dags/driven_data_pipeline.py
[2025-06-28T00:50:54.174+0000] {processor.py:925} INFO - DAG(s) 'extract_raw_data_pipeline' retrieved from /opt/airflow/dags/driven_data_pipeline.py
[2025-06-28T00:50:54.234+0000] {logging_mixin.py:190} INFO - [2025-06-28T00:50:54.233+0000] {dag.py:3239} INFO - Sync 1 DAGs
[2025-06-28T00:50:54.259+0000] {logging_mixin.py:190} INFO - [2025-06-28T00:50:54.258+0000] {dag.py:4180} INFO - Setting next_dagrun for extract_raw_data_pipeline to 2025-06-27 07:58:00+00:00, run_after=2025-06-27 07:59:00+00:00
[2025-06-28T00:50:54.330+0000] {processor.py:208} INFO - Processing /opt/airflow/dags/driven_data_pipeline.py took 0.374 seconds
[2025-06-28T00:51:24.568+0000] {processor.py:186} INFO - Started process (PID=2788) to work on /opt/airflow/dags/driven_data_pipeline.py
[2025-06-28T00:51:24.584+0000] {processor.py:914} INFO - Processing file /opt/airflow/dags/driven_data_pipeline.py for tasks to queue
[2025-06-28T00:51:24.586+0000] {logging_mixin.py:190} INFO - [2025-06-28T00:51:24.586+0000] {dagbag.py:588} INFO - Filling up the DagBag from /opt/airflow/dags/driven_data_pipeline.py
[2025-06-28T00:51:24.908+0000] {processor.py:925} INFO - DAG(s) 'extract_raw_data_pipeline' retrieved from /opt/airflow/dags/driven_data_pipeline.py
[2025-06-28T00:51:24.932+0000] {logging_mixin.py:190} INFO - [2025-06-28T00:51:24.932+0000] {dag.py:3239} INFO - Sync 1 DAGs
[2025-06-28T00:51:24.956+0000] {logging_mixin.py:190} INFO - [2025-06-28T00:51:24.956+0000] {dag.py:4180} INFO - Setting next_dagrun for extract_raw_data_pipeline to 2025-06-27 07:58:00+00:00, run_after=2025-06-27 07:59:00+00:00
[2025-06-28T00:51:24.992+0000] {processor.py:208} INFO - Processing /opt/airflow/dags/driven_data_pipeline.py took 0.432 seconds
[2025-06-28T00:51:55.378+0000] {processor.py:186} INFO - Started process (PID=2796) to work on /opt/airflow/dags/driven_data_pipeline.py
[2025-06-28T00:51:55.379+0000] {processor.py:914} INFO - Processing file /opt/airflow/dags/driven_data_pipeline.py for tasks to queue
[2025-06-28T00:51:55.382+0000] {logging_mixin.py:190} INFO - [2025-06-28T00:51:55.381+0000] {dagbag.py:588} INFO - Filling up the DagBag from /opt/airflow/dags/driven_data_pipeline.py
[2025-06-28T00:51:55.620+0000] {processor.py:925} INFO - DAG(s) 'extract_raw_data_pipeline' retrieved from /opt/airflow/dags/driven_data_pipeline.py
[2025-06-28T00:51:55.652+0000] {logging_mixin.py:190} INFO - [2025-06-28T00:51:55.652+0000] {dag.py:3239} INFO - Sync 1 DAGs
[2025-06-28T00:51:55.677+0000] {logging_mixin.py:190} INFO - [2025-06-28T00:51:55.676+0000] {dag.py:4180} INFO - Setting next_dagrun for extract_raw_data_pipeline to 2025-06-27 07:58:00+00:00, run_after=2025-06-27 07:59:00+00:00
[2025-06-28T00:51:55.715+0000] {processor.py:208} INFO - Processing /opt/airflow/dags/driven_data_pipeline.py took 0.344 seconds
[2025-06-28T00:52:26.138+0000] {processor.py:186} INFO - Started process (PID=2804) to work on /opt/airflow/dags/driven_data_pipeline.py
[2025-06-28T00:52:26.156+0000] {processor.py:914} INFO - Processing file /opt/airflow/dags/driven_data_pipeline.py for tasks to queue
[2025-06-28T00:52:26.159+0000] {logging_mixin.py:190} INFO - [2025-06-28T00:52:26.159+0000] {dagbag.py:588} INFO - Filling up the DagBag from /opt/airflow/dags/driven_data_pipeline.py
[2025-06-28T00:52:26.336+0000] {processor.py:925} INFO - DAG(s) 'extract_raw_data_pipeline' retrieved from /opt/airflow/dags/driven_data_pipeline.py
[2025-06-28T00:52:26.361+0000] {logging_mixin.py:190} INFO - [2025-06-28T00:52:26.361+0000] {dag.py:3239} INFO - Sync 1 DAGs
[2025-06-28T00:52:26.384+0000] {logging_mixin.py:190} INFO - [2025-06-28T00:52:26.384+0000] {dag.py:4180} INFO - Setting next_dagrun for extract_raw_data_pipeline to 2025-06-27 07:58:00+00:00, run_after=2025-06-27 07:59:00+00:00
[2025-06-28T00:52:26.423+0000] {processor.py:208} INFO - Processing /opt/airflow/dags/driven_data_pipeline.py took 0.293 seconds
[2025-06-28T00:52:56.517+0000] {processor.py:186} INFO - Started process (PID=2812) to work on /opt/airflow/dags/driven_data_pipeline.py
[2025-06-28T00:52:56.518+0000] {processor.py:914} INFO - Processing file /opt/airflow/dags/driven_data_pipeline.py for tasks to queue
[2025-06-28T00:52:56.520+0000] {logging_mixin.py:190} INFO - [2025-06-28T00:52:56.520+0000] {dagbag.py:588} INFO - Filling up the DagBag from /opt/airflow/dags/driven_data_pipeline.py
[2025-06-28T00:52:56.772+0000] {processor.py:925} INFO - DAG(s) 'extract_raw_data_pipeline' retrieved from /opt/airflow/dags/driven_data_pipeline.py
[2025-06-28T00:52:56.800+0000] {logging_mixin.py:190} INFO - [2025-06-28T00:52:56.800+0000] {dag.py:3239} INFO - Sync 1 DAGs
[2025-06-28T00:52:56.827+0000] {logging_mixin.py:190} INFO - [2025-06-28T00:52:56.826+0000] {dag.py:4180} INFO - Setting next_dagrun for extract_raw_data_pipeline to 2025-06-27 07:58:00+00:00, run_after=2025-06-27 07:59:00+00:00
[2025-06-28T00:52:57.064+0000] {processor.py:208} INFO - Processing /opt/airflow/dags/driven_data_pipeline.py took 0.554 seconds
[2025-06-28T00:53:27.153+0000] {processor.py:186} INFO - Started process (PID=2820) to work on /opt/airflow/dags/driven_data_pipeline.py
[2025-06-28T00:53:27.155+0000] {processor.py:914} INFO - Processing file /opt/airflow/dags/driven_data_pipeline.py for tasks to queue
[2025-06-28T00:53:27.157+0000] {logging_mixin.py:190} INFO - [2025-06-28T00:53:27.157+0000] {dagbag.py:588} INFO - Filling up the DagBag from /opt/airflow/dags/driven_data_pipeline.py
[2025-06-28T00:53:27.338+0000] {processor.py:925} INFO - DAG(s) 'extract_raw_data_pipeline' retrieved from /opt/airflow/dags/driven_data_pipeline.py
[2025-06-28T00:53:27.365+0000] {logging_mixin.py:190} INFO - [2025-06-28T00:53:27.365+0000] {dag.py:3239} INFO - Sync 1 DAGs
[2025-06-28T00:53:27.390+0000] {logging_mixin.py:190} INFO - [2025-06-28T00:53:27.389+0000] {dag.py:4180} INFO - Setting next_dagrun for extract_raw_data_pipeline to 2025-06-27 07:58:00+00:00, run_after=2025-06-27 07:59:00+00:00
[2025-06-28T00:53:27.431+0000] {processor.py:208} INFO - Processing /opt/airflow/dags/driven_data_pipeline.py took 0.285 seconds
[2025-06-28T00:53:57.867+0000] {processor.py:186} INFO - Started process (PID=2828) to work on /opt/airflow/dags/driven_data_pipeline.py
[2025-06-28T00:53:57.868+0000] {processor.py:914} INFO - Processing file /opt/airflow/dags/driven_data_pipeline.py for tasks to queue
[2025-06-28T00:53:57.870+0000] {logging_mixin.py:190} INFO - [2025-06-28T00:53:57.870+0000] {dagbag.py:588} INFO - Filling up the DagBag from /opt/airflow/dags/driven_data_pipeline.py
[2025-06-28T00:53:58.066+0000] {processor.py:925} INFO - DAG(s) 'extract_raw_data_pipeline' retrieved from /opt/airflow/dags/driven_data_pipeline.py
[2025-06-28T00:53:58.092+0000] {logging_mixin.py:190} INFO - [2025-06-28T00:53:58.092+0000] {dag.py:3239} INFO - Sync 1 DAGs
[2025-06-28T00:53:58.114+0000] {logging_mixin.py:190} INFO - [2025-06-28T00:53:58.114+0000] {dag.py:4180} INFO - Setting next_dagrun for extract_raw_data_pipeline to 2025-06-27 07:58:00+00:00, run_after=2025-06-27 07:59:00+00:00
[2025-06-28T00:53:58.161+0000] {processor.py:208} INFO - Processing /opt/airflow/dags/driven_data_pipeline.py took 0.303 seconds
[2025-06-28T00:54:28.593+0000] {processor.py:186} INFO - Started process (PID=2836) to work on /opt/airflow/dags/driven_data_pipeline.py
[2025-06-28T00:54:28.595+0000] {processor.py:914} INFO - Processing file /opt/airflow/dags/driven_data_pipeline.py for tasks to queue
[2025-06-28T00:54:28.601+0000] {logging_mixin.py:190} INFO - [2025-06-28T00:54:28.599+0000] {dagbag.py:588} INFO - Filling up the DagBag from /opt/airflow/dags/driven_data_pipeline.py
[2025-06-28T00:54:28.955+0000] {processor.py:925} INFO - DAG(s) 'extract_raw_data_pipeline' retrieved from /opt/airflow/dags/driven_data_pipeline.py
[2025-06-28T00:54:28.980+0000] {logging_mixin.py:190} INFO - [2025-06-28T00:54:28.980+0000] {dag.py:3239} INFO - Sync 1 DAGs
[2025-06-28T00:54:29.003+0000] {logging_mixin.py:190} INFO - [2025-06-28T00:54:29.003+0000] {dag.py:4180} INFO - Setting next_dagrun for extract_raw_data_pipeline to 2025-06-27 07:58:00+00:00, run_after=2025-06-27 07:59:00+00:00
[2025-06-28T00:54:29.049+0000] {processor.py:208} INFO - Processing /opt/airflow/dags/driven_data_pipeline.py took 0.488 seconds
[2025-06-28T00:54:59.588+0000] {processor.py:186} INFO - Started process (PID=2844) to work on /opt/airflow/dags/driven_data_pipeline.py
[2025-06-28T00:54:59.594+0000] {processor.py:914} INFO - Processing file /opt/airflow/dags/driven_data_pipeline.py for tasks to queue
[2025-06-28T00:54:59.608+0000] {logging_mixin.py:190} INFO - [2025-06-28T00:54:59.606+0000] {dagbag.py:588} INFO - Filling up the DagBag from /opt/airflow/dags/driven_data_pipeline.py
[2025-06-28T00:54:59.898+0000] {processor.py:925} INFO - DAG(s) 'extract_raw_data_pipeline' retrieved from /opt/airflow/dags/driven_data_pipeline.py
[2025-06-28T00:54:59.927+0000] {logging_mixin.py:190} INFO - [2025-06-28T00:54:59.927+0000] {dag.py:3239} INFO - Sync 1 DAGs
[2025-06-28T00:54:59.951+0000] {logging_mixin.py:190} INFO - [2025-06-28T00:54:59.951+0000] {dag.py:4180} INFO - Setting next_dagrun for extract_raw_data_pipeline to 2025-06-27 07:58:00+00:00, run_after=2025-06-27 07:59:00+00:00
[2025-06-28T00:54:59.989+0000] {processor.py:208} INFO - Processing /opt/airflow/dags/driven_data_pipeline.py took 0.502 seconds
[2025-06-28T00:55:30.378+0000] {processor.py:186} INFO - Started process (PID=2852) to work on /opt/airflow/dags/driven_data_pipeline.py
[2025-06-28T00:55:30.399+0000] {processor.py:914} INFO - Processing file /opt/airflow/dags/driven_data_pipeline.py for tasks to queue
[2025-06-28T00:55:30.462+0000] {logging_mixin.py:190} INFO - [2025-06-28T00:55:30.439+0000] {dagbag.py:588} INFO - Filling up the DagBag from /opt/airflow/dags/driven_data_pipeline.py
[2025-06-28T00:55:30.955+0000] {processor.py:925} INFO - DAG(s) 'extract_raw_data_pipeline' retrieved from /opt/airflow/dags/driven_data_pipeline.py
[2025-06-28T00:55:30.981+0000] {logging_mixin.py:190} INFO - [2025-06-28T00:55:30.980+0000] {dag.py:3239} INFO - Sync 1 DAGs
[2025-06-28T00:55:31.014+0000] {logging_mixin.py:190} INFO - [2025-06-28T00:55:31.014+0000] {dag.py:4180} INFO - Setting next_dagrun for extract_raw_data_pipeline to 2025-06-27 07:58:00+00:00, run_after=2025-06-27 07:59:00+00:00
[2025-06-28T00:55:31.053+0000] {processor.py:208} INFO - Processing /opt/airflow/dags/driven_data_pipeline.py took 0.799 seconds
[2025-06-28T00:56:01.487+0000] {processor.py:186} INFO - Started process (PID=2860) to work on /opt/airflow/dags/driven_data_pipeline.py
[2025-06-28T00:56:01.490+0000] {processor.py:914} INFO - Processing file /opt/airflow/dags/driven_data_pipeline.py for tasks to queue
[2025-06-28T00:56:01.506+0000] {logging_mixin.py:190} INFO - [2025-06-28T00:56:01.505+0000] {dagbag.py:588} INFO - Filling up the DagBag from /opt/airflow/dags/driven_data_pipeline.py
[2025-06-28T00:56:01.769+0000] {processor.py:925} INFO - DAG(s) 'extract_raw_data_pipeline' retrieved from /opt/airflow/dags/driven_data_pipeline.py
[2025-06-28T00:56:01.808+0000] {logging_mixin.py:190} INFO - [2025-06-28T00:56:01.808+0000] {dag.py:3239} INFO - Sync 1 DAGs
[2025-06-28T00:56:01.841+0000] {logging_mixin.py:190} INFO - [2025-06-28T00:56:01.841+0000] {dag.py:4180} INFO - Setting next_dagrun for extract_raw_data_pipeline to 2025-06-27 07:58:00+00:00, run_after=2025-06-27 07:59:00+00:00
[2025-06-28T00:56:01.875+0000] {processor.py:208} INFO - Processing /opt/airflow/dags/driven_data_pipeline.py took 0.408 seconds
[2025-06-28T00:56:32.031+0000] {processor.py:186} INFO - Started process (PID=2868) to work on /opt/airflow/dags/driven_data_pipeline.py
[2025-06-28T00:56:32.032+0000] {processor.py:914} INFO - Processing file /opt/airflow/dags/driven_data_pipeline.py for tasks to queue
[2025-06-28T00:56:32.036+0000] {logging_mixin.py:190} INFO - [2025-06-28T00:56:32.035+0000] {dagbag.py:588} INFO - Filling up the DagBag from /opt/airflow/dags/driven_data_pipeline.py
[2025-06-28T00:56:32.215+0000] {processor.py:925} INFO - DAG(s) 'extract_raw_data_pipeline' retrieved from /opt/airflow/dags/driven_data_pipeline.py
[2025-06-28T00:56:32.244+0000] {logging_mixin.py:190} INFO - [2025-06-28T00:56:32.244+0000] {dag.py:3239} INFO - Sync 1 DAGs
[2025-06-28T00:56:32.270+0000] {logging_mixin.py:190} INFO - [2025-06-28T00:56:32.270+0000] {dag.py:4180} INFO - Setting next_dagrun for extract_raw_data_pipeline to 2025-06-27 07:58:00+00:00, run_after=2025-06-27 07:59:00+00:00
[2025-06-28T00:56:32.308+0000] {processor.py:208} INFO - Processing /opt/airflow/dags/driven_data_pipeline.py took 0.287 seconds
[2025-06-28T00:57:02.586+0000] {processor.py:186} INFO - Started process (PID=2875) to work on /opt/airflow/dags/driven_data_pipeline.py
[2025-06-28T00:57:02.587+0000] {processor.py:914} INFO - Processing file /opt/airflow/dags/driven_data_pipeline.py for tasks to queue
[2025-06-28T00:57:02.590+0000] {logging_mixin.py:190} INFO - [2025-06-28T00:57:02.590+0000] {dagbag.py:588} INFO - Filling up the DagBag from /opt/airflow/dags/driven_data_pipeline.py
[2025-06-28T00:57:02.767+0000] {processor.py:925} INFO - DAG(s) 'extract_raw_data_pipeline' retrieved from /opt/airflow/dags/driven_data_pipeline.py
[2025-06-28T00:57:02.791+0000] {logging_mixin.py:190} INFO - [2025-06-28T00:57:02.791+0000] {dag.py:3239} INFO - Sync 1 DAGs
[2025-06-28T00:57:02.814+0000] {logging_mixin.py:190} INFO - [2025-06-28T00:57:02.813+0000] {dag.py:4180} INFO - Setting next_dagrun for extract_raw_data_pipeline to 2025-06-27 07:58:00+00:00, run_after=2025-06-27 07:59:00+00:00
[2025-06-28T00:57:02.852+0000] {processor.py:208} INFO - Processing /opt/airflow/dags/driven_data_pipeline.py took 0.276 seconds
[2025-06-28T00:57:33.014+0000] {processor.py:186} INFO - Started process (PID=2883) to work on /opt/airflow/dags/driven_data_pipeline.py
[2025-06-28T00:57:33.016+0000] {processor.py:914} INFO - Processing file /opt/airflow/dags/driven_data_pipeline.py for tasks to queue
[2025-06-28T00:57:33.019+0000] {logging_mixin.py:190} INFO - [2025-06-28T00:57:33.018+0000] {dagbag.py:588} INFO - Filling up the DagBag from /opt/airflow/dags/driven_data_pipeline.py
[2025-06-28T00:57:33.194+0000] {processor.py:925} INFO - DAG(s) 'extract_raw_data_pipeline' retrieved from /opt/airflow/dags/driven_data_pipeline.py
[2025-06-28T00:57:33.219+0000] {logging_mixin.py:190} INFO - [2025-06-28T00:57:33.218+0000] {dag.py:3239} INFO - Sync 1 DAGs
[2025-06-28T00:57:33.243+0000] {logging_mixin.py:190} INFO - [2025-06-28T00:57:33.243+0000] {dag.py:4180} INFO - Setting next_dagrun for extract_raw_data_pipeline to 2025-06-27 07:58:00+00:00, run_after=2025-06-27 07:59:00+00:00
[2025-06-28T00:57:33.279+0000] {processor.py:208} INFO - Processing /opt/airflow/dags/driven_data_pipeline.py took 0.275 seconds
[2025-06-28T00:58:03.562+0000] {processor.py:186} INFO - Started process (PID=2891) to work on /opt/airflow/dags/driven_data_pipeline.py
[2025-06-28T00:58:03.563+0000] {processor.py:914} INFO - Processing file /opt/airflow/dags/driven_data_pipeline.py for tasks to queue
[2025-06-28T00:58:03.565+0000] {logging_mixin.py:190} INFO - [2025-06-28T00:58:03.565+0000] {dagbag.py:588} INFO - Filling up the DagBag from /opt/airflow/dags/driven_data_pipeline.py
[2025-06-28T00:58:04.027+0000] {processor.py:925} INFO - DAG(s) 'extract_raw_data_pipeline' retrieved from /opt/airflow/dags/driven_data_pipeline.py
[2025-06-28T00:58:04.056+0000] {logging_mixin.py:190} INFO - [2025-06-28T00:58:04.056+0000] {dag.py:3239} INFO - Sync 1 DAGs
[2025-06-28T00:58:04.078+0000] {logging_mixin.py:190} INFO - [2025-06-28T00:58:04.078+0000] {dag.py:4180} INFO - Setting next_dagrun for extract_raw_data_pipeline to 2025-06-27 07:58:00+00:00, run_after=2025-06-27 07:59:00+00:00
[2025-06-28T00:58:04.237+0000] {processor.py:208} INFO - Processing /opt/airflow/dags/driven_data_pipeline.py took 0.684 seconds
[2025-06-28T00:58:34.622+0000] {processor.py:186} INFO - Started process (PID=2899) to work on /opt/airflow/dags/driven_data_pipeline.py
[2025-06-28T00:58:34.624+0000] {processor.py:914} INFO - Processing file /opt/airflow/dags/driven_data_pipeline.py for tasks to queue
[2025-06-28T00:58:34.626+0000] {logging_mixin.py:190} INFO - [2025-06-28T00:58:34.626+0000] {dagbag.py:588} INFO - Filling up the DagBag from /opt/airflow/dags/driven_data_pipeline.py
[2025-06-28T00:58:34.807+0000] {processor.py:925} INFO - DAG(s) 'extract_raw_data_pipeline' retrieved from /opt/airflow/dags/driven_data_pipeline.py
[2025-06-28T00:58:34.831+0000] {logging_mixin.py:190} INFO - [2025-06-28T00:58:34.831+0000] {dag.py:3239} INFO - Sync 1 DAGs
[2025-06-28T00:58:34.854+0000] {logging_mixin.py:190} INFO - [2025-06-28T00:58:34.854+0000] {dag.py:4180} INFO - Setting next_dagrun for extract_raw_data_pipeline to 2025-06-27 07:58:00+00:00, run_after=2025-06-27 07:59:00+00:00
[2025-06-28T00:58:34.889+0000] {processor.py:208} INFO - Processing /opt/airflow/dags/driven_data_pipeline.py took 0.274 seconds
[2025-06-28T00:59:04.968+0000] {processor.py:186} INFO - Started process (PID=2907) to work on /opt/airflow/dags/driven_data_pipeline.py
[2025-06-28T00:59:04.969+0000] {processor.py:914} INFO - Processing file /opt/airflow/dags/driven_data_pipeline.py for tasks to queue
[2025-06-28T00:59:04.972+0000] {logging_mixin.py:190} INFO - [2025-06-28T00:59:04.971+0000] {dagbag.py:588} INFO - Filling up the DagBag from /opt/airflow/dags/driven_data_pipeline.py
[2025-06-28T00:59:05.165+0000] {processor.py:925} INFO - DAG(s) 'extract_raw_data_pipeline' retrieved from /opt/airflow/dags/driven_data_pipeline.py
[2025-06-28T00:59:05.191+0000] {logging_mixin.py:190} INFO - [2025-06-28T00:59:05.191+0000] {dag.py:3239} INFO - Sync 1 DAGs
[2025-06-28T00:59:05.214+0000] {logging_mixin.py:190} INFO - [2025-06-28T00:59:05.214+0000] {dag.py:4180} INFO - Setting next_dagrun for extract_raw_data_pipeline to 2025-06-27 07:58:00+00:00, run_after=2025-06-27 07:59:00+00:00
[2025-06-28T00:59:05.247+0000] {processor.py:208} INFO - Processing /opt/airflow/dags/driven_data_pipeline.py took 0.285 seconds
[2025-06-28T00:59:35.813+0000] {processor.py:186} INFO - Started process (PID=2915) to work on /opt/airflow/dags/driven_data_pipeline.py
[2025-06-28T00:59:35.814+0000] {processor.py:914} INFO - Processing file /opt/airflow/dags/driven_data_pipeline.py for tasks to queue
[2025-06-28T00:59:35.818+0000] {logging_mixin.py:190} INFO - [2025-06-28T00:59:35.817+0000] {dagbag.py:588} INFO - Filling up the DagBag from /opt/airflow/dags/driven_data_pipeline.py
[2025-06-28T00:59:36.381+0000] {processor.py:925} INFO - DAG(s) 'extract_raw_data_pipeline' retrieved from /opt/airflow/dags/driven_data_pipeline.py
[2025-06-28T00:59:36.410+0000] {logging_mixin.py:190} INFO - [2025-06-28T00:59:36.410+0000] {dag.py:3239} INFO - Sync 1 DAGs
[2025-06-28T00:59:36.438+0000] {logging_mixin.py:190} INFO - [2025-06-28T00:59:36.437+0000] {dag.py:4180} INFO - Setting next_dagrun for extract_raw_data_pipeline to 2025-06-27 07:58:00+00:00, run_after=2025-06-27 07:59:00+00:00
[2025-06-28T00:59:36.474+0000] {processor.py:208} INFO - Processing /opt/airflow/dags/driven_data_pipeline.py took 0.695 seconds
[2025-06-28T01:00:06.845+0000] {processor.py:186} INFO - Started process (PID=2923) to work on /opt/airflow/dags/driven_data_pipeline.py
[2025-06-28T01:00:06.848+0000] {processor.py:914} INFO - Processing file /opt/airflow/dags/driven_data_pipeline.py for tasks to queue
[2025-06-28T01:00:06.852+0000] {logging_mixin.py:190} INFO - [2025-06-28T01:00:06.852+0000] {dagbag.py:588} INFO - Filling up the DagBag from /opt/airflow/dags/driven_data_pipeline.py
[2025-06-28T01:00:07.089+0000] {processor.py:925} INFO - DAG(s) 'extract_raw_data_pipeline' retrieved from /opt/airflow/dags/driven_data_pipeline.py
[2025-06-28T01:00:07.117+0000] {logging_mixin.py:190} INFO - [2025-06-28T01:00:07.116+0000] {dag.py:3239} INFO - Sync 1 DAGs
[2025-06-28T01:00:07.142+0000] {logging_mixin.py:190} INFO - [2025-06-28T01:00:07.141+0000] {dag.py:4180} INFO - Setting next_dagrun for extract_raw_data_pipeline to 2025-06-27 07:58:00+00:00, run_after=2025-06-27 07:59:00+00:00
[2025-06-28T01:00:07.186+0000] {processor.py:208} INFO - Processing /opt/airflow/dags/driven_data_pipeline.py took 0.365 seconds
[2025-06-28T01:00:37.588+0000] {processor.py:186} INFO - Started process (PID=2931) to work on /opt/airflow/dags/driven_data_pipeline.py
[2025-06-28T01:00:37.590+0000] {processor.py:914} INFO - Processing file /opt/airflow/dags/driven_data_pipeline.py for tasks to queue
[2025-06-28T01:00:37.594+0000] {logging_mixin.py:190} INFO - [2025-06-28T01:00:37.593+0000] {dagbag.py:588} INFO - Filling up the DagBag from /opt/airflow/dags/driven_data_pipeline.py
[2025-06-28T01:00:38.083+0000] {processor.py:925} INFO - DAG(s) 'extract_raw_data_pipeline' retrieved from /opt/airflow/dags/driven_data_pipeline.py
[2025-06-28T01:00:38.111+0000] {logging_mixin.py:190} INFO - [2025-06-28T01:00:38.110+0000] {dag.py:3239} INFO - Sync 1 DAGs
[2025-06-28T01:00:38.146+0000] {logging_mixin.py:190} INFO - [2025-06-28T01:00:38.145+0000] {dag.py:4180} INFO - Setting next_dagrun for extract_raw_data_pipeline to 2025-06-27 07:58:00+00:00, run_after=2025-06-27 07:59:00+00:00
[2025-06-28T01:00:38.187+0000] {processor.py:208} INFO - Processing /opt/airflow/dags/driven_data_pipeline.py took 0.612 seconds
[2025-06-28T01:01:08.509+0000] {processor.py:186} INFO - Started process (PID=2939) to work on /opt/airflow/dags/driven_data_pipeline.py
[2025-06-28T01:01:08.510+0000] {processor.py:914} INFO - Processing file /opt/airflow/dags/driven_data_pipeline.py for tasks to queue
[2025-06-28T01:01:08.513+0000] {logging_mixin.py:190} INFO - [2025-06-28T01:01:08.513+0000] {dagbag.py:588} INFO - Filling up the DagBag from /opt/airflow/dags/driven_data_pipeline.py
[2025-06-28T01:01:08.763+0000] {processor.py:925} INFO - DAG(s) 'extract_raw_data_pipeline' retrieved from /opt/airflow/dags/driven_data_pipeline.py
[2025-06-28T01:01:08.804+0000] {logging_mixin.py:190} INFO - [2025-06-28T01:01:08.803+0000] {dag.py:3239} INFO - Sync 1 DAGs
[2025-06-28T01:01:08.845+0000] {logging_mixin.py:190} INFO - [2025-06-28T01:01:08.844+0000] {dag.py:4180} INFO - Setting next_dagrun for extract_raw_data_pipeline to 2025-06-27 07:58:00+00:00, run_after=2025-06-27 07:59:00+00:00
[2025-06-28T01:01:08.913+0000] {processor.py:208} INFO - Processing /opt/airflow/dags/driven_data_pipeline.py took 0.414 seconds
[2025-06-28T01:01:39.209+0000] {processor.py:186} INFO - Started process (PID=2947) to work on /opt/airflow/dags/driven_data_pipeline.py
[2025-06-28T01:01:39.210+0000] {processor.py:914} INFO - Processing file /opt/airflow/dags/driven_data_pipeline.py for tasks to queue
[2025-06-28T01:01:39.215+0000] {logging_mixin.py:190} INFO - [2025-06-28T01:01:39.214+0000] {dagbag.py:588} INFO - Filling up the DagBag from /opt/airflow/dags/driven_data_pipeline.py
[2025-06-28T01:01:39.437+0000] {processor.py:925} INFO - DAG(s) 'extract_raw_data_pipeline' retrieved from /opt/airflow/dags/driven_data_pipeline.py
[2025-06-28T01:01:39.461+0000] {logging_mixin.py:190} INFO - [2025-06-28T01:01:39.461+0000] {dag.py:3239} INFO - Sync 1 DAGs
[2025-06-28T01:01:39.490+0000] {logging_mixin.py:190} INFO - [2025-06-28T01:01:39.490+0000] {dag.py:4180} INFO - Setting next_dagrun for extract_raw_data_pipeline to 2025-06-27 07:58:00+00:00, run_after=2025-06-27 07:59:00+00:00
[2025-06-28T01:01:39.533+0000] {processor.py:208} INFO - Processing /opt/airflow/dags/driven_data_pipeline.py took 0.336 seconds
[2025-06-28T01:02:09.944+0000] {processor.py:186} INFO - Started process (PID=2955) to work on /opt/airflow/dags/driven_data_pipeline.py
[2025-06-28T01:02:09.947+0000] {processor.py:914} INFO - Processing file /opt/airflow/dags/driven_data_pipeline.py for tasks to queue
[2025-06-28T01:02:09.954+0000] {logging_mixin.py:190} INFO - [2025-06-28T01:02:09.953+0000] {dagbag.py:588} INFO - Filling up the DagBag from /opt/airflow/dags/driven_data_pipeline.py
[2025-06-28T01:02:10.163+0000] {processor.py:925} INFO - DAG(s) 'extract_raw_data_pipeline' retrieved from /opt/airflow/dags/driven_data_pipeline.py
[2025-06-28T01:02:10.191+0000] {logging_mixin.py:190} INFO - [2025-06-28T01:02:10.191+0000] {dag.py:3239} INFO - Sync 1 DAGs
[2025-06-28T01:02:10.221+0000] {logging_mixin.py:190} INFO - [2025-06-28T01:02:10.221+0000] {dag.py:4180} INFO - Setting next_dagrun for extract_raw_data_pipeline to 2025-06-27 07:58:00+00:00, run_after=2025-06-27 07:59:00+00:00
[2025-06-28T01:02:10.275+0000] {processor.py:208} INFO - Processing /opt/airflow/dags/driven_data_pipeline.py took 0.375 seconds
[2025-06-28T01:02:40.745+0000] {processor.py:186} INFO - Started process (PID=2963) to work on /opt/airflow/dags/driven_data_pipeline.py
[2025-06-28T01:02:40.751+0000] {processor.py:914} INFO - Processing file /opt/airflow/dags/driven_data_pipeline.py for tasks to queue
[2025-06-28T01:02:40.769+0000] {logging_mixin.py:190} INFO - [2025-06-28T01:02:40.767+0000] {dagbag.py:588} INFO - Filling up the DagBag from /opt/airflow/dags/driven_data_pipeline.py
[2025-06-28T01:02:41.004+0000] {processor.py:925} INFO - DAG(s) 'extract_raw_data_pipeline' retrieved from /opt/airflow/dags/driven_data_pipeline.py
[2025-06-28T01:02:41.030+0000] {logging_mixin.py:190} INFO - [2025-06-28T01:02:41.029+0000] {dag.py:3239} INFO - Sync 1 DAGs
[2025-06-28T01:02:41.054+0000] {logging_mixin.py:190} INFO - [2025-06-28T01:02:41.054+0000] {dag.py:4180} INFO - Setting next_dagrun for extract_raw_data_pipeline to 2025-06-27 07:58:00+00:00, run_after=2025-06-27 07:59:00+00:00
[2025-06-28T01:02:42.192+0000] {processor.py:208} INFO - Processing /opt/airflow/dags/driven_data_pipeline.py took 1.490 seconds
[2025-06-28T01:03:12.674+0000] {processor.py:186} INFO - Started process (PID=2971) to work on /opt/airflow/dags/driven_data_pipeline.py
[2025-06-28T01:03:12.676+0000] {processor.py:914} INFO - Processing file /opt/airflow/dags/driven_data_pipeline.py for tasks to queue
[2025-06-28T01:03:12.712+0000] {logging_mixin.py:190} INFO - [2025-06-28T01:03:12.712+0000] {dagbag.py:588} INFO - Filling up the DagBag from /opt/airflow/dags/driven_data_pipeline.py
[2025-06-28T01:03:13.078+0000] {processor.py:925} INFO - DAG(s) 'extract_raw_data_pipeline' retrieved from /opt/airflow/dags/driven_data_pipeline.py
[2025-06-28T01:03:13.107+0000] {logging_mixin.py:190} INFO - [2025-06-28T01:03:13.107+0000] {dag.py:3239} INFO - Sync 1 DAGs
[2025-06-28T01:03:13.131+0000] {logging_mixin.py:190} INFO - [2025-06-28T01:03:13.131+0000] {dag.py:4180} INFO - Setting next_dagrun for extract_raw_data_pipeline to 2025-06-27 07:58:00+00:00, run_after=2025-06-27 07:59:00+00:00
[2025-06-28T01:03:13.171+0000] {processor.py:208} INFO - Processing /opt/airflow/dags/driven_data_pipeline.py took 0.512 seconds
[2025-06-28T01:03:43.319+0000] {processor.py:186} INFO - Started process (PID=2979) to work on /opt/airflow/dags/driven_data_pipeline.py
[2025-06-28T01:03:44.370+0000] {processor.py:914} INFO - Processing file /opt/airflow/dags/driven_data_pipeline.py for tasks to queue
[2025-06-28T01:03:44.381+0000] {logging_mixin.py:190} INFO - [2025-06-28T01:03:44.379+0000] {dagbag.py:588} INFO - Filling up the DagBag from /opt/airflow/dags/driven_data_pipeline.py
[2025-06-28T01:03:44.659+0000] {processor.py:925} INFO - DAG(s) 'extract_raw_data_pipeline' retrieved from /opt/airflow/dags/driven_data_pipeline.py
[2025-06-28T01:03:44.695+0000] {logging_mixin.py:190} INFO - [2025-06-28T01:03:44.695+0000] {dag.py:3239} INFO - Sync 1 DAGs
[2025-06-28T01:03:44.724+0000] {logging_mixin.py:190} INFO - [2025-06-28T01:03:44.723+0000] {dag.py:4180} INFO - Setting next_dagrun for extract_raw_data_pipeline to 2025-06-27 07:58:00+00:00, run_after=2025-06-27 07:59:00+00:00
[2025-06-28T01:03:44.771+0000] {processor.py:208} INFO - Processing /opt/airflow/dags/driven_data_pipeline.py took 1.458 seconds
[2025-06-28T01:04:15.116+0000] {processor.py:186} INFO - Started process (PID=2987) to work on /opt/airflow/dags/driven_data_pipeline.py
[2025-06-28T01:04:15.118+0000] {processor.py:914} INFO - Processing file /opt/airflow/dags/driven_data_pipeline.py for tasks to queue
[2025-06-28T01:04:15.121+0000] {logging_mixin.py:190} INFO - [2025-06-28T01:04:15.121+0000] {dagbag.py:588} INFO - Filling up the DagBag from /opt/airflow/dags/driven_data_pipeline.py
[2025-06-28T01:04:15.408+0000] {processor.py:925} INFO - DAG(s) 'extract_raw_data_pipeline' retrieved from /opt/airflow/dags/driven_data_pipeline.py
[2025-06-28T01:04:15.438+0000] {logging_mixin.py:190} INFO - [2025-06-28T01:04:15.438+0000] {dag.py:3239} INFO - Sync 1 DAGs
[2025-06-28T01:04:15.462+0000] {logging_mixin.py:190} INFO - [2025-06-28T01:04:15.462+0000] {dag.py:4180} INFO - Setting next_dagrun for extract_raw_data_pipeline to 2025-06-27 07:58:00+00:00, run_after=2025-06-27 07:59:00+00:00
[2025-06-28T01:04:15.505+0000] {processor.py:208} INFO - Processing /opt/airflow/dags/driven_data_pipeline.py took 0.399 seconds
[2025-06-28T01:04:45.925+0000] {processor.py:186} INFO - Started process (PID=2995) to work on /opt/airflow/dags/driven_data_pipeline.py
[2025-06-28T01:04:45.947+0000] {processor.py:914} INFO - Processing file /opt/airflow/dags/driven_data_pipeline.py for tasks to queue
[2025-06-28T01:04:45.951+0000] {logging_mixin.py:190} INFO - [2025-06-28T01:04:45.950+0000] {dagbag.py:588} INFO - Filling up the DagBag from /opt/airflow/dags/driven_data_pipeline.py
[2025-06-28T01:04:46.177+0000] {processor.py:925} INFO - DAG(s) 'extract_raw_data_pipeline' retrieved from /opt/airflow/dags/driven_data_pipeline.py
[2025-06-28T01:04:46.221+0000] {logging_mixin.py:190} INFO - [2025-06-28T01:04:46.220+0000] {dag.py:3239} INFO - Sync 1 DAGs
[2025-06-28T01:04:46.262+0000] {logging_mixin.py:190} INFO - [2025-06-28T01:04:46.262+0000] {dag.py:4180} INFO - Setting next_dagrun for extract_raw_data_pipeline to 2025-06-27 07:58:00+00:00, run_after=2025-06-27 07:59:00+00:00
[2025-06-28T01:04:46.305+0000] {processor.py:208} INFO - Processing /opt/airflow/dags/driven_data_pipeline.py took 0.389 seconds
[2025-06-28T01:05:16.648+0000] {processor.py:186} INFO - Started process (PID=3003) to work on /opt/airflow/dags/driven_data_pipeline.py
[2025-06-28T01:05:16.650+0000] {processor.py:914} INFO - Processing file /opt/airflow/dags/driven_data_pipeline.py for tasks to queue
[2025-06-28T01:05:16.654+0000] {logging_mixin.py:190} INFO - [2025-06-28T01:05:16.653+0000] {dagbag.py:588} INFO - Filling up the DagBag from /opt/airflow/dags/driven_data_pipeline.py
[2025-06-28T01:05:16.875+0000] {processor.py:925} INFO - DAG(s) 'extract_raw_data_pipeline' retrieved from /opt/airflow/dags/driven_data_pipeline.py
[2025-06-28T01:05:16.899+0000] {logging_mixin.py:190} INFO - [2025-06-28T01:05:16.899+0000] {dag.py:3239} INFO - Sync 1 DAGs
[2025-06-28T01:05:16.924+0000] {logging_mixin.py:190} INFO - [2025-06-28T01:05:16.923+0000] {dag.py:4180} INFO - Setting next_dagrun for extract_raw_data_pipeline to 2025-06-27 07:58:00+00:00, run_after=2025-06-27 07:59:00+00:00
[2025-06-28T01:05:16.968+0000] {processor.py:208} INFO - Processing /opt/airflow/dags/driven_data_pipeline.py took 0.329 seconds
[2025-06-28T01:05:47.392+0000] {processor.py:186} INFO - Started process (PID=3011) to work on /opt/airflow/dags/driven_data_pipeline.py
[2025-06-28T01:05:47.394+0000] {processor.py:914} INFO - Processing file /opt/airflow/dags/driven_data_pipeline.py for tasks to queue
[2025-06-28T01:05:47.398+0000] {logging_mixin.py:190} INFO - [2025-06-28T01:05:47.397+0000] {dagbag.py:588} INFO - Filling up the DagBag from /opt/airflow/dags/driven_data_pipeline.py
[2025-06-28T01:05:47.609+0000] {processor.py:925} INFO - DAG(s) 'extract_raw_data_pipeline' retrieved from /opt/airflow/dags/driven_data_pipeline.py
[2025-06-28T01:05:47.633+0000] {logging_mixin.py:190} INFO - [2025-06-28T01:05:47.633+0000] {dag.py:3239} INFO - Sync 1 DAGs
[2025-06-28T01:05:47.662+0000] {logging_mixin.py:190} INFO - [2025-06-28T01:05:47.662+0000] {dag.py:4180} INFO - Setting next_dagrun for extract_raw_data_pipeline to 2025-06-27 07:58:00+00:00, run_after=2025-06-27 07:59:00+00:00
[2025-06-28T01:05:47.749+0000] {processor.py:208} INFO - Processing /opt/airflow/dags/driven_data_pipeline.py took 0.374 seconds
[2025-06-28T01:06:18.121+0000] {processor.py:186} INFO - Started process (PID=3019) to work on /opt/airflow/dags/driven_data_pipeline.py
[2025-06-28T01:06:18.122+0000] {processor.py:914} INFO - Processing file /opt/airflow/dags/driven_data_pipeline.py for tasks to queue
[2025-06-28T01:06:18.125+0000] {logging_mixin.py:190} INFO - [2025-06-28T01:06:18.125+0000] {dagbag.py:588} INFO - Filling up the DagBag from /opt/airflow/dags/driven_data_pipeline.py
[2025-06-28T01:06:18.351+0000] {processor.py:925} INFO - DAG(s) 'extract_raw_data_pipeline' retrieved from /opt/airflow/dags/driven_data_pipeline.py
[2025-06-28T01:06:18.376+0000] {logging_mixin.py:190} INFO - [2025-06-28T01:06:18.376+0000] {dag.py:3239} INFO - Sync 1 DAGs
[2025-06-28T01:06:18.401+0000] {logging_mixin.py:190} INFO - [2025-06-28T01:06:18.401+0000] {dag.py:4180} INFO - Setting next_dagrun for extract_raw_data_pipeline to 2025-06-27 07:58:00+00:00, run_after=2025-06-27 07:59:00+00:00
[2025-06-28T01:06:18.444+0000] {processor.py:208} INFO - Processing /opt/airflow/dags/driven_data_pipeline.py took 0.332 seconds
[2025-06-28T01:06:48.939+0000] {processor.py:186} INFO - Started process (PID=3027) to work on /opt/airflow/dags/driven_data_pipeline.py
[2025-06-28T01:06:48.941+0000] {processor.py:914} INFO - Processing file /opt/airflow/dags/driven_data_pipeline.py for tasks to queue
[2025-06-28T01:06:48.947+0000] {logging_mixin.py:190} INFO - [2025-06-28T01:06:48.946+0000] {dagbag.py:588} INFO - Filling up the DagBag from /opt/airflow/dags/driven_data_pipeline.py
[2025-06-28T01:06:49.186+0000] {processor.py:925} INFO - DAG(s) 'extract_raw_data_pipeline' retrieved from /opt/airflow/dags/driven_data_pipeline.py
[2025-06-28T01:06:49.216+0000] {logging_mixin.py:190} INFO - [2025-06-28T01:06:49.216+0000] {dag.py:3239} INFO - Sync 1 DAGs
[2025-06-28T01:06:49.245+0000] {logging_mixin.py:190} INFO - [2025-06-28T01:06:49.245+0000] {dag.py:4180} INFO - Setting next_dagrun for extract_raw_data_pipeline to 2025-06-27 07:58:00+00:00, run_after=2025-06-27 07:59:00+00:00
[2025-06-28T01:06:49.391+0000] {processor.py:208} INFO - Processing /opt/airflow/dags/driven_data_pipeline.py took 0.486 seconds
[2025-06-28T01:07:19.726+0000] {processor.py:186} INFO - Started process (PID=3034) to work on /opt/airflow/dags/driven_data_pipeline.py
[2025-06-28T01:07:19.727+0000] {processor.py:914} INFO - Processing file /opt/airflow/dags/driven_data_pipeline.py for tasks to queue
[2025-06-28T01:07:19.730+0000] {logging_mixin.py:190} INFO - [2025-06-28T01:07:19.729+0000] {dagbag.py:588} INFO - Filling up the DagBag from /opt/airflow/dags/driven_data_pipeline.py
[2025-06-28T01:07:19.965+0000] {processor.py:925} INFO - DAG(s) 'extract_raw_data_pipeline' retrieved from /opt/airflow/dags/driven_data_pipeline.py
[2025-06-28T01:07:20.000+0000] {logging_mixin.py:190} INFO - [2025-06-28T01:07:20.000+0000] {dag.py:3239} INFO - Sync 1 DAGs
[2025-06-28T01:07:20.024+0000] {logging_mixin.py:190} INFO - [2025-06-28T01:07:20.024+0000] {dag.py:4180} INFO - Setting next_dagrun for extract_raw_data_pipeline to 2025-06-27 07:58:00+00:00, run_after=2025-06-27 07:59:00+00:00
[2025-06-28T01:07:20.070+0000] {processor.py:208} INFO - Processing /opt/airflow/dags/driven_data_pipeline.py took 0.352 seconds
[2025-06-28T01:07:50.149+0000] {processor.py:186} INFO - Started process (PID=3042) to work on /opt/airflow/dags/driven_data_pipeline.py
[2025-06-28T01:07:50.150+0000] {processor.py:914} INFO - Processing file /opt/airflow/dags/driven_data_pipeline.py for tasks to queue
[2025-06-28T01:07:50.153+0000] {logging_mixin.py:190} INFO - [2025-06-28T01:07:50.152+0000] {dagbag.py:588} INFO - Filling up the DagBag from /opt/airflow/dags/driven_data_pipeline.py
[2025-06-28T01:07:50.360+0000] {processor.py:925} INFO - DAG(s) 'extract_raw_data_pipeline' retrieved from /opt/airflow/dags/driven_data_pipeline.py
[2025-06-28T01:07:50.401+0000] {logging_mixin.py:190} INFO - [2025-06-28T01:07:50.401+0000] {dag.py:3239} INFO - Sync 1 DAGs
[2025-06-28T01:07:50.427+0000] {logging_mixin.py:190} INFO - [2025-06-28T01:07:50.427+0000] {dag.py:4180} INFO - Setting next_dagrun for extract_raw_data_pipeline to 2025-06-27 07:58:00+00:00, run_after=2025-06-27 07:59:00+00:00
[2025-06-28T01:07:50.472+0000] {processor.py:208} INFO - Processing /opt/airflow/dags/driven_data_pipeline.py took 0.334 seconds
[2025-06-28T01:08:20.767+0000] {processor.py:186} INFO - Started process (PID=3050) to work on /opt/airflow/dags/driven_data_pipeline.py
[2025-06-28T01:08:20.768+0000] {processor.py:914} INFO - Processing file /opt/airflow/dags/driven_data_pipeline.py for tasks to queue
[2025-06-28T01:08:20.771+0000] {logging_mixin.py:190} INFO - [2025-06-28T01:08:20.770+0000] {dagbag.py:588} INFO - Filling up the DagBag from /opt/airflow/dags/driven_data_pipeline.py
[2025-06-28T01:08:20.976+0000] {processor.py:925} INFO - DAG(s) 'extract_raw_data_pipeline' retrieved from /opt/airflow/dags/driven_data_pipeline.py
[2025-06-28T01:08:21.013+0000] {logging_mixin.py:190} INFO - [2025-06-28T01:08:21.013+0000] {dag.py:3239} INFO - Sync 1 DAGs
[2025-06-28T01:08:21.048+0000] {logging_mixin.py:190} INFO - [2025-06-28T01:08:21.048+0000] {dag.py:4180} INFO - Setting next_dagrun for extract_raw_data_pipeline to 2025-06-27 07:58:00+00:00, run_after=2025-06-27 07:59:00+00:00
[2025-06-28T01:08:21.089+0000] {processor.py:208} INFO - Processing /opt/airflow/dags/driven_data_pipeline.py took 0.330 seconds
[2025-06-28T01:08:51.213+0000] {processor.py:186} INFO - Started process (PID=3058) to work on /opt/airflow/dags/driven_data_pipeline.py
[2025-06-28T01:08:51.214+0000] {processor.py:914} INFO - Processing file /opt/airflow/dags/driven_data_pipeline.py for tasks to queue
[2025-06-28T01:08:51.217+0000] {logging_mixin.py:190} INFO - [2025-06-28T01:08:51.216+0000] {dagbag.py:588} INFO - Filling up the DagBag from /opt/airflow/dags/driven_data_pipeline.py
[2025-06-28T01:08:51.556+0000] {processor.py:925} INFO - DAG(s) 'extract_raw_data_pipeline' retrieved from /opt/airflow/dags/driven_data_pipeline.py
[2025-06-28T01:08:51.594+0000] {logging_mixin.py:190} INFO - [2025-06-28T01:08:51.594+0000] {dag.py:3239} INFO - Sync 1 DAGs
[2025-06-28T01:08:51.632+0000] {logging_mixin.py:190} INFO - [2025-06-28T01:08:51.632+0000] {dag.py:4180} INFO - Setting next_dagrun for extract_raw_data_pipeline to 2025-06-27 07:58:00+00:00, run_after=2025-06-27 07:59:00+00:00
[2025-06-28T01:08:51.711+0000] {processor.py:208} INFO - Processing /opt/airflow/dags/driven_data_pipeline.py took 0.508 seconds
[2025-06-28T01:09:22.079+0000] {processor.py:186} INFO - Started process (PID=3066) to work on /opt/airflow/dags/driven_data_pipeline.py
[2025-06-28T01:09:22.086+0000] {processor.py:914} INFO - Processing file /opt/airflow/dags/driven_data_pipeline.py for tasks to queue
[2025-06-28T01:09:22.092+0000] {logging_mixin.py:190} INFO - [2025-06-28T01:09:22.091+0000] {dagbag.py:588} INFO - Filling up the DagBag from /opt/airflow/dags/driven_data_pipeline.py
[2025-06-28T01:09:22.315+0000] {processor.py:925} INFO - DAG(s) 'extract_raw_data_pipeline' retrieved from /opt/airflow/dags/driven_data_pipeline.py
[2025-06-28T01:09:22.347+0000] {logging_mixin.py:190} INFO - [2025-06-28T01:09:22.347+0000] {dag.py:3239} INFO - Sync 1 DAGs
[2025-06-28T01:09:22.370+0000] {logging_mixin.py:190} INFO - [2025-06-28T01:09:22.370+0000] {dag.py:4180} INFO - Setting next_dagrun for extract_raw_data_pipeline to 2025-06-27 07:58:00+00:00, run_after=2025-06-27 07:59:00+00:00
[2025-06-28T01:09:22.410+0000] {processor.py:208} INFO - Processing /opt/airflow/dags/driven_data_pipeline.py took 0.389 seconds
[2025-06-28T01:09:52.815+0000] {processor.py:186} INFO - Started process (PID=3074) to work on /opt/airflow/dags/driven_data_pipeline.py
[2025-06-28T01:09:52.816+0000] {processor.py:914} INFO - Processing file /opt/airflow/dags/driven_data_pipeline.py for tasks to queue
[2025-06-28T01:09:52.818+0000] {logging_mixin.py:190} INFO - [2025-06-28T01:09:52.818+0000] {dagbag.py:588} INFO - Filling up the DagBag from /opt/airflow/dags/driven_data_pipeline.py
[2025-06-28T01:09:53.063+0000] {processor.py:925} INFO - DAG(s) 'extract_raw_data_pipeline' retrieved from /opt/airflow/dags/driven_data_pipeline.py
[2025-06-28T01:09:53.090+0000] {logging_mixin.py:190} INFO - [2025-06-28T01:09:53.090+0000] {dag.py:3239} INFO - Sync 1 DAGs
[2025-06-28T01:09:53.123+0000] {logging_mixin.py:190} INFO - [2025-06-28T01:09:53.123+0000] {dag.py:4180} INFO - Setting next_dagrun for extract_raw_data_pipeline to 2025-06-27 07:58:00+00:00, run_after=2025-06-27 07:59:00+00:00
[2025-06-28T01:09:53.165+0000] {processor.py:208} INFO - Processing /opt/airflow/dags/driven_data_pipeline.py took 0.358 seconds
[2025-06-28T01:10:23.225+0000] {processor.py:186} INFO - Started process (PID=3081) to work on /opt/airflow/dags/driven_data_pipeline.py
[2025-06-28T01:10:23.226+0000] {processor.py:914} INFO - Processing file /opt/airflow/dags/driven_data_pipeline.py for tasks to queue
[2025-06-28T01:10:23.230+0000] {logging_mixin.py:190} INFO - [2025-06-28T01:10:23.229+0000] {dagbag.py:588} INFO - Filling up the DagBag from /opt/airflow/dags/driven_data_pipeline.py
[2025-06-28T01:10:23.464+0000] {processor.py:925} INFO - DAG(s) 'extract_raw_data_pipeline' retrieved from /opt/airflow/dags/driven_data_pipeline.py
[2025-06-28T01:10:23.490+0000] {logging_mixin.py:190} INFO - [2025-06-28T01:10:23.489+0000] {dag.py:3239} INFO - Sync 1 DAGs
[2025-06-28T01:10:23.516+0000] {logging_mixin.py:190} INFO - [2025-06-28T01:10:23.515+0000] {dag.py:4180} INFO - Setting next_dagrun for extract_raw_data_pipeline to 2025-06-27 07:58:00+00:00, run_after=2025-06-27 07:59:00+00:00
[2025-06-28T01:10:23.581+0000] {processor.py:208} INFO - Processing /opt/airflow/dags/driven_data_pipeline.py took 0.365 seconds
[2025-06-28T01:10:54.049+0000] {processor.py:186} INFO - Started process (PID=3089) to work on /opt/airflow/dags/driven_data_pipeline.py
[2025-06-28T01:10:54.058+0000] {processor.py:914} INFO - Processing file /opt/airflow/dags/driven_data_pipeline.py for tasks to queue
[2025-06-28T01:10:54.067+0000] {logging_mixin.py:190} INFO - [2025-06-28T01:10:54.066+0000] {dagbag.py:588} INFO - Filling up the DagBag from /opt/airflow/dags/driven_data_pipeline.py
[2025-06-28T01:10:54.316+0000] {processor.py:925} INFO - DAG(s) 'extract_raw_data_pipeline' retrieved from /opt/airflow/dags/driven_data_pipeline.py
[2025-06-28T01:10:54.345+0000] {logging_mixin.py:190} INFO - [2025-06-28T01:10:54.344+0000] {dag.py:3239} INFO - Sync 1 DAGs
[2025-06-28T01:10:54.372+0000] {logging_mixin.py:190} INFO - [2025-06-28T01:10:54.372+0000] {dag.py:4180} INFO - Setting next_dagrun for extract_raw_data_pipeline to 2025-06-27 07:58:00+00:00, run_after=2025-06-27 07:59:00+00:00
[2025-06-28T01:10:54.413+0000] {processor.py:208} INFO - Processing /opt/airflow/dags/driven_data_pipeline.py took 0.414 seconds
[2025-06-28T01:11:24.716+0000] {processor.py:186} INFO - Started process (PID=3103) to work on /opt/airflow/dags/driven_data_pipeline.py
[2025-06-28T01:11:24.718+0000] {processor.py:914} INFO - Processing file /opt/airflow/dags/driven_data_pipeline.py for tasks to queue
[2025-06-28T01:11:24.726+0000] {logging_mixin.py:190} INFO - [2025-06-28T01:11:24.725+0000] {dagbag.py:588} INFO - Filling up the DagBag from /opt/airflow/dags/driven_data_pipeline.py
[2025-06-28T01:11:24.970+0000] {processor.py:925} INFO - DAG(s) 'extract_raw_data_pipeline' retrieved from /opt/airflow/dags/driven_data_pipeline.py
[2025-06-28T01:11:24.996+0000] {logging_mixin.py:190} INFO - [2025-06-28T01:11:24.995+0000] {dag.py:3239} INFO - Sync 1 DAGs
[2025-06-28T01:11:25.020+0000] {logging_mixin.py:190} INFO - [2025-06-28T01:11:25.020+0000] {dag.py:4180} INFO - Setting next_dagrun for extract_raw_data_pipeline to 2025-06-27 07:58:00+00:00, run_after=2025-06-27 07:59:00+00:00
[2025-06-28T01:11:25.059+0000] {processor.py:208} INFO - Processing /opt/airflow/dags/driven_data_pipeline.py took 0.362 seconds
[2025-06-28T01:11:55.365+0000] {processor.py:186} INFO - Started process (PID=3111) to work on /opt/airflow/dags/driven_data_pipeline.py
[2025-06-28T01:11:55.367+0000] {processor.py:914} INFO - Processing file /opt/airflow/dags/driven_data_pipeline.py for tasks to queue
[2025-06-28T01:11:55.371+0000] {logging_mixin.py:190} INFO - [2025-06-28T01:11:55.370+0000] {dagbag.py:588} INFO - Filling up the DagBag from /opt/airflow/dags/driven_data_pipeline.py
[2025-06-28T01:11:55.575+0000] {processor.py:925} INFO - DAG(s) 'extract_raw_data_pipeline' retrieved from /opt/airflow/dags/driven_data_pipeline.py
[2025-06-28T01:11:55.605+0000] {logging_mixin.py:190} INFO - [2025-06-28T01:11:55.604+0000] {dag.py:3239} INFO - Sync 1 DAGs
[2025-06-28T01:11:55.633+0000] {logging_mixin.py:190} INFO - [2025-06-28T01:11:55.633+0000] {dag.py:4180} INFO - Setting next_dagrun for extract_raw_data_pipeline to 2025-06-27 07:58:00+00:00, run_after=2025-06-27 07:59:00+00:00
[2025-06-28T01:11:55.671+0000] {processor.py:208} INFO - Processing /opt/airflow/dags/driven_data_pipeline.py took 0.315 seconds
[2025-06-28T01:12:26.077+0000] {processor.py:186} INFO - Started process (PID=3119) to work on /opt/airflow/dags/driven_data_pipeline.py
[2025-06-28T01:12:26.079+0000] {processor.py:914} INFO - Processing file /opt/airflow/dags/driven_data_pipeline.py for tasks to queue
[2025-06-28T01:12:26.083+0000] {logging_mixin.py:190} INFO - [2025-06-28T01:12:26.082+0000] {dagbag.py:588} INFO - Filling up the DagBag from /opt/airflow/dags/driven_data_pipeline.py
[2025-06-28T01:12:26.379+0000] {processor.py:925} INFO - DAG(s) 'extract_raw_data_pipeline' retrieved from /opt/airflow/dags/driven_data_pipeline.py
[2025-06-28T01:12:26.428+0000] {logging_mixin.py:190} INFO - [2025-06-28T01:12:26.428+0000] {dag.py:3239} INFO - Sync 1 DAGs
[2025-06-28T01:12:26.476+0000] {logging_mixin.py:190} INFO - [2025-06-28T01:12:26.475+0000] {dag.py:4180} INFO - Setting next_dagrun for extract_raw_data_pipeline to 2025-06-27 07:58:00+00:00, run_after=2025-06-27 07:59:00+00:00
[2025-06-28T01:12:26.533+0000] {processor.py:208} INFO - Processing /opt/airflow/dags/driven_data_pipeline.py took 0.470 seconds
[2025-06-28T01:12:56.856+0000] {processor.py:186} INFO - Started process (PID=3127) to work on /opt/airflow/dags/driven_data_pipeline.py
[2025-06-28T01:12:56.882+0000] {processor.py:914} INFO - Processing file /opt/airflow/dags/driven_data_pipeline.py for tasks to queue
[2025-06-28T01:12:56.884+0000] {logging_mixin.py:190} INFO - [2025-06-28T01:12:56.884+0000] {dagbag.py:588} INFO - Filling up the DagBag from /opt/airflow/dags/driven_data_pipeline.py
[2025-06-28T01:12:57.087+0000] {processor.py:925} INFO - DAG(s) 'extract_raw_data_pipeline' retrieved from /opt/airflow/dags/driven_data_pipeline.py
[2025-06-28T01:12:57.115+0000] {logging_mixin.py:190} INFO - [2025-06-28T01:12:57.115+0000] {dag.py:3239} INFO - Sync 1 DAGs
[2025-06-28T01:12:57.140+0000] {logging_mixin.py:190} INFO - [2025-06-28T01:12:57.140+0000] {dag.py:4180} INFO - Setting next_dagrun for extract_raw_data_pipeline to 2025-06-27 07:58:00+00:00, run_after=2025-06-27 07:59:00+00:00
[2025-06-28T01:12:57.176+0000] {processor.py:208} INFO - Processing /opt/airflow/dags/driven_data_pipeline.py took 0.332 seconds
[2025-06-28T01:13:27.544+0000] {processor.py:186} INFO - Started process (PID=3135) to work on /opt/airflow/dags/driven_data_pipeline.py
[2025-06-28T01:13:27.546+0000] {processor.py:914} INFO - Processing file /opt/airflow/dags/driven_data_pipeline.py for tasks to queue
[2025-06-28T01:13:27.550+0000] {logging_mixin.py:190} INFO - [2025-06-28T01:13:27.550+0000] {dagbag.py:588} INFO - Filling up the DagBag from /opt/airflow/dags/driven_data_pipeline.py
[2025-06-28T01:13:27.845+0000] {processor.py:925} INFO - DAG(s) 'extract_raw_data_pipeline' retrieved from /opt/airflow/dags/driven_data_pipeline.py
[2025-06-28T01:13:27.873+0000] {logging_mixin.py:190} INFO - [2025-06-28T01:13:27.873+0000] {dag.py:3239} INFO - Sync 1 DAGs
[2025-06-28T01:13:27.910+0000] {logging_mixin.py:190} INFO - [2025-06-28T01:13:27.909+0000] {dag.py:4180} INFO - Setting next_dagrun for extract_raw_data_pipeline to 2025-06-27 07:58:00+00:00, run_after=2025-06-27 07:59:00+00:00
[2025-06-28T01:13:27.962+0000] {processor.py:208} INFO - Processing /opt/airflow/dags/driven_data_pipeline.py took 0.430 seconds
[2025-06-28T01:13:58.399+0000] {processor.py:186} INFO - Started process (PID=3144) to work on /opt/airflow/dags/driven_data_pipeline.py
[2025-06-28T01:13:58.587+0000] {processor.py:914} INFO - Processing file /opt/airflow/dags/driven_data_pipeline.py for tasks to queue
[2025-06-28T01:13:58.591+0000] {logging_mixin.py:190} INFO - [2025-06-28T01:13:58.590+0000] {dagbag.py:588} INFO - Filling up the DagBag from /opt/airflow/dags/driven_data_pipeline.py
[2025-06-28T01:13:58.798+0000] {processor.py:925} INFO - DAG(s) 'extract_raw_data_pipeline' retrieved from /opt/airflow/dags/driven_data_pipeline.py
[2025-06-28T01:13:58.833+0000] {logging_mixin.py:190} INFO - [2025-06-28T01:13:58.833+0000] {dag.py:3239} INFO - Sync 1 DAGs
[2025-06-28T01:13:58.872+0000] {logging_mixin.py:190} INFO - [2025-06-28T01:13:58.872+0000] {dag.py:4180} INFO - Setting next_dagrun for extract_raw_data_pipeline to 2025-06-27 07:58:00+00:00, run_after=2025-06-27 07:59:00+00:00
[2025-06-28T01:13:59.132+0000] {processor.py:208} INFO - Processing /opt/airflow/dags/driven_data_pipeline.py took 0.740 seconds
[2025-06-28T01:14:29.224+0000] {processor.py:186} INFO - Started process (PID=3152) to work on /opt/airflow/dags/driven_data_pipeline.py
[2025-06-28T01:14:29.225+0000] {processor.py:914} INFO - Processing file /opt/airflow/dags/driven_data_pipeline.py for tasks to queue
[2025-06-28T01:14:29.228+0000] {logging_mixin.py:190} INFO - [2025-06-28T01:14:29.228+0000] {dagbag.py:588} INFO - Filling up the DagBag from /opt/airflow/dags/driven_data_pipeline.py
[2025-06-28T01:14:29.414+0000] {processor.py:925} INFO - DAG(s) 'extract_raw_data_pipeline' retrieved from /opt/airflow/dags/driven_data_pipeline.py
[2025-06-28T01:14:29.448+0000] {logging_mixin.py:190} INFO - [2025-06-28T01:14:29.448+0000] {dag.py:3239} INFO - Sync 1 DAGs
[2025-06-28T01:14:29.472+0000] {logging_mixin.py:190} INFO - [2025-06-28T01:14:29.472+0000] {dag.py:4180} INFO - Setting next_dagrun for extract_raw_data_pipeline to 2025-06-27 07:58:00+00:00, run_after=2025-06-27 07:59:00+00:00
[2025-06-28T01:14:29.576+0000] {processor.py:208} INFO - Processing /opt/airflow/dags/driven_data_pipeline.py took 0.363 seconds
[2025-06-28T01:14:59.656+0000] {processor.py:186} INFO - Started process (PID=3159) to work on /opt/airflow/dags/driven_data_pipeline.py
[2025-06-28T01:14:59.658+0000] {processor.py:914} INFO - Processing file /opt/airflow/dags/driven_data_pipeline.py for tasks to queue
[2025-06-28T01:14:59.661+0000] {logging_mixin.py:190} INFO - [2025-06-28T01:14:59.660+0000] {dagbag.py:588} INFO - Filling up the DagBag from /opt/airflow/dags/driven_data_pipeline.py
[2025-06-28T01:14:59.838+0000] {processor.py:925} INFO - DAG(s) 'extract_raw_data_pipeline' retrieved from /opt/airflow/dags/driven_data_pipeline.py
[2025-06-28T01:14:59.862+0000] {logging_mixin.py:190} INFO - [2025-06-28T01:14:59.862+0000] {dag.py:3239} INFO - Sync 1 DAGs
[2025-06-28T01:14:59.889+0000] {logging_mixin.py:190} INFO - [2025-06-28T01:14:59.889+0000] {dag.py:4180} INFO - Setting next_dagrun for extract_raw_data_pipeline to 2025-06-27 07:58:00+00:00, run_after=2025-06-27 07:59:00+00:00
[2025-06-28T01:14:59.927+0000] {processor.py:208} INFO - Processing /opt/airflow/dags/driven_data_pipeline.py took 0.280 seconds
[2025-06-28T01:15:30.193+0000] {processor.py:186} INFO - Started process (PID=3167) to work on /opt/airflow/dags/driven_data_pipeline.py
[2025-06-28T01:15:30.195+0000] {processor.py:914} INFO - Processing file /opt/airflow/dags/driven_data_pipeline.py for tasks to queue
[2025-06-28T01:15:30.197+0000] {logging_mixin.py:190} INFO - [2025-06-28T01:15:30.197+0000] {dagbag.py:588} INFO - Filling up the DagBag from /opt/airflow/dags/driven_data_pipeline.py
[2025-06-28T01:15:30.370+0000] {processor.py:925} INFO - DAG(s) 'extract_raw_data_pipeline' retrieved from /opt/airflow/dags/driven_data_pipeline.py
[2025-06-28T01:15:30.394+0000] {logging_mixin.py:190} INFO - [2025-06-28T01:15:30.394+0000] {dag.py:3239} INFO - Sync 1 DAGs
[2025-06-28T01:15:30.416+0000] {logging_mixin.py:190} INFO - [2025-06-28T01:15:30.416+0000] {dag.py:4180} INFO - Setting next_dagrun for extract_raw_data_pipeline to 2025-06-27 07:58:00+00:00, run_after=2025-06-27 07:59:00+00:00
[2025-06-28T01:15:30.456+0000] {processor.py:208} INFO - Processing /opt/airflow/dags/driven_data_pipeline.py took 0.269 seconds
[2025-06-28T01:16:00.574+0000] {processor.py:186} INFO - Started process (PID=3175) to work on /opt/airflow/dags/driven_data_pipeline.py
[2025-06-28T01:16:00.575+0000] {processor.py:914} INFO - Processing file /opt/airflow/dags/driven_data_pipeline.py for tasks to queue
[2025-06-28T01:16:00.578+0000] {logging_mixin.py:190} INFO - [2025-06-28T01:16:00.578+0000] {dagbag.py:588} INFO - Filling up the DagBag from /opt/airflow/dags/driven_data_pipeline.py
[2025-06-28T01:16:00.755+0000] {processor.py:925} INFO - DAG(s) 'extract_raw_data_pipeline' retrieved from /opt/airflow/dags/driven_data_pipeline.py
[2025-06-28T01:16:00.779+0000] {logging_mixin.py:190} INFO - [2025-06-28T01:16:00.779+0000] {dag.py:3239} INFO - Sync 1 DAGs
[2025-06-28T01:16:00.802+0000] {logging_mixin.py:190} INFO - [2025-06-28T01:16:00.802+0000] {dag.py:4180} INFO - Setting next_dagrun for extract_raw_data_pipeline to 2025-06-27 07:58:00+00:00, run_after=2025-06-27 07:59:00+00:00
[2025-06-28T01:16:00.836+0000] {processor.py:208} INFO - Processing /opt/airflow/dags/driven_data_pipeline.py took 0.272 seconds
[2025-06-28T01:16:31.066+0000] {processor.py:186} INFO - Started process (PID=3183) to work on /opt/airflow/dags/driven_data_pipeline.py
[2025-06-28T01:16:31.080+0000] {processor.py:914} INFO - Processing file /opt/airflow/dags/driven_data_pipeline.py for tasks to queue
[2025-06-28T01:16:31.083+0000] {logging_mixin.py:190} INFO - [2025-06-28T01:16:31.083+0000] {dagbag.py:588} INFO - Filling up the DagBag from /opt/airflow/dags/driven_data_pipeline.py
[2025-06-28T01:16:31.319+0000] {processor.py:925} INFO - DAG(s) 'extract_raw_data_pipeline' retrieved from /opt/airflow/dags/driven_data_pipeline.py
[2025-06-28T01:16:31.344+0000] {logging_mixin.py:190} INFO - [2025-06-28T01:16:31.344+0000] {dag.py:3239} INFO - Sync 1 DAGs
[2025-06-28T01:16:31.488+0000] {logging_mixin.py:190} INFO - [2025-06-28T01:16:31.488+0000] {dag.py:4180} INFO - Setting next_dagrun for extract_raw_data_pipeline to 2025-06-27 07:58:00+00:00, run_after=2025-06-27 07:59:00+00:00
[2025-06-28T01:16:31.609+0000] {processor.py:208} INFO - Processing /opt/airflow/dags/driven_data_pipeline.py took 0.557 seconds
[2025-06-28T01:17:02.013+0000] {processor.py:186} INFO - Started process (PID=3191) to work on /opt/airflow/dags/driven_data_pipeline.py
[2025-06-28T01:17:02.014+0000] {processor.py:914} INFO - Processing file /opt/airflow/dags/driven_data_pipeline.py for tasks to queue
[2025-06-28T01:17:02.017+0000] {logging_mixin.py:190} INFO - [2025-06-28T01:17:02.017+0000] {dagbag.py:588} INFO - Filling up the DagBag from /opt/airflow/dags/driven_data_pipeline.py
[2025-06-28T01:17:02.195+0000] {processor.py:925} INFO - DAG(s) 'extract_raw_data_pipeline' retrieved from /opt/airflow/dags/driven_data_pipeline.py
[2025-06-28T01:17:02.223+0000] {logging_mixin.py:190} INFO - [2025-06-28T01:17:02.223+0000] {dag.py:3239} INFO - Sync 1 DAGs
[2025-06-28T01:17:02.245+0000] {logging_mixin.py:190} INFO - [2025-06-28T01:17:02.244+0000] {dag.py:4180} INFO - Setting next_dagrun for extract_raw_data_pipeline to 2025-06-27 07:58:00+00:00, run_after=2025-06-27 07:59:00+00:00
[2025-06-28T01:17:02.275+0000] {processor.py:208} INFO - Processing /opt/airflow/dags/driven_data_pipeline.py took 0.273 seconds
[2025-06-28T01:17:32.366+0000] {processor.py:186} INFO - Started process (PID=3199) to work on /opt/airflow/dags/driven_data_pipeline.py
[2025-06-28T01:17:32.382+0000] {processor.py:914} INFO - Processing file /opt/airflow/dags/driven_data_pipeline.py for tasks to queue
[2025-06-28T01:17:32.387+0000] {logging_mixin.py:190} INFO - [2025-06-28T01:17:32.386+0000] {dagbag.py:588} INFO - Filling up the DagBag from /opt/airflow/dags/driven_data_pipeline.py
[2025-06-28T01:17:32.569+0000] {processor.py:925} INFO - DAG(s) 'extract_raw_data_pipeline' retrieved from /opt/airflow/dags/driven_data_pipeline.py
[2025-06-28T01:17:32.594+0000] {logging_mixin.py:190} INFO - [2025-06-28T01:17:32.594+0000] {dag.py:3239} INFO - Sync 1 DAGs
[2025-06-28T01:17:32.616+0000] {logging_mixin.py:190} INFO - [2025-06-28T01:17:32.616+0000] {dag.py:4180} INFO - Setting next_dagrun for extract_raw_data_pipeline to 2025-06-27 07:58:00+00:00, run_after=2025-06-27 07:59:00+00:00
[2025-06-28T01:17:32.652+0000] {processor.py:208} INFO - Processing /opt/airflow/dags/driven_data_pipeline.py took 0.299 seconds
[2025-06-28T01:18:02.940+0000] {processor.py:186} INFO - Started process (PID=3207) to work on /opt/airflow/dags/driven_data_pipeline.py
[2025-06-28T01:18:02.940+0000] {processor.py:914} INFO - Processing file /opt/airflow/dags/driven_data_pipeline.py for tasks to queue
[2025-06-28T01:18:02.942+0000] {logging_mixin.py:190} INFO - [2025-06-28T01:18:02.942+0000] {dagbag.py:588} INFO - Filling up the DagBag from /opt/airflow/dags/driven_data_pipeline.py
[2025-06-28T01:18:03.113+0000] {processor.py:925} INFO - DAG(s) 'extract_raw_data_pipeline' retrieved from /opt/airflow/dags/driven_data_pipeline.py
[2025-06-28T01:18:03.137+0000] {logging_mixin.py:190} INFO - [2025-06-28T01:18:03.137+0000] {dag.py:3239} INFO - Sync 1 DAGs
[2025-06-28T01:18:03.163+0000] {logging_mixin.py:190} INFO - [2025-06-28T01:18:03.163+0000] {dag.py:4180} INFO - Setting next_dagrun for extract_raw_data_pipeline to 2025-06-27 07:58:00+00:00, run_after=2025-06-27 07:59:00+00:00
[2025-06-28T01:18:03.200+0000] {processor.py:208} INFO - Processing /opt/airflow/dags/driven_data_pipeline.py took 0.267 seconds
[2025-06-28T01:18:33.319+0000] {processor.py:186} INFO - Started process (PID=3214) to work on /opt/airflow/dags/driven_data_pipeline.py
[2025-06-28T01:18:33.321+0000] {processor.py:914} INFO - Processing file /opt/airflow/dags/driven_data_pipeline.py for tasks to queue
[2025-06-28T01:18:33.323+0000] {logging_mixin.py:190} INFO - [2025-06-28T01:18:33.323+0000] {dagbag.py:588} INFO - Filling up the DagBag from /opt/airflow/dags/driven_data_pipeline.py
[2025-06-28T01:18:33.595+0000] {processor.py:925} INFO - DAG(s) 'extract_raw_data_pipeline' retrieved from /opt/airflow/dags/driven_data_pipeline.py
[2025-06-28T01:18:33.636+0000] {logging_mixin.py:190} INFO - [2025-06-28T01:18:33.636+0000] {dag.py:3239} INFO - Sync 1 DAGs
[2025-06-28T01:18:33.670+0000] {logging_mixin.py:190} INFO - [2025-06-28T01:18:33.670+0000] {dag.py:4180} INFO - Setting next_dagrun for extract_raw_data_pipeline to 2025-06-27 07:58:00+00:00, run_after=2025-06-27 07:59:00+00:00
[2025-06-28T01:18:33.718+0000] {processor.py:208} INFO - Processing /opt/airflow/dags/driven_data_pipeline.py took 0.405 seconds
[2025-06-28T01:19:04.036+0000] {processor.py:186} INFO - Started process (PID=3222) to work on /opt/airflow/dags/driven_data_pipeline.py
[2025-06-28T01:19:04.038+0000] {processor.py:914} INFO - Processing file /opt/airflow/dags/driven_data_pipeline.py for tasks to queue
[2025-06-28T01:19:04.046+0000] {logging_mixin.py:190} INFO - [2025-06-28T01:19:04.045+0000] {dagbag.py:588} INFO - Filling up the DagBag from /opt/airflow/dags/driven_data_pipeline.py
[2025-06-28T01:19:04.325+0000] {processor.py:925} INFO - DAG(s) 'extract_raw_data_pipeline' retrieved from /opt/airflow/dags/driven_data_pipeline.py
[2025-06-28T01:19:04.360+0000] {logging_mixin.py:190} INFO - [2025-06-28T01:19:04.360+0000] {dag.py:3239} INFO - Sync 1 DAGs
[2025-06-28T01:19:04.391+0000] {logging_mixin.py:190} INFO - [2025-06-28T01:19:04.391+0000] {dag.py:4180} INFO - Setting next_dagrun for extract_raw_data_pipeline to 2025-06-27 07:58:00+00:00, run_after=2025-06-27 07:59:00+00:00
[2025-06-28T01:19:04.447+0000] {processor.py:208} INFO - Processing /opt/airflow/dags/driven_data_pipeline.py took 0.441 seconds
[2025-06-28T01:19:34.493+0000] {processor.py:186} INFO - Started process (PID=3230) to work on /opt/airflow/dags/driven_data_pipeline.py
[2025-06-28T01:19:34.495+0000] {processor.py:914} INFO - Processing file /opt/airflow/dags/driven_data_pipeline.py for tasks to queue
[2025-06-28T01:19:34.498+0000] {logging_mixin.py:190} INFO - [2025-06-28T01:19:34.497+0000] {dagbag.py:588} INFO - Filling up the DagBag from /opt/airflow/dags/driven_data_pipeline.py
[2025-06-28T01:19:34.724+0000] {processor.py:925} INFO - DAG(s) 'extract_raw_data_pipeline' retrieved from /opt/airflow/dags/driven_data_pipeline.py
[2025-06-28T01:19:34.753+0000] {logging_mixin.py:190} INFO - [2025-06-28T01:19:34.752+0000] {dag.py:3239} INFO - Sync 1 DAGs
[2025-06-28T01:19:34.794+0000] {logging_mixin.py:190} INFO - [2025-06-28T01:19:34.793+0000] {dag.py:4180} INFO - Setting next_dagrun for extract_raw_data_pipeline to 2025-06-27 07:58:00+00:00, run_after=2025-06-27 07:59:00+00:00
[2025-06-28T01:19:34.847+0000] {processor.py:208} INFO - Processing /opt/airflow/dags/driven_data_pipeline.py took 0.366 seconds
[2025-06-28T01:20:05.294+0000] {processor.py:186} INFO - Started process (PID=3238) to work on /opt/airflow/dags/driven_data_pipeline.py
[2025-06-28T01:20:05.300+0000] {processor.py:914} INFO - Processing file /opt/airflow/dags/driven_data_pipeline.py for tasks to queue
[2025-06-28T01:20:05.304+0000] {logging_mixin.py:190} INFO - [2025-06-28T01:20:05.304+0000] {dagbag.py:588} INFO - Filling up the DagBag from /opt/airflow/dags/driven_data_pipeline.py
[2025-06-28T01:20:05.522+0000] {processor.py:925} INFO - DAG(s) 'extract_raw_data_pipeline' retrieved from /opt/airflow/dags/driven_data_pipeline.py
[2025-06-28T01:20:05.549+0000] {logging_mixin.py:190} INFO - [2025-06-28T01:20:05.548+0000] {dag.py:3239} INFO - Sync 1 DAGs
[2025-06-28T01:20:05.576+0000] {logging_mixin.py:190} INFO - [2025-06-28T01:20:05.576+0000] {dag.py:4180} INFO - Setting next_dagrun for extract_raw_data_pipeline to 2025-06-27 07:58:00+00:00, run_after=2025-06-27 07:59:00+00:00
[2025-06-28T01:20:05.614+0000] {processor.py:208} INFO - Processing /opt/airflow/dags/driven_data_pipeline.py took 0.352 seconds
[2025-06-28T01:20:35.959+0000] {processor.py:186} INFO - Started process (PID=3245) to work on /opt/airflow/dags/driven_data_pipeline.py
[2025-06-28T01:20:35.960+0000] {processor.py:914} INFO - Processing file /opt/airflow/dags/driven_data_pipeline.py for tasks to queue
[2025-06-28T01:20:35.963+0000] {logging_mixin.py:190} INFO - [2025-06-28T01:20:35.963+0000] {dagbag.py:588} INFO - Filling up the DagBag from /opt/airflow/dags/driven_data_pipeline.py
[2025-06-28T01:20:36.167+0000] {processor.py:925} INFO - DAG(s) 'extract_raw_data_pipeline' retrieved from /opt/airflow/dags/driven_data_pipeline.py
[2025-06-28T01:20:36.196+0000] {logging_mixin.py:190} INFO - [2025-06-28T01:20:36.196+0000] {dag.py:3239} INFO - Sync 1 DAGs
[2025-06-28T01:20:36.223+0000] {logging_mixin.py:190} INFO - [2025-06-28T01:20:36.223+0000] {dag.py:4180} INFO - Setting next_dagrun for extract_raw_data_pipeline to 2025-06-27 07:58:00+00:00, run_after=2025-06-27 07:59:00+00:00
[2025-06-28T01:20:36.268+0000] {processor.py:208} INFO - Processing /opt/airflow/dags/driven_data_pipeline.py took 0.318 seconds
[2025-06-28T01:21:06.632+0000] {processor.py:186} INFO - Started process (PID=3253) to work on /opt/airflow/dags/driven_data_pipeline.py
[2025-06-28T01:21:06.632+0000] {processor.py:914} INFO - Processing file /opt/airflow/dags/driven_data_pipeline.py for tasks to queue
[2025-06-28T01:21:06.635+0000] {logging_mixin.py:190} INFO - [2025-06-28T01:21:06.635+0000] {dagbag.py:588} INFO - Filling up the DagBag from /opt/airflow/dags/driven_data_pipeline.py
[2025-06-28T01:21:06.807+0000] {processor.py:925} INFO - DAG(s) 'extract_raw_data_pipeline' retrieved from /opt/airflow/dags/driven_data_pipeline.py
[2025-06-28T01:21:06.831+0000] {logging_mixin.py:190} INFO - [2025-06-28T01:21:06.831+0000] {dag.py:3239} INFO - Sync 1 DAGs
[2025-06-28T01:21:06.853+0000] {logging_mixin.py:190} INFO - [2025-06-28T01:21:06.853+0000] {dag.py:4180} INFO - Setting next_dagrun for extract_raw_data_pipeline to 2025-06-27 07:58:00+00:00, run_after=2025-06-27 07:59:00+00:00
[2025-06-28T01:21:06.890+0000] {processor.py:208} INFO - Processing /opt/airflow/dags/driven_data_pipeline.py took 0.268 seconds
[2025-06-28T01:21:36.992+0000] {processor.py:186} INFO - Started process (PID=3261) to work on /opt/airflow/dags/driven_data_pipeline.py
[2025-06-28T01:21:36.993+0000] {processor.py:914} INFO - Processing file /opt/airflow/dags/driven_data_pipeline.py for tasks to queue
[2025-06-28T01:21:36.995+0000] {logging_mixin.py:190} INFO - [2025-06-28T01:21:36.995+0000] {dagbag.py:588} INFO - Filling up the DagBag from /opt/airflow/dags/driven_data_pipeline.py
[2025-06-28T01:21:37.169+0000] {processor.py:925} INFO - DAG(s) 'extract_raw_data_pipeline' retrieved from /opt/airflow/dags/driven_data_pipeline.py
[2025-06-28T01:21:37.194+0000] {logging_mixin.py:190} INFO - [2025-06-28T01:21:37.194+0000] {dag.py:3239} INFO - Sync 1 DAGs
[2025-06-28T01:21:37.217+0000] {logging_mixin.py:190} INFO - [2025-06-28T01:21:37.217+0000] {dag.py:4180} INFO - Setting next_dagrun for extract_raw_data_pipeline to 2025-06-27 07:58:00+00:00, run_after=2025-06-27 07:59:00+00:00
[2025-06-28T01:21:37.277+0000] {processor.py:208} INFO - Processing /opt/airflow/dags/driven_data_pipeline.py took 0.295 seconds
[2025-06-28T01:22:07.550+0000] {processor.py:186} INFO - Started process (PID=3269) to work on /opt/airflow/dags/driven_data_pipeline.py
[2025-06-28T01:22:08.847+0000] {processor.py:914} INFO - Processing file /opt/airflow/dags/driven_data_pipeline.py for tasks to queue
[2025-06-28T01:22:08.857+0000] {logging_mixin.py:190} INFO - [2025-06-28T01:22:08.855+0000] {dagbag.py:588} INFO - Filling up the DagBag from /opt/airflow/dags/driven_data_pipeline.py
[2025-06-28T01:22:09.057+0000] {processor.py:925} INFO - DAG(s) 'extract_raw_data_pipeline' retrieved from /opt/airflow/dags/driven_data_pipeline.py
[2025-06-28T01:22:09.080+0000] {logging_mixin.py:190} INFO - [2025-06-28T01:22:09.079+0000] {dag.py:3239} INFO - Sync 1 DAGs
[2025-06-28T01:22:09.103+0000] {logging_mixin.py:190} INFO - [2025-06-28T01:22:09.103+0000] {dag.py:4180} INFO - Setting next_dagrun for extract_raw_data_pipeline to 2025-06-27 07:58:00+00:00, run_after=2025-06-27 07:59:00+00:00
[2025-06-28T01:22:09.162+0000] {processor.py:208} INFO - Processing /opt/airflow/dags/driven_data_pipeline.py took 1.619 seconds
[2025-06-28T01:22:39.849+0000] {processor.py:186} INFO - Started process (PID=3276) to work on /opt/airflow/dags/driven_data_pipeline.py
[2025-06-28T01:22:39.880+0000] {processor.py:914} INFO - Processing file /opt/airflow/dags/driven_data_pipeline.py for tasks to queue
[2025-06-28T01:22:39.991+0000] {logging_mixin.py:190} INFO - [2025-06-28T01:22:39.990+0000] {dagbag.py:588} INFO - Filling up the DagBag from /opt/airflow/dags/driven_data_pipeline.py
[2025-06-28T01:22:41.563+0000] {processor.py:925} INFO - DAG(s) 'extract_raw_data_pipeline' retrieved from /opt/airflow/dags/driven_data_pipeline.py
[2025-06-28T01:22:41.601+0000] {logging_mixin.py:190} INFO - [2025-06-28T01:22:41.601+0000] {dag.py:3239} INFO - Sync 1 DAGs
[2025-06-28T01:22:41.755+0000] {logging_mixin.py:190} INFO - [2025-06-28T01:22:41.755+0000] {dag.py:4180} INFO - Setting next_dagrun for extract_raw_data_pipeline to 2025-06-27 07:58:00+00:00, run_after=2025-06-27 07:59:00+00:00
[2025-06-28T01:22:41.839+0000] {processor.py:208} INFO - Processing /opt/airflow/dags/driven_data_pipeline.py took 2.292 seconds
[2025-06-28T01:23:12.477+0000] {processor.py:186} INFO - Started process (PID=3284) to work on /opt/airflow/dags/driven_data_pipeline.py
[2025-06-28T01:23:12.480+0000] {processor.py:914} INFO - Processing file /opt/airflow/dags/driven_data_pipeline.py for tasks to queue
[2025-06-28T01:23:12.490+0000] {logging_mixin.py:190} INFO - [2025-06-28T01:23:12.488+0000] {dagbag.py:588} INFO - Filling up the DagBag from /opt/airflow/dags/driven_data_pipeline.py
[2025-06-28T01:23:14.158+0000] {processor.py:925} INFO - DAG(s) 'extract_raw_data_pipeline' retrieved from /opt/airflow/dags/driven_data_pipeline.py
[2025-06-28T01:23:14.183+0000] {logging_mixin.py:190} INFO - [2025-06-28T01:23:14.183+0000] {dag.py:3239} INFO - Sync 1 DAGs
[2025-06-28T01:23:14.490+0000] {logging_mixin.py:190} INFO - [2025-06-28T01:23:14.489+0000] {dag.py:4180} INFO - Setting next_dagrun for extract_raw_data_pipeline to 2025-06-27 07:58:00+00:00, run_after=2025-06-27 07:59:00+00:00
[2025-06-28T01:23:14.642+0000] {processor.py:208} INFO - Processing /opt/airflow/dags/driven_data_pipeline.py took 2.197 seconds
[2025-06-28T01:23:44.858+0000] {processor.py:186} INFO - Started process (PID=3292) to work on /opt/airflow/dags/driven_data_pipeline.py
[2025-06-28T01:23:44.866+0000] {processor.py:914} INFO - Processing file /opt/airflow/dags/driven_data_pipeline.py for tasks to queue
[2025-06-28T01:23:44.870+0000] {logging_mixin.py:190} INFO - [2025-06-28T01:23:44.869+0000] {dagbag.py:588} INFO - Filling up the DagBag from /opt/airflow/dags/driven_data_pipeline.py
[2025-06-28T01:23:45.273+0000] {processor.py:925} INFO - DAG(s) 'extract_raw_data_pipeline' retrieved from /opt/airflow/dags/driven_data_pipeline.py
[2025-06-28T01:23:45.309+0000] {logging_mixin.py:190} INFO - [2025-06-28T01:23:45.308+0000] {dag.py:3239} INFO - Sync 1 DAGs
[2025-06-28T01:23:45.358+0000] {logging_mixin.py:190} INFO - [2025-06-28T01:23:45.358+0000] {dag.py:4180} INFO - Setting next_dagrun for extract_raw_data_pipeline to 2025-06-27 07:58:00+00:00, run_after=2025-06-27 07:59:00+00:00
[2025-06-28T01:23:46.128+0000] {processor.py:208} INFO - Processing /opt/airflow/dags/driven_data_pipeline.py took 1.286 seconds
[2025-06-28T01:24:16.299+0000] {processor.py:186} INFO - Started process (PID=3300) to work on /opt/airflow/dags/driven_data_pipeline.py
[2025-06-28T01:24:16.300+0000] {processor.py:914} INFO - Processing file /opt/airflow/dags/driven_data_pipeline.py for tasks to queue
[2025-06-28T01:24:16.366+0000] {logging_mixin.py:190} INFO - [2025-06-28T01:24:16.365+0000] {dagbag.py:588} INFO - Filling up the DagBag from /opt/airflow/dags/driven_data_pipeline.py
[2025-06-28T01:24:16.706+0000] {processor.py:925} INFO - DAG(s) 'extract_raw_data_pipeline' retrieved from /opt/airflow/dags/driven_data_pipeline.py
[2025-06-28T01:24:16.745+0000] {logging_mixin.py:190} INFO - [2025-06-28T01:24:16.744+0000] {dag.py:3239} INFO - Sync 1 DAGs
[2025-06-28T01:24:16.787+0000] {logging_mixin.py:190} INFO - [2025-06-28T01:24:16.786+0000] {dag.py:4180} INFO - Setting next_dagrun for extract_raw_data_pipeline to 2025-06-27 07:58:00+00:00, run_after=2025-06-27 07:59:00+00:00
[2025-06-28T01:24:17.048+0000] {processor.py:208} INFO - Processing /opt/airflow/dags/driven_data_pipeline.py took 0.758 seconds
[2025-06-28T01:24:47.758+0000] {processor.py:186} INFO - Started process (PID=3308) to work on /opt/airflow/dags/driven_data_pipeline.py
[2025-06-28T01:24:48.220+0000] {processor.py:914} INFO - Processing file /opt/airflow/dags/driven_data_pipeline.py for tasks to queue
[2025-06-28T01:24:48.224+0000] {logging_mixin.py:190} INFO - [2025-06-28T01:24:48.223+0000] {dagbag.py:588} INFO - Filling up the DagBag from /opt/airflow/dags/driven_data_pipeline.py
[2025-06-28T01:24:48.469+0000] {processor.py:925} INFO - DAG(s) 'extract_raw_data_pipeline' retrieved from /opt/airflow/dags/driven_data_pipeline.py
[2025-06-28T01:24:48.507+0000] {logging_mixin.py:190} INFO - [2025-06-28T01:24:48.506+0000] {dag.py:3239} INFO - Sync 1 DAGs
[2025-06-28T01:24:48.539+0000] {logging_mixin.py:190} INFO - [2025-06-28T01:24:48.538+0000] {dag.py:4180} INFO - Setting next_dagrun for extract_raw_data_pipeline to 2025-06-27 07:58:00+00:00, run_after=2025-06-27 07:59:00+00:00
[2025-06-28T01:24:48.581+0000] {processor.py:208} INFO - Processing /opt/airflow/dags/driven_data_pipeline.py took 0.830 seconds
[2025-06-28T01:25:19.082+0000] {processor.py:186} INFO - Started process (PID=3316) to work on /opt/airflow/dags/driven_data_pipeline.py
[2025-06-28T01:25:19.085+0000] {processor.py:914} INFO - Processing file /opt/airflow/dags/driven_data_pipeline.py for tasks to queue
[2025-06-28T01:25:19.094+0000] {logging_mixin.py:190} INFO - [2025-06-28T01:25:19.092+0000] {dagbag.py:588} INFO - Filling up the DagBag from /opt/airflow/dags/driven_data_pipeline.py
[2025-06-28T01:25:19.368+0000] {processor.py:925} INFO - DAG(s) 'extract_raw_data_pipeline' retrieved from /opt/airflow/dags/driven_data_pipeline.py
[2025-06-28T01:25:19.402+0000] {logging_mixin.py:190} INFO - [2025-06-28T01:25:19.402+0000] {dag.py:3239} INFO - Sync 1 DAGs
[2025-06-28T01:25:19.435+0000] {logging_mixin.py:190} INFO - [2025-06-28T01:25:19.434+0000] {dag.py:4180} INFO - Setting next_dagrun for extract_raw_data_pipeline to 2025-06-27 07:58:00+00:00, run_after=2025-06-27 07:59:00+00:00
[2025-06-28T01:25:19.489+0000] {processor.py:208} INFO - Processing /opt/airflow/dags/driven_data_pipeline.py took 0.437 seconds
[2025-06-28T01:25:49.664+0000] {processor.py:186} INFO - Started process (PID=3324) to work on /opt/airflow/dags/driven_data_pipeline.py
[2025-06-28T01:25:49.678+0000] {processor.py:914} INFO - Processing file /opt/airflow/dags/driven_data_pipeline.py for tasks to queue
[2025-06-28T01:25:49.680+0000] {logging_mixin.py:190} INFO - [2025-06-28T01:25:49.680+0000] {dagbag.py:588} INFO - Filling up the DagBag from /opt/airflow/dags/driven_data_pipeline.py
[2025-06-28T01:25:49.965+0000] {processor.py:925} INFO - DAG(s) 'extract_raw_data_pipeline' retrieved from /opt/airflow/dags/driven_data_pipeline.py
[2025-06-28T01:25:49.998+0000] {logging_mixin.py:190} INFO - [2025-06-28T01:25:49.998+0000] {dag.py:3239} INFO - Sync 1 DAGs
[2025-06-28T01:25:50.037+0000] {logging_mixin.py:190} INFO - [2025-06-28T01:25:50.037+0000] {dag.py:4180} INFO - Setting next_dagrun for extract_raw_data_pipeline to 2025-06-27 07:58:00+00:00, run_after=2025-06-27 07:59:00+00:00
[2025-06-28T01:25:50.084+0000] {processor.py:208} INFO - Processing /opt/airflow/dags/driven_data_pipeline.py took 0.429 seconds
[2025-06-28T01:26:20.309+0000] {processor.py:186} INFO - Started process (PID=3332) to work on /opt/airflow/dags/driven_data_pipeline.py
[2025-06-28T01:26:20.312+0000] {processor.py:914} INFO - Processing file /opt/airflow/dags/driven_data_pipeline.py for tasks to queue
[2025-06-28T01:26:20.318+0000] {logging_mixin.py:190} INFO - [2025-06-28T01:26:20.317+0000] {dagbag.py:588} INFO - Filling up the DagBag from /opt/airflow/dags/driven_data_pipeline.py
[2025-06-28T01:26:20.546+0000] {processor.py:925} INFO - DAG(s) 'extract_raw_data_pipeline' retrieved from /opt/airflow/dags/driven_data_pipeline.py
[2025-06-28T01:26:20.575+0000] {logging_mixin.py:190} INFO - [2025-06-28T01:26:20.574+0000] {dag.py:3239} INFO - Sync 1 DAGs
[2025-06-28T01:26:20.603+0000] {logging_mixin.py:190} INFO - [2025-06-28T01:26:20.603+0000] {dag.py:4180} INFO - Setting next_dagrun for extract_raw_data_pipeline to 2025-06-27 07:58:00+00:00, run_after=2025-06-27 07:59:00+00:00
[2025-06-28T01:26:20.646+0000] {processor.py:208} INFO - Processing /opt/airflow/dags/driven_data_pipeline.py took 0.371 seconds
[2025-06-28T01:26:50.842+0000] {processor.py:186} INFO - Started process (PID=3340) to work on /opt/airflow/dags/driven_data_pipeline.py
[2025-06-28T01:26:50.846+0000] {processor.py:914} INFO - Processing file /opt/airflow/dags/driven_data_pipeline.py for tasks to queue
[2025-06-28T01:26:50.850+0000] {logging_mixin.py:190} INFO - [2025-06-28T01:26:50.849+0000] {dagbag.py:588} INFO - Filling up the DagBag from /opt/airflow/dags/driven_data_pipeline.py
[2025-06-28T01:26:51.083+0000] {processor.py:925} INFO - DAG(s) 'extract_raw_data_pipeline' retrieved from /opt/airflow/dags/driven_data_pipeline.py
[2025-06-28T01:26:51.113+0000] {logging_mixin.py:190} INFO - [2025-06-28T01:26:51.113+0000] {dag.py:3239} INFO - Sync 1 DAGs
[2025-06-28T01:26:51.141+0000] {logging_mixin.py:190} INFO - [2025-06-28T01:26:51.140+0000] {dag.py:4180} INFO - Setting next_dagrun for extract_raw_data_pipeline to 2025-06-27 07:58:00+00:00, run_after=2025-06-27 07:59:00+00:00
[2025-06-28T01:26:51.194+0000] {processor.py:208} INFO - Processing /opt/airflow/dags/driven_data_pipeline.py took 0.370 seconds
[2025-06-28T01:27:21.575+0000] {processor.py:186} INFO - Started process (PID=3348) to work on /opt/airflow/dags/driven_data_pipeline.py
[2025-06-28T01:27:21.576+0000] {processor.py:914} INFO - Processing file /opt/airflow/dags/driven_data_pipeline.py for tasks to queue
[2025-06-28T01:27:21.579+0000] {logging_mixin.py:190} INFO - [2025-06-28T01:27:21.578+0000] {dagbag.py:588} INFO - Filling up the DagBag from /opt/airflow/dags/driven_data_pipeline.py
[2025-06-28T01:27:21.751+0000] {processor.py:925} INFO - DAG(s) 'extract_raw_data_pipeline' retrieved from /opt/airflow/dags/driven_data_pipeline.py
[2025-06-28T01:27:21.776+0000] {logging_mixin.py:190} INFO - [2025-06-28T01:27:21.775+0000] {dag.py:3239} INFO - Sync 1 DAGs
[2025-06-28T01:27:21.798+0000] {logging_mixin.py:190} INFO - [2025-06-28T01:27:21.798+0000] {dag.py:4180} INFO - Setting next_dagrun for extract_raw_data_pipeline to 2025-06-27 07:58:00+00:00, run_after=2025-06-27 07:59:00+00:00
[2025-06-28T01:27:21.835+0000] {processor.py:208} INFO - Processing /opt/airflow/dags/driven_data_pipeline.py took 0.271 seconds
[2025-06-28T01:27:51.928+0000] {processor.py:186} INFO - Started process (PID=3356) to work on /opt/airflow/dags/driven_data_pipeline.py
[2025-06-28T01:27:51.946+0000] {processor.py:914} INFO - Processing file /opt/airflow/dags/driven_data_pipeline.py for tasks to queue
[2025-06-28T01:27:51.949+0000] {logging_mixin.py:190} INFO - [2025-06-28T01:27:51.948+0000] {dagbag.py:588} INFO - Filling up the DagBag from /opt/airflow/dags/driven_data_pipeline.py
[2025-06-28T01:27:52.125+0000] {processor.py:925} INFO - DAG(s) 'extract_raw_data_pipeline' retrieved from /opt/airflow/dags/driven_data_pipeline.py
[2025-06-28T01:27:52.149+0000] {logging_mixin.py:190} INFO - [2025-06-28T01:27:52.149+0000] {dag.py:3239} INFO - Sync 1 DAGs
[2025-06-28T01:27:52.172+0000] {logging_mixin.py:190} INFO - [2025-06-28T01:27:52.171+0000] {dag.py:4180} INFO - Setting next_dagrun for extract_raw_data_pipeline to 2025-06-27 07:58:00+00:00, run_after=2025-06-27 07:59:00+00:00
[2025-06-28T01:27:52.206+0000] {processor.py:208} INFO - Processing /opt/airflow/dags/driven_data_pipeline.py took 0.287 seconds
[2025-06-28T01:28:22.438+0000] {processor.py:186} INFO - Started process (PID=3364) to work on /opt/airflow/dags/driven_data_pipeline.py
[2025-06-28T01:28:22.438+0000] {processor.py:914} INFO - Processing file /opt/airflow/dags/driven_data_pipeline.py for tasks to queue
[2025-06-28T01:28:22.441+0000] {logging_mixin.py:190} INFO - [2025-06-28T01:28:22.440+0000] {dagbag.py:588} INFO - Filling up the DagBag from /opt/airflow/dags/driven_data_pipeline.py
[2025-06-28T01:28:22.612+0000] {processor.py:925} INFO - DAG(s) 'extract_raw_data_pipeline' retrieved from /opt/airflow/dags/driven_data_pipeline.py
[2025-06-28T01:28:22.636+0000] {logging_mixin.py:190} INFO - [2025-06-28T01:28:22.636+0000] {dag.py:3239} INFO - Sync 1 DAGs
[2025-06-28T01:28:22.660+0000] {logging_mixin.py:190} INFO - [2025-06-28T01:28:22.660+0000] {dag.py:4180} INFO - Setting next_dagrun for extract_raw_data_pipeline to 2025-06-27 07:58:00+00:00, run_after=2025-06-27 07:59:00+00:00
[2025-06-28T01:28:22.692+0000] {processor.py:208} INFO - Processing /opt/airflow/dags/driven_data_pipeline.py took 0.261 seconds
[2025-06-28T01:28:52.907+0000] {processor.py:186} INFO - Started process (PID=3372) to work on /opt/airflow/dags/driven_data_pipeline.py
[2025-06-28T01:28:52.913+0000] {processor.py:914} INFO - Processing file /opt/airflow/dags/driven_data_pipeline.py for tasks to queue
[2025-06-28T01:28:52.915+0000] {logging_mixin.py:190} INFO - [2025-06-28T01:28:52.915+0000] {dagbag.py:588} INFO - Filling up the DagBag from /opt/airflow/dags/driven_data_pipeline.py
[2025-06-28T01:28:53.095+0000] {processor.py:925} INFO - DAG(s) 'extract_raw_data_pipeline' retrieved from /opt/airflow/dags/driven_data_pipeline.py
[2025-06-28T01:28:53.121+0000] {logging_mixin.py:190} INFO - [2025-06-28T01:28:53.121+0000] {dag.py:3239} INFO - Sync 1 DAGs
[2025-06-28T01:28:53.143+0000] {logging_mixin.py:190} INFO - [2025-06-28T01:28:53.143+0000] {dag.py:4180} INFO - Setting next_dagrun for extract_raw_data_pipeline to 2025-06-27 07:58:00+00:00, run_after=2025-06-27 07:59:00+00:00
[2025-06-28T01:28:54.258+0000] {processor.py:208} INFO - Processing /opt/airflow/dags/driven_data_pipeline.py took 1.357 seconds
[2025-06-28T01:29:24.325+0000] {processor.py:186} INFO - Started process (PID=3380) to work on /opt/airflow/dags/driven_data_pipeline.py
[2025-06-28T01:29:24.326+0000] {processor.py:914} INFO - Processing file /opt/airflow/dags/driven_data_pipeline.py for tasks to queue
[2025-06-28T01:29:24.328+0000] {logging_mixin.py:190} INFO - [2025-06-28T01:29:24.328+0000] {dagbag.py:588} INFO - Filling up the DagBag from /opt/airflow/dags/driven_data_pipeline.py
[2025-06-28T01:29:24.499+0000] {processor.py:925} INFO - DAG(s) 'extract_raw_data_pipeline' retrieved from /opt/airflow/dags/driven_data_pipeline.py
[2025-06-28T01:29:24.524+0000] {logging_mixin.py:190} INFO - [2025-06-28T01:29:24.523+0000] {dag.py:3239} INFO - Sync 1 DAGs
[2025-06-28T01:29:24.546+0000] {logging_mixin.py:190} INFO - [2025-06-28T01:29:24.546+0000] {dag.py:4180} INFO - Setting next_dagrun for extract_raw_data_pipeline to 2025-06-27 07:58:00+00:00, run_after=2025-06-27 07:59:00+00:00
[2025-06-28T01:29:24.591+0000] {processor.py:208} INFO - Processing /opt/airflow/dags/driven_data_pipeline.py took 0.272 seconds
[2025-06-28T01:29:54.926+0000] {processor.py:186} INFO - Started process (PID=3388) to work on /opt/airflow/dags/driven_data_pipeline.py
[2025-06-28T01:29:54.932+0000] {processor.py:914} INFO - Processing file /opt/airflow/dags/driven_data_pipeline.py for tasks to queue
[2025-06-28T01:29:54.934+0000] {logging_mixin.py:190} INFO - [2025-06-28T01:29:54.934+0000] {dagbag.py:588} INFO - Filling up the DagBag from /opt/airflow/dags/driven_data_pipeline.py
[2025-06-28T01:29:55.124+0000] {processor.py:925} INFO - DAG(s) 'extract_raw_data_pipeline' retrieved from /opt/airflow/dags/driven_data_pipeline.py
[2025-06-28T01:29:55.148+0000] {logging_mixin.py:190} INFO - [2025-06-28T01:29:55.147+0000] {dag.py:3239} INFO - Sync 1 DAGs
[2025-06-28T01:29:55.170+0000] {logging_mixin.py:190} INFO - [2025-06-28T01:29:55.170+0000] {dag.py:4180} INFO - Setting next_dagrun for extract_raw_data_pipeline to 2025-06-27 07:58:00+00:00, run_after=2025-06-27 07:59:00+00:00
[2025-06-28T01:29:55.212+0000] {processor.py:208} INFO - Processing /opt/airflow/dags/driven_data_pipeline.py took 0.296 seconds
[2025-06-28T01:30:25.270+0000] {processor.py:186} INFO - Started process (PID=3396) to work on /opt/airflow/dags/driven_data_pipeline.py
[2025-06-28T01:30:25.271+0000] {processor.py:914} INFO - Processing file /opt/airflow/dags/driven_data_pipeline.py for tasks to queue
[2025-06-28T01:30:25.273+0000] {logging_mixin.py:190} INFO - [2025-06-28T01:30:25.273+0000] {dagbag.py:588} INFO - Filling up the DagBag from /opt/airflow/dags/driven_data_pipeline.py
[2025-06-28T01:30:25.452+0000] {processor.py:925} INFO - DAG(s) 'extract_raw_data_pipeline' retrieved from /opt/airflow/dags/driven_data_pipeline.py
[2025-06-28T01:30:25.478+0000] {logging_mixin.py:190} INFO - [2025-06-28T01:30:25.477+0000] {dag.py:3239} INFO - Sync 1 DAGs
[2025-06-28T01:30:25.503+0000] {logging_mixin.py:190} INFO - [2025-06-28T01:30:25.502+0000] {dag.py:4180} INFO - Setting next_dagrun for extract_raw_data_pipeline to 2025-06-27 07:58:00+00:00, run_after=2025-06-27 07:59:00+00:00
[2025-06-28T01:30:25.538+0000] {processor.py:208} INFO - Processing /opt/airflow/dags/driven_data_pipeline.py took 0.274 seconds
[2025-06-28T01:30:55.933+0000] {processor.py:186} INFO - Started process (PID=3404) to work on /opt/airflow/dags/driven_data_pipeline.py
[2025-06-28T01:30:55.945+0000] {processor.py:914} INFO - Processing file /opt/airflow/dags/driven_data_pipeline.py for tasks to queue
[2025-06-28T01:30:55.947+0000] {logging_mixin.py:190} INFO - [2025-06-28T01:30:55.947+0000] {dagbag.py:588} INFO - Filling up the DagBag from /opt/airflow/dags/driven_data_pipeline.py
[2025-06-28T01:30:56.122+0000] {processor.py:925} INFO - DAG(s) 'extract_raw_data_pipeline' retrieved from /opt/airflow/dags/driven_data_pipeline.py
[2025-06-28T01:30:56.146+0000] {logging_mixin.py:190} INFO - [2025-06-28T01:30:56.146+0000] {dag.py:3239} INFO - Sync 1 DAGs
[2025-06-28T01:30:56.168+0000] {logging_mixin.py:190} INFO - [2025-06-28T01:30:56.168+0000] {dag.py:4180} INFO - Setting next_dagrun for extract_raw_data_pipeline to 2025-06-27 07:58:00+00:00, run_after=2025-06-27 07:59:00+00:00
[2025-06-28T01:30:56.201+0000] {processor.py:208} INFO - Processing /opt/airflow/dags/driven_data_pipeline.py took 0.277 seconds
[2025-06-28T01:31:26.299+0000] {processor.py:186} INFO - Started process (PID=3412) to work on /opt/airflow/dags/driven_data_pipeline.py
[2025-06-28T01:31:26.300+0000] {processor.py:914} INFO - Processing file /opt/airflow/dags/driven_data_pipeline.py for tasks to queue
[2025-06-28T01:31:26.305+0000] {logging_mixin.py:190} INFO - [2025-06-28T01:31:26.304+0000] {dagbag.py:588} INFO - Filling up the DagBag from /opt/airflow/dags/driven_data_pipeline.py
[2025-06-28T01:31:26.479+0000] {processor.py:925} INFO - DAG(s) 'extract_raw_data_pipeline' retrieved from /opt/airflow/dags/driven_data_pipeline.py
[2025-06-28T01:31:26.503+0000] {logging_mixin.py:190} INFO - [2025-06-28T01:31:26.502+0000] {dag.py:3239} INFO - Sync 1 DAGs
[2025-06-28T01:31:26.527+0000] {logging_mixin.py:190} INFO - [2025-06-28T01:31:26.527+0000] {dag.py:4180} INFO - Setting next_dagrun for extract_raw_data_pipeline to 2025-06-27 07:58:00+00:00, run_after=2025-06-27 07:59:00+00:00
[2025-06-28T01:31:26.567+0000] {processor.py:208} INFO - Processing /opt/airflow/dags/driven_data_pipeline.py took 0.288 seconds
[2025-06-28T01:31:56.882+0000] {processor.py:186} INFO - Started process (PID=3420) to work on /opt/airflow/dags/driven_data_pipeline.py
[2025-06-28T01:31:58.407+0000] {processor.py:914} INFO - Processing file /opt/airflow/dags/driven_data_pipeline.py for tasks to queue
[2025-06-28T01:31:58.411+0000] {logging_mixin.py:190} INFO - [2025-06-28T01:31:58.410+0000] {dagbag.py:588} INFO - Filling up the DagBag from /opt/airflow/dags/driven_data_pipeline.py
[2025-06-28T01:31:58.624+0000] {processor.py:925} INFO - DAG(s) 'extract_raw_data_pipeline' retrieved from /opt/airflow/dags/driven_data_pipeline.py
[2025-06-28T01:31:58.657+0000] {logging_mixin.py:190} INFO - [2025-06-28T01:31:58.656+0000] {dag.py:3239} INFO - Sync 1 DAGs
[2025-06-28T01:31:58.683+0000] {logging_mixin.py:190} INFO - [2025-06-28T01:31:58.683+0000] {dag.py:4180} INFO - Setting next_dagrun for extract_raw_data_pipeline to 2025-06-27 07:58:00+00:00, run_after=2025-06-27 07:59:00+00:00
[2025-06-28T01:31:58.722+0000] {processor.py:208} INFO - Processing /opt/airflow/dags/driven_data_pipeline.py took 1.847 seconds
[2025-06-28T01:32:29.107+0000] {processor.py:186} INFO - Started process (PID=3434) to work on /opt/airflow/dags/driven_data_pipeline.py
[2025-06-28T01:32:29.178+0000] {processor.py:914} INFO - Processing file /opt/airflow/dags/driven_data_pipeline.py for tasks to queue
[2025-06-28T01:32:29.181+0000] {logging_mixin.py:190} INFO - [2025-06-28T01:32:29.181+0000] {dagbag.py:588} INFO - Filling up the DagBag from /opt/airflow/dags/driven_data_pipeline.py
[2025-06-28T01:32:29.381+0000] {processor.py:925} INFO - DAG(s) 'extract_raw_data_pipeline' retrieved from /opt/airflow/dags/driven_data_pipeline.py
[2025-06-28T01:32:29.406+0000] {logging_mixin.py:190} INFO - [2025-06-28T01:32:29.406+0000] {dag.py:3239} INFO - Sync 1 DAGs
[2025-06-28T01:32:29.430+0000] {logging_mixin.py:190} INFO - [2025-06-28T01:32:29.430+0000] {dag.py:4180} INFO - Setting next_dagrun for extract_raw_data_pipeline to 2025-06-27 07:58:00+00:00, run_after=2025-06-27 07:59:00+00:00
[2025-06-28T01:32:29.470+0000] {processor.py:208} INFO - Processing /opt/airflow/dags/driven_data_pipeline.py took 0.374 seconds
[2025-06-28T01:32:59.566+0000] {processor.py:186} INFO - Started process (PID=3442) to work on /opt/airflow/dags/driven_data_pipeline.py
[2025-06-28T01:32:59.567+0000] {processor.py:914} INFO - Processing file /opt/airflow/dags/driven_data_pipeline.py for tasks to queue
[2025-06-28T01:32:59.571+0000] {logging_mixin.py:190} INFO - [2025-06-28T01:32:59.570+0000] {dagbag.py:588} INFO - Filling up the DagBag from /opt/airflow/dags/driven_data_pipeline.py
[2025-06-28T01:32:59.749+0000] {processor.py:925} INFO - DAG(s) 'extract_raw_data_pipeline' retrieved from /opt/airflow/dags/driven_data_pipeline.py
[2025-06-28T01:32:59.776+0000] {logging_mixin.py:190} INFO - [2025-06-28T01:32:59.776+0000] {dag.py:3239} INFO - Sync 1 DAGs
[2025-06-28T01:32:59.799+0000] {logging_mixin.py:190} INFO - [2025-06-28T01:32:59.799+0000] {dag.py:4180} INFO - Setting next_dagrun for extract_raw_data_pipeline to 2025-06-27 07:58:00+00:00, run_after=2025-06-27 07:59:00+00:00
[2025-06-28T01:32:59.833+0000] {processor.py:208} INFO - Processing /opt/airflow/dags/driven_data_pipeline.py took 0.277 seconds
[2025-06-28T01:33:30.079+0000] {processor.py:186} INFO - Started process (PID=3450) to work on /opt/airflow/dags/driven_data_pipeline.py
[2025-06-28T01:33:30.090+0000] {processor.py:914} INFO - Processing file /opt/airflow/dags/driven_data_pipeline.py for tasks to queue
[2025-06-28T01:33:30.096+0000] {logging_mixin.py:190} INFO - [2025-06-28T01:33:30.095+0000] {dagbag.py:588} INFO - Filling up the DagBag from /opt/airflow/dags/driven_data_pipeline.py
[2025-06-28T01:33:30.286+0000] {processor.py:925} INFO - DAG(s) 'extract_raw_data_pipeline' retrieved from /opt/airflow/dags/driven_data_pipeline.py
[2025-06-28T01:33:30.311+0000] {logging_mixin.py:190} INFO - [2025-06-28T01:33:30.311+0000] {dag.py:3239} INFO - Sync 1 DAGs
[2025-06-28T01:33:30.333+0000] {logging_mixin.py:190} INFO - [2025-06-28T01:33:30.333+0000] {dag.py:4180} INFO - Setting next_dagrun for extract_raw_data_pipeline to 2025-06-27 07:58:00+00:00, run_after=2025-06-27 07:59:00+00:00
[2025-06-28T01:33:30.371+0000] {processor.py:208} INFO - Processing /opt/airflow/dags/driven_data_pipeline.py took 0.310 seconds
[2025-06-28T01:34:00.484+0000] {processor.py:186} INFO - Started process (PID=3458) to work on /opt/airflow/dags/driven_data_pipeline.py
[2025-06-28T01:34:00.486+0000] {processor.py:914} INFO - Processing file /opt/airflow/dags/driven_data_pipeline.py for tasks to queue
[2025-06-28T01:34:00.490+0000] {logging_mixin.py:190} INFO - [2025-06-28T01:34:00.490+0000] {dagbag.py:588} INFO - Filling up the DagBag from /opt/airflow/dags/driven_data_pipeline.py
[2025-06-28T01:34:00.664+0000] {processor.py:925} INFO - DAG(s) 'extract_raw_data_pipeline' retrieved from /opt/airflow/dags/driven_data_pipeline.py
[2025-06-28T01:34:00.690+0000] {logging_mixin.py:190} INFO - [2025-06-28T01:34:00.690+0000] {dag.py:3239} INFO - Sync 1 DAGs
[2025-06-28T01:34:00.712+0000] {logging_mixin.py:190} INFO - [2025-06-28T01:34:00.712+0000] {dag.py:4180} INFO - Setting next_dagrun for extract_raw_data_pipeline to 2025-06-27 07:58:00+00:00, run_after=2025-06-27 07:59:00+00:00
[2025-06-28T01:34:00.752+0000] {processor.py:208} INFO - Processing /opt/airflow/dags/driven_data_pipeline.py took 0.285 seconds
[2025-06-28T01:34:31.013+0000] {processor.py:186} INFO - Started process (PID=3466) to work on /opt/airflow/dags/driven_data_pipeline.py
[2025-06-28T01:34:31.017+0000] {processor.py:914} INFO - Processing file /opt/airflow/dags/driven_data_pipeline.py for tasks to queue
[2025-06-28T01:34:31.021+0000] {logging_mixin.py:190} INFO - [2025-06-28T01:34:31.020+0000] {dagbag.py:588} INFO - Filling up the DagBag from /opt/airflow/dags/driven_data_pipeline.py
[2025-06-28T01:34:31.200+0000] {processor.py:925} INFO - DAG(s) 'extract_raw_data_pipeline' retrieved from /opt/airflow/dags/driven_data_pipeline.py
[2025-06-28T01:34:31.224+0000] {logging_mixin.py:190} INFO - [2025-06-28T01:34:31.223+0000] {dag.py:3239} INFO - Sync 1 DAGs
[2025-06-28T01:34:31.247+0000] {logging_mixin.py:190} INFO - [2025-06-28T01:34:31.247+0000] {dag.py:4180} INFO - Setting next_dagrun for extract_raw_data_pipeline to 2025-06-27 07:58:00+00:00, run_after=2025-06-27 07:59:00+00:00
[2025-06-28T01:34:31.280+0000] {processor.py:208} INFO - Processing /opt/airflow/dags/driven_data_pipeline.py took 0.277 seconds
[2025-06-28T01:35:01.398+0000] {processor.py:186} INFO - Started process (PID=3474) to work on /opt/airflow/dags/driven_data_pipeline.py
[2025-06-28T01:35:01.399+0000] {processor.py:914} INFO - Processing file /opt/airflow/dags/driven_data_pipeline.py for tasks to queue
[2025-06-28T01:35:01.403+0000] {logging_mixin.py:190} INFO - [2025-06-28T01:35:01.402+0000] {dagbag.py:588} INFO - Filling up the DagBag from /opt/airflow/dags/driven_data_pipeline.py
[2025-06-28T01:35:01.578+0000] {processor.py:925} INFO - DAG(s) 'extract_raw_data_pipeline' retrieved from /opt/airflow/dags/driven_data_pipeline.py
[2025-06-28T01:35:01.604+0000] {logging_mixin.py:190} INFO - [2025-06-28T01:35:01.604+0000] {dag.py:3239} INFO - Sync 1 DAGs
[2025-06-28T01:35:01.626+0000] {logging_mixin.py:190} INFO - [2025-06-28T01:35:01.626+0000] {dag.py:4180} INFO - Setting next_dagrun for extract_raw_data_pipeline to 2025-06-27 07:58:00+00:00, run_after=2025-06-27 07:59:00+00:00
[2025-06-28T01:35:01.666+0000] {processor.py:208} INFO - Processing /opt/airflow/dags/driven_data_pipeline.py took 0.278 seconds
[2025-06-28T01:35:31.884+0000] {processor.py:186} INFO - Started process (PID=3482) to work on /opt/airflow/dags/driven_data_pipeline.py
[2025-06-28T01:35:31.889+0000] {processor.py:914} INFO - Processing file /opt/airflow/dags/driven_data_pipeline.py for tasks to queue
[2025-06-28T01:35:31.891+0000] {logging_mixin.py:190} INFO - [2025-06-28T01:35:31.891+0000] {dagbag.py:588} INFO - Filling up the DagBag from /opt/airflow/dags/driven_data_pipeline.py
[2025-06-28T01:35:32.065+0000] {processor.py:925} INFO - DAG(s) 'extract_raw_data_pipeline' retrieved from /opt/airflow/dags/driven_data_pipeline.py
[2025-06-28T01:35:32.090+0000] {logging_mixin.py:190} INFO - [2025-06-28T01:35:32.089+0000] {dag.py:3239} INFO - Sync 1 DAGs
[2025-06-28T01:35:32.112+0000] {logging_mixin.py:190} INFO - [2025-06-28T01:35:32.112+0000] {dag.py:4180} INFO - Setting next_dagrun for extract_raw_data_pipeline to 2025-06-27 07:58:00+00:00, run_after=2025-06-27 07:59:00+00:00
[2025-06-28T01:35:32.150+0000] {processor.py:208} INFO - Processing /opt/airflow/dags/driven_data_pipeline.py took 0.272 seconds
[2025-06-28T01:36:02.276+0000] {processor.py:186} INFO - Started process (PID=3490) to work on /opt/airflow/dags/driven_data_pipeline.py
[2025-06-28T01:36:02.276+0000] {processor.py:914} INFO - Processing file /opt/airflow/dags/driven_data_pipeline.py for tasks to queue
[2025-06-28T01:36:02.279+0000] {logging_mixin.py:190} INFO - [2025-06-28T01:36:02.278+0000] {dagbag.py:588} INFO - Filling up the DagBag from /opt/airflow/dags/driven_data_pipeline.py
[2025-06-28T01:36:02.452+0000] {processor.py:925} INFO - DAG(s) 'extract_raw_data_pipeline' retrieved from /opt/airflow/dags/driven_data_pipeline.py
[2025-06-28T01:36:02.476+0000] {logging_mixin.py:190} INFO - [2025-06-28T01:36:02.476+0000] {dag.py:3239} INFO - Sync 1 DAGs
[2025-06-28T01:36:02.502+0000] {logging_mixin.py:190} INFO - [2025-06-28T01:36:02.501+0000] {dag.py:4180} INFO - Setting next_dagrun for extract_raw_data_pipeline to 2025-06-27 07:58:00+00:00, run_after=2025-06-27 07:59:00+00:00
[2025-06-28T01:36:02.533+0000] {processor.py:208} INFO - Processing /opt/airflow/dags/driven_data_pipeline.py took 0.264 seconds
[2025-06-28T01:36:32.837+0000] {processor.py:186} INFO - Started process (PID=3498) to work on /opt/airflow/dags/driven_data_pipeline.py
[2025-06-28T01:36:32.843+0000] {processor.py:914} INFO - Processing file /opt/airflow/dags/driven_data_pipeline.py for tasks to queue
[2025-06-28T01:36:32.845+0000] {logging_mixin.py:190} INFO - [2025-06-28T01:36:32.845+0000] {dagbag.py:588} INFO - Filling up the DagBag from /opt/airflow/dags/driven_data_pipeline.py
[2025-06-28T01:36:33.031+0000] {processor.py:925} INFO - DAG(s) 'extract_raw_data_pipeline' retrieved from /opt/airflow/dags/driven_data_pipeline.py
[2025-06-28T01:36:33.055+0000] {logging_mixin.py:190} INFO - [2025-06-28T01:36:33.055+0000] {dag.py:3239} INFO - Sync 1 DAGs
[2025-06-28T01:36:33.079+0000] {logging_mixin.py:190} INFO - [2025-06-28T01:36:33.079+0000] {dag.py:4180} INFO - Setting next_dagrun for extract_raw_data_pipeline to 2025-06-27 07:58:00+00:00, run_after=2025-06-27 07:59:00+00:00
[2025-06-28T01:36:33.112+0000] {processor.py:208} INFO - Processing /opt/airflow/dags/driven_data_pipeline.py took 0.281 seconds
[2025-06-28T01:37:03.235+0000] {processor.py:186} INFO - Started process (PID=3506) to work on /opt/airflow/dags/driven_data_pipeline.py
[2025-06-28T01:37:03.236+0000] {processor.py:914} INFO - Processing file /opt/airflow/dags/driven_data_pipeline.py for tasks to queue
[2025-06-28T01:37:03.239+0000] {logging_mixin.py:190} INFO - [2025-06-28T01:37:03.239+0000] {dagbag.py:588} INFO - Filling up the DagBag from /opt/airflow/dags/driven_data_pipeline.py
[2025-06-28T01:37:03.412+0000] {processor.py:925} INFO - DAG(s) 'extract_raw_data_pipeline' retrieved from /opt/airflow/dags/driven_data_pipeline.py
[2025-06-28T01:37:03.439+0000] {logging_mixin.py:190} INFO - [2025-06-28T01:37:03.438+0000] {dag.py:3239} INFO - Sync 1 DAGs
[2025-06-28T01:37:03.467+0000] {logging_mixin.py:190} INFO - [2025-06-28T01:37:03.467+0000] {dag.py:4180} INFO - Setting next_dagrun for extract_raw_data_pipeline to 2025-06-27 07:58:00+00:00, run_after=2025-06-27 07:59:00+00:00
[2025-06-28T01:37:03.493+0000] {processor.py:208} INFO - Processing /opt/airflow/dags/driven_data_pipeline.py took 0.269 seconds
[2025-06-28T01:37:33.792+0000] {processor.py:186} INFO - Started process (PID=3514) to work on /opt/airflow/dags/driven_data_pipeline.py
[2025-06-28T01:37:33.804+0000] {processor.py:914} INFO - Processing file /opt/airflow/dags/driven_data_pipeline.py for tasks to queue
[2025-06-28T01:37:33.807+0000] {logging_mixin.py:190} INFO - [2025-06-28T01:37:33.807+0000] {dagbag.py:588} INFO - Filling up the DagBag from /opt/airflow/dags/driven_data_pipeline.py
[2025-06-28T01:37:33.986+0000] {processor.py:925} INFO - DAG(s) 'extract_raw_data_pipeline' retrieved from /opt/airflow/dags/driven_data_pipeline.py
[2025-06-28T01:37:34.010+0000] {logging_mixin.py:190} INFO - [2025-06-28T01:37:34.009+0000] {dag.py:3239} INFO - Sync 1 DAGs
[2025-06-28T01:37:34.032+0000] {logging_mixin.py:190} INFO - [2025-06-28T01:37:34.031+0000] {dag.py:4180} INFO - Setting next_dagrun for extract_raw_data_pipeline to 2025-06-27 07:58:00+00:00, run_after=2025-06-27 07:59:00+00:00
[2025-06-28T01:37:34.070+0000] {processor.py:208} INFO - Processing /opt/airflow/dags/driven_data_pipeline.py took 0.288 seconds
[2025-06-28T01:38:04.102+0000] {processor.py:186} INFO - Started process (PID=3522) to work on /opt/airflow/dags/driven_data_pipeline.py
[2025-06-28T01:38:04.103+0000] {processor.py:914} INFO - Processing file /opt/airflow/dags/driven_data_pipeline.py for tasks to queue
[2025-06-28T01:38:04.106+0000] {logging_mixin.py:190} INFO - [2025-06-28T01:38:04.105+0000] {dagbag.py:588} INFO - Filling up the DagBag from /opt/airflow/dags/driven_data_pipeline.py
[2025-06-28T01:38:04.277+0000] {processor.py:925} INFO - DAG(s) 'extract_raw_data_pipeline' retrieved from /opt/airflow/dags/driven_data_pipeline.py
[2025-06-28T01:38:04.301+0000] {logging_mixin.py:190} INFO - [2025-06-28T01:38:04.301+0000] {dag.py:3239} INFO - Sync 1 DAGs
[2025-06-28T01:38:04.331+0000] {logging_mixin.py:190} INFO - [2025-06-28T01:38:04.330+0000] {dag.py:4180} INFO - Setting next_dagrun for extract_raw_data_pipeline to 2025-06-27 07:58:00+00:00, run_after=2025-06-27 07:59:00+00:00
[2025-06-28T01:38:04.377+0000] {processor.py:208} INFO - Processing /opt/airflow/dags/driven_data_pipeline.py took 0.282 seconds
[2025-06-28T01:38:34.416+0000] {processor.py:186} INFO - Started process (PID=3530) to work on /opt/airflow/dags/driven_data_pipeline.py
[2025-06-28T01:38:34.426+0000] {processor.py:914} INFO - Processing file /opt/airflow/dags/driven_data_pipeline.py for tasks to queue
[2025-06-28T01:38:34.429+0000] {logging_mixin.py:190} INFO - [2025-06-28T01:38:34.428+0000] {dagbag.py:588} INFO - Filling up the DagBag from /opt/airflow/dags/driven_data_pipeline.py
[2025-06-28T01:38:34.609+0000] {processor.py:925} INFO - DAG(s) 'extract_raw_data_pipeline' retrieved from /opt/airflow/dags/driven_data_pipeline.py
[2025-06-28T01:38:34.641+0000] {logging_mixin.py:190} INFO - [2025-06-28T01:38:34.641+0000] {dag.py:3239} INFO - Sync 1 DAGs
[2025-06-28T01:38:34.668+0000] {logging_mixin.py:190} INFO - [2025-06-28T01:38:34.668+0000] {dag.py:4180} INFO - Setting next_dagrun for extract_raw_data_pipeline to 2025-06-27 07:58:00+00:00, run_after=2025-06-27 07:59:00+00:00
[2025-06-28T01:38:34.711+0000] {processor.py:208} INFO - Processing /opt/airflow/dags/driven_data_pipeline.py took 0.301 seconds
[2025-06-28T01:39:05.032+0000] {processor.py:186} INFO - Started process (PID=3538) to work on /opt/airflow/dags/driven_data_pipeline.py
[2025-06-28T01:39:05.034+0000] {processor.py:914} INFO - Processing file /opt/airflow/dags/driven_data_pipeline.py for tasks to queue
[2025-06-28T01:39:05.037+0000] {logging_mixin.py:190} INFO - [2025-06-28T01:39:05.036+0000] {dagbag.py:588} INFO - Filling up the DagBag from /opt/airflow/dags/driven_data_pipeline.py
[2025-06-28T01:39:05.209+0000] {processor.py:925} INFO - DAG(s) 'extract_raw_data_pipeline' retrieved from /opt/airflow/dags/driven_data_pipeline.py
[2025-06-28T01:39:05.234+0000] {logging_mixin.py:190} INFO - [2025-06-28T01:39:05.234+0000] {dag.py:3239} INFO - Sync 1 DAGs
[2025-06-28T01:39:05.256+0000] {logging_mixin.py:190} INFO - [2025-06-28T01:39:05.256+0000] {dag.py:4180} INFO - Setting next_dagrun for extract_raw_data_pipeline to 2025-06-27 07:58:00+00:00, run_after=2025-06-27 07:59:00+00:00
[2025-06-28T01:39:05.289+0000] {processor.py:208} INFO - Processing /opt/airflow/dags/driven_data_pipeline.py took 0.265 seconds
[2025-06-28T01:39:35.365+0000] {processor.py:186} INFO - Started process (PID=3546) to work on /opt/airflow/dags/driven_data_pipeline.py
[2025-06-28T01:39:35.366+0000] {processor.py:914} INFO - Processing file /opt/airflow/dags/driven_data_pipeline.py for tasks to queue
[2025-06-28T01:39:35.370+0000] {logging_mixin.py:190} INFO - [2025-06-28T01:39:35.370+0000] {dagbag.py:588} INFO - Filling up the DagBag from /opt/airflow/dags/driven_data_pipeline.py
[2025-06-28T01:39:35.547+0000] {processor.py:925} INFO - DAG(s) 'extract_raw_data_pipeline' retrieved from /opt/airflow/dags/driven_data_pipeline.py
[2025-06-28T01:39:35.574+0000] {logging_mixin.py:190} INFO - [2025-06-28T01:39:35.573+0000] {dag.py:3239} INFO - Sync 1 DAGs
[2025-06-28T01:39:35.596+0000] {logging_mixin.py:190} INFO - [2025-06-28T01:39:35.596+0000] {dag.py:4180} INFO - Setting next_dagrun for extract_raw_data_pipeline to 2025-06-27 07:58:00+00:00, run_after=2025-06-27 07:59:00+00:00
[2025-06-28T01:39:35.627+0000] {processor.py:208} INFO - Processing /opt/airflow/dags/driven_data_pipeline.py took 0.275 seconds
[2025-06-28T01:40:05.962+0000] {processor.py:186} INFO - Started process (PID=3554) to work on /opt/airflow/dags/driven_data_pipeline.py
[2025-06-28T01:40:05.975+0000] {processor.py:914} INFO - Processing file /opt/airflow/dags/driven_data_pipeline.py for tasks to queue
[2025-06-28T01:40:05.977+0000] {logging_mixin.py:190} INFO - [2025-06-28T01:40:05.977+0000] {dagbag.py:588} INFO - Filling up the DagBag from /opt/airflow/dags/driven_data_pipeline.py
[2025-06-28T01:40:06.149+0000] {processor.py:925} INFO - DAG(s) 'extract_raw_data_pipeline' retrieved from /opt/airflow/dags/driven_data_pipeline.py
[2025-06-28T01:40:06.174+0000] {logging_mixin.py:190} INFO - [2025-06-28T01:40:06.174+0000] {dag.py:3239} INFO - Sync 1 DAGs
[2025-06-28T01:40:06.196+0000] {logging_mixin.py:190} INFO - [2025-06-28T01:40:06.196+0000] {dag.py:4180} INFO - Setting next_dagrun for extract_raw_data_pipeline to 2025-06-27 07:58:00+00:00, run_after=2025-06-27 07:59:00+00:00
[2025-06-28T01:40:06.230+0000] {processor.py:208} INFO - Processing /opt/airflow/dags/driven_data_pipeline.py took 0.279 seconds
[2025-06-28T01:40:36.322+0000] {processor.py:186} INFO - Started process (PID=3562) to work on /opt/airflow/dags/driven_data_pipeline.py
[2025-06-28T01:40:36.323+0000] {processor.py:914} INFO - Processing file /opt/airflow/dags/driven_data_pipeline.py for tasks to queue
[2025-06-28T01:40:36.328+0000] {logging_mixin.py:190} INFO - [2025-06-28T01:40:36.327+0000] {dagbag.py:588} INFO - Filling up the DagBag from /opt/airflow/dags/driven_data_pipeline.py
[2025-06-28T01:40:36.504+0000] {processor.py:925} INFO - DAG(s) 'extract_raw_data_pipeline' retrieved from /opt/airflow/dags/driven_data_pipeline.py
[2025-06-28T01:40:36.528+0000] {logging_mixin.py:190} INFO - [2025-06-28T01:40:36.528+0000] {dag.py:3239} INFO - Sync 1 DAGs
[2025-06-28T01:40:36.552+0000] {logging_mixin.py:190} INFO - [2025-06-28T01:40:36.552+0000] {dag.py:4180} INFO - Setting next_dagrun for extract_raw_data_pipeline to 2025-06-27 07:58:00+00:00, run_after=2025-06-27 07:59:00+00:00
[2025-06-28T01:40:37.722+0000] {processor.py:208} INFO - Processing /opt/airflow/dags/driven_data_pipeline.py took 1.413 seconds
[2025-06-28T01:41:07.926+0000] {processor.py:186} INFO - Started process (PID=3570) to work on /opt/airflow/dags/driven_data_pipeline.py
[2025-06-28T01:41:07.938+0000] {processor.py:914} INFO - Processing file /opt/airflow/dags/driven_data_pipeline.py for tasks to queue
[2025-06-28T01:41:07.940+0000] {logging_mixin.py:190} INFO - [2025-06-28T01:41:07.940+0000] {dagbag.py:588} INFO - Filling up the DagBag from /opt/airflow/dags/driven_data_pipeline.py
[2025-06-28T01:41:08.114+0000] {processor.py:925} INFO - DAG(s) 'extract_raw_data_pipeline' retrieved from /opt/airflow/dags/driven_data_pipeline.py
[2025-06-28T01:41:08.138+0000] {logging_mixin.py:190} INFO - [2025-06-28T01:41:08.138+0000] {dag.py:3239} INFO - Sync 1 DAGs
[2025-06-28T01:41:08.160+0000] {logging_mixin.py:190} INFO - [2025-06-28T01:41:08.160+0000] {dag.py:4180} INFO - Setting next_dagrun for extract_raw_data_pipeline to 2025-06-27 07:58:00+00:00, run_after=2025-06-27 07:59:00+00:00
[2025-06-28T01:41:08.192+0000] {processor.py:208} INFO - Processing /opt/airflow/dags/driven_data_pipeline.py took 0.273 seconds
[2025-06-28T01:41:38.428+0000] {processor.py:186} INFO - Started process (PID=3578) to work on /opt/airflow/dags/driven_data_pipeline.py
[2025-06-28T01:41:38.429+0000] {processor.py:914} INFO - Processing file /opt/airflow/dags/driven_data_pipeline.py for tasks to queue
[2025-06-28T01:41:38.431+0000] {logging_mixin.py:190} INFO - [2025-06-28T01:41:38.431+0000] {dagbag.py:588} INFO - Filling up the DagBag from /opt/airflow/dags/driven_data_pipeline.py
[2025-06-28T01:41:38.604+0000] {processor.py:925} INFO - DAG(s) 'extract_raw_data_pipeline' retrieved from /opt/airflow/dags/driven_data_pipeline.py
[2025-06-28T01:41:38.627+0000] {logging_mixin.py:190} INFO - [2025-06-28T01:41:38.627+0000] {dag.py:3239} INFO - Sync 1 DAGs
[2025-06-28T01:41:38.649+0000] {logging_mixin.py:190} INFO - [2025-06-28T01:41:38.649+0000] {dag.py:4180} INFO - Setting next_dagrun for extract_raw_data_pipeline to 2025-06-27 07:58:00+00:00, run_after=2025-06-27 07:59:00+00:00
[2025-06-28T01:41:39.310+0000] {processor.py:208} INFO - Processing /opt/airflow/dags/driven_data_pipeline.py took 0.888 seconds
[2025-06-28T01:42:09.663+0000] {processor.py:186} INFO - Started process (PID=3586) to work on /opt/airflow/dags/driven_data_pipeline.py
[2025-06-28T01:42:09.679+0000] {processor.py:914} INFO - Processing file /opt/airflow/dags/driven_data_pipeline.py for tasks to queue
[2025-06-28T01:42:09.682+0000] {logging_mixin.py:190} INFO - [2025-06-28T01:42:09.682+0000] {dagbag.py:588} INFO - Filling up the DagBag from /opt/airflow/dags/driven_data_pipeline.py
[2025-06-28T01:42:09.858+0000] {processor.py:925} INFO - DAG(s) 'extract_raw_data_pipeline' retrieved from /opt/airflow/dags/driven_data_pipeline.py
[2025-06-28T01:42:09.882+0000] {logging_mixin.py:190} INFO - [2025-06-28T01:42:09.881+0000] {dag.py:3239} INFO - Sync 1 DAGs
[2025-06-28T01:42:09.904+0000] {logging_mixin.py:190} INFO - [2025-06-28T01:42:09.904+0000] {dag.py:4180} INFO - Setting next_dagrun for extract_raw_data_pipeline to 2025-06-27 07:58:00+00:00, run_after=2025-06-27 07:59:00+00:00
[2025-06-28T01:42:10.383+0000] {processor.py:208} INFO - Processing /opt/airflow/dags/driven_data_pipeline.py took 0.728 seconds
[2025-06-28T01:42:40.719+0000] {processor.py:186} INFO - Started process (PID=3594) to work on /opt/airflow/dags/driven_data_pipeline.py
[2025-06-28T01:42:40.720+0000] {processor.py:914} INFO - Processing file /opt/airflow/dags/driven_data_pipeline.py for tasks to queue
[2025-06-28T01:42:40.722+0000] {logging_mixin.py:190} INFO - [2025-06-28T01:42:40.722+0000] {dagbag.py:588} INFO - Filling up the DagBag from /opt/airflow/dags/driven_data_pipeline.py
[2025-06-28T01:42:40.903+0000] {processor.py:925} INFO - DAG(s) 'extract_raw_data_pipeline' retrieved from /opt/airflow/dags/driven_data_pipeline.py
[2025-06-28T01:42:40.929+0000] {logging_mixin.py:190} INFO - [2025-06-28T01:42:40.929+0000] {dag.py:3239} INFO - Sync 1 DAGs
[2025-06-28T01:42:40.954+0000] {logging_mixin.py:190} INFO - [2025-06-28T01:42:40.954+0000] {dag.py:4180} INFO - Setting next_dagrun for extract_raw_data_pipeline to 2025-06-27 07:58:00+00:00, run_after=2025-06-27 07:59:00+00:00
[2025-06-28T01:42:41.566+0000] {processor.py:208} INFO - Processing /opt/airflow/dags/driven_data_pipeline.py took 0.853 seconds
[2025-06-28T01:43:12.005+0000] {processor.py:186} INFO - Started process (PID=3602) to work on /opt/airflow/dags/driven_data_pipeline.py
[2025-06-28T01:43:12.018+0000] {processor.py:914} INFO - Processing file /opt/airflow/dags/driven_data_pipeline.py for tasks to queue
[2025-06-28T01:43:12.022+0000] {logging_mixin.py:190} INFO - [2025-06-28T01:43:12.021+0000] {dagbag.py:588} INFO - Filling up the DagBag from /opt/airflow/dags/driven_data_pipeline.py
[2025-06-28T01:43:12.215+0000] {processor.py:925} INFO - DAG(s) 'extract_raw_data_pipeline' retrieved from /opt/airflow/dags/driven_data_pipeline.py
[2025-06-28T01:43:12.249+0000] {logging_mixin.py:190} INFO - [2025-06-28T01:43:12.249+0000] {dag.py:3239} INFO - Sync 1 DAGs
[2025-06-28T01:43:12.278+0000] {logging_mixin.py:190} INFO - [2025-06-28T01:43:12.278+0000] {dag.py:4180} INFO - Setting next_dagrun for extract_raw_data_pipeline to 2025-06-27 07:58:00+00:00, run_after=2025-06-27 07:59:00+00:00
[2025-06-28T01:43:12.705+0000] {processor.py:208} INFO - Processing /opt/airflow/dags/driven_data_pipeline.py took 0.713 seconds
[2025-06-28T01:43:43.158+0000] {processor.py:186} INFO - Started process (PID=3610) to work on /opt/airflow/dags/driven_data_pipeline.py
[2025-06-28T01:43:43.159+0000] {processor.py:914} INFO - Processing file /opt/airflow/dags/driven_data_pipeline.py for tasks to queue
[2025-06-28T01:43:43.162+0000] {logging_mixin.py:190} INFO - [2025-06-28T01:43:43.161+0000] {dagbag.py:588} INFO - Filling up the DagBag from /opt/airflow/dags/driven_data_pipeline.py
[2025-06-28T01:43:43.332+0000] {processor.py:925} INFO - DAG(s) 'extract_raw_data_pipeline' retrieved from /opt/airflow/dags/driven_data_pipeline.py
[2025-06-28T01:43:43.356+0000] {logging_mixin.py:190} INFO - [2025-06-28T01:43:43.356+0000] {dag.py:3239} INFO - Sync 1 DAGs
[2025-06-28T01:43:43.378+0000] {logging_mixin.py:190} INFO - [2025-06-28T01:43:43.378+0000] {dag.py:4180} INFO - Setting next_dagrun for extract_raw_data_pipeline to 2025-06-27 07:58:00+00:00, run_after=2025-06-27 07:59:00+00:00
[2025-06-28T01:43:43.410+0000] {processor.py:208} INFO - Processing /opt/airflow/dags/driven_data_pipeline.py took 0.259 seconds
[2025-06-28T01:44:13.478+0000] {processor.py:186} INFO - Started process (PID=3618) to work on /opt/airflow/dags/driven_data_pipeline.py
[2025-06-28T01:44:13.479+0000] {processor.py:914} INFO - Processing file /opt/airflow/dags/driven_data_pipeline.py for tasks to queue
[2025-06-28T01:44:13.481+0000] {logging_mixin.py:190} INFO - [2025-06-28T01:44:13.481+0000] {dagbag.py:588} INFO - Filling up the DagBag from /opt/airflow/dags/driven_data_pipeline.py
[2025-06-28T01:44:13.651+0000] {processor.py:925} INFO - DAG(s) 'extract_raw_data_pipeline' retrieved from /opt/airflow/dags/driven_data_pipeline.py
[2025-06-28T01:44:13.675+0000] {logging_mixin.py:190} INFO - [2025-06-28T01:44:13.674+0000] {dag.py:3239} INFO - Sync 1 DAGs
[2025-06-28T01:44:13.697+0000] {logging_mixin.py:190} INFO - [2025-06-28T01:44:13.697+0000] {dag.py:4180} INFO - Setting next_dagrun for extract_raw_data_pipeline to 2025-06-27 07:58:00+00:00, run_after=2025-06-27 07:59:00+00:00
[2025-06-28T01:44:13.736+0000] {processor.py:208} INFO - Processing /opt/airflow/dags/driven_data_pipeline.py took 0.264 seconds
[2025-06-28T01:44:44.042+0000] {processor.py:186} INFO - Started process (PID=3626) to work on /opt/airflow/dags/driven_data_pipeline.py
[2025-06-28T01:44:44.065+0000] {processor.py:914} INFO - Processing file /opt/airflow/dags/driven_data_pipeline.py for tasks to queue
[2025-06-28T01:44:44.070+0000] {logging_mixin.py:190} INFO - [2025-06-28T01:44:44.069+0000] {dagbag.py:588} INFO - Filling up the DagBag from /opt/airflow/dags/driven_data_pipeline.py
[2025-06-28T01:44:44.256+0000] {processor.py:925} INFO - DAG(s) 'extract_raw_data_pipeline' retrieved from /opt/airflow/dags/driven_data_pipeline.py
[2025-06-28T01:44:44.279+0000] {logging_mixin.py:190} INFO - [2025-06-28T01:44:44.279+0000] {dag.py:3239} INFO - Sync 1 DAGs
[2025-06-28T01:44:44.303+0000] {logging_mixin.py:190} INFO - [2025-06-28T01:44:44.303+0000] {dag.py:4180} INFO - Setting next_dagrun for extract_raw_data_pipeline to 2025-06-27 07:58:00+00:00, run_after=2025-06-27 07:59:00+00:00
[2025-06-28T01:44:44.378+0000] {processor.py:208} INFO - Processing /opt/airflow/dags/driven_data_pipeline.py took 0.345 seconds
[2025-06-28T01:45:14.699+0000] {processor.py:186} INFO - Started process (PID=3634) to work on /opt/airflow/dags/driven_data_pipeline.py
[2025-06-28T01:45:14.700+0000] {processor.py:914} INFO - Processing file /opt/airflow/dags/driven_data_pipeline.py for tasks to queue
[2025-06-28T01:45:14.702+0000] {logging_mixin.py:190} INFO - [2025-06-28T01:45:14.702+0000] {dagbag.py:588} INFO - Filling up the DagBag from /opt/airflow/dags/driven_data_pipeline.py
[2025-06-28T01:45:14.881+0000] {processor.py:925} INFO - DAG(s) 'extract_raw_data_pipeline' retrieved from /opt/airflow/dags/driven_data_pipeline.py
[2025-06-28T01:45:14.909+0000] {logging_mixin.py:190} INFO - [2025-06-28T01:45:14.909+0000] {dag.py:3239} INFO - Sync 1 DAGs
[2025-06-28T01:45:14.934+0000] {logging_mixin.py:190} INFO - [2025-06-28T01:45:14.934+0000] {dag.py:4180} INFO - Setting next_dagrun for extract_raw_data_pipeline to 2025-06-27 07:58:00+00:00, run_after=2025-06-27 07:59:00+00:00
[2025-06-28T01:45:14.971+0000] {processor.py:208} INFO - Processing /opt/airflow/dags/driven_data_pipeline.py took 0.280 seconds
[2025-06-28T01:45:45.037+0000] {processor.py:186} INFO - Started process (PID=3642) to work on /opt/airflow/dags/driven_data_pipeline.py
[2025-06-28T01:45:45.039+0000] {processor.py:914} INFO - Processing file /opt/airflow/dags/driven_data_pipeline.py for tasks to queue
[2025-06-28T01:45:45.042+0000] {logging_mixin.py:190} INFO - [2025-06-28T01:45:45.041+0000] {dagbag.py:588} INFO - Filling up the DagBag from /opt/airflow/dags/driven_data_pipeline.py
[2025-06-28T01:45:45.222+0000] {processor.py:925} INFO - DAG(s) 'extract_raw_data_pipeline' retrieved from /opt/airflow/dags/driven_data_pipeline.py
[2025-06-28T01:45:45.246+0000] {logging_mixin.py:190} INFO - [2025-06-28T01:45:45.246+0000] {dag.py:3239} INFO - Sync 1 DAGs
[2025-06-28T01:45:45.269+0000] {logging_mixin.py:190} INFO - [2025-06-28T01:45:45.269+0000] {dag.py:4180} INFO - Setting next_dagrun for extract_raw_data_pipeline to 2025-06-27 07:58:00+00:00, run_after=2025-06-27 07:59:00+00:00
[2025-06-28T01:45:45.310+0000] {processor.py:208} INFO - Processing /opt/airflow/dags/driven_data_pipeline.py took 0.283 seconds
[2025-06-28T01:46:15.558+0000] {processor.py:186} INFO - Started process (PID=3650) to work on /opt/airflow/dags/driven_data_pipeline.py
[2025-06-28T01:46:15.565+0000] {processor.py:914} INFO - Processing file /opt/airflow/dags/driven_data_pipeline.py for tasks to queue
[2025-06-28T01:46:15.567+0000] {logging_mixin.py:190} INFO - [2025-06-28T01:46:15.567+0000] {dagbag.py:588} INFO - Filling up the DagBag from /opt/airflow/dags/driven_data_pipeline.py
[2025-06-28T01:46:15.736+0000] {processor.py:925} INFO - DAG(s) 'extract_raw_data_pipeline' retrieved from /opt/airflow/dags/driven_data_pipeline.py
[2025-06-28T01:46:15.760+0000] {logging_mixin.py:190} INFO - [2025-06-28T01:46:15.759+0000] {dag.py:3239} INFO - Sync 1 DAGs
[2025-06-28T01:46:15.782+0000] {logging_mixin.py:190} INFO - [2025-06-28T01:46:15.782+0000] {dag.py:4180} INFO - Setting next_dagrun for extract_raw_data_pipeline to 2025-06-27 07:58:00+00:00, run_after=2025-06-27 07:59:00+00:00
[2025-06-28T01:46:15.821+0000] {processor.py:208} INFO - Processing /opt/airflow/dags/driven_data_pipeline.py took 0.270 seconds
[2025-06-28T01:46:46.163+0000] {processor.py:186} INFO - Started process (PID=3658) to work on /opt/airflow/dags/driven_data_pipeline.py
[2025-06-28T01:46:46.164+0000] {processor.py:914} INFO - Processing file /opt/airflow/dags/driven_data_pipeline.py for tasks to queue
[2025-06-28T01:46:46.169+0000] {logging_mixin.py:190} INFO - [2025-06-28T01:46:46.168+0000] {dagbag.py:588} INFO - Filling up the DagBag from /opt/airflow/dags/driven_data_pipeline.py
[2025-06-28T01:46:46.345+0000] {processor.py:925} INFO - DAG(s) 'extract_raw_data_pipeline' retrieved from /opt/airflow/dags/driven_data_pipeline.py
[2025-06-28T01:46:46.369+0000] {logging_mixin.py:190} INFO - [2025-06-28T01:46:46.369+0000] {dag.py:3239} INFO - Sync 1 DAGs
[2025-06-28T01:46:46.392+0000] {logging_mixin.py:190} INFO - [2025-06-28T01:46:46.392+0000] {dag.py:4180} INFO - Setting next_dagrun for extract_raw_data_pipeline to 2025-06-27 07:58:00+00:00, run_after=2025-06-27 07:59:00+00:00
[2025-06-28T01:46:46.429+0000] {processor.py:208} INFO - Processing /opt/airflow/dags/driven_data_pipeline.py took 0.279 seconds
[2025-06-28T01:47:16.796+0000] {processor.py:186} INFO - Started process (PID=3666) to work on /opt/airflow/dags/driven_data_pipeline.py
[2025-06-28T01:47:16.811+0000] {processor.py:914} INFO - Processing file /opt/airflow/dags/driven_data_pipeline.py for tasks to queue
[2025-06-28T01:47:16.815+0000] {logging_mixin.py:190} INFO - [2025-06-28T01:47:16.814+0000] {dagbag.py:588} INFO - Filling up the DagBag from /opt/airflow/dags/driven_data_pipeline.py
[2025-06-28T01:47:16.998+0000] {processor.py:925} INFO - DAG(s) 'extract_raw_data_pipeline' retrieved from /opt/airflow/dags/driven_data_pipeline.py
[2025-06-28T01:47:17.023+0000] {logging_mixin.py:190} INFO - [2025-06-28T01:47:17.023+0000] {dag.py:3239} INFO - Sync 1 DAGs
[2025-06-28T01:47:17.046+0000] {logging_mixin.py:190} INFO - [2025-06-28T01:47:17.046+0000] {dag.py:4180} INFO - Setting next_dagrun for extract_raw_data_pipeline to 2025-06-27 07:58:00+00:00, run_after=2025-06-27 07:59:00+00:00
[2025-06-28T01:47:17.074+0000] {processor.py:208} INFO - Processing /opt/airflow/dags/driven_data_pipeline.py took 0.291 seconds
[2025-06-28T01:47:47.140+0000] {processor.py:186} INFO - Started process (PID=3674) to work on /opt/airflow/dags/driven_data_pipeline.py
[2025-06-28T01:47:47.141+0000] {processor.py:914} INFO - Processing file /opt/airflow/dags/driven_data_pipeline.py for tasks to queue
[2025-06-28T01:47:47.143+0000] {logging_mixin.py:190} INFO - [2025-06-28T01:47:47.143+0000] {dagbag.py:588} INFO - Filling up the DagBag from /opt/airflow/dags/driven_data_pipeline.py
[2025-06-28T01:47:47.314+0000] {processor.py:925} INFO - DAG(s) 'extract_raw_data_pipeline' retrieved from /opt/airflow/dags/driven_data_pipeline.py
[2025-06-28T01:47:47.338+0000] {logging_mixin.py:190} INFO - [2025-06-28T01:47:47.338+0000] {dag.py:3239} INFO - Sync 1 DAGs
[2025-06-28T01:47:47.360+0000] {logging_mixin.py:190} INFO - [2025-06-28T01:47:47.360+0000] {dag.py:4180} INFO - Setting next_dagrun for extract_raw_data_pipeline to 2025-06-27 07:58:00+00:00, run_after=2025-06-27 07:59:00+00:00
[2025-06-28T01:47:47.397+0000] {processor.py:208} INFO - Processing /opt/airflow/dags/driven_data_pipeline.py took 0.266 seconds
[2025-06-28T01:48:17.713+0000] {processor.py:186} INFO - Started process (PID=3682) to work on /opt/airflow/dags/driven_data_pipeline.py
[2025-06-28T01:48:17.719+0000] {processor.py:914} INFO - Processing file /opt/airflow/dags/driven_data_pipeline.py for tasks to queue
[2025-06-28T01:48:17.721+0000] {logging_mixin.py:190} INFO - [2025-06-28T01:48:17.721+0000] {dagbag.py:588} INFO - Filling up the DagBag from /opt/airflow/dags/driven_data_pipeline.py
[2025-06-28T01:48:17.890+0000] {processor.py:925} INFO - DAG(s) 'extract_raw_data_pipeline' retrieved from /opt/airflow/dags/driven_data_pipeline.py
[2025-06-28T01:48:17.914+0000] {logging_mixin.py:190} INFO - [2025-06-28T01:48:17.914+0000] {dag.py:3239} INFO - Sync 1 DAGs
[2025-06-28T01:48:17.936+0000] {logging_mixin.py:190} INFO - [2025-06-28T01:48:17.936+0000] {dag.py:4180} INFO - Setting next_dagrun for extract_raw_data_pipeline to 2025-06-27 07:58:00+00:00, run_after=2025-06-27 07:59:00+00:00
[2025-06-28T01:48:17.976+0000] {processor.py:208} INFO - Processing /opt/airflow/dags/driven_data_pipeline.py took 0.271 seconds
[2025-06-28T01:48:48.053+0000] {processor.py:186} INFO - Started process (PID=3690) to work on /opt/airflow/dags/driven_data_pipeline.py
[2025-06-28T01:48:48.054+0000] {processor.py:914} INFO - Processing file /opt/airflow/dags/driven_data_pipeline.py for tasks to queue
[2025-06-28T01:48:48.058+0000] {logging_mixin.py:190} INFO - [2025-06-28T01:48:48.057+0000] {dagbag.py:588} INFO - Filling up the DagBag from /opt/airflow/dags/driven_data_pipeline.py
[2025-06-28T01:48:48.241+0000] {processor.py:925} INFO - DAG(s) 'extract_raw_data_pipeline' retrieved from /opt/airflow/dags/driven_data_pipeline.py
[2025-06-28T01:48:48.266+0000] {logging_mixin.py:190} INFO - [2025-06-28T01:48:48.266+0000] {dag.py:3239} INFO - Sync 1 DAGs
[2025-06-28T01:48:48.291+0000] {logging_mixin.py:190} INFO - [2025-06-28T01:48:48.291+0000] {dag.py:4180} INFO - Setting next_dagrun for extract_raw_data_pipeline to 2025-06-27 07:58:00+00:00, run_after=2025-06-27 07:59:00+00:00
[2025-06-28T01:48:48.325+0000] {processor.py:208} INFO - Processing /opt/airflow/dags/driven_data_pipeline.py took 0.282 seconds
[2025-06-28T01:49:18.691+0000] {processor.py:186} INFO - Started process (PID=3698) to work on /opt/airflow/dags/driven_data_pipeline.py
[2025-06-28T01:49:18.701+0000] {processor.py:914} INFO - Processing file /opt/airflow/dags/driven_data_pipeline.py for tasks to queue
[2025-06-28T01:49:18.704+0000] {logging_mixin.py:190} INFO - [2025-06-28T01:49:18.703+0000] {dagbag.py:588} INFO - Filling up the DagBag from /opt/airflow/dags/driven_data_pipeline.py
[2025-06-28T01:49:18.889+0000] {processor.py:925} INFO - DAG(s) 'extract_raw_data_pipeline' retrieved from /opt/airflow/dags/driven_data_pipeline.py
[2025-06-28T01:49:18.916+0000] {logging_mixin.py:190} INFO - [2025-06-28T01:49:18.916+0000] {dag.py:3239} INFO - Sync 1 DAGs
[2025-06-28T01:49:18.945+0000] {logging_mixin.py:190} INFO - [2025-06-28T01:49:18.945+0000] {dag.py:4180} INFO - Setting next_dagrun for extract_raw_data_pipeline to 2025-06-27 07:58:00+00:00, run_after=2025-06-27 07:59:00+00:00
[2025-06-28T01:49:19.000+0000] {processor.py:208} INFO - Processing /opt/airflow/dags/driven_data_pipeline.py took 0.318 seconds
[2025-06-28T01:49:49.042+0000] {processor.py:186} INFO - Started process (PID=3706) to work on /opt/airflow/dags/driven_data_pipeline.py
[2025-06-28T01:49:49.043+0000] {processor.py:914} INFO - Processing file /opt/airflow/dags/driven_data_pipeline.py for tasks to queue
[2025-06-28T01:49:49.045+0000] {logging_mixin.py:190} INFO - [2025-06-28T01:49:49.045+0000] {dagbag.py:588} INFO - Filling up the DagBag from /opt/airflow/dags/driven_data_pipeline.py
[2025-06-28T01:49:49.247+0000] {processor.py:925} INFO - DAG(s) 'extract_raw_data_pipeline' retrieved from /opt/airflow/dags/driven_data_pipeline.py
[2025-06-28T01:49:49.271+0000] {logging_mixin.py:190} INFO - [2025-06-28T01:49:49.271+0000] {dag.py:3239} INFO - Sync 1 DAGs
[2025-06-28T01:49:49.293+0000] {logging_mixin.py:190} INFO - [2025-06-28T01:49:49.293+0000] {dag.py:4180} INFO - Setting next_dagrun for extract_raw_data_pipeline to 2025-06-27 07:58:00+00:00, run_after=2025-06-27 07:59:00+00:00
[2025-06-28T01:49:49.331+0000] {processor.py:208} INFO - Processing /opt/airflow/dags/driven_data_pipeline.py took 0.295 seconds
[2025-06-28T01:50:19.719+0000] {processor.py:186} INFO - Started process (PID=3714) to work on /opt/airflow/dags/driven_data_pipeline.py
[2025-06-28T01:50:19.720+0000] {processor.py:914} INFO - Processing file /opt/airflow/dags/driven_data_pipeline.py for tasks to queue
[2025-06-28T01:50:19.723+0000] {logging_mixin.py:190} INFO - [2025-06-28T01:50:19.723+0000] {dagbag.py:588} INFO - Filling up the DagBag from /opt/airflow/dags/driven_data_pipeline.py
[2025-06-28T01:50:19.914+0000] {processor.py:925} INFO - DAG(s) 'extract_raw_data_pipeline' retrieved from /opt/airflow/dags/driven_data_pipeline.py
[2025-06-28T01:50:19.938+0000] {logging_mixin.py:190} INFO - [2025-06-28T01:50:19.937+0000] {dag.py:3239} INFO - Sync 1 DAGs
[2025-06-28T01:50:19.961+0000] {logging_mixin.py:190} INFO - [2025-06-28T01:50:19.960+0000] {dag.py:4180} INFO - Setting next_dagrun for extract_raw_data_pipeline to 2025-06-27 07:58:00+00:00, run_after=2025-06-27 07:59:00+00:00
[2025-06-28T01:50:20.558+0000] {processor.py:208} INFO - Processing /opt/airflow/dags/driven_data_pipeline.py took 0.849 seconds
[2025-06-28T01:50:50.916+0000] {processor.py:186} INFO - Started process (PID=3722) to work on /opt/airflow/dags/driven_data_pipeline.py
[2025-06-28T01:50:50.917+0000] {processor.py:914} INFO - Processing file /opt/airflow/dags/driven_data_pipeline.py for tasks to queue
[2025-06-28T01:50:50.919+0000] {logging_mixin.py:190} INFO - [2025-06-28T01:50:50.918+0000] {dagbag.py:588} INFO - Filling up the DagBag from /opt/airflow/dags/driven_data_pipeline.py
[2025-06-28T01:50:51.093+0000] {processor.py:925} INFO - DAG(s) 'extract_raw_data_pipeline' retrieved from /opt/airflow/dags/driven_data_pipeline.py
[2025-06-28T01:50:51.117+0000] {logging_mixin.py:190} INFO - [2025-06-28T01:50:51.117+0000] {dag.py:3239} INFO - Sync 1 DAGs
[2025-06-28T01:50:51.143+0000] {logging_mixin.py:190} INFO - [2025-06-28T01:50:51.143+0000] {dag.py:4180} INFO - Setting next_dagrun for extract_raw_data_pipeline to 2025-06-27 07:58:00+00:00, run_after=2025-06-27 07:59:00+00:00
[2025-06-28T01:50:52.379+0000] {processor.py:208} INFO - Processing /opt/airflow/dags/driven_data_pipeline.py took 1.469 seconds
[2025-06-28T01:51:22.696+0000] {processor.py:186} INFO - Started process (PID=3730) to work on /opt/airflow/dags/driven_data_pipeline.py
[2025-06-28T01:51:23.296+0000] {processor.py:914} INFO - Processing file /opt/airflow/dags/driven_data_pipeline.py for tasks to queue
[2025-06-28T01:51:23.304+0000] {logging_mixin.py:190} INFO - [2025-06-28T01:51:23.303+0000] {dagbag.py:588} INFO - Filling up the DagBag from /opt/airflow/dags/driven_data_pipeline.py
[2025-06-28T01:51:23.488+0000] {processor.py:925} INFO - DAG(s) 'extract_raw_data_pipeline' retrieved from /opt/airflow/dags/driven_data_pipeline.py
[2025-06-28T01:51:23.522+0000] {logging_mixin.py:190} INFO - [2025-06-28T01:51:23.522+0000] {dag.py:3239} INFO - Sync 1 DAGs
[2025-06-28T01:51:23.544+0000] {logging_mixin.py:190} INFO - [2025-06-28T01:51:23.544+0000] {dag.py:4180} INFO - Setting next_dagrun for extract_raw_data_pipeline to 2025-06-27 07:58:00+00:00, run_after=2025-06-27 07:59:00+00:00
[2025-06-28T01:51:23.588+0000] {processor.py:208} INFO - Processing /opt/airflow/dags/driven_data_pipeline.py took 0.898 seconds
[2025-06-28T01:51:53.877+0000] {processor.py:186} INFO - Started process (PID=3738) to work on /opt/airflow/dags/driven_data_pipeline.py
[2025-06-28T01:51:53.878+0000] {processor.py:914} INFO - Processing file /opt/airflow/dags/driven_data_pipeline.py for tasks to queue
[2025-06-28T01:51:53.880+0000] {logging_mixin.py:190} INFO - [2025-06-28T01:51:53.880+0000] {dagbag.py:588} INFO - Filling up the DagBag from /opt/airflow/dags/driven_data_pipeline.py
[2025-06-28T01:51:54.053+0000] {processor.py:925} INFO - DAG(s) 'extract_raw_data_pipeline' retrieved from /opt/airflow/dags/driven_data_pipeline.py
[2025-06-28T01:51:54.077+0000] {logging_mixin.py:190} INFO - [2025-06-28T01:51:54.077+0000] {dag.py:3239} INFO - Sync 1 DAGs
[2025-06-28T01:51:54.099+0000] {logging_mixin.py:190} INFO - [2025-06-28T01:51:54.099+0000] {dag.py:4180} INFO - Setting next_dagrun for extract_raw_data_pipeline to 2025-06-27 07:58:00+00:00, run_after=2025-06-27 07:59:00+00:00
[2025-06-28T01:51:54.143+0000] {processor.py:208} INFO - Processing /opt/airflow/dags/driven_data_pipeline.py took 0.272 seconds
[2025-06-28T01:52:24.202+0000] {processor.py:186} INFO - Started process (PID=3746) to work on /opt/airflow/dags/driven_data_pipeline.py
[2025-06-28T01:52:24.216+0000] {processor.py:914} INFO - Processing file /opt/airflow/dags/driven_data_pipeline.py for tasks to queue
[2025-06-28T01:52:24.218+0000] {logging_mixin.py:190} INFO - [2025-06-28T01:52:24.218+0000] {dagbag.py:588} INFO - Filling up the DagBag from /opt/airflow/dags/driven_data_pipeline.py
[2025-06-28T01:52:24.402+0000] {processor.py:925} INFO - DAG(s) 'extract_raw_data_pipeline' retrieved from /opt/airflow/dags/driven_data_pipeline.py
[2025-06-28T01:52:24.427+0000] {logging_mixin.py:190} INFO - [2025-06-28T01:52:24.426+0000] {dag.py:3239} INFO - Sync 1 DAGs
[2025-06-28T01:52:24.450+0000] {logging_mixin.py:190} INFO - [2025-06-28T01:52:24.450+0000] {dag.py:4180} INFO - Setting next_dagrun for extract_raw_data_pipeline to 2025-06-27 07:58:00+00:00, run_after=2025-06-27 07:59:00+00:00
[2025-06-28T01:52:24.490+0000] {processor.py:208} INFO - Processing /opt/airflow/dags/driven_data_pipeline.py took 0.295 seconds
[2025-06-28T01:52:54.840+0000] {processor.py:186} INFO - Started process (PID=3754) to work on /opt/airflow/dags/driven_data_pipeline.py
[2025-06-28T01:52:54.841+0000] {processor.py:914} INFO - Processing file /opt/airflow/dags/driven_data_pipeline.py for tasks to queue
[2025-06-28T01:52:54.843+0000] {logging_mixin.py:190} INFO - [2025-06-28T01:52:54.843+0000] {dagbag.py:588} INFO - Filling up the DagBag from /opt/airflow/dags/driven_data_pipeline.py
[2025-06-28T01:52:55.015+0000] {processor.py:925} INFO - DAG(s) 'extract_raw_data_pipeline' retrieved from /opt/airflow/dags/driven_data_pipeline.py
[2025-06-28T01:52:55.039+0000] {logging_mixin.py:190} INFO - [2025-06-28T01:52:55.039+0000] {dag.py:3239} INFO - Sync 1 DAGs
[2025-06-28T01:52:55.062+0000] {logging_mixin.py:190} INFO - [2025-06-28T01:52:55.062+0000] {dag.py:4180} INFO - Setting next_dagrun for extract_raw_data_pipeline to 2025-06-27 07:58:00+00:00, run_after=2025-06-27 07:59:00+00:00
[2025-06-28T01:52:55.103+0000] {processor.py:208} INFO - Processing /opt/airflow/dags/driven_data_pipeline.py took 0.272 seconds
[2025-06-28T01:53:25.148+0000] {processor.py:186} INFO - Started process (PID=3762) to work on /opt/airflow/dags/driven_data_pipeline.py
[2025-06-28T01:53:25.152+0000] {processor.py:914} INFO - Processing file /opt/airflow/dags/driven_data_pipeline.py for tasks to queue
[2025-06-28T01:53:25.154+0000] {logging_mixin.py:190} INFO - [2025-06-28T01:53:25.154+0000] {dagbag.py:588} INFO - Filling up the DagBag from /opt/airflow/dags/driven_data_pipeline.py
[2025-06-28T01:53:25.324+0000] {processor.py:925} INFO - DAG(s) 'extract_raw_data_pipeline' retrieved from /opt/airflow/dags/driven_data_pipeline.py
[2025-06-28T01:53:25.349+0000] {logging_mixin.py:190} INFO - [2025-06-28T01:53:25.348+0000] {dag.py:3239} INFO - Sync 1 DAGs
[2025-06-28T01:53:25.371+0000] {logging_mixin.py:190} INFO - [2025-06-28T01:53:25.370+0000] {dag.py:4180} INFO - Setting next_dagrun for extract_raw_data_pipeline to 2025-06-27 07:58:00+00:00, run_after=2025-06-27 07:59:00+00:00
[2025-06-28T01:53:25.407+0000] {processor.py:208} INFO - Processing /opt/airflow/dags/driven_data_pipeline.py took 0.267 seconds
[2025-06-28T01:53:55.807+0000] {processor.py:186} INFO - Started process (PID=3770) to work on /opt/airflow/dags/driven_data_pipeline.py
[2025-06-28T01:53:55.808+0000] {processor.py:914} INFO - Processing file /opt/airflow/dags/driven_data_pipeline.py for tasks to queue
[2025-06-28T01:53:55.810+0000] {logging_mixin.py:190} INFO - [2025-06-28T01:53:55.810+0000] {dagbag.py:588} INFO - Filling up the DagBag from /opt/airflow/dags/driven_data_pipeline.py
[2025-06-28T01:53:55.980+0000] {processor.py:925} INFO - DAG(s) 'extract_raw_data_pipeline' retrieved from /opt/airflow/dags/driven_data_pipeline.py
[2025-06-28T01:53:56.004+0000] {logging_mixin.py:190} INFO - [2025-06-28T01:53:56.004+0000] {dag.py:3239} INFO - Sync 1 DAGs
[2025-06-28T01:53:56.028+0000] {logging_mixin.py:190} INFO - [2025-06-28T01:53:56.028+0000] {dag.py:4180} INFO - Setting next_dagrun for extract_raw_data_pipeline to 2025-06-27 07:58:00+00:00, run_after=2025-06-27 07:59:00+00:00
[2025-06-28T01:53:56.063+0000] {processor.py:208} INFO - Processing /opt/airflow/dags/driven_data_pipeline.py took 0.263 seconds
[2025-06-28T01:54:26.134+0000] {processor.py:186} INFO - Started process (PID=3778) to work on /opt/airflow/dags/driven_data_pipeline.py
[2025-06-28T01:54:26.135+0000] {processor.py:914} INFO - Processing file /opt/airflow/dags/driven_data_pipeline.py for tasks to queue
[2025-06-28T01:54:26.137+0000] {logging_mixin.py:190} INFO - [2025-06-28T01:54:26.137+0000] {dagbag.py:588} INFO - Filling up the DagBag from /opt/airflow/dags/driven_data_pipeline.py
[2025-06-28T01:54:26.306+0000] {processor.py:925} INFO - DAG(s) 'extract_raw_data_pipeline' retrieved from /opt/airflow/dags/driven_data_pipeline.py
[2025-06-28T01:54:26.331+0000] {logging_mixin.py:190} INFO - [2025-06-28T01:54:26.331+0000] {dag.py:3239} INFO - Sync 1 DAGs
[2025-06-28T01:54:26.361+0000] {logging_mixin.py:190} INFO - [2025-06-28T01:54:26.361+0000] {dag.py:4180} INFO - Setting next_dagrun for extract_raw_data_pipeline to 2025-06-27 07:58:00+00:00, run_after=2025-06-27 07:59:00+00:00
[2025-06-28T01:54:26.394+0000] {processor.py:208} INFO - Processing /opt/airflow/dags/driven_data_pipeline.py took 0.266 seconds
[2025-06-28T01:54:56.670+0000] {processor.py:186} INFO - Started process (PID=3786) to work on /opt/airflow/dags/driven_data_pipeline.py
[2025-06-28T01:54:56.670+0000] {processor.py:914} INFO - Processing file /opt/airflow/dags/driven_data_pipeline.py for tasks to queue
[2025-06-28T01:54:56.672+0000] {logging_mixin.py:190} INFO - [2025-06-28T01:54:56.672+0000] {dagbag.py:588} INFO - Filling up the DagBag from /opt/airflow/dags/driven_data_pipeline.py
[2025-06-28T01:54:56.843+0000] {processor.py:925} INFO - DAG(s) 'extract_raw_data_pipeline' retrieved from /opt/airflow/dags/driven_data_pipeline.py
[2025-06-28T01:54:56.866+0000] {logging_mixin.py:190} INFO - [2025-06-28T01:54:56.866+0000] {dag.py:3239} INFO - Sync 1 DAGs
[2025-06-28T01:54:56.890+0000] {logging_mixin.py:190} INFO - [2025-06-28T01:54:56.890+0000] {dag.py:4180} INFO - Setting next_dagrun for extract_raw_data_pipeline to 2025-06-27 07:58:00+00:00, run_after=2025-06-27 07:59:00+00:00
[2025-06-28T01:54:56.944+0000] {processor.py:208} INFO - Processing /opt/airflow/dags/driven_data_pipeline.py took 0.281 seconds
[2025-06-28T01:55:27.006+0000] {processor.py:186} INFO - Started process (PID=3794) to work on /opt/airflow/dags/driven_data_pipeline.py
[2025-06-28T01:55:27.006+0000] {processor.py:914} INFO - Processing file /opt/airflow/dags/driven_data_pipeline.py for tasks to queue
[2025-06-28T01:55:27.009+0000] {logging_mixin.py:190} INFO - [2025-06-28T01:55:27.008+0000] {dagbag.py:588} INFO - Filling up the DagBag from /opt/airflow/dags/driven_data_pipeline.py
[2025-06-28T01:55:27.191+0000] {processor.py:925} INFO - DAG(s) 'extract_raw_data_pipeline' retrieved from /opt/airflow/dags/driven_data_pipeline.py
[2025-06-28T01:55:27.218+0000] {logging_mixin.py:190} INFO - [2025-06-28T01:55:27.218+0000] {dag.py:3239} INFO - Sync 1 DAGs
[2025-06-28T01:55:27.242+0000] {logging_mixin.py:190} INFO - [2025-06-28T01:55:27.241+0000] {dag.py:4180} INFO - Setting next_dagrun for extract_raw_data_pipeline to 2025-06-27 07:58:00+00:00, run_after=2025-06-27 07:59:00+00:00
[2025-06-28T01:55:28.643+0000] {processor.py:208} INFO - Processing /opt/airflow/dags/driven_data_pipeline.py took 1.644 seconds
[2025-06-28T01:55:58.983+0000] {processor.py:186} INFO - Started process (PID=3802) to work on /opt/airflow/dags/driven_data_pipeline.py
[2025-06-28T01:55:58.984+0000] {processor.py:914} INFO - Processing file /opt/airflow/dags/driven_data_pipeline.py for tasks to queue
[2025-06-28T01:55:58.987+0000] {logging_mixin.py:190} INFO - [2025-06-28T01:55:58.987+0000] {dagbag.py:588} INFO - Filling up the DagBag from /opt/airflow/dags/driven_data_pipeline.py
[2025-06-28T01:55:59.177+0000] {processor.py:925} INFO - DAG(s) 'extract_raw_data_pipeline' retrieved from /opt/airflow/dags/driven_data_pipeline.py
[2025-06-28T01:55:59.208+0000] {logging_mixin.py:190} INFO - [2025-06-28T01:55:59.208+0000] {dag.py:3239} INFO - Sync 1 DAGs
[2025-06-28T01:55:59.233+0000] {logging_mixin.py:190} INFO - [2025-06-28T01:55:59.233+0000] {dag.py:4180} INFO - Setting next_dagrun for extract_raw_data_pipeline to 2025-06-27 07:58:00+00:00, run_after=2025-06-27 07:59:00+00:00
[2025-06-28T01:56:00.050+0000] {processor.py:208} INFO - Processing /opt/airflow/dags/driven_data_pipeline.py took 1.075 seconds
[2025-06-28T01:56:30.329+0000] {processor.py:186} INFO - Started process (PID=3810) to work on /opt/airflow/dags/driven_data_pipeline.py
[2025-06-28T01:56:30.339+0000] {processor.py:914} INFO - Processing file /opt/airflow/dags/driven_data_pipeline.py for tasks to queue
[2025-06-28T01:56:30.350+0000] {logging_mixin.py:190} INFO - [2025-06-28T01:56:30.348+0000] {dagbag.py:588} INFO - Filling up the DagBag from /opt/airflow/dags/driven_data_pipeline.py
[2025-06-28T01:56:30.539+0000] {processor.py:925} INFO - DAG(s) 'extract_raw_data_pipeline' retrieved from /opt/airflow/dags/driven_data_pipeline.py
[2025-06-28T01:56:30.562+0000] {logging_mixin.py:190} INFO - [2025-06-28T01:56:30.562+0000] {dag.py:3239} INFO - Sync 1 DAGs
[2025-06-28T01:56:30.585+0000] {logging_mixin.py:190} INFO - [2025-06-28T01:56:30.584+0000] {dag.py:4180} INFO - Setting next_dagrun for extract_raw_data_pipeline to 2025-06-27 07:58:00+00:00, run_after=2025-06-27 07:59:00+00:00
[2025-06-28T01:56:30.618+0000] {processor.py:208} INFO - Processing /opt/airflow/dags/driven_data_pipeline.py took 0.295 seconds
[2025-06-28T01:57:00.685+0000] {processor.py:186} INFO - Started process (PID=3818) to work on /opt/airflow/dags/driven_data_pipeline.py
[2025-06-28T01:57:00.686+0000] {processor.py:914} INFO - Processing file /opt/airflow/dags/driven_data_pipeline.py for tasks to queue
[2025-06-28T01:57:00.688+0000] {logging_mixin.py:190} INFO - [2025-06-28T01:57:00.687+0000] {dagbag.py:588} INFO - Filling up the DagBag from /opt/airflow/dags/driven_data_pipeline.py
[2025-06-28T01:57:00.858+0000] {processor.py:925} INFO - DAG(s) 'extract_raw_data_pipeline' retrieved from /opt/airflow/dags/driven_data_pipeline.py
[2025-06-28T01:57:00.883+0000] {logging_mixin.py:190} INFO - [2025-06-28T01:57:00.882+0000] {dag.py:3239} INFO - Sync 1 DAGs
[2025-06-28T01:57:00.906+0000] {logging_mixin.py:190} INFO - [2025-06-28T01:57:00.906+0000] {dag.py:4180} INFO - Setting next_dagrun for extract_raw_data_pipeline to 2025-06-27 07:58:00+00:00, run_after=2025-06-27 07:59:00+00:00
[2025-06-28T01:57:00.941+0000] {processor.py:208} INFO - Processing /opt/airflow/dags/driven_data_pipeline.py took 0.262 seconds
[2025-06-28T01:57:31.253+0000] {processor.py:186} INFO - Started process (PID=3826) to work on /opt/airflow/dags/driven_data_pipeline.py
[2025-06-28T01:57:31.281+0000] {processor.py:914} INFO - Processing file /opt/airflow/dags/driven_data_pipeline.py for tasks to queue
[2025-06-28T01:57:31.283+0000] {logging_mixin.py:190} INFO - [2025-06-28T01:57:31.283+0000] {dagbag.py:588} INFO - Filling up the DagBag from /opt/airflow/dags/driven_data_pipeline.py
[2025-06-28T01:57:31.452+0000] {processor.py:925} INFO - DAG(s) 'extract_raw_data_pipeline' retrieved from /opt/airflow/dags/driven_data_pipeline.py
[2025-06-28T01:57:31.477+0000] {logging_mixin.py:190} INFO - [2025-06-28T01:57:31.477+0000] {dag.py:3239} INFO - Sync 1 DAGs
[2025-06-28T01:57:31.499+0000] {logging_mixin.py:190} INFO - [2025-06-28T01:57:31.499+0000] {dag.py:4180} INFO - Setting next_dagrun for extract_raw_data_pipeline to 2025-06-27 07:58:00+00:00, run_after=2025-06-27 07:59:00+00:00
[2025-06-28T01:57:31.533+0000] {processor.py:208} INFO - Processing /opt/airflow/dags/driven_data_pipeline.py took 0.291 seconds
[2025-06-28T01:58:01.878+0000] {processor.py:186} INFO - Started process (PID=3834) to work on /opt/airflow/dags/driven_data_pipeline.py
[2025-06-28T01:58:01.880+0000] {processor.py:914} INFO - Processing file /opt/airflow/dags/driven_data_pipeline.py for tasks to queue
[2025-06-28T01:58:01.885+0000] {logging_mixin.py:190} INFO - [2025-06-28T01:58:01.884+0000] {dagbag.py:588} INFO - Filling up the DagBag from /opt/airflow/dags/driven_data_pipeline.py
[2025-06-28T01:58:02.062+0000] {processor.py:925} INFO - DAG(s) 'extract_raw_data_pipeline' retrieved from /opt/airflow/dags/driven_data_pipeline.py
[2025-06-28T01:58:02.086+0000] {logging_mixin.py:190} INFO - [2025-06-28T01:58:02.086+0000] {dag.py:3239} INFO - Sync 1 DAGs
[2025-06-28T01:58:02.108+0000] {logging_mixin.py:190} INFO - [2025-06-28T01:58:02.108+0000] {dag.py:4180} INFO - Setting next_dagrun for extract_raw_data_pipeline to 2025-06-27 07:58:00+00:00, run_after=2025-06-27 07:59:00+00:00
[2025-06-28T01:58:02.144+0000] {processor.py:208} INFO - Processing /opt/airflow/dags/driven_data_pipeline.py took 0.280 seconds
[2025-06-28T01:58:32.503+0000] {processor.py:186} INFO - Started process (PID=3842) to work on /opt/airflow/dags/driven_data_pipeline.py
[2025-06-28T01:58:32.635+0000] {processor.py:914} INFO - Processing file /opt/airflow/dags/driven_data_pipeline.py for tasks to queue
[2025-06-28T01:58:32.643+0000] {logging_mixin.py:190} INFO - [2025-06-28T01:58:32.642+0000] {dagbag.py:588} INFO - Filling up the DagBag from /opt/airflow/dags/driven_data_pipeline.py
[2025-06-28T01:58:32.840+0000] {processor.py:925} INFO - DAG(s) 'extract_raw_data_pipeline' retrieved from /opt/airflow/dags/driven_data_pipeline.py
[2025-06-28T01:58:32.864+0000] {logging_mixin.py:190} INFO - [2025-06-28T01:58:32.864+0000] {dag.py:3239} INFO - Sync 1 DAGs
[2025-06-28T01:58:32.886+0000] {logging_mixin.py:190} INFO - [2025-06-28T01:58:32.886+0000] {dag.py:4180} INFO - Setting next_dagrun for extract_raw_data_pipeline to 2025-06-27 07:58:00+00:00, run_after=2025-06-27 07:59:00+00:00
[2025-06-28T01:58:32.924+0000] {processor.py:208} INFO - Processing /opt/airflow/dags/driven_data_pipeline.py took 0.436 seconds
[2025-06-28T01:59:03.290+0000] {processor.py:186} INFO - Started process (PID=3850) to work on /opt/airflow/dags/driven_data_pipeline.py
[2025-06-28T01:59:03.290+0000] {processor.py:914} INFO - Processing file /opt/airflow/dags/driven_data_pipeline.py for tasks to queue
[2025-06-28T01:59:03.293+0000] {logging_mixin.py:190} INFO - [2025-06-28T01:59:03.292+0000] {dagbag.py:588} INFO - Filling up the DagBag from /opt/airflow/dags/driven_data_pipeline.py
[2025-06-28T01:59:03.472+0000] {processor.py:925} INFO - DAG(s) 'extract_raw_data_pipeline' retrieved from /opt/airflow/dags/driven_data_pipeline.py
[2025-06-28T01:59:03.507+0000] {logging_mixin.py:190} INFO - [2025-06-28T01:59:03.506+0000] {dag.py:3239} INFO - Sync 1 DAGs
[2025-06-28T01:59:03.540+0000] {logging_mixin.py:190} INFO - [2025-06-28T01:59:03.539+0000] {dag.py:4180} INFO - Setting next_dagrun for extract_raw_data_pipeline to 2025-06-27 07:58:00+00:00, run_after=2025-06-27 07:59:00+00:00
[2025-06-28T01:59:03.577+0000] {processor.py:208} INFO - Processing /opt/airflow/dags/driven_data_pipeline.py took 0.295 seconds
[2025-06-28T01:59:33.644+0000] {processor.py:186} INFO - Started process (PID=3858) to work on /opt/airflow/dags/driven_data_pipeline.py
[2025-06-28T01:59:33.650+0000] {processor.py:914} INFO - Processing file /opt/airflow/dags/driven_data_pipeline.py for tasks to queue
[2025-06-28T01:59:33.654+0000] {logging_mixin.py:190} INFO - [2025-06-28T01:59:33.653+0000] {dagbag.py:588} INFO - Filling up the DagBag from /opt/airflow/dags/driven_data_pipeline.py
[2025-06-28T01:59:33.829+0000] {processor.py:925} INFO - DAG(s) 'extract_raw_data_pipeline' retrieved from /opt/airflow/dags/driven_data_pipeline.py
[2025-06-28T01:59:33.855+0000] {logging_mixin.py:190} INFO - [2025-06-28T01:59:33.855+0000] {dag.py:3239} INFO - Sync 1 DAGs
[2025-06-28T01:59:33.883+0000] {logging_mixin.py:190} INFO - [2025-06-28T01:59:33.882+0000] {dag.py:4180} INFO - Setting next_dagrun for extract_raw_data_pipeline to 2025-06-27 07:58:00+00:00, run_after=2025-06-27 07:59:00+00:00
[2025-06-28T01:59:35.047+0000] {processor.py:208} INFO - Processing /opt/airflow/dags/driven_data_pipeline.py took 1.413 seconds
[2025-06-28T02:00:05.242+0000] {processor.py:186} INFO - Started process (PID=3872) to work on /opt/airflow/dags/driven_data_pipeline.py
[2025-06-28T02:00:05.243+0000] {processor.py:914} INFO - Processing file /opt/airflow/dags/driven_data_pipeline.py for tasks to queue
[2025-06-28T02:00:05.246+0000] {logging_mixin.py:190} INFO - [2025-06-28T02:00:05.246+0000] {dagbag.py:588} INFO - Filling up the DagBag from /opt/airflow/dags/driven_data_pipeline.py
[2025-06-28T02:00:05.421+0000] {processor.py:925} INFO - DAG(s) 'extract_raw_data_pipeline' retrieved from /opt/airflow/dags/driven_data_pipeline.py
[2025-06-28T02:00:05.445+0000] {logging_mixin.py:190} INFO - [2025-06-28T02:00:05.445+0000] {dag.py:3239} INFO - Sync 1 DAGs
[2025-06-28T02:00:05.469+0000] {logging_mixin.py:190} INFO - [2025-06-28T02:00:05.468+0000] {dag.py:4180} INFO - Setting next_dagrun for extract_raw_data_pipeline to 2025-06-27 07:58:00+00:00, run_after=2025-06-27 07:59:00+00:00
[2025-06-28T02:00:05.509+0000] {processor.py:208} INFO - Processing /opt/airflow/dags/driven_data_pipeline.py took 0.275 seconds
[2025-06-28T02:00:35.746+0000] {processor.py:186} INFO - Started process (PID=3880) to work on /opt/airflow/dags/driven_data_pipeline.py
[2025-06-28T02:00:35.753+0000] {processor.py:914} INFO - Processing file /opt/airflow/dags/driven_data_pipeline.py for tasks to queue
[2025-06-28T02:00:35.757+0000] {logging_mixin.py:190} INFO - [2025-06-28T02:00:35.756+0000] {dagbag.py:588} INFO - Filling up the DagBag from /opt/airflow/dags/driven_data_pipeline.py
[2025-06-28T02:00:35.936+0000] {processor.py:925} INFO - DAG(s) 'extract_raw_data_pipeline' retrieved from /opt/airflow/dags/driven_data_pipeline.py
[2025-06-28T02:00:35.960+0000] {logging_mixin.py:190} INFO - [2025-06-28T02:00:35.960+0000] {dag.py:3239} INFO - Sync 1 DAGs
[2025-06-28T02:00:35.982+0000] {logging_mixin.py:190} INFO - [2025-06-28T02:00:35.981+0000] {dag.py:4180} INFO - Setting next_dagrun for extract_raw_data_pipeline to 2025-06-27 07:58:00+00:00, run_after=2025-06-27 07:59:00+00:00
[2025-06-28T02:00:36.015+0000] {processor.py:208} INFO - Processing /opt/airflow/dags/driven_data_pipeline.py took 0.282 seconds
[2025-06-28T02:01:06.152+0000] {processor.py:186} INFO - Started process (PID=3888) to work on /opt/airflow/dags/driven_data_pipeline.py
[2025-06-28T02:01:06.154+0000] {processor.py:914} INFO - Processing file /opt/airflow/dags/driven_data_pipeline.py for tasks to queue
[2025-06-28T02:01:06.158+0000] {logging_mixin.py:190} INFO - [2025-06-28T02:01:06.157+0000] {dagbag.py:588} INFO - Filling up the DagBag from /opt/airflow/dags/driven_data_pipeline.py
[2025-06-28T02:01:06.336+0000] {processor.py:925} INFO - DAG(s) 'extract_raw_data_pipeline' retrieved from /opt/airflow/dags/driven_data_pipeline.py
[2025-06-28T02:01:06.360+0000] {logging_mixin.py:190} INFO - [2025-06-28T02:01:06.360+0000] {dag.py:3239} INFO - Sync 1 DAGs
[2025-06-28T02:01:06.383+0000] {logging_mixin.py:190} INFO - [2025-06-28T02:01:06.383+0000] {dag.py:4180} INFO - Setting next_dagrun for extract_raw_data_pipeline to 2025-06-27 07:58:00+00:00, run_after=2025-06-27 07:59:00+00:00
[2025-06-28T02:01:06.422+0000] {processor.py:208} INFO - Processing /opt/airflow/dags/driven_data_pipeline.py took 0.282 seconds
[2025-06-28T02:01:36.643+0000] {processor.py:186} INFO - Started process (PID=3896) to work on /opt/airflow/dags/driven_data_pipeline.py
[2025-06-28T02:01:36.653+0000] {processor.py:914} INFO - Processing file /opt/airflow/dags/driven_data_pipeline.py for tasks to queue
[2025-06-28T02:01:36.655+0000] {logging_mixin.py:190} INFO - [2025-06-28T02:01:36.655+0000] {dagbag.py:588} INFO - Filling up the DagBag from /opt/airflow/dags/driven_data_pipeline.py
[2025-06-28T02:01:36.825+0000] {processor.py:925} INFO - DAG(s) 'extract_raw_data_pipeline' retrieved from /opt/airflow/dags/driven_data_pipeline.py
[2025-06-28T02:01:36.849+0000] {logging_mixin.py:190} INFO - [2025-06-28T02:01:36.849+0000] {dag.py:3239} INFO - Sync 1 DAGs
[2025-06-28T02:01:36.872+0000] {logging_mixin.py:190} INFO - [2025-06-28T02:01:36.871+0000] {dag.py:4180} INFO - Setting next_dagrun for extract_raw_data_pipeline to 2025-06-27 07:58:00+00:00, run_after=2025-06-27 07:59:00+00:00
[2025-06-28T02:01:36.913+0000] {processor.py:208} INFO - Processing /opt/airflow/dags/driven_data_pipeline.py took 0.276 seconds
[2025-06-28T02:02:07.058+0000] {processor.py:186} INFO - Started process (PID=3904) to work on /opt/airflow/dags/driven_data_pipeline.py
[2025-06-28T02:02:07.058+0000] {processor.py:914} INFO - Processing file /opt/airflow/dags/driven_data_pipeline.py for tasks to queue
[2025-06-28T02:02:07.061+0000] {logging_mixin.py:190} INFO - [2025-06-28T02:02:07.060+0000] {dagbag.py:588} INFO - Filling up the DagBag from /opt/airflow/dags/driven_data_pipeline.py
[2025-06-28T02:02:07.266+0000] {processor.py:925} INFO - DAG(s) 'extract_raw_data_pipeline' retrieved from /opt/airflow/dags/driven_data_pipeline.py
[2025-06-28T02:02:07.295+0000] {logging_mixin.py:190} INFO - [2025-06-28T02:02:07.295+0000] {dag.py:3239} INFO - Sync 1 DAGs
[2025-06-28T02:02:07.325+0000] {logging_mixin.py:190} INFO - [2025-06-28T02:02:07.325+0000] {dag.py:4180} INFO - Setting next_dagrun for extract_raw_data_pipeline to 2025-06-27 07:58:00+00:00, run_after=2025-06-27 07:59:00+00:00
[2025-06-28T02:02:07.358+0000] {processor.py:208} INFO - Processing /opt/airflow/dags/driven_data_pipeline.py took 0.307 seconds
[2025-06-28T02:02:37.555+0000] {processor.py:186} INFO - Started process (PID=3912) to work on /opt/airflow/dags/driven_data_pipeline.py
[2025-06-28T02:02:37.565+0000] {processor.py:914} INFO - Processing file /opt/airflow/dags/driven_data_pipeline.py for tasks to queue
[2025-06-28T02:02:37.568+0000] {logging_mixin.py:190} INFO - [2025-06-28T02:02:37.567+0000] {dagbag.py:588} INFO - Filling up the DagBag from /opt/airflow/dags/driven_data_pipeline.py
[2025-06-28T02:02:37.744+0000] {processor.py:925} INFO - DAG(s) 'extract_raw_data_pipeline' retrieved from /opt/airflow/dags/driven_data_pipeline.py
[2025-06-28T02:02:37.768+0000] {logging_mixin.py:190} INFO - [2025-06-28T02:02:37.768+0000] {dag.py:3239} INFO - Sync 1 DAGs
[2025-06-28T02:02:37.790+0000] {logging_mixin.py:190} INFO - [2025-06-28T02:02:37.790+0000] {dag.py:4180} INFO - Setting next_dagrun for extract_raw_data_pipeline to 2025-06-27 07:58:00+00:00, run_after=2025-06-27 07:59:00+00:00
[2025-06-28T02:02:37.831+0000] {processor.py:208} INFO - Processing /opt/airflow/dags/driven_data_pipeline.py took 0.283 seconds
[2025-06-28T02:03:07.938+0000] {processor.py:186} INFO - Started process (PID=3920) to work on /opt/airflow/dags/driven_data_pipeline.py
[2025-06-28T02:03:07.939+0000] {processor.py:914} INFO - Processing file /opt/airflow/dags/driven_data_pipeline.py for tasks to queue
[2025-06-28T02:03:07.941+0000] {logging_mixin.py:190} INFO - [2025-06-28T02:03:07.940+0000] {dagbag.py:588} INFO - Filling up the DagBag from /opt/airflow/dags/driven_data_pipeline.py
[2025-06-28T02:03:08.111+0000] {processor.py:925} INFO - DAG(s) 'extract_raw_data_pipeline' retrieved from /opt/airflow/dags/driven_data_pipeline.py
[2025-06-28T02:03:08.138+0000] {logging_mixin.py:190} INFO - [2025-06-28T02:03:08.137+0000] {dag.py:3239} INFO - Sync 1 DAGs
[2025-06-28T02:03:08.161+0000] {logging_mixin.py:190} INFO - [2025-06-28T02:03:08.161+0000] {dag.py:4180} INFO - Setting next_dagrun for extract_raw_data_pipeline to 2025-06-27 07:58:00+00:00, run_after=2025-06-27 07:59:00+00:00
[2025-06-28T02:03:08.215+0000] {processor.py:208} INFO - Processing /opt/airflow/dags/driven_data_pipeline.py took 0.285 seconds
[2025-06-28T02:03:38.459+0000] {processor.py:186} INFO - Started process (PID=3928) to work on /opt/airflow/dags/driven_data_pipeline.py
[2025-06-28T02:03:38.473+0000] {processor.py:914} INFO - Processing file /opt/airflow/dags/driven_data_pipeline.py for tasks to queue
[2025-06-28T02:03:38.476+0000] {logging_mixin.py:190} INFO - [2025-06-28T02:03:38.475+0000] {dagbag.py:588} INFO - Filling up the DagBag from /opt/airflow/dags/driven_data_pipeline.py
[2025-06-28T02:03:38.647+0000] {processor.py:925} INFO - DAG(s) 'extract_raw_data_pipeline' retrieved from /opt/airflow/dags/driven_data_pipeline.py
[2025-06-28T02:03:38.672+0000] {logging_mixin.py:190} INFO - [2025-06-28T02:03:38.671+0000] {dag.py:3239} INFO - Sync 1 DAGs
[2025-06-28T02:03:38.694+0000] {logging_mixin.py:190} INFO - [2025-06-28T02:03:38.693+0000] {dag.py:4180} INFO - Setting next_dagrun for extract_raw_data_pipeline to 2025-06-27 07:58:00+00:00, run_after=2025-06-27 07:59:00+00:00
[2025-06-28T02:03:38.734+0000] {processor.py:208} INFO - Processing /opt/airflow/dags/driven_data_pipeline.py took 0.282 seconds
[2025-06-28T02:04:08.894+0000] {processor.py:186} INFO - Started process (PID=3936) to work on /opt/airflow/dags/driven_data_pipeline.py
[2025-06-28T02:04:08.895+0000] {processor.py:914} INFO - Processing file /opt/airflow/dags/driven_data_pipeline.py for tasks to queue
[2025-06-28T02:04:08.900+0000] {logging_mixin.py:190} INFO - [2025-06-28T02:04:08.899+0000] {dagbag.py:588} INFO - Filling up the DagBag from /opt/airflow/dags/driven_data_pipeline.py
[2025-06-28T02:04:09.079+0000] {processor.py:925} INFO - DAG(s) 'extract_raw_data_pipeline' retrieved from /opt/airflow/dags/driven_data_pipeline.py
[2025-06-28T02:04:09.102+0000] {logging_mixin.py:190} INFO - [2025-06-28T02:04:09.102+0000] {dag.py:3239} INFO - Sync 1 DAGs
[2025-06-28T02:04:09.124+0000] {logging_mixin.py:190} INFO - [2025-06-28T02:04:09.123+0000] {dag.py:4180} INFO - Setting next_dagrun for extract_raw_data_pipeline to 2025-06-27 07:58:00+00:00, run_after=2025-06-27 07:59:00+00:00
[2025-06-28T02:04:09.158+0000] {processor.py:208} INFO - Processing /opt/airflow/dags/driven_data_pipeline.py took 0.277 seconds
[2025-06-28T02:04:39.360+0000] {processor.py:186} INFO - Started process (PID=3944) to work on /opt/airflow/dags/driven_data_pipeline.py
[2025-06-28T02:04:39.364+0000] {processor.py:914} INFO - Processing file /opt/airflow/dags/driven_data_pipeline.py for tasks to queue
[2025-06-28T02:04:39.367+0000] {logging_mixin.py:190} INFO - [2025-06-28T02:04:39.367+0000] {dagbag.py:588} INFO - Filling up the DagBag from /opt/airflow/dags/driven_data_pipeline.py
[2025-06-28T02:04:39.554+0000] {processor.py:925} INFO - DAG(s) 'extract_raw_data_pipeline' retrieved from /opt/airflow/dags/driven_data_pipeline.py
[2025-06-28T02:04:39.578+0000] {logging_mixin.py:190} INFO - [2025-06-28T02:04:39.578+0000] {dag.py:3239} INFO - Sync 1 DAGs
[2025-06-28T02:04:39.600+0000] {logging_mixin.py:190} INFO - [2025-06-28T02:04:39.600+0000] {dag.py:4180} INFO - Setting next_dagrun for extract_raw_data_pipeline to 2025-06-27 07:58:00+00:00, run_after=2025-06-27 07:59:00+00:00
[2025-06-28T02:04:39.653+0000] {processor.py:208} INFO - Processing /opt/airflow/dags/driven_data_pipeline.py took 0.299 seconds
[2025-06-28T02:05:09.830+0000] {processor.py:186} INFO - Started process (PID=3952) to work on /opt/airflow/dags/driven_data_pipeline.py
[2025-06-28T02:05:09.830+0000] {processor.py:914} INFO - Processing file /opt/airflow/dags/driven_data_pipeline.py for tasks to queue
[2025-06-28T02:05:09.833+0000] {logging_mixin.py:190} INFO - [2025-06-28T02:05:09.832+0000] {dagbag.py:588} INFO - Filling up the DagBag from /opt/airflow/dags/driven_data_pipeline.py
[2025-06-28T02:05:10.003+0000] {processor.py:925} INFO - DAG(s) 'extract_raw_data_pipeline' retrieved from /opt/airflow/dags/driven_data_pipeline.py
[2025-06-28T02:05:10.027+0000] {logging_mixin.py:190} INFO - [2025-06-28T02:05:10.027+0000] {dag.py:3239} INFO - Sync 1 DAGs
[2025-06-28T02:05:10.051+0000] {logging_mixin.py:190} INFO - [2025-06-28T02:05:10.050+0000] {dag.py:4180} INFO - Setting next_dagrun for extract_raw_data_pipeline to 2025-06-27 07:58:00+00:00, run_after=2025-06-27 07:59:00+00:00
[2025-06-28T02:05:10.097+0000] {processor.py:208} INFO - Processing /opt/airflow/dags/driven_data_pipeline.py took 0.273 seconds
[2025-06-28T02:05:40.288+0000] {processor.py:186} INFO - Started process (PID=3960) to work on /opt/airflow/dags/driven_data_pipeline.py
[2025-06-28T02:05:40.299+0000] {processor.py:914} INFO - Processing file /opt/airflow/dags/driven_data_pipeline.py for tasks to queue
[2025-06-28T02:05:40.302+0000] {logging_mixin.py:190} INFO - [2025-06-28T02:05:40.301+0000] {dagbag.py:588} INFO - Filling up the DagBag from /opt/airflow/dags/driven_data_pipeline.py
[2025-06-28T02:05:40.488+0000] {processor.py:925} INFO - DAG(s) 'extract_raw_data_pipeline' retrieved from /opt/airflow/dags/driven_data_pipeline.py
[2025-06-28T02:05:40.514+0000] {logging_mixin.py:190} INFO - [2025-06-28T02:05:40.514+0000] {dag.py:3239} INFO - Sync 1 DAGs
[2025-06-28T02:05:40.537+0000] {logging_mixin.py:190} INFO - [2025-06-28T02:05:40.537+0000] {dag.py:4180} INFO - Setting next_dagrun for extract_raw_data_pipeline to 2025-06-27 07:58:00+00:00, run_after=2025-06-27 07:59:00+00:00
[2025-06-28T02:05:40.578+0000] {processor.py:208} INFO - Processing /opt/airflow/dags/driven_data_pipeline.py took 0.297 seconds
[2025-06-28T02:06:10.841+0000] {processor.py:186} INFO - Started process (PID=3968) to work on /opt/airflow/dags/driven_data_pipeline.py
[2025-06-28T02:06:10.842+0000] {processor.py:914} INFO - Processing file /opt/airflow/dags/driven_data_pipeline.py for tasks to queue
[2025-06-28T02:06:10.846+0000] {logging_mixin.py:190} INFO - [2025-06-28T02:06:10.846+0000] {dagbag.py:588} INFO - Filling up the DagBag from /opt/airflow/dags/driven_data_pipeline.py
[2025-06-28T02:06:11.023+0000] {processor.py:925} INFO - DAG(s) 'extract_raw_data_pipeline' retrieved from /opt/airflow/dags/driven_data_pipeline.py
[2025-06-28T02:06:11.047+0000] {logging_mixin.py:190} INFO - [2025-06-28T02:06:11.047+0000] {dag.py:3239} INFO - Sync 1 DAGs
[2025-06-28T02:06:11.069+0000] {logging_mixin.py:190} INFO - [2025-06-28T02:06:11.069+0000] {dag.py:4180} INFO - Setting next_dagrun for extract_raw_data_pipeline to 2025-06-27 07:58:00+00:00, run_after=2025-06-27 07:59:00+00:00
[2025-06-28T02:06:11.100+0000] {processor.py:208} INFO - Processing /opt/airflow/dags/driven_data_pipeline.py took 0.273 seconds
[2025-06-28T02:06:41.246+0000] {processor.py:186} INFO - Started process (PID=3975) to work on /opt/airflow/dags/driven_data_pipeline.py
[2025-06-28T02:06:41.249+0000] {processor.py:914} INFO - Processing file /opt/airflow/dags/driven_data_pipeline.py for tasks to queue
[2025-06-28T02:06:41.254+0000] {logging_mixin.py:190} INFO - [2025-06-28T02:06:41.253+0000] {dagbag.py:588} INFO - Filling up the DagBag from /opt/airflow/dags/driven_data_pipeline.py
[2025-06-28T02:06:41.430+0000] {processor.py:925} INFO - DAG(s) 'extract_raw_data_pipeline' retrieved from /opt/airflow/dags/driven_data_pipeline.py
[2025-06-28T02:06:41.454+0000] {logging_mixin.py:190} INFO - [2025-06-28T02:06:41.453+0000] {dag.py:3239} INFO - Sync 1 DAGs
[2025-06-28T02:06:41.476+0000] {logging_mixin.py:190} INFO - [2025-06-28T02:06:41.475+0000] {dag.py:4180} INFO - Setting next_dagrun for extract_raw_data_pipeline to 2025-06-27 07:58:00+00:00, run_after=2025-06-27 07:59:00+00:00
[2025-06-28T02:06:41.512+0000] {processor.py:208} INFO - Processing /opt/airflow/dags/driven_data_pipeline.py took 0.278 seconds
[2025-06-28T02:07:11.750+0000] {processor.py:186} INFO - Started process (PID=3983) to work on /opt/airflow/dags/driven_data_pipeline.py
[2025-06-28T02:07:11.750+0000] {processor.py:914} INFO - Processing file /opt/airflow/dags/driven_data_pipeline.py for tasks to queue
[2025-06-28T02:07:11.752+0000] {logging_mixin.py:190} INFO - [2025-06-28T02:07:11.752+0000] {dagbag.py:588} INFO - Filling up the DagBag from /opt/airflow/dags/driven_data_pipeline.py
[2025-06-28T02:07:11.927+0000] {processor.py:925} INFO - DAG(s) 'extract_raw_data_pipeline' retrieved from /opt/airflow/dags/driven_data_pipeline.py
[2025-06-28T02:07:11.951+0000] {logging_mixin.py:190} INFO - [2025-06-28T02:07:11.951+0000] {dag.py:3239} INFO - Sync 1 DAGs
[2025-06-28T02:07:11.974+0000] {logging_mixin.py:190} INFO - [2025-06-28T02:07:11.974+0000] {dag.py:4180} INFO - Setting next_dagrun for extract_raw_data_pipeline to 2025-06-27 07:58:00+00:00, run_after=2025-06-27 07:59:00+00:00
[2025-06-28T02:07:12.004+0000] {processor.py:208} INFO - Processing /opt/airflow/dags/driven_data_pipeline.py took 0.260 seconds
[2025-06-28T02:07:42.189+0000] {processor.py:186} INFO - Started process (PID=3991) to work on /opt/airflow/dags/driven_data_pipeline.py
[2025-06-28T02:07:42.199+0000] {processor.py:914} INFO - Processing file /opt/airflow/dags/driven_data_pipeline.py for tasks to queue
[2025-06-28T02:07:42.201+0000] {logging_mixin.py:190} INFO - [2025-06-28T02:07:42.201+0000] {dagbag.py:588} INFO - Filling up the DagBag from /opt/airflow/dags/driven_data_pipeline.py
[2025-06-28T02:07:42.399+0000] {processor.py:925} INFO - DAG(s) 'extract_raw_data_pipeline' retrieved from /opt/airflow/dags/driven_data_pipeline.py
[2025-06-28T02:07:42.429+0000] {logging_mixin.py:190} INFO - [2025-06-28T02:07:42.429+0000] {dag.py:3239} INFO - Sync 1 DAGs
[2025-06-28T02:07:42.457+0000] {logging_mixin.py:190} INFO - [2025-06-28T02:07:42.457+0000] {dag.py:4180} INFO - Setting next_dagrun for extract_raw_data_pipeline to 2025-06-27 07:58:00+00:00, run_after=2025-06-27 07:59:00+00:00
[2025-06-28T02:07:42.494+0000] {processor.py:208} INFO - Processing /opt/airflow/dags/driven_data_pipeline.py took 0.312 seconds
[2025-06-28T02:08:12.651+0000] {processor.py:186} INFO - Started process (PID=3999) to work on /opt/airflow/dags/driven_data_pipeline.py
[2025-06-28T02:08:12.652+0000] {processor.py:914} INFO - Processing file /opt/airflow/dags/driven_data_pipeline.py for tasks to queue
[2025-06-28T02:08:12.654+0000] {logging_mixin.py:190} INFO - [2025-06-28T02:08:12.654+0000] {dagbag.py:588} INFO - Filling up the DagBag from /opt/airflow/dags/driven_data_pipeline.py
[2025-06-28T02:08:12.834+0000] {processor.py:925} INFO - DAG(s) 'extract_raw_data_pipeline' retrieved from /opt/airflow/dags/driven_data_pipeline.py
[2025-06-28T02:08:12.860+0000] {logging_mixin.py:190} INFO - [2025-06-28T02:08:12.859+0000] {dag.py:3239} INFO - Sync 1 DAGs
[2025-06-28T02:08:12.886+0000] {logging_mixin.py:190} INFO - [2025-06-28T02:08:12.886+0000] {dag.py:4180} INFO - Setting next_dagrun for extract_raw_data_pipeline to 2025-06-27 07:58:00+00:00, run_after=2025-06-27 07:59:00+00:00
[2025-06-28T02:08:12.921+0000] {processor.py:208} INFO - Processing /opt/airflow/dags/driven_data_pipeline.py took 0.279 seconds
[2025-06-28T02:08:43.202+0000] {processor.py:186} INFO - Started process (PID=4007) to work on /opt/airflow/dags/driven_data_pipeline.py
[2025-06-28T02:08:43.224+0000] {processor.py:914} INFO - Processing file /opt/airflow/dags/driven_data_pipeline.py for tasks to queue
[2025-06-28T02:08:43.226+0000] {logging_mixin.py:190} INFO - [2025-06-28T02:08:43.226+0000] {dagbag.py:588} INFO - Filling up the DagBag from /opt/airflow/dags/driven_data_pipeline.py
[2025-06-28T02:08:43.399+0000] {processor.py:925} INFO - DAG(s) 'extract_raw_data_pipeline' retrieved from /opt/airflow/dags/driven_data_pipeline.py
[2025-06-28T02:08:43.423+0000] {logging_mixin.py:190} INFO - [2025-06-28T02:08:43.423+0000] {dag.py:3239} INFO - Sync 1 DAGs
[2025-06-28T02:08:43.445+0000] {logging_mixin.py:190} INFO - [2025-06-28T02:08:43.445+0000] {dag.py:4180} INFO - Setting next_dagrun for extract_raw_data_pipeline to 2025-06-27 07:58:00+00:00, run_after=2025-06-27 07:59:00+00:00
[2025-06-28T02:08:43.485+0000] {processor.py:208} INFO - Processing /opt/airflow/dags/driven_data_pipeline.py took 0.290 seconds
[2025-06-28T02:09:13.636+0000] {processor.py:186} INFO - Started process (PID=4015) to work on /opt/airflow/dags/driven_data_pipeline.py
[2025-06-28T02:09:13.636+0000] {processor.py:914} INFO - Processing file /opt/airflow/dags/driven_data_pipeline.py for tasks to queue
[2025-06-28T02:09:13.638+0000] {logging_mixin.py:190} INFO - [2025-06-28T02:09:13.638+0000] {dagbag.py:588} INFO - Filling up the DagBag from /opt/airflow/dags/driven_data_pipeline.py
[2025-06-28T02:09:13.812+0000] {processor.py:925} INFO - DAG(s) 'extract_raw_data_pipeline' retrieved from /opt/airflow/dags/driven_data_pipeline.py
[2025-06-28T02:09:13.836+0000] {logging_mixin.py:190} INFO - [2025-06-28T02:09:13.835+0000] {dag.py:3239} INFO - Sync 1 DAGs
[2025-06-28T02:09:13.859+0000] {logging_mixin.py:190} INFO - [2025-06-28T02:09:13.859+0000] {dag.py:4180} INFO - Setting next_dagrun for extract_raw_data_pipeline to 2025-06-27 07:58:00+00:00, run_after=2025-06-27 07:59:00+00:00
[2025-06-28T02:09:13.893+0000] {processor.py:208} INFO - Processing /opt/airflow/dags/driven_data_pipeline.py took 0.264 seconds
[2025-06-28T02:09:44.139+0000] {processor.py:186} INFO - Started process (PID=4023) to work on /opt/airflow/dags/driven_data_pipeline.py
[2025-06-28T02:09:44.179+0000] {processor.py:914} INFO - Processing file /opt/airflow/dags/driven_data_pipeline.py for tasks to queue
[2025-06-28T02:09:44.182+0000] {logging_mixin.py:190} INFO - [2025-06-28T02:09:44.182+0000] {dagbag.py:588} INFO - Filling up the DagBag from /opt/airflow/dags/driven_data_pipeline.py
[2025-06-28T02:09:44.372+0000] {processor.py:925} INFO - DAG(s) 'extract_raw_data_pipeline' retrieved from /opt/airflow/dags/driven_data_pipeline.py
[2025-06-28T02:09:44.396+0000] {logging_mixin.py:190} INFO - [2025-06-28T02:09:44.396+0000] {dag.py:3239} INFO - Sync 1 DAGs
[2025-06-28T02:09:44.418+0000] {logging_mixin.py:190} INFO - [2025-06-28T02:09:44.418+0000] {dag.py:4180} INFO - Setting next_dagrun for extract_raw_data_pipeline to 2025-06-27 07:58:00+00:00, run_after=2025-06-27 07:59:00+00:00
[2025-06-28T02:09:44.456+0000] {processor.py:208} INFO - Processing /opt/airflow/dags/driven_data_pipeline.py took 0.330 seconds
[2025-06-28T02:10:14.566+0000] {processor.py:186} INFO - Started process (PID=4031) to work on /opt/airflow/dags/driven_data_pipeline.py
[2025-06-28T02:10:14.567+0000] {processor.py:914} INFO - Processing file /opt/airflow/dags/driven_data_pipeline.py for tasks to queue
[2025-06-28T02:10:14.571+0000] {logging_mixin.py:190} INFO - [2025-06-28T02:10:14.570+0000] {dagbag.py:588} INFO - Filling up the DagBag from /opt/airflow/dags/driven_data_pipeline.py
[2025-06-28T02:10:14.752+0000] {processor.py:925} INFO - DAG(s) 'extract_raw_data_pipeline' retrieved from /opt/airflow/dags/driven_data_pipeline.py
[2025-06-28T02:10:14.777+0000] {logging_mixin.py:190} INFO - [2025-06-28T02:10:14.776+0000] {dag.py:3239} INFO - Sync 1 DAGs
[2025-06-28T02:10:14.799+0000] {logging_mixin.py:190} INFO - [2025-06-28T02:10:14.798+0000] {dag.py:4180} INFO - Setting next_dagrun for extract_raw_data_pipeline to 2025-06-27 07:58:00+00:00, run_after=2025-06-27 07:59:00+00:00
[2025-06-28T02:10:14.833+0000] {processor.py:208} INFO - Processing /opt/airflow/dags/driven_data_pipeline.py took 0.277 seconds
[2025-06-28T02:10:45.133+0000] {processor.py:186} INFO - Started process (PID=4039) to work on /opt/airflow/dags/driven_data_pipeline.py
[2025-06-28T02:10:45.137+0000] {processor.py:914} INFO - Processing file /opt/airflow/dags/driven_data_pipeline.py for tasks to queue
[2025-06-28T02:10:45.143+0000] {logging_mixin.py:190} INFO - [2025-06-28T02:10:45.142+0000] {dagbag.py:588} INFO - Filling up the DagBag from /opt/airflow/dags/driven_data_pipeline.py
[2025-06-28T02:10:45.324+0000] {processor.py:925} INFO - DAG(s) 'extract_raw_data_pipeline' retrieved from /opt/airflow/dags/driven_data_pipeline.py
[2025-06-28T02:10:45.348+0000] {logging_mixin.py:190} INFO - [2025-06-28T02:10:45.348+0000] {dag.py:3239} INFO - Sync 1 DAGs
[2025-06-28T02:10:45.370+0000] {logging_mixin.py:190} INFO - [2025-06-28T02:10:45.370+0000] {dag.py:4180} INFO - Setting next_dagrun for extract_raw_data_pipeline to 2025-06-27 07:58:00+00:00, run_after=2025-06-27 07:59:00+00:00
[2025-06-28T02:10:45.401+0000] {processor.py:208} INFO - Processing /opt/airflow/dags/driven_data_pipeline.py took 0.285 seconds
[2025-06-28T02:11:15.478+0000] {processor.py:186} INFO - Started process (PID=4047) to work on /opt/airflow/dags/driven_data_pipeline.py
[2025-06-28T02:11:15.480+0000] {processor.py:914} INFO - Processing file /opt/airflow/dags/driven_data_pipeline.py for tasks to queue
[2025-06-28T02:11:15.484+0000] {logging_mixin.py:190} INFO - [2025-06-28T02:11:15.483+0000] {dagbag.py:588} INFO - Filling up the DagBag from /opt/airflow/dags/driven_data_pipeline.py
[2025-06-28T02:11:15.658+0000] {processor.py:925} INFO - DAG(s) 'extract_raw_data_pipeline' retrieved from /opt/airflow/dags/driven_data_pipeline.py
[2025-06-28T02:11:15.682+0000] {logging_mixin.py:190} INFO - [2025-06-28T02:11:15.682+0000] {dag.py:3239} INFO - Sync 1 DAGs
[2025-06-28T02:11:15.709+0000] {logging_mixin.py:190} INFO - [2025-06-28T02:11:15.709+0000] {dag.py:4180} INFO - Setting next_dagrun for extract_raw_data_pipeline to 2025-06-27 07:58:00+00:00, run_after=2025-06-27 07:59:00+00:00
[2025-06-28T02:11:15.741+0000] {processor.py:208} INFO - Processing /opt/airflow/dags/driven_data_pipeline.py took 0.284 seconds
[2025-06-28T02:11:46.039+0000] {processor.py:186} INFO - Started process (PID=4055) to work on /opt/airflow/dags/driven_data_pipeline.py
[2025-06-28T02:11:46.044+0000] {processor.py:914} INFO - Processing file /opt/airflow/dags/driven_data_pipeline.py for tasks to queue
[2025-06-28T02:11:46.046+0000] {logging_mixin.py:190} INFO - [2025-06-28T02:11:46.046+0000] {dagbag.py:588} INFO - Filling up the DagBag from /opt/airflow/dags/driven_data_pipeline.py
[2025-06-28T02:11:46.227+0000] {processor.py:925} INFO - DAG(s) 'extract_raw_data_pipeline' retrieved from /opt/airflow/dags/driven_data_pipeline.py
[2025-06-28T02:11:46.259+0000] {logging_mixin.py:190} INFO - [2025-06-28T02:11:46.258+0000] {dag.py:3239} INFO - Sync 1 DAGs
[2025-06-28T02:11:46.281+0000] {logging_mixin.py:190} INFO - [2025-06-28T02:11:46.281+0000] {dag.py:4180} INFO - Setting next_dagrun for extract_raw_data_pipeline to 2025-06-27 07:58:00+00:00, run_after=2025-06-27 07:59:00+00:00
[2025-06-28T02:11:46.320+0000] {processor.py:208} INFO - Processing /opt/airflow/dags/driven_data_pipeline.py took 0.289 seconds
[2025-06-28T02:12:16.431+0000] {processor.py:186} INFO - Started process (PID=4063) to work on /opt/airflow/dags/driven_data_pipeline.py
[2025-06-28T02:12:16.431+0000] {processor.py:914} INFO - Processing file /opt/airflow/dags/driven_data_pipeline.py for tasks to queue
[2025-06-28T02:12:16.433+0000] {logging_mixin.py:190} INFO - [2025-06-28T02:12:16.433+0000] {dagbag.py:588} INFO - Filling up the DagBag from /opt/airflow/dags/driven_data_pipeline.py
[2025-06-28T02:12:16.604+0000] {processor.py:925} INFO - DAG(s) 'extract_raw_data_pipeline' retrieved from /opt/airflow/dags/driven_data_pipeline.py
[2025-06-28T02:12:16.628+0000] {logging_mixin.py:190} INFO - [2025-06-28T02:12:16.628+0000] {dag.py:3239} INFO - Sync 1 DAGs
[2025-06-28T02:12:16.651+0000] {logging_mixin.py:190} INFO - [2025-06-28T02:12:16.651+0000] {dag.py:4180} INFO - Setting next_dagrun for extract_raw_data_pipeline to 2025-06-27 07:58:00+00:00, run_after=2025-06-27 07:59:00+00:00
[2025-06-28T02:12:16.690+0000] {processor.py:208} INFO - Processing /opt/airflow/dags/driven_data_pipeline.py took 0.266 seconds
[2025-06-28T02:12:46.980+0000] {processor.py:186} INFO - Started process (PID=4071) to work on /opt/airflow/dags/driven_data_pipeline.py
[2025-06-28T02:12:46.985+0000] {processor.py:914} INFO - Processing file /opt/airflow/dags/driven_data_pipeline.py for tasks to queue
[2025-06-28T02:12:46.988+0000] {logging_mixin.py:190} INFO - [2025-06-28T02:12:46.987+0000] {dagbag.py:588} INFO - Filling up the DagBag from /opt/airflow/dags/driven_data_pipeline.py
[2025-06-28T02:12:47.160+0000] {processor.py:925} INFO - DAG(s) 'extract_raw_data_pipeline' retrieved from /opt/airflow/dags/driven_data_pipeline.py
[2025-06-28T02:12:47.183+0000] {logging_mixin.py:190} INFO - [2025-06-28T02:12:47.183+0000] {dag.py:3239} INFO - Sync 1 DAGs
[2025-06-28T02:12:47.205+0000] {logging_mixin.py:190} INFO - [2025-06-28T02:12:47.205+0000] {dag.py:4180} INFO - Setting next_dagrun for extract_raw_data_pipeline to 2025-06-27 07:58:00+00:00, run_after=2025-06-27 07:59:00+00:00
[2025-06-28T02:12:47.241+0000] {processor.py:208} INFO - Processing /opt/airflow/dags/driven_data_pipeline.py took 0.267 seconds
[2025-06-28T02:13:17.356+0000] {processor.py:186} INFO - Started process (PID=4079) to work on /opt/airflow/dags/driven_data_pipeline.py
[2025-06-28T02:13:17.357+0000] {processor.py:914} INFO - Processing file /opt/airflow/dags/driven_data_pipeline.py for tasks to queue
[2025-06-28T02:13:17.359+0000] {logging_mixin.py:190} INFO - [2025-06-28T02:13:17.359+0000] {dagbag.py:588} INFO - Filling up the DagBag from /opt/airflow/dags/driven_data_pipeline.py
[2025-06-28T02:13:17.529+0000] {processor.py:925} INFO - DAG(s) 'extract_raw_data_pipeline' retrieved from /opt/airflow/dags/driven_data_pipeline.py
[2025-06-28T02:13:17.554+0000] {logging_mixin.py:190} INFO - [2025-06-28T02:13:17.553+0000] {dag.py:3239} INFO - Sync 1 DAGs
[2025-06-28T02:13:17.580+0000] {logging_mixin.py:190} INFO - [2025-06-28T02:13:17.580+0000] {dag.py:4180} INFO - Setting next_dagrun for extract_raw_data_pipeline to 2025-06-27 07:58:00+00:00, run_after=2025-06-27 07:59:00+00:00
[2025-06-28T02:13:18.728+0000] {processor.py:208} INFO - Processing /opt/airflow/dags/driven_data_pipeline.py took 1.378 seconds
[2025-06-28T02:13:48.895+0000] {processor.py:186} INFO - Started process (PID=4087) to work on /opt/airflow/dags/driven_data_pipeline.py
[2025-06-28T02:13:48.896+0000] {processor.py:914} INFO - Processing file /opt/airflow/dags/driven_data_pipeline.py for tasks to queue
[2025-06-28T02:13:48.899+0000] {logging_mixin.py:190} INFO - [2025-06-28T02:13:48.898+0000] {dagbag.py:588} INFO - Filling up the DagBag from /opt/airflow/dags/driven_data_pipeline.py
[2025-06-28T02:13:49.102+0000] {processor.py:925} INFO - DAG(s) 'extract_raw_data_pipeline' retrieved from /opt/airflow/dags/driven_data_pipeline.py
[2025-06-28T02:13:49.132+0000] {logging_mixin.py:190} INFO - [2025-06-28T02:13:49.132+0000] {dag.py:3239} INFO - Sync 1 DAGs
[2025-06-28T02:13:49.160+0000] {logging_mixin.py:190} INFO - [2025-06-28T02:13:49.159+0000] {dag.py:4180} INFO - Setting next_dagrun for extract_raw_data_pipeline to 2025-06-27 07:58:00+00:00, run_after=2025-06-27 07:59:00+00:00
[2025-06-28T02:13:49.198+0000] {processor.py:208} INFO - Processing /opt/airflow/dags/driven_data_pipeline.py took 0.310 seconds
[2025-06-28T02:14:19.384+0000] {processor.py:186} INFO - Started process (PID=4095) to work on /opt/airflow/dags/driven_data_pipeline.py
[2025-06-28T02:14:19.391+0000] {processor.py:914} INFO - Processing file /opt/airflow/dags/driven_data_pipeline.py for tasks to queue
[2025-06-28T02:14:19.393+0000] {logging_mixin.py:190} INFO - [2025-06-28T02:14:19.393+0000] {dagbag.py:588} INFO - Filling up the DagBag from /opt/airflow/dags/driven_data_pipeline.py
[2025-06-28T02:14:19.574+0000] {processor.py:925} INFO - DAG(s) 'extract_raw_data_pipeline' retrieved from /opt/airflow/dags/driven_data_pipeline.py
[2025-06-28T02:14:19.603+0000] {logging_mixin.py:190} INFO - [2025-06-28T02:14:19.603+0000] {dag.py:3239} INFO - Sync 1 DAGs
[2025-06-28T02:14:19.626+0000] {logging_mixin.py:190} INFO - [2025-06-28T02:14:19.626+0000] {dag.py:4180} INFO - Setting next_dagrun for extract_raw_data_pipeline to 2025-06-27 07:58:00+00:00, run_after=2025-06-27 07:59:00+00:00
[2025-06-28T02:14:19.667+0000] {processor.py:208} INFO - Processing /opt/airflow/dags/driven_data_pipeline.py took 0.290 seconds
[2025-06-28T02:14:49.894+0000] {processor.py:186} INFO - Started process (PID=4104) to work on /opt/airflow/dags/driven_data_pipeline.py
[2025-06-28T02:14:49.895+0000] {processor.py:914} INFO - Processing file /opt/airflow/dags/driven_data_pipeline.py for tasks to queue
[2025-06-28T02:14:49.897+0000] {logging_mixin.py:190} INFO - [2025-06-28T02:14:49.897+0000] {dagbag.py:588} INFO - Filling up the DagBag from /opt/airflow/dags/driven_data_pipeline.py
[2025-06-28T02:14:50.071+0000] {processor.py:925} INFO - DAG(s) 'extract_raw_data_pipeline' retrieved from /opt/airflow/dags/driven_data_pipeline.py
[2025-06-28T02:14:50.094+0000] {logging_mixin.py:190} INFO - [2025-06-28T02:14:50.094+0000] {dag.py:3239} INFO - Sync 1 DAGs
[2025-06-28T02:14:50.116+0000] {logging_mixin.py:190} INFO - [2025-06-28T02:14:50.116+0000] {dag.py:4180} INFO - Setting next_dagrun for extract_raw_data_pipeline to 2025-06-27 07:58:00+00:00, run_after=2025-06-27 07:59:00+00:00
[2025-06-28T02:14:50.148+0000] {processor.py:208} INFO - Processing /opt/airflow/dags/driven_data_pipeline.py took 0.263 seconds
[2025-06-28T02:15:20.332+0000] {processor.py:186} INFO - Started process (PID=4111) to work on /opt/airflow/dags/driven_data_pipeline.py
[2025-06-28T02:15:20.344+0000] {processor.py:914} INFO - Processing file /opt/airflow/dags/driven_data_pipeline.py for tasks to queue
[2025-06-28T02:15:20.347+0000] {logging_mixin.py:190} INFO - [2025-06-28T02:15:20.346+0000] {dagbag.py:588} INFO - Filling up the DagBag from /opt/airflow/dags/driven_data_pipeline.py
[2025-06-28T02:15:20.523+0000] {processor.py:925} INFO - DAG(s) 'extract_raw_data_pipeline' retrieved from /opt/airflow/dags/driven_data_pipeline.py
[2025-06-28T02:15:20.547+0000] {logging_mixin.py:190} INFO - [2025-06-28T02:15:20.547+0000] {dag.py:3239} INFO - Sync 1 DAGs
[2025-06-28T02:15:20.570+0000] {logging_mixin.py:190} INFO - [2025-06-28T02:15:20.570+0000] {dag.py:4180} INFO - Setting next_dagrun for extract_raw_data_pipeline to 2025-06-27 07:58:00+00:00, run_after=2025-06-27 07:59:00+00:00
[2025-06-28T02:15:20.611+0000] {processor.py:208} INFO - Processing /opt/airflow/dags/driven_data_pipeline.py took 0.286 seconds
[2025-06-28T02:15:50.789+0000] {processor.py:186} INFO - Started process (PID=4119) to work on /opt/airflow/dags/driven_data_pipeline.py
[2025-06-28T02:15:50.790+0000] {processor.py:914} INFO - Processing file /opt/airflow/dags/driven_data_pipeline.py for tasks to queue
[2025-06-28T02:15:50.794+0000] {logging_mixin.py:190} INFO - [2025-06-28T02:15:50.793+0000] {dagbag.py:588} INFO - Filling up the DagBag from /opt/airflow/dags/driven_data_pipeline.py
[2025-06-28T02:15:50.970+0000] {processor.py:925} INFO - DAG(s) 'extract_raw_data_pipeline' retrieved from /opt/airflow/dags/driven_data_pipeline.py
[2025-06-28T02:15:50.995+0000] {logging_mixin.py:190} INFO - [2025-06-28T02:15:50.995+0000] {dag.py:3239} INFO - Sync 1 DAGs
[2025-06-28T02:15:51.017+0000] {logging_mixin.py:190} INFO - [2025-06-28T02:15:51.017+0000] {dag.py:4180} INFO - Setting next_dagrun for extract_raw_data_pipeline to 2025-06-27 07:58:00+00:00, run_after=2025-06-27 07:59:00+00:00
[2025-06-28T02:15:51.053+0000] {processor.py:208} INFO - Processing /opt/airflow/dags/driven_data_pipeline.py took 0.274 seconds
[2025-06-28T02:16:21.285+0000] {processor.py:186} INFO - Started process (PID=4127) to work on /opt/airflow/dags/driven_data_pipeline.py
[2025-06-28T02:16:21.298+0000] {processor.py:914} INFO - Processing file /opt/airflow/dags/driven_data_pipeline.py for tasks to queue
[2025-06-28T02:16:21.302+0000] {logging_mixin.py:190} INFO - [2025-06-28T02:16:21.301+0000] {dagbag.py:588} INFO - Filling up the DagBag from /opt/airflow/dags/driven_data_pipeline.py
[2025-06-28T02:16:21.485+0000] {processor.py:925} INFO - DAG(s) 'extract_raw_data_pipeline' retrieved from /opt/airflow/dags/driven_data_pipeline.py
[2025-06-28T02:16:21.508+0000] {logging_mixin.py:190} INFO - [2025-06-28T02:16:21.508+0000] {dag.py:3239} INFO - Sync 1 DAGs
[2025-06-28T02:16:21.530+0000] {logging_mixin.py:190} INFO - [2025-06-28T02:16:21.530+0000] {dag.py:4180} INFO - Setting next_dagrun for extract_raw_data_pipeline to 2025-06-27 07:58:00+00:00, run_after=2025-06-27 07:59:00+00:00
[2025-06-28T02:16:21.562+0000] {processor.py:208} INFO - Processing /opt/airflow/dags/driven_data_pipeline.py took 0.287 seconds
[2025-06-28T02:16:51.703+0000] {processor.py:186} INFO - Started process (PID=4135) to work on /opt/airflow/dags/driven_data_pipeline.py
[2025-06-28T02:16:51.704+0000] {processor.py:914} INFO - Processing file /opt/airflow/dags/driven_data_pipeline.py for tasks to queue
[2025-06-28T02:16:51.706+0000] {logging_mixin.py:190} INFO - [2025-06-28T02:16:51.706+0000] {dagbag.py:588} INFO - Filling up the DagBag from /opt/airflow/dags/driven_data_pipeline.py
[2025-06-28T02:16:51.877+0000] {processor.py:925} INFO - DAG(s) 'extract_raw_data_pipeline' retrieved from /opt/airflow/dags/driven_data_pipeline.py
[2025-06-28T02:16:51.900+0000] {logging_mixin.py:190} INFO - [2025-06-28T02:16:51.900+0000] {dag.py:3239} INFO - Sync 1 DAGs
[2025-06-28T02:16:51.923+0000] {logging_mixin.py:190} INFO - [2025-06-28T02:16:51.923+0000] {dag.py:4180} INFO - Setting next_dagrun for extract_raw_data_pipeline to 2025-06-27 07:58:00+00:00, run_after=2025-06-27 07:59:00+00:00
[2025-06-28T02:16:51.968+0000] {processor.py:208} INFO - Processing /opt/airflow/dags/driven_data_pipeline.py took 0.273 seconds
[2025-06-28T02:17:22.189+0000] {processor.py:186} INFO - Started process (PID=4143) to work on /opt/airflow/dags/driven_data_pipeline.py
[2025-06-28T02:17:22.200+0000] {processor.py:914} INFO - Processing file /opt/airflow/dags/driven_data_pipeline.py for tasks to queue
[2025-06-28T02:17:22.203+0000] {logging_mixin.py:190} INFO - [2025-06-28T02:17:22.203+0000] {dagbag.py:588} INFO - Filling up the DagBag from /opt/airflow/dags/driven_data_pipeline.py
[2025-06-28T02:17:22.377+0000] {processor.py:925} INFO - DAG(s) 'extract_raw_data_pipeline' retrieved from /opt/airflow/dags/driven_data_pipeline.py
[2025-06-28T02:17:22.401+0000] {logging_mixin.py:190} INFO - [2025-06-28T02:17:22.401+0000] {dag.py:3239} INFO - Sync 1 DAGs
[2025-06-28T02:17:22.424+0000] {logging_mixin.py:190} INFO - [2025-06-28T02:17:22.424+0000] {dag.py:4180} INFO - Setting next_dagrun for extract_raw_data_pipeline to 2025-06-27 07:58:00+00:00, run_after=2025-06-27 07:59:00+00:00
[2025-06-28T02:17:22.453+0000] {processor.py:208} INFO - Processing /opt/airflow/dags/driven_data_pipeline.py took 0.275 seconds
[2025-06-28T02:17:52.592+0000] {processor.py:186} INFO - Started process (PID=4152) to work on /opt/airflow/dags/driven_data_pipeline.py
[2025-06-28T02:17:52.594+0000] {processor.py:914} INFO - Processing file /opt/airflow/dags/driven_data_pipeline.py for tasks to queue
[2025-06-28T02:17:52.599+0000] {logging_mixin.py:190} INFO - [2025-06-28T02:17:52.598+0000] {dagbag.py:588} INFO - Filling up the DagBag from /opt/airflow/dags/driven_data_pipeline.py
[2025-06-28T02:17:52.775+0000] {processor.py:925} INFO - DAG(s) 'extract_raw_data_pipeline' retrieved from /opt/airflow/dags/driven_data_pipeline.py
[2025-06-28T02:17:52.800+0000] {logging_mixin.py:190} INFO - [2025-06-28T02:17:52.800+0000] {dag.py:3239} INFO - Sync 1 DAGs
[2025-06-28T02:17:52.822+0000] {logging_mixin.py:190} INFO - [2025-06-28T02:17:52.822+0000] {dag.py:4180} INFO - Setting next_dagrun for extract_raw_data_pipeline to 2025-06-27 07:58:00+00:00, run_after=2025-06-27 07:59:00+00:00
[2025-06-28T02:17:53.360+0000] {processor.py:208} INFO - Processing /opt/airflow/dags/driven_data_pipeline.py took 0.784 seconds
[2025-06-28T02:18:23.703+0000] {processor.py:186} INFO - Started process (PID=4160) to work on /opt/airflow/dags/driven_data_pipeline.py
[2025-06-28T02:18:23.703+0000] {processor.py:914} INFO - Processing file /opt/airflow/dags/driven_data_pipeline.py for tasks to queue
[2025-06-28T02:18:23.706+0000] {logging_mixin.py:190} INFO - [2025-06-28T02:18:23.705+0000] {dagbag.py:588} INFO - Filling up the DagBag from /opt/airflow/dags/driven_data_pipeline.py
[2025-06-28T02:18:23.884+0000] {processor.py:925} INFO - DAG(s) 'extract_raw_data_pipeline' retrieved from /opt/airflow/dags/driven_data_pipeline.py
[2025-06-28T02:18:23.909+0000] {logging_mixin.py:190} INFO - [2025-06-28T02:18:23.909+0000] {dag.py:3239} INFO - Sync 1 DAGs
[2025-06-28T02:18:23.933+0000] {logging_mixin.py:190} INFO - [2025-06-28T02:18:23.933+0000] {dag.py:4180} INFO - Setting next_dagrun for extract_raw_data_pipeline to 2025-06-27 07:58:00+00:00, run_after=2025-06-27 07:59:00+00:00
[2025-06-28T02:18:23.973+0000] {processor.py:208} INFO - Processing /opt/airflow/dags/driven_data_pipeline.py took 0.277 seconds
[2025-06-28T02:18:54.062+0000] {processor.py:186} INFO - Started process (PID=4168) to work on /opt/airflow/dags/driven_data_pipeline.py
[2025-06-28T02:18:54.063+0000] {processor.py:914} INFO - Processing file /opt/airflow/dags/driven_data_pipeline.py for tasks to queue
[2025-06-28T02:18:54.067+0000] {logging_mixin.py:190} INFO - [2025-06-28T02:18:54.067+0000] {dagbag.py:588} INFO - Filling up the DagBag from /opt/airflow/dags/driven_data_pipeline.py
[2025-06-28T02:18:54.244+0000] {processor.py:925} INFO - DAG(s) 'extract_raw_data_pipeline' retrieved from /opt/airflow/dags/driven_data_pipeline.py
[2025-06-28T02:18:54.269+0000] {logging_mixin.py:190} INFO - [2025-06-28T02:18:54.269+0000] {dag.py:3239} INFO - Sync 1 DAGs
[2025-06-28T02:18:54.291+0000] {logging_mixin.py:190} INFO - [2025-06-28T02:18:54.291+0000] {dag.py:4180} INFO - Setting next_dagrun for extract_raw_data_pipeline to 2025-06-27 07:58:00+00:00, run_after=2025-06-27 07:59:00+00:00
[2025-06-28T02:18:54.321+0000] {processor.py:208} INFO - Processing /opt/airflow/dags/driven_data_pipeline.py took 0.272 seconds
[2025-06-28T02:19:24.618+0000] {processor.py:186} INFO - Started process (PID=4176) to work on /opt/airflow/dags/driven_data_pipeline.py
[2025-06-28T02:19:24.650+0000] {processor.py:914} INFO - Processing file /opt/airflow/dags/driven_data_pipeline.py for tasks to queue
[2025-06-28T02:19:24.653+0000] {logging_mixin.py:190} INFO - [2025-06-28T02:19:24.652+0000] {dagbag.py:588} INFO - Filling up the DagBag from /opt/airflow/dags/driven_data_pipeline.py
[2025-06-28T02:19:24.829+0000] {processor.py:925} INFO - DAG(s) 'extract_raw_data_pipeline' retrieved from /opt/airflow/dags/driven_data_pipeline.py
[2025-06-28T02:19:24.853+0000] {logging_mixin.py:190} INFO - [2025-06-28T02:19:24.853+0000] {dag.py:3239} INFO - Sync 1 DAGs
[2025-06-28T02:19:24.877+0000] {logging_mixin.py:190} INFO - [2025-06-28T02:19:24.876+0000] {dag.py:4180} INFO - Setting next_dagrun for extract_raw_data_pipeline to 2025-06-27 07:58:00+00:00, run_after=2025-06-27 07:59:00+00:00
[2025-06-28T02:19:24.914+0000] {processor.py:208} INFO - Processing /opt/airflow/dags/driven_data_pipeline.py took 0.303 seconds
[2025-06-28T02:19:55.281+0000] {processor.py:186} INFO - Started process (PID=4184) to work on /opt/airflow/dags/driven_data_pipeline.py
[2025-06-28T02:19:55.282+0000] {processor.py:914} INFO - Processing file /opt/airflow/dags/driven_data_pipeline.py for tasks to queue
[2025-06-28T02:19:55.284+0000] {logging_mixin.py:190} INFO - [2025-06-28T02:19:55.284+0000] {dagbag.py:588} INFO - Filling up the DagBag from /opt/airflow/dags/driven_data_pipeline.py
[2025-06-28T02:19:55.484+0000] {processor.py:925} INFO - DAG(s) 'extract_raw_data_pipeline' retrieved from /opt/airflow/dags/driven_data_pipeline.py
[2025-06-28T02:19:55.515+0000] {logging_mixin.py:190} INFO - [2025-06-28T02:19:55.515+0000] {dag.py:3239} INFO - Sync 1 DAGs
[2025-06-28T02:19:55.540+0000] {logging_mixin.py:190} INFO - [2025-06-28T02:19:55.539+0000] {dag.py:4180} INFO - Setting next_dagrun for extract_raw_data_pipeline to 2025-06-27 07:58:00+00:00, run_after=2025-06-27 07:59:00+00:00
[2025-06-28T02:19:55.575+0000] {processor.py:208} INFO - Processing /opt/airflow/dags/driven_data_pipeline.py took 0.301 seconds
[2025-06-28T02:20:25.969+0000] {processor.py:186} INFO - Started process (PID=4192) to work on /opt/airflow/dags/driven_data_pipeline.py
[2025-06-28T02:20:25.970+0000] {processor.py:914} INFO - Processing file /opt/airflow/dags/driven_data_pipeline.py for tasks to queue
[2025-06-28T02:20:25.974+0000] {logging_mixin.py:190} INFO - [2025-06-28T02:20:25.973+0000] {dagbag.py:588} INFO - Filling up the DagBag from /opt/airflow/dags/driven_data_pipeline.py
[2025-06-28T02:20:26.175+0000] {processor.py:925} INFO - DAG(s) 'extract_raw_data_pipeline' retrieved from /opt/airflow/dags/driven_data_pipeline.py
[2025-06-28T02:20:26.205+0000] {logging_mixin.py:190} INFO - [2025-06-28T02:20:26.204+0000] {dag.py:3239} INFO - Sync 1 DAGs
[2025-06-28T02:20:26.229+0000] {logging_mixin.py:190} INFO - [2025-06-28T02:20:26.229+0000] {dag.py:4180} INFO - Setting next_dagrun for extract_raw_data_pipeline to 2025-06-27 07:58:00+00:00, run_after=2025-06-27 07:59:00+00:00
[2025-06-28T02:20:26.269+0000] {processor.py:208} INFO - Processing /opt/airflow/dags/driven_data_pipeline.py took 0.310 seconds
[2025-06-28T02:20:56.649+0000] {processor.py:186} INFO - Started process (PID=4200) to work on /opt/airflow/dags/driven_data_pipeline.py
[2025-06-28T02:20:56.650+0000] {processor.py:914} INFO - Processing file /opt/airflow/dags/driven_data_pipeline.py for tasks to queue
[2025-06-28T02:20:56.652+0000] {logging_mixin.py:190} INFO - [2025-06-28T02:20:56.652+0000] {dagbag.py:588} INFO - Filling up the DagBag from /opt/airflow/dags/driven_data_pipeline.py
[2025-06-28T02:20:56.825+0000] {processor.py:925} INFO - DAG(s) 'extract_raw_data_pipeline' retrieved from /opt/airflow/dags/driven_data_pipeline.py
[2025-06-28T02:20:56.850+0000] {logging_mixin.py:190} INFO - [2025-06-28T02:20:56.850+0000] {dag.py:3239} INFO - Sync 1 DAGs
[2025-06-28T02:20:56.872+0000] {logging_mixin.py:190} INFO - [2025-06-28T02:20:56.872+0000] {dag.py:4180} INFO - Setting next_dagrun for extract_raw_data_pipeline to 2025-06-27 07:58:00+00:00, run_after=2025-06-27 07:59:00+00:00
[2025-06-28T02:20:56.934+0000] {processor.py:208} INFO - Processing /opt/airflow/dags/driven_data_pipeline.py took 0.291 seconds
[2025-06-28T02:21:27.273+0000] {processor.py:186} INFO - Started process (PID=4207) to work on /opt/airflow/dags/driven_data_pipeline.py
[2025-06-28T02:21:27.274+0000] {processor.py:914} INFO - Processing file /opt/airflow/dags/driven_data_pipeline.py for tasks to queue
[2025-06-28T02:21:27.276+0000] {logging_mixin.py:190} INFO - [2025-06-28T02:21:27.275+0000] {dagbag.py:588} INFO - Filling up the DagBag from /opt/airflow/dags/driven_data_pipeline.py
[2025-06-28T02:21:27.446+0000] {processor.py:925} INFO - DAG(s) 'extract_raw_data_pipeline' retrieved from /opt/airflow/dags/driven_data_pipeline.py
[2025-06-28T02:21:27.470+0000] {logging_mixin.py:190} INFO - [2025-06-28T02:21:27.469+0000] {dag.py:3239} INFO - Sync 1 DAGs
[2025-06-28T02:21:27.493+0000] {logging_mixin.py:190} INFO - [2025-06-28T02:21:27.493+0000] {dag.py:4180} INFO - Setting next_dagrun for extract_raw_data_pipeline to 2025-06-27 07:58:00+00:00, run_after=2025-06-27 07:59:00+00:00
[2025-06-28T02:21:27.533+0000] {processor.py:208} INFO - Processing /opt/airflow/dags/driven_data_pipeline.py took 0.267 seconds
[2025-06-28T02:21:57.644+0000] {processor.py:186} INFO - Started process (PID=4215) to work on /opt/airflow/dags/driven_data_pipeline.py
[2025-06-28T02:21:57.654+0000] {processor.py:914} INFO - Processing file /opt/airflow/dags/driven_data_pipeline.py for tasks to queue
[2025-06-28T02:21:57.659+0000] {logging_mixin.py:190} INFO - [2025-06-28T02:21:57.658+0000] {dagbag.py:588} INFO - Filling up the DagBag from /opt/airflow/dags/driven_data_pipeline.py
[2025-06-28T02:21:57.845+0000] {processor.py:925} INFO - DAG(s) 'extract_raw_data_pipeline' retrieved from /opt/airflow/dags/driven_data_pipeline.py
[2025-06-28T02:21:57.870+0000] {logging_mixin.py:190} INFO - [2025-06-28T02:21:57.869+0000] {dag.py:3239} INFO - Sync 1 DAGs
[2025-06-28T02:21:57.892+0000] {logging_mixin.py:190} INFO - [2025-06-28T02:21:57.892+0000] {dag.py:4180} INFO - Setting next_dagrun for extract_raw_data_pipeline to 2025-06-27 07:58:00+00:00, run_after=2025-06-27 07:59:00+00:00
[2025-06-28T02:21:57.928+0000] {processor.py:208} INFO - Processing /opt/airflow/dags/driven_data_pipeline.py took 0.294 seconds
[2025-06-28T02:22:28.209+0000] {processor.py:186} INFO - Started process (PID=4223) to work on /opt/airflow/dags/driven_data_pipeline.py
[2025-06-28T02:22:28.210+0000] {processor.py:914} INFO - Processing file /opt/airflow/dags/driven_data_pipeline.py for tasks to queue
[2025-06-28T02:22:28.212+0000] {logging_mixin.py:190} INFO - [2025-06-28T02:22:28.212+0000] {dagbag.py:588} INFO - Filling up the DagBag from /opt/airflow/dags/driven_data_pipeline.py
[2025-06-28T02:22:28.389+0000] {processor.py:925} INFO - DAG(s) 'extract_raw_data_pipeline' retrieved from /opt/airflow/dags/driven_data_pipeline.py
[2025-06-28T02:22:28.412+0000] {logging_mixin.py:190} INFO - [2025-06-28T02:22:28.412+0000] {dag.py:3239} INFO - Sync 1 DAGs
[2025-06-28T02:22:28.435+0000] {logging_mixin.py:190} INFO - [2025-06-28T02:22:28.434+0000] {dag.py:4180} INFO - Setting next_dagrun for extract_raw_data_pipeline to 2025-06-27 07:58:00+00:00, run_after=2025-06-27 07:59:00+00:00
[2025-06-28T02:22:28.468+0000] {processor.py:208} INFO - Processing /opt/airflow/dags/driven_data_pipeline.py took 0.269 seconds
[2025-06-28T02:22:58.556+0000] {processor.py:186} INFO - Started process (PID=4231) to work on /opt/airflow/dags/driven_data_pipeline.py
[2025-06-28T02:22:58.568+0000] {processor.py:914} INFO - Processing file /opt/airflow/dags/driven_data_pipeline.py for tasks to queue
[2025-06-28T02:22:58.572+0000] {logging_mixin.py:190} INFO - [2025-06-28T02:22:58.571+0000] {dagbag.py:588} INFO - Filling up the DagBag from /opt/airflow/dags/driven_data_pipeline.py
[2025-06-28T02:22:58.751+0000] {processor.py:925} INFO - DAG(s) 'extract_raw_data_pipeline' retrieved from /opt/airflow/dags/driven_data_pipeline.py
[2025-06-28T02:22:58.774+0000] {logging_mixin.py:190} INFO - [2025-06-28T02:22:58.774+0000] {dag.py:3239} INFO - Sync 1 DAGs
[2025-06-28T02:22:58.796+0000] {logging_mixin.py:190} INFO - [2025-06-28T02:22:58.796+0000] {dag.py:4180} INFO - Setting next_dagrun for extract_raw_data_pipeline to 2025-06-27 07:58:00+00:00, run_after=2025-06-27 07:59:00+00:00
[2025-06-28T02:22:58.835+0000] {processor.py:208} INFO - Processing /opt/airflow/dags/driven_data_pipeline.py took 0.290 seconds
[2025-06-28T02:23:29.099+0000] {processor.py:186} INFO - Started process (PID=4239) to work on /opt/airflow/dags/driven_data_pipeline.py
[2025-06-28T02:23:29.101+0000] {processor.py:914} INFO - Processing file /opt/airflow/dags/driven_data_pipeline.py for tasks to queue
[2025-06-28T02:23:29.105+0000] {logging_mixin.py:190} INFO - [2025-06-28T02:23:29.104+0000] {dagbag.py:588} INFO - Filling up the DagBag from /opt/airflow/dags/driven_data_pipeline.py
[2025-06-28T02:23:29.282+0000] {processor.py:925} INFO - DAG(s) 'extract_raw_data_pipeline' retrieved from /opt/airflow/dags/driven_data_pipeline.py
[2025-06-28T02:23:29.309+0000] {logging_mixin.py:190} INFO - [2025-06-28T02:23:29.309+0000] {dag.py:3239} INFO - Sync 1 DAGs
[2025-06-28T02:23:29.332+0000] {logging_mixin.py:190} INFO - [2025-06-28T02:23:29.332+0000] {dag.py:4180} INFO - Setting next_dagrun for extract_raw_data_pipeline to 2025-06-27 07:58:00+00:00, run_after=2025-06-27 07:59:00+00:00
[2025-06-28T02:23:29.373+0000] {processor.py:208} INFO - Processing /opt/airflow/dags/driven_data_pipeline.py took 0.284 seconds
[2025-06-28T02:23:59.535+0000] {processor.py:186} INFO - Started process (PID=4247) to work on /opt/airflow/dags/driven_data_pipeline.py
[2025-06-28T02:23:59.541+0000] {processor.py:914} INFO - Processing file /opt/airflow/dags/driven_data_pipeline.py for tasks to queue
[2025-06-28T02:23:59.546+0000] {logging_mixin.py:190} INFO - [2025-06-28T02:23:59.545+0000] {dagbag.py:588} INFO - Filling up the DagBag from /opt/airflow/dags/driven_data_pipeline.py
[2025-06-28T02:23:59.724+0000] {processor.py:925} INFO - DAG(s) 'extract_raw_data_pipeline' retrieved from /opt/airflow/dags/driven_data_pipeline.py
[2025-06-28T02:23:59.749+0000] {logging_mixin.py:190} INFO - [2025-06-28T02:23:59.749+0000] {dag.py:3239} INFO - Sync 1 DAGs
[2025-06-28T02:23:59.771+0000] {logging_mixin.py:190} INFO - [2025-06-28T02:23:59.771+0000] {dag.py:4180} INFO - Setting next_dagrun for extract_raw_data_pipeline to 2025-06-27 07:58:00+00:00, run_after=2025-06-27 07:59:00+00:00
[2025-06-28T02:23:59.811+0000] {processor.py:208} INFO - Processing /opt/airflow/dags/driven_data_pipeline.py took 0.288 seconds
[2025-06-28T02:24:30.061+0000] {processor.py:186} INFO - Started process (PID=4255) to work on /opt/airflow/dags/driven_data_pipeline.py
[2025-06-28T02:24:30.062+0000] {processor.py:914} INFO - Processing file /opt/airflow/dags/driven_data_pipeline.py for tasks to queue
[2025-06-28T02:24:30.065+0000] {logging_mixin.py:190} INFO - [2025-06-28T02:24:30.065+0000] {dagbag.py:588} INFO - Filling up the DagBag from /opt/airflow/dags/driven_data_pipeline.py
[2025-06-28T02:24:30.241+0000] {processor.py:925} INFO - DAG(s) 'extract_raw_data_pipeline' retrieved from /opt/airflow/dags/driven_data_pipeline.py
[2025-06-28T02:24:30.264+0000] {logging_mixin.py:190} INFO - [2025-06-28T02:24:30.264+0000] {dag.py:3239} INFO - Sync 1 DAGs
[2025-06-28T02:24:30.287+0000] {logging_mixin.py:190} INFO - [2025-06-28T02:24:30.286+0000] {dag.py:4180} INFO - Setting next_dagrun for extract_raw_data_pipeline to 2025-06-27 07:58:00+00:00, run_after=2025-06-27 07:59:00+00:00
[2025-06-28T02:24:30.323+0000] {processor.py:208} INFO - Processing /opt/airflow/dags/driven_data_pipeline.py took 0.273 seconds
[2025-06-28T02:25:00.401+0000] {processor.py:186} INFO - Started process (PID=4263) to work on /opt/airflow/dags/driven_data_pipeline.py
[2025-06-28T02:25:00.404+0000] {processor.py:914} INFO - Processing file /opt/airflow/dags/driven_data_pipeline.py for tasks to queue
[2025-06-28T02:25:00.406+0000] {logging_mixin.py:190} INFO - [2025-06-28T02:25:00.406+0000] {dagbag.py:588} INFO - Filling up the DagBag from /opt/airflow/dags/driven_data_pipeline.py
[2025-06-28T02:25:00.586+0000] {processor.py:925} INFO - DAG(s) 'extract_raw_data_pipeline' retrieved from /opt/airflow/dags/driven_data_pipeline.py
[2025-06-28T02:25:00.612+0000] {logging_mixin.py:190} INFO - [2025-06-28T02:25:00.611+0000] {dag.py:3239} INFO - Sync 1 DAGs
[2025-06-28T02:25:00.637+0000] {logging_mixin.py:190} INFO - [2025-06-28T02:25:00.636+0000] {dag.py:4180} INFO - Setting next_dagrun for extract_raw_data_pipeline to 2025-06-27 07:58:00+00:00, run_after=2025-06-27 07:59:00+00:00
[2025-06-28T02:25:00.678+0000] {processor.py:208} INFO - Processing /opt/airflow/dags/driven_data_pipeline.py took 0.284 seconds
[2025-06-28T02:25:31.074+0000] {processor.py:186} INFO - Started process (PID=4271) to work on /opt/airflow/dags/driven_data_pipeline.py
[2025-06-28T02:25:31.075+0000] {processor.py:914} INFO - Processing file /opt/airflow/dags/driven_data_pipeline.py for tasks to queue
[2025-06-28T02:25:31.077+0000] {logging_mixin.py:190} INFO - [2025-06-28T02:25:31.077+0000] {dagbag.py:588} INFO - Filling up the DagBag from /opt/airflow/dags/driven_data_pipeline.py
[2025-06-28T02:25:31.250+0000] {processor.py:925} INFO - DAG(s) 'extract_raw_data_pipeline' retrieved from /opt/airflow/dags/driven_data_pipeline.py
[2025-06-28T02:25:31.273+0000] {logging_mixin.py:190} INFO - [2025-06-28T02:25:31.273+0000] {dag.py:3239} INFO - Sync 1 DAGs
[2025-06-28T02:25:31.297+0000] {logging_mixin.py:190} INFO - [2025-06-28T02:25:31.296+0000] {dag.py:4180} INFO - Setting next_dagrun for extract_raw_data_pipeline to 2025-06-27 07:58:00+00:00, run_after=2025-06-27 07:59:00+00:00
[2025-06-28T02:25:31.943+0000] {processor.py:208} INFO - Processing /opt/airflow/dags/driven_data_pipeline.py took 0.879 seconds
[2025-06-28T02:26:02.315+0000] {processor.py:186} INFO - Started process (PID=4279) to work on /opt/airflow/dags/driven_data_pipeline.py
[2025-06-28T02:26:02.316+0000] {processor.py:914} INFO - Processing file /opt/airflow/dags/driven_data_pipeline.py for tasks to queue
[2025-06-28T02:26:02.318+0000] {logging_mixin.py:190} INFO - [2025-06-28T02:26:02.318+0000] {dagbag.py:588} INFO - Filling up the DagBag from /opt/airflow/dags/driven_data_pipeline.py
[2025-06-28T02:26:02.516+0000] {processor.py:925} INFO - DAG(s) 'extract_raw_data_pipeline' retrieved from /opt/airflow/dags/driven_data_pipeline.py
[2025-06-28T02:26:02.546+0000] {logging_mixin.py:190} INFO - [2025-06-28T02:26:02.546+0000] {dag.py:3239} INFO - Sync 1 DAGs
[2025-06-28T02:26:02.578+0000] {logging_mixin.py:190} INFO - [2025-06-28T02:26:02.578+0000] {dag.py:4180} INFO - Setting next_dagrun for extract_raw_data_pipeline to 2025-06-27 07:58:00+00:00, run_after=2025-06-27 07:59:00+00:00
[2025-06-28T02:26:02.628+0000] {processor.py:208} INFO - Processing /opt/airflow/dags/driven_data_pipeline.py took 0.320 seconds
[2025-06-28T02:26:32.758+0000] {processor.py:186} INFO - Started process (PID=4287) to work on /opt/airflow/dags/driven_data_pipeline.py
[2025-06-28T02:26:32.759+0000] {processor.py:914} INFO - Processing file /opt/airflow/dags/driven_data_pipeline.py for tasks to queue
[2025-06-28T02:26:32.762+0000] {logging_mixin.py:190} INFO - [2025-06-28T02:26:32.761+0000] {dagbag.py:588} INFO - Filling up the DagBag from /opt/airflow/dags/driven_data_pipeline.py
[2025-06-28T02:26:32.946+0000] {processor.py:925} INFO - DAG(s) 'extract_raw_data_pipeline' retrieved from /opt/airflow/dags/driven_data_pipeline.py
[2025-06-28T02:26:32.974+0000] {logging_mixin.py:190} INFO - [2025-06-28T02:26:32.974+0000] {dag.py:3239} INFO - Sync 1 DAGs
[2025-06-28T02:26:32.999+0000] {logging_mixin.py:190} INFO - [2025-06-28T02:26:32.999+0000] {dag.py:4180} INFO - Setting next_dagrun for extract_raw_data_pipeline to 2025-06-27 07:58:00+00:00, run_after=2025-06-27 07:59:00+00:00
[2025-06-28T02:26:33.042+0000] {processor.py:208} INFO - Processing /opt/airflow/dags/driven_data_pipeline.py took 0.290 seconds
[2025-06-28T02:27:03.290+0000] {processor.py:186} INFO - Started process (PID=4295) to work on /opt/airflow/dags/driven_data_pipeline.py
[2025-06-28T02:27:03.294+0000] {processor.py:914} INFO - Processing file /opt/airflow/dags/driven_data_pipeline.py for tasks to queue
[2025-06-28T02:27:03.299+0000] {logging_mixin.py:190} INFO - [2025-06-28T02:27:03.298+0000] {dagbag.py:588} INFO - Filling up the DagBag from /opt/airflow/dags/driven_data_pipeline.py
[2025-06-28T02:27:03.477+0000] {processor.py:925} INFO - DAG(s) 'extract_raw_data_pipeline' retrieved from /opt/airflow/dags/driven_data_pipeline.py
[2025-06-28T02:27:03.501+0000] {logging_mixin.py:190} INFO - [2025-06-28T02:27:03.500+0000] {dag.py:3239} INFO - Sync 1 DAGs
[2025-06-28T02:27:03.524+0000] {logging_mixin.py:190} INFO - [2025-06-28T02:27:03.524+0000] {dag.py:4180} INFO - Setting next_dagrun for extract_raw_data_pipeline to 2025-06-27 07:58:00+00:00, run_after=2025-06-27 07:59:00+00:00
[2025-06-28T02:27:03.565+0000] {processor.py:208} INFO - Processing /opt/airflow/dags/driven_data_pipeline.py took 0.288 seconds
[2025-06-28T02:27:33.744+0000] {processor.py:186} INFO - Started process (PID=4303) to work on /opt/airflow/dags/driven_data_pipeline.py
[2025-06-28T02:27:33.746+0000] {processor.py:914} INFO - Processing file /opt/airflow/dags/driven_data_pipeline.py for tasks to queue
[2025-06-28T02:27:33.750+0000] {logging_mixin.py:190} INFO - [2025-06-28T02:27:33.749+0000] {dagbag.py:588} INFO - Filling up the DagBag from /opt/airflow/dags/driven_data_pipeline.py
[2025-06-28T02:27:33.929+0000] {processor.py:925} INFO - DAG(s) 'extract_raw_data_pipeline' retrieved from /opt/airflow/dags/driven_data_pipeline.py
[2025-06-28T02:27:33.953+0000] {logging_mixin.py:190} INFO - [2025-06-28T02:27:33.952+0000] {dag.py:3239} INFO - Sync 1 DAGs
[2025-06-28T02:27:33.977+0000] {logging_mixin.py:190} INFO - [2025-06-28T02:27:33.976+0000] {dag.py:4180} INFO - Setting next_dagrun for extract_raw_data_pipeline to 2025-06-27 07:58:00+00:00, run_after=2025-06-27 07:59:00+00:00
[2025-06-28T02:27:34.009+0000] {processor.py:208} INFO - Processing /opt/airflow/dags/driven_data_pipeline.py took 0.278 seconds
[2025-06-28T02:28:04.201+0000] {processor.py:186} INFO - Started process (PID=4311) to work on /opt/airflow/dags/driven_data_pipeline.py
[2025-06-28T02:28:04.212+0000] {processor.py:914} INFO - Processing file /opt/airflow/dags/driven_data_pipeline.py for tasks to queue
[2025-06-28T02:28:04.215+0000] {logging_mixin.py:190} INFO - [2025-06-28T02:28:04.215+0000] {dagbag.py:588} INFO - Filling up the DagBag from /opt/airflow/dags/driven_data_pipeline.py
[2025-06-28T02:28:04.395+0000] {processor.py:925} INFO - DAG(s) 'extract_raw_data_pipeline' retrieved from /opt/airflow/dags/driven_data_pipeline.py
[2025-06-28T02:28:04.425+0000] {logging_mixin.py:190} INFO - [2025-06-28T02:28:04.425+0000] {dag.py:3239} INFO - Sync 1 DAGs
[2025-06-28T02:28:04.457+0000] {logging_mixin.py:190} INFO - [2025-06-28T02:28:04.457+0000] {dag.py:4180} INFO - Setting next_dagrun for extract_raw_data_pipeline to 2025-06-27 07:58:00+00:00, run_after=2025-06-27 07:59:00+00:00
[2025-06-28T02:28:04.493+0000] {processor.py:208} INFO - Processing /opt/airflow/dags/driven_data_pipeline.py took 0.299 seconds
[2025-06-28T02:28:34.687+0000] {processor.py:186} INFO - Started process (PID=4319) to work on /opt/airflow/dags/driven_data_pipeline.py
[2025-06-28T02:28:34.688+0000] {processor.py:914} INFO - Processing file /opt/airflow/dags/driven_data_pipeline.py for tasks to queue
[2025-06-28T02:28:34.690+0000] {logging_mixin.py:190} INFO - [2025-06-28T02:28:34.690+0000] {dagbag.py:588} INFO - Filling up the DagBag from /opt/airflow/dags/driven_data_pipeline.py
[2025-06-28T02:28:34.879+0000] {processor.py:925} INFO - DAG(s) 'extract_raw_data_pipeline' retrieved from /opt/airflow/dags/driven_data_pipeline.py
[2025-06-28T02:28:34.903+0000] {logging_mixin.py:190} INFO - [2025-06-28T02:28:34.902+0000] {dag.py:3239} INFO - Sync 1 DAGs
[2025-06-28T02:28:34.925+0000] {logging_mixin.py:190} INFO - [2025-06-28T02:28:34.925+0000] {dag.py:4180} INFO - Setting next_dagrun for extract_raw_data_pipeline to 2025-06-27 07:58:00+00:00, run_after=2025-06-27 07:59:00+00:00
[2025-06-28T02:28:34.978+0000] {processor.py:208} INFO - Processing /opt/airflow/dags/driven_data_pipeline.py took 0.297 seconds
[2025-06-28T02:29:05.126+0000] {processor.py:186} INFO - Started process (PID=4327) to work on /opt/airflow/dags/driven_data_pipeline.py
[2025-06-28T02:29:05.140+0000] {processor.py:914} INFO - Processing file /opt/airflow/dags/driven_data_pipeline.py for tasks to queue
[2025-06-28T02:29:05.142+0000] {logging_mixin.py:190} INFO - [2025-06-28T02:29:05.142+0000] {dagbag.py:588} INFO - Filling up the DagBag from /opt/airflow/dags/driven_data_pipeline.py
[2025-06-28T02:29:05.326+0000] {processor.py:925} INFO - DAG(s) 'extract_raw_data_pipeline' retrieved from /opt/airflow/dags/driven_data_pipeline.py
[2025-06-28T02:29:05.350+0000] {logging_mixin.py:190} INFO - [2025-06-28T02:29:05.350+0000] {dag.py:3239} INFO - Sync 1 DAGs
[2025-06-28T02:29:05.372+0000] {logging_mixin.py:190} INFO - [2025-06-28T02:29:05.372+0000] {dag.py:4180} INFO - Setting next_dagrun for extract_raw_data_pipeline to 2025-06-27 07:58:00+00:00, run_after=2025-06-27 07:59:00+00:00
[2025-06-28T02:29:05.408+0000] {processor.py:208} INFO - Processing /opt/airflow/dags/driven_data_pipeline.py took 0.290 seconds
[2025-06-28T02:29:35.634+0000] {processor.py:186} INFO - Started process (PID=4335) to work on /opt/airflow/dags/driven_data_pipeline.py
[2025-06-28T02:29:35.635+0000] {processor.py:914} INFO - Processing file /opt/airflow/dags/driven_data_pipeline.py for tasks to queue
[2025-06-28T02:29:35.637+0000] {logging_mixin.py:190} INFO - [2025-06-28T02:29:35.637+0000] {dagbag.py:588} INFO - Filling up the DagBag from /opt/airflow/dags/driven_data_pipeline.py
[2025-06-28T02:29:35.808+0000] {processor.py:925} INFO - DAG(s) 'extract_raw_data_pipeline' retrieved from /opt/airflow/dags/driven_data_pipeline.py
[2025-06-28T02:29:35.831+0000] {logging_mixin.py:190} INFO - [2025-06-28T02:29:35.831+0000] {dag.py:3239} INFO - Sync 1 DAGs
[2025-06-28T02:29:35.855+0000] {logging_mixin.py:190} INFO - [2025-06-28T02:29:35.855+0000] {dag.py:4180} INFO - Setting next_dagrun for extract_raw_data_pipeline to 2025-06-27 07:58:00+00:00, run_after=2025-06-27 07:59:00+00:00
[2025-06-28T02:29:35.886+0000] {processor.py:208} INFO - Processing /opt/airflow/dags/driven_data_pipeline.py took 0.258 seconds
[2025-06-28T02:30:06.110+0000] {processor.py:186} INFO - Started process (PID=4343) to work on /opt/airflow/dags/driven_data_pipeline.py
[2025-06-28T02:30:06.119+0000] {processor.py:914} INFO - Processing file /opt/airflow/dags/driven_data_pipeline.py for tasks to queue
[2025-06-28T02:30:06.123+0000] {logging_mixin.py:190} INFO - [2025-06-28T02:30:06.123+0000] {dagbag.py:588} INFO - Filling up the DagBag from /opt/airflow/dags/driven_data_pipeline.py
[2025-06-28T02:30:06.309+0000] {processor.py:925} INFO - DAG(s) 'extract_raw_data_pipeline' retrieved from /opt/airflow/dags/driven_data_pipeline.py
[2025-06-28T02:30:06.333+0000] {logging_mixin.py:190} INFO - [2025-06-28T02:30:06.333+0000] {dag.py:3239} INFO - Sync 1 DAGs
[2025-06-28T02:30:06.355+0000] {logging_mixin.py:190} INFO - [2025-06-28T02:30:06.355+0000] {dag.py:4180} INFO - Setting next_dagrun for extract_raw_data_pipeline to 2025-06-27 07:58:00+00:00, run_after=2025-06-27 07:59:00+00:00
[2025-06-28T02:30:06.405+0000] {processor.py:208} INFO - Processing /opt/airflow/dags/driven_data_pipeline.py took 0.308 seconds
[2025-06-28T02:30:36.540+0000] {processor.py:186} INFO - Started process (PID=4351) to work on /opt/airflow/dags/driven_data_pipeline.py
[2025-06-28T02:30:36.541+0000] {processor.py:914} INFO - Processing file /opt/airflow/dags/driven_data_pipeline.py for tasks to queue
[2025-06-28T02:30:36.546+0000] {logging_mixin.py:190} INFO - [2025-06-28T02:30:36.546+0000] {dagbag.py:588} INFO - Filling up the DagBag from /opt/airflow/dags/driven_data_pipeline.py
[2025-06-28T02:30:36.724+0000] {processor.py:925} INFO - DAG(s) 'extract_raw_data_pipeline' retrieved from /opt/airflow/dags/driven_data_pipeline.py
[2025-06-28T02:30:36.747+0000] {logging_mixin.py:190} INFO - [2025-06-28T02:30:36.746+0000] {dag.py:3239} INFO - Sync 1 DAGs
[2025-06-28T02:30:36.769+0000] {logging_mixin.py:190} INFO - [2025-06-28T02:30:36.768+0000] {dag.py:4180} INFO - Setting next_dagrun for extract_raw_data_pipeline to 2025-06-27 07:58:00+00:00, run_after=2025-06-27 07:59:00+00:00
[2025-06-28T02:30:36.804+0000] {processor.py:208} INFO - Processing /opt/airflow/dags/driven_data_pipeline.py took 0.279 seconds
[2025-06-28T02:31:07.056+0000] {processor.py:186} INFO - Started process (PID=4359) to work on /opt/airflow/dags/driven_data_pipeline.py
[2025-06-28T02:31:07.066+0000] {processor.py:914} INFO - Processing file /opt/airflow/dags/driven_data_pipeline.py for tasks to queue
[2025-06-28T02:31:07.069+0000] {logging_mixin.py:190} INFO - [2025-06-28T02:31:07.068+0000] {dagbag.py:588} INFO - Filling up the DagBag from /opt/airflow/dags/driven_data_pipeline.py
[2025-06-28T02:31:07.242+0000] {processor.py:925} INFO - DAG(s) 'extract_raw_data_pipeline' retrieved from /opt/airflow/dags/driven_data_pipeline.py
[2025-06-28T02:31:07.265+0000] {logging_mixin.py:190} INFO - [2025-06-28T02:31:07.265+0000] {dag.py:3239} INFO - Sync 1 DAGs
[2025-06-28T02:31:07.287+0000] {logging_mixin.py:190} INFO - [2025-06-28T02:31:07.287+0000] {dag.py:4180} INFO - Setting next_dagrun for extract_raw_data_pipeline to 2025-06-27 07:58:00+00:00, run_after=2025-06-27 07:59:00+00:00
[2025-06-28T02:31:07.321+0000] {processor.py:208} INFO - Processing /opt/airflow/dags/driven_data_pipeline.py took 0.271 seconds
[2025-06-28T02:31:37.528+0000] {processor.py:186} INFO - Started process (PID=4367) to work on /opt/airflow/dags/driven_data_pipeline.py
[2025-06-28T02:31:37.528+0000] {processor.py:914} INFO - Processing file /opt/airflow/dags/driven_data_pipeline.py for tasks to queue
[2025-06-28T02:31:37.531+0000] {logging_mixin.py:190} INFO - [2025-06-28T02:31:37.530+0000] {dagbag.py:588} INFO - Filling up the DagBag from /opt/airflow/dags/driven_data_pipeline.py
[2025-06-28T02:31:37.709+0000] {processor.py:925} INFO - DAG(s) 'extract_raw_data_pipeline' retrieved from /opt/airflow/dags/driven_data_pipeline.py
[2025-06-28T02:31:37.741+0000] {logging_mixin.py:190} INFO - [2025-06-28T02:31:37.741+0000] {dag.py:3239} INFO - Sync 1 DAGs
[2025-06-28T02:31:37.767+0000] {logging_mixin.py:190} INFO - [2025-06-28T02:31:37.767+0000] {dag.py:4180} INFO - Setting next_dagrun for extract_raw_data_pipeline to 2025-06-27 07:58:00+00:00, run_after=2025-06-27 07:59:00+00:00
[2025-06-28T02:31:37.805+0000] {processor.py:208} INFO - Processing /opt/airflow/dags/driven_data_pipeline.py took 0.284 seconds
[2025-06-28T02:32:08.036+0000] {processor.py:186} INFO - Started process (PID=4375) to work on /opt/airflow/dags/driven_data_pipeline.py
[2025-06-28T02:32:08.048+0000] {processor.py:914} INFO - Processing file /opt/airflow/dags/driven_data_pipeline.py for tasks to queue
[2025-06-28T02:32:08.050+0000] {logging_mixin.py:190} INFO - [2025-06-28T02:32:08.050+0000] {dagbag.py:588} INFO - Filling up the DagBag from /opt/airflow/dags/driven_data_pipeline.py
[2025-06-28T02:32:08.232+0000] {processor.py:925} INFO - DAG(s) 'extract_raw_data_pipeline' retrieved from /opt/airflow/dags/driven_data_pipeline.py
[2025-06-28T02:32:08.262+0000] {logging_mixin.py:190} INFO - [2025-06-28T02:32:08.262+0000] {dag.py:3239} INFO - Sync 1 DAGs
[2025-06-28T02:32:08.287+0000] {logging_mixin.py:190} INFO - [2025-06-28T02:32:08.287+0000] {dag.py:4180} INFO - Setting next_dagrun for extract_raw_data_pipeline to 2025-06-27 07:58:00+00:00, run_after=2025-06-27 07:59:00+00:00
[2025-06-28T02:32:08.323+0000] {processor.py:208} INFO - Processing /opt/airflow/dags/driven_data_pipeline.py took 0.294 seconds
[2025-06-28T02:32:38.494+0000] {processor.py:186} INFO - Started process (PID=4383) to work on /opt/airflow/dags/driven_data_pipeline.py
[2025-06-28T02:32:38.495+0000] {processor.py:914} INFO - Processing file /opt/airflow/dags/driven_data_pipeline.py for tasks to queue
[2025-06-28T02:32:38.497+0000] {logging_mixin.py:190} INFO - [2025-06-28T02:32:38.497+0000] {dagbag.py:588} INFO - Filling up the DagBag from /opt/airflow/dags/driven_data_pipeline.py
[2025-06-28T02:32:38.672+0000] {processor.py:925} INFO - DAG(s) 'extract_raw_data_pipeline' retrieved from /opt/airflow/dags/driven_data_pipeline.py
[2025-06-28T02:32:38.695+0000] {logging_mixin.py:190} INFO - [2025-06-28T02:32:38.695+0000] {dag.py:3239} INFO - Sync 1 DAGs
[2025-06-28T02:32:38.717+0000] {logging_mixin.py:190} INFO - [2025-06-28T02:32:38.717+0000] {dag.py:4180} INFO - Setting next_dagrun for extract_raw_data_pipeline to 2025-06-27 07:58:00+00:00, run_after=2025-06-27 07:59:00+00:00
[2025-06-28T02:32:38.756+0000] {processor.py:208} INFO - Processing /opt/airflow/dags/driven_data_pipeline.py took 0.269 seconds
[2025-06-28T02:33:09.037+0000] {processor.py:186} INFO - Started process (PID=4391) to work on /opt/airflow/dags/driven_data_pipeline.py
[2025-06-28T02:33:09.046+0000] {processor.py:914} INFO - Processing file /opt/airflow/dags/driven_data_pipeline.py for tasks to queue
[2025-06-28T02:33:09.050+0000] {logging_mixin.py:190} INFO - [2025-06-28T02:33:09.049+0000] {dagbag.py:588} INFO - Filling up the DagBag from /opt/airflow/dags/driven_data_pipeline.py
[2025-06-28T02:33:09.234+0000] {processor.py:925} INFO - DAG(s) 'extract_raw_data_pipeline' retrieved from /opt/airflow/dags/driven_data_pipeline.py
[2025-06-28T02:33:09.258+0000] {logging_mixin.py:190} INFO - [2025-06-28T02:33:09.258+0000] {dag.py:3239} INFO - Sync 1 DAGs
[2025-06-28T02:33:09.280+0000] {logging_mixin.py:190} INFO - [2025-06-28T02:33:09.280+0000] {dag.py:4180} INFO - Setting next_dagrun for extract_raw_data_pipeline to 2025-06-27 07:58:00+00:00, run_after=2025-06-27 07:59:00+00:00
[2025-06-28T02:33:09.317+0000] {processor.py:208} INFO - Processing /opt/airflow/dags/driven_data_pipeline.py took 0.292 seconds
[2025-06-28T02:33:39.382+0000] {processor.py:186} INFO - Started process (PID=4399) to work on /opt/airflow/dags/driven_data_pipeline.py
[2025-06-28T02:33:39.382+0000] {processor.py:914} INFO - Processing file /opt/airflow/dags/driven_data_pipeline.py for tasks to queue
[2025-06-28T02:33:39.385+0000] {logging_mixin.py:190} INFO - [2025-06-28T02:33:39.384+0000] {dagbag.py:588} INFO - Filling up the DagBag from /opt/airflow/dags/driven_data_pipeline.py
[2025-06-28T02:33:39.566+0000] {processor.py:925} INFO - DAG(s) 'extract_raw_data_pipeline' retrieved from /opt/airflow/dags/driven_data_pipeline.py
[2025-06-28T02:33:39.590+0000] {logging_mixin.py:190} INFO - [2025-06-28T02:33:39.589+0000] {dag.py:3239} INFO - Sync 1 DAGs
[2025-06-28T02:33:39.613+0000] {logging_mixin.py:190} INFO - [2025-06-28T02:33:39.613+0000] {dag.py:4180} INFO - Setting next_dagrun for extract_raw_data_pipeline to 2025-06-27 07:58:00+00:00, run_after=2025-06-27 07:59:00+00:00
[2025-06-28T02:33:39.651+0000] {processor.py:208} INFO - Processing /opt/airflow/dags/driven_data_pipeline.py took 0.276 seconds
[2025-06-28T02:34:10.069+0000] {processor.py:186} INFO - Started process (PID=4407) to work on /opt/airflow/dags/driven_data_pipeline.py
[2025-06-28T02:34:10.086+0000] {processor.py:914} INFO - Processing file /opt/airflow/dags/driven_data_pipeline.py for tasks to queue
[2025-06-28T02:34:10.096+0000] {logging_mixin.py:190} INFO - [2025-06-28T02:34:10.094+0000] {dagbag.py:588} INFO - Filling up the DagBag from /opt/airflow/dags/driven_data_pipeline.py
[2025-06-28T02:34:10.298+0000] {processor.py:925} INFO - DAG(s) 'extract_raw_data_pipeline' retrieved from /opt/airflow/dags/driven_data_pipeline.py
[2025-06-28T02:34:10.323+0000] {logging_mixin.py:190} INFO - [2025-06-28T02:34:10.323+0000] {dag.py:3239} INFO - Sync 1 DAGs
[2025-06-28T02:34:10.345+0000] {logging_mixin.py:190} INFO - [2025-06-28T02:34:10.345+0000] {dag.py:4180} INFO - Setting next_dagrun for extract_raw_data_pipeline to 2025-06-27 07:58:00+00:00, run_after=2025-06-27 07:59:00+00:00
[2025-06-28T02:34:11.677+0000] {processor.py:208} INFO - Processing /opt/airflow/dags/driven_data_pipeline.py took 1.621 seconds
[2025-06-28T02:34:42.060+0000] {processor.py:186} INFO - Started process (PID=4421) to work on /opt/airflow/dags/driven_data_pipeline.py
[2025-06-28T02:34:42.062+0000] {processor.py:914} INFO - Processing file /opt/airflow/dags/driven_data_pipeline.py for tasks to queue
[2025-06-28T02:34:42.066+0000] {logging_mixin.py:190} INFO - [2025-06-28T02:34:42.066+0000] {dagbag.py:588} INFO - Filling up the DagBag from /opt/airflow/dags/driven_data_pipeline.py
[2025-06-28T02:34:42.244+0000] {processor.py:925} INFO - DAG(s) 'extract_raw_data_pipeline' retrieved from /opt/airflow/dags/driven_data_pipeline.py
[2025-06-28T02:34:42.268+0000] {logging_mixin.py:190} INFO - [2025-06-28T02:34:42.268+0000] {dag.py:3239} INFO - Sync 1 DAGs
[2025-06-28T02:34:42.291+0000] {logging_mixin.py:190} INFO - [2025-06-28T02:34:42.291+0000] {dag.py:4180} INFO - Setting next_dagrun for extract_raw_data_pipeline to 2025-06-27 07:58:00+00:00, run_after=2025-06-27 07:59:00+00:00
[2025-06-28T02:34:43.431+0000] {processor.py:208} INFO - Processing /opt/airflow/dags/driven_data_pipeline.py took 1.384 seconds
[2025-06-28T02:35:13.685+0000] {processor.py:186} INFO - Started process (PID=4429) to work on /opt/airflow/dags/driven_data_pipeline.py
[2025-06-28T02:35:13.686+0000] {processor.py:914} INFO - Processing file /opt/airflow/dags/driven_data_pipeline.py for tasks to queue
[2025-06-28T02:35:13.688+0000] {logging_mixin.py:190} INFO - [2025-06-28T02:35:13.688+0000] {dagbag.py:588} INFO - Filling up the DagBag from /opt/airflow/dags/driven_data_pipeline.py
[2025-06-28T02:35:13.859+0000] {processor.py:925} INFO - DAG(s) 'extract_raw_data_pipeline' retrieved from /opt/airflow/dags/driven_data_pipeline.py
[2025-06-28T02:35:13.883+0000] {logging_mixin.py:190} INFO - [2025-06-28T02:35:13.883+0000] {dag.py:3239} INFO - Sync 1 DAGs
[2025-06-28T02:35:13.905+0000] {logging_mixin.py:190} INFO - [2025-06-28T02:35:13.905+0000] {dag.py:4180} INFO - Setting next_dagrun for extract_raw_data_pipeline to 2025-06-27 07:58:00+00:00, run_after=2025-06-27 07:59:00+00:00
[2025-06-28T02:35:13.947+0000] {processor.py:208} INFO - Processing /opt/airflow/dags/driven_data_pipeline.py took 0.268 seconds
[2025-06-28T02:35:44.054+0000] {processor.py:186} INFO - Started process (PID=4437) to work on /opt/airflow/dags/driven_data_pipeline.py
[2025-06-28T02:35:44.055+0000] {processor.py:914} INFO - Processing file /opt/airflow/dags/driven_data_pipeline.py for tasks to queue
[2025-06-28T02:35:44.059+0000] {logging_mixin.py:190} INFO - [2025-06-28T02:35:44.058+0000] {dagbag.py:588} INFO - Filling up the DagBag from /opt/airflow/dags/driven_data_pipeline.py
[2025-06-28T02:35:44.239+0000] {processor.py:925} INFO - DAG(s) 'extract_raw_data_pipeline' retrieved from /opt/airflow/dags/driven_data_pipeline.py
[2025-06-28T02:35:44.263+0000] {logging_mixin.py:190} INFO - [2025-06-28T02:35:44.263+0000] {dag.py:3239} INFO - Sync 1 DAGs
[2025-06-28T02:35:44.287+0000] {logging_mixin.py:190} INFO - [2025-06-28T02:35:44.286+0000] {dag.py:4180} INFO - Setting next_dagrun for extract_raw_data_pipeline to 2025-06-27 07:58:00+00:00, run_after=2025-06-27 07:59:00+00:00
[2025-06-28T02:35:44.810+0000] {processor.py:208} INFO - Processing /opt/airflow/dags/driven_data_pipeline.py took 0.766 seconds
[2025-06-28T02:36:15.207+0000] {processor.py:186} INFO - Started process (PID=4445) to work on /opt/airflow/dags/driven_data_pipeline.py
[2025-06-28T02:36:15.208+0000] {processor.py:914} INFO - Processing file /opt/airflow/dags/driven_data_pipeline.py for tasks to queue
[2025-06-28T02:36:15.211+0000] {logging_mixin.py:190} INFO - [2025-06-28T02:36:15.211+0000] {dagbag.py:588} INFO - Filling up the DagBag from /opt/airflow/dags/driven_data_pipeline.py
[2025-06-28T02:36:15.385+0000] {processor.py:925} INFO - DAG(s) 'extract_raw_data_pipeline' retrieved from /opt/airflow/dags/driven_data_pipeline.py
[2025-06-28T02:36:15.410+0000] {logging_mixin.py:190} INFO - [2025-06-28T02:36:15.410+0000] {dag.py:3239} INFO - Sync 1 DAGs
[2025-06-28T02:36:15.432+0000] {logging_mixin.py:190} INFO - [2025-06-28T02:36:15.432+0000] {dag.py:4180} INFO - Setting next_dagrun for extract_raw_data_pipeline to 2025-06-27 07:58:00+00:00, run_after=2025-06-27 07:59:00+00:00
[2025-06-28T02:36:15.465+0000] {processor.py:208} INFO - Processing /opt/airflow/dags/driven_data_pipeline.py took 0.269 seconds
[2025-06-28T02:36:45.537+0000] {processor.py:186} INFO - Started process (PID=4453) to work on /opt/airflow/dags/driven_data_pipeline.py
[2025-06-28T02:36:45.539+0000] {processor.py:914} INFO - Processing file /opt/airflow/dags/driven_data_pipeline.py for tasks to queue
[2025-06-28T02:36:45.542+0000] {logging_mixin.py:190} INFO - [2025-06-28T02:36:45.541+0000] {dagbag.py:588} INFO - Filling up the DagBag from /opt/airflow/dags/driven_data_pipeline.py
[2025-06-28T02:36:45.722+0000] {processor.py:925} INFO - DAG(s) 'extract_raw_data_pipeline' retrieved from /opt/airflow/dags/driven_data_pipeline.py
[2025-06-28T02:36:45.747+0000] {logging_mixin.py:190} INFO - [2025-06-28T02:36:45.746+0000] {dag.py:3239} INFO - Sync 1 DAGs
[2025-06-28T02:36:45.769+0000] {logging_mixin.py:190} INFO - [2025-06-28T02:36:45.769+0000] {dag.py:4180} INFO - Setting next_dagrun for extract_raw_data_pipeline to 2025-06-27 07:58:00+00:00, run_after=2025-06-27 07:59:00+00:00
[2025-06-28T02:36:46.360+0000] {processor.py:208} INFO - Processing /opt/airflow/dags/driven_data_pipeline.py took 0.832 seconds
[2025-06-28T02:37:16.701+0000] {processor.py:186} INFO - Started process (PID=4461) to work on /opt/airflow/dags/driven_data_pipeline.py
[2025-06-28T02:37:16.702+0000] {processor.py:914} INFO - Processing file /opt/airflow/dags/driven_data_pipeline.py for tasks to queue
[2025-06-28T02:37:16.704+0000] {logging_mixin.py:190} INFO - [2025-06-28T02:37:16.703+0000] {dagbag.py:588} INFO - Filling up the DagBag from /opt/airflow/dags/driven_data_pipeline.py
[2025-06-28T02:37:16.881+0000] {processor.py:925} INFO - DAG(s) 'extract_raw_data_pipeline' retrieved from /opt/airflow/dags/driven_data_pipeline.py
[2025-06-28T02:37:16.905+0000] {logging_mixin.py:190} INFO - [2025-06-28T02:37:16.905+0000] {dag.py:3239} INFO - Sync 1 DAGs
[2025-06-28T02:37:16.928+0000] {logging_mixin.py:190} INFO - [2025-06-28T02:37:16.927+0000] {dag.py:4180} INFO - Setting next_dagrun for extract_raw_data_pipeline to 2025-06-27 07:58:00+00:00, run_after=2025-06-27 07:59:00+00:00
[2025-06-28T02:37:16.963+0000] {processor.py:208} INFO - Processing /opt/airflow/dags/driven_data_pipeline.py took 0.268 seconds
[2025-06-28T02:37:47.023+0000] {processor.py:186} INFO - Started process (PID=4469) to work on /opt/airflow/dags/driven_data_pipeline.py
[2025-06-28T02:37:47.023+0000] {processor.py:914} INFO - Processing file /opt/airflow/dags/driven_data_pipeline.py for tasks to queue
[2025-06-28T02:37:47.026+0000] {logging_mixin.py:190} INFO - [2025-06-28T02:37:47.025+0000] {dagbag.py:588} INFO - Filling up the DagBag from /opt/airflow/dags/driven_data_pipeline.py
[2025-06-28T02:37:47.199+0000] {processor.py:925} INFO - DAG(s) 'extract_raw_data_pipeline' retrieved from /opt/airflow/dags/driven_data_pipeline.py
[2025-06-28T02:37:47.223+0000] {logging_mixin.py:190} INFO - [2025-06-28T02:37:47.223+0000] {dag.py:3239} INFO - Sync 1 DAGs
[2025-06-28T02:37:47.246+0000] {logging_mixin.py:190} INFO - [2025-06-28T02:37:47.246+0000] {dag.py:4180} INFO - Setting next_dagrun for extract_raw_data_pipeline to 2025-06-27 07:58:00+00:00, run_after=2025-06-27 07:59:00+00:00
[2025-06-28T02:37:48.475+0000] {processor.py:208} INFO - Processing /opt/airflow/dags/driven_data_pipeline.py took 1.459 seconds
[2025-06-28T02:38:18.687+0000] {processor.py:186} INFO - Started process (PID=4477) to work on /opt/airflow/dags/driven_data_pipeline.py
[2025-06-28T02:38:18.687+0000] {processor.py:914} INFO - Processing file /opt/airflow/dags/driven_data_pipeline.py for tasks to queue
[2025-06-28T02:38:18.690+0000] {logging_mixin.py:190} INFO - [2025-06-28T02:38:18.689+0000] {dagbag.py:588} INFO - Filling up the DagBag from /opt/airflow/dags/driven_data_pipeline.py
[2025-06-28T02:38:18.859+0000] {processor.py:925} INFO - DAG(s) 'extract_raw_data_pipeline' retrieved from /opt/airflow/dags/driven_data_pipeline.py
[2025-06-28T02:38:18.884+0000] {logging_mixin.py:190} INFO - [2025-06-28T02:38:18.884+0000] {dag.py:3239} INFO - Sync 1 DAGs
[2025-06-28T02:38:18.906+0000] {logging_mixin.py:190} INFO - [2025-06-28T02:38:18.906+0000] {dag.py:4180} INFO - Setting next_dagrun for extract_raw_data_pipeline to 2025-06-27 07:58:00+00:00, run_after=2025-06-27 07:59:00+00:00
[2025-06-28T02:38:18.944+0000] {processor.py:208} INFO - Processing /opt/airflow/dags/driven_data_pipeline.py took 0.263 seconds
[2025-06-28T02:38:49.155+0000] {processor.py:186} INFO - Started process (PID=4485) to work on /opt/airflow/dags/driven_data_pipeline.py
[2025-06-28T02:38:49.164+0000] {processor.py:914} INFO - Processing file /opt/airflow/dags/driven_data_pipeline.py for tasks to queue
[2025-06-28T02:38:49.167+0000] {logging_mixin.py:190} INFO - [2025-06-28T02:38:49.166+0000] {dagbag.py:588} INFO - Filling up the DagBag from /opt/airflow/dags/driven_data_pipeline.py
[2025-06-28T02:38:49.447+0000] {processor.py:925} INFO - DAG(s) 'extract_raw_data_pipeline' retrieved from /opt/airflow/dags/driven_data_pipeline.py
[2025-06-28T02:38:49.482+0000] {logging_mixin.py:190} INFO - [2025-06-28T02:38:49.482+0000] {dag.py:3239} INFO - Sync 1 DAGs
[2025-06-28T02:38:49.518+0000] {logging_mixin.py:190} INFO - [2025-06-28T02:38:49.517+0000] {dag.py:4180} INFO - Setting next_dagrun for extract_raw_data_pipeline to 2025-06-27 07:58:00+00:00, run_after=2025-06-27 07:59:00+00:00
[2025-06-28T02:38:49.557+0000] {processor.py:208} INFO - Processing /opt/airflow/dags/driven_data_pipeline.py took 0.411 seconds
[2025-06-28T02:39:19.620+0000] {processor.py:186} INFO - Started process (PID=4493) to work on /opt/airflow/dags/driven_data_pipeline.py
[2025-06-28T02:39:19.621+0000] {processor.py:914} INFO - Processing file /opt/airflow/dags/driven_data_pipeline.py for tasks to queue
[2025-06-28T02:39:19.623+0000] {logging_mixin.py:190} INFO - [2025-06-28T02:39:19.622+0000] {dagbag.py:588} INFO - Filling up the DagBag from /opt/airflow/dags/driven_data_pipeline.py
[2025-06-28T02:39:19.795+0000] {processor.py:925} INFO - DAG(s) 'extract_raw_data_pipeline' retrieved from /opt/airflow/dags/driven_data_pipeline.py
[2025-06-28T02:39:19.822+0000] {logging_mixin.py:190} INFO - [2025-06-28T02:39:19.822+0000] {dag.py:3239} INFO - Sync 1 DAGs
[2025-06-28T02:39:19.845+0000] {logging_mixin.py:190} INFO - [2025-06-28T02:39:19.844+0000] {dag.py:4180} INFO - Setting next_dagrun for extract_raw_data_pipeline to 2025-06-27 07:58:00+00:00, run_after=2025-06-27 07:59:00+00:00
[2025-06-28T02:39:19.881+0000] {processor.py:208} INFO - Processing /opt/airflow/dags/driven_data_pipeline.py took 0.268 seconds
[2025-06-28T02:39:49.937+0000] {processor.py:186} INFO - Started process (PID=4501) to work on /opt/airflow/dags/driven_data_pipeline.py
[2025-06-28T02:39:49.945+0000] {processor.py:914} INFO - Processing file /opt/airflow/dags/driven_data_pipeline.py for tasks to queue
[2025-06-28T02:39:49.947+0000] {logging_mixin.py:190} INFO - [2025-06-28T02:39:49.947+0000] {dagbag.py:588} INFO - Filling up the DagBag from /opt/airflow/dags/driven_data_pipeline.py
[2025-06-28T02:39:50.127+0000] {processor.py:925} INFO - DAG(s) 'extract_raw_data_pipeline' retrieved from /opt/airflow/dags/driven_data_pipeline.py
[2025-06-28T02:39:50.151+0000] {logging_mixin.py:190} INFO - [2025-06-28T02:39:50.151+0000] {dag.py:3239} INFO - Sync 1 DAGs
[2025-06-28T02:39:50.175+0000] {logging_mixin.py:190} INFO - [2025-06-28T02:39:50.175+0000] {dag.py:4180} INFO - Setting next_dagrun for extract_raw_data_pipeline to 2025-06-27 07:58:00+00:00, run_after=2025-06-27 07:59:00+00:00
[2025-06-28T02:39:50.217+0000] {processor.py:208} INFO - Processing /opt/airflow/dags/driven_data_pipeline.py took 0.286 seconds
[2025-06-28T02:40:20.560+0000] {processor.py:186} INFO - Started process (PID=4509) to work on /opt/airflow/dags/driven_data_pipeline.py
[2025-06-28T02:40:20.560+0000] {processor.py:914} INFO - Processing file /opt/airflow/dags/driven_data_pipeline.py for tasks to queue
[2025-06-28T02:40:20.563+0000] {logging_mixin.py:190} INFO - [2025-06-28T02:40:20.562+0000] {dagbag.py:588} INFO - Filling up the DagBag from /opt/airflow/dags/driven_data_pipeline.py
[2025-06-28T02:40:20.734+0000] {processor.py:925} INFO - DAG(s) 'extract_raw_data_pipeline' retrieved from /opt/airflow/dags/driven_data_pipeline.py
[2025-06-28T02:40:20.759+0000] {logging_mixin.py:190} INFO - [2025-06-28T02:40:20.759+0000] {dag.py:3239} INFO - Sync 1 DAGs
[2025-06-28T02:40:20.781+0000] {logging_mixin.py:190} INFO - [2025-06-28T02:40:20.781+0000] {dag.py:4180} INFO - Setting next_dagrun for extract_raw_data_pipeline to 2025-06-27 07:58:00+00:00, run_after=2025-06-27 07:59:00+00:00
[2025-06-28T02:40:21.606+0000] {processor.py:208} INFO - Processing /opt/airflow/dags/driven_data_pipeline.py took 1.056 seconds
[2025-06-28T02:40:51.911+0000] {processor.py:186} INFO - Started process (PID=4517) to work on /opt/airflow/dags/driven_data_pipeline.py
[2025-06-28T02:40:51.913+0000] {processor.py:914} INFO - Processing file /opt/airflow/dags/driven_data_pipeline.py for tasks to queue
[2025-06-28T02:40:51.916+0000] {logging_mixin.py:190} INFO - [2025-06-28T02:40:51.915+0000] {dagbag.py:588} INFO - Filling up the DagBag from /opt/airflow/dags/driven_data_pipeline.py
[2025-06-28T02:40:52.096+0000] {processor.py:925} INFO - DAG(s) 'extract_raw_data_pipeline' retrieved from /opt/airflow/dags/driven_data_pipeline.py
[2025-06-28T02:40:52.120+0000] {logging_mixin.py:190} INFO - [2025-06-28T02:40:52.119+0000] {dag.py:3239} INFO - Sync 1 DAGs
[2025-06-28T02:40:52.142+0000] {logging_mixin.py:190} INFO - [2025-06-28T02:40:52.142+0000] {dag.py:4180} INFO - Setting next_dagrun for extract_raw_data_pipeline to 2025-06-27 07:58:00+00:00, run_after=2025-06-27 07:59:00+00:00
[2025-06-28T02:40:52.184+0000] {processor.py:208} INFO - Processing /opt/airflow/dags/driven_data_pipeline.py took 0.282 seconds
[2025-06-28T02:41:22.324+0000] {processor.py:186} INFO - Started process (PID=4525) to work on /opt/airflow/dags/driven_data_pipeline.py
[2025-06-28T02:41:22.329+0000] {processor.py:914} INFO - Processing file /opt/airflow/dags/driven_data_pipeline.py for tasks to queue
[2025-06-28T02:41:22.332+0000] {logging_mixin.py:190} INFO - [2025-06-28T02:41:22.332+0000] {dagbag.py:588} INFO - Filling up the DagBag from /opt/airflow/dags/driven_data_pipeline.py
[2025-06-28T02:41:22.512+0000] {processor.py:925} INFO - DAG(s) 'extract_raw_data_pipeline' retrieved from /opt/airflow/dags/driven_data_pipeline.py
[2025-06-28T02:41:22.538+0000] {logging_mixin.py:190} INFO - [2025-06-28T02:41:22.538+0000] {dag.py:3239} INFO - Sync 1 DAGs
[2025-06-28T02:41:22.560+0000] {logging_mixin.py:190} INFO - [2025-06-28T02:41:22.560+0000] {dag.py:4180} INFO - Setting next_dagrun for extract_raw_data_pipeline to 2025-06-27 07:58:00+00:00, run_after=2025-06-27 07:59:00+00:00
[2025-06-28T02:41:22.598+0000] {processor.py:208} INFO - Processing /opt/airflow/dags/driven_data_pipeline.py took 0.283 seconds
[2025-06-28T02:41:52.966+0000] {processor.py:186} INFO - Started process (PID=4533) to work on /opt/airflow/dags/driven_data_pipeline.py
[2025-06-28T02:41:52.966+0000] {processor.py:914} INFO - Processing file /opt/airflow/dags/driven_data_pipeline.py for tasks to queue
[2025-06-28T02:41:52.969+0000] {logging_mixin.py:190} INFO - [2025-06-28T02:41:52.968+0000] {dagbag.py:588} INFO - Filling up the DagBag from /opt/airflow/dags/driven_data_pipeline.py
[2025-06-28T02:41:53.143+0000] {processor.py:925} INFO - DAG(s) 'extract_raw_data_pipeline' retrieved from /opt/airflow/dags/driven_data_pipeline.py
[2025-06-28T02:41:53.166+0000] {logging_mixin.py:190} INFO - [2025-06-28T02:41:53.166+0000] {dag.py:3239} INFO - Sync 1 DAGs
[2025-06-28T02:41:53.190+0000] {logging_mixin.py:190} INFO - [2025-06-28T02:41:53.190+0000] {dag.py:4180} INFO - Setting next_dagrun for extract_raw_data_pipeline to 2025-06-27 07:58:00+00:00, run_after=2025-06-27 07:59:00+00:00
[2025-06-28T02:41:53.223+0000] {processor.py:208} INFO - Processing /opt/airflow/dags/driven_data_pipeline.py took 0.267 seconds
[2025-06-28T02:42:23.324+0000] {processor.py:186} INFO - Started process (PID=4541) to work on /opt/airflow/dags/driven_data_pipeline.py
[2025-06-28T02:42:23.337+0000] {processor.py:914} INFO - Processing file /opt/airflow/dags/driven_data_pipeline.py for tasks to queue
[2025-06-28T02:42:23.339+0000] {logging_mixin.py:190} INFO - [2025-06-28T02:42:23.339+0000] {dagbag.py:588} INFO - Filling up the DagBag from /opt/airflow/dags/driven_data_pipeline.py
[2025-06-28T02:42:23.513+0000] {processor.py:925} INFO - DAG(s) 'extract_raw_data_pipeline' retrieved from /opt/airflow/dags/driven_data_pipeline.py
[2025-06-28T02:42:23.537+0000] {logging_mixin.py:190} INFO - [2025-06-28T02:42:23.537+0000] {dag.py:3239} INFO - Sync 1 DAGs
[2025-06-28T02:42:23.560+0000] {logging_mixin.py:190} INFO - [2025-06-28T02:42:23.560+0000] {dag.py:4180} INFO - Setting next_dagrun for extract_raw_data_pipeline to 2025-06-27 07:58:00+00:00, run_after=2025-06-27 07:59:00+00:00
[2025-06-28T02:42:23.601+0000] {processor.py:208} INFO - Processing /opt/airflow/dags/driven_data_pipeline.py took 0.283 seconds
[2025-06-28T02:42:53.924+0000] {processor.py:186} INFO - Started process (PID=4549) to work on /opt/airflow/dags/driven_data_pipeline.py
[2025-06-28T02:42:53.925+0000] {processor.py:914} INFO - Processing file /opt/airflow/dags/driven_data_pipeline.py for tasks to queue
[2025-06-28T02:42:53.927+0000] {logging_mixin.py:190} INFO - [2025-06-28T02:42:53.927+0000] {dagbag.py:588} INFO - Filling up the DagBag from /opt/airflow/dags/driven_data_pipeline.py
[2025-06-28T02:42:54.102+0000] {processor.py:925} INFO - DAG(s) 'extract_raw_data_pipeline' retrieved from /opt/airflow/dags/driven_data_pipeline.py
[2025-06-28T02:42:54.126+0000] {logging_mixin.py:190} INFO - [2025-06-28T02:42:54.125+0000] {dag.py:3239} INFO - Sync 1 DAGs
[2025-06-28T02:42:54.148+0000] {logging_mixin.py:190} INFO - [2025-06-28T02:42:54.147+0000] {dag.py:4180} INFO - Setting next_dagrun for extract_raw_data_pipeline to 2025-06-27 07:58:00+00:00, run_after=2025-06-27 07:59:00+00:00
[2025-06-28T02:42:54.179+0000] {processor.py:208} INFO - Processing /opt/airflow/dags/driven_data_pipeline.py took 0.265 seconds
[2025-06-28T02:43:24.322+0000] {processor.py:186} INFO - Started process (PID=4557) to work on /opt/airflow/dags/driven_data_pipeline.py
[2025-06-28T02:43:24.330+0000] {processor.py:914} INFO - Processing file /opt/airflow/dags/driven_data_pipeline.py for tasks to queue
[2025-06-28T02:43:24.334+0000] {logging_mixin.py:190} INFO - [2025-06-28T02:43:24.333+0000] {dagbag.py:588} INFO - Filling up the DagBag from /opt/airflow/dags/driven_data_pipeline.py
[2025-06-28T02:43:24.512+0000] {processor.py:925} INFO - DAG(s) 'extract_raw_data_pipeline' retrieved from /opt/airflow/dags/driven_data_pipeline.py
[2025-06-28T02:43:24.536+0000] {logging_mixin.py:190} INFO - [2025-06-28T02:43:24.536+0000] {dag.py:3239} INFO - Sync 1 DAGs
[2025-06-28T02:43:24.562+0000] {logging_mixin.py:190} INFO - [2025-06-28T02:43:24.562+0000] {dag.py:4180} INFO - Setting next_dagrun for extract_raw_data_pipeline to 2025-06-27 07:58:00+00:00, run_after=2025-06-27 07:59:00+00:00
[2025-06-28T02:43:24.600+0000] {processor.py:208} INFO - Processing /opt/airflow/dags/driven_data_pipeline.py took 0.289 seconds
[2025-06-28T02:43:54.957+0000] {processor.py:186} INFO - Started process (PID=4565) to work on /opt/airflow/dags/driven_data_pipeline.py
[2025-06-28T02:43:54.958+0000] {processor.py:914} INFO - Processing file /opt/airflow/dags/driven_data_pipeline.py for tasks to queue
[2025-06-28T02:43:54.962+0000] {logging_mixin.py:190} INFO - [2025-06-28T02:43:54.961+0000] {dagbag.py:588} INFO - Filling up the DagBag from /opt/airflow/dags/driven_data_pipeline.py
[2025-06-28T02:43:55.162+0000] {processor.py:925} INFO - DAG(s) 'extract_raw_data_pipeline' retrieved from /opt/airflow/dags/driven_data_pipeline.py
[2025-06-28T02:43:55.185+0000] {logging_mixin.py:190} INFO - [2025-06-28T02:43:55.185+0000] {dag.py:3239} INFO - Sync 1 DAGs
[2025-06-28T02:43:55.209+0000] {logging_mixin.py:190} INFO - [2025-06-28T02:43:55.209+0000] {dag.py:4180} INFO - Setting next_dagrun for extract_raw_data_pipeline to 2025-06-27 07:58:00+00:00, run_after=2025-06-27 07:59:00+00:00
[2025-06-28T02:43:55.722+0000] {processor.py:208} INFO - Processing /opt/airflow/dags/driven_data_pipeline.py took 0.780 seconds
[2025-06-28T02:44:26.145+0000] {processor.py:186} INFO - Started process (PID=4573) to work on /opt/airflow/dags/driven_data_pipeline.py
[2025-06-28T02:44:26.199+0000] {processor.py:914} INFO - Processing file /opt/airflow/dags/driven_data_pipeline.py for tasks to queue
[2025-06-28T02:44:26.206+0000] {logging_mixin.py:190} INFO - [2025-06-28T02:44:26.205+0000] {dagbag.py:588} INFO - Filling up the DagBag from /opt/airflow/dags/driven_data_pipeline.py
[2025-06-28T02:44:26.394+0000] {processor.py:925} INFO - DAG(s) 'extract_raw_data_pipeline' retrieved from /opt/airflow/dags/driven_data_pipeline.py
[2025-06-28T02:44:26.419+0000] {logging_mixin.py:190} INFO - [2025-06-28T02:44:26.419+0000] {dag.py:3239} INFO - Sync 1 DAGs
[2025-06-28T02:44:26.441+0000] {logging_mixin.py:190} INFO - [2025-06-28T02:44:26.441+0000] {dag.py:4180} INFO - Setting next_dagrun for extract_raw_data_pipeline to 2025-06-27 07:58:00+00:00, run_after=2025-06-27 07:59:00+00:00
[2025-06-28T02:44:26.482+0000] {processor.py:208} INFO - Processing /opt/airflow/dags/driven_data_pipeline.py took 0.357 seconds
[2025-06-28T02:44:56.667+0000] {processor.py:186} INFO - Started process (PID=4581) to work on /opt/airflow/dags/driven_data_pipeline.py
[2025-06-28T02:44:56.668+0000] {processor.py:914} INFO - Processing file /opt/airflow/dags/driven_data_pipeline.py for tasks to queue
[2025-06-28T02:44:56.670+0000] {logging_mixin.py:190} INFO - [2025-06-28T02:44:56.670+0000] {dagbag.py:588} INFO - Filling up the DagBag from /opt/airflow/dags/driven_data_pipeline.py
[2025-06-28T02:44:56.954+0000] {processor.py:925} INFO - DAG(s) 'extract_raw_data_pipeline' retrieved from /opt/airflow/dags/driven_data_pipeline.py
[2025-06-28T02:44:56.991+0000] {logging_mixin.py:190} INFO - [2025-06-28T02:44:56.990+0000] {dag.py:3239} INFO - Sync 1 DAGs
[2025-06-28T02:44:57.027+0000] {logging_mixin.py:190} INFO - [2025-06-28T02:44:57.027+0000] {dag.py:4180} INFO - Setting next_dagrun for extract_raw_data_pipeline to 2025-06-27 07:58:00+00:00, run_after=2025-06-27 07:59:00+00:00
[2025-06-28T02:44:57.073+0000] {processor.py:208} INFO - Processing /opt/airflow/dags/driven_data_pipeline.py took 0.415 seconds
[2025-06-28T02:45:27.155+0000] {processor.py:186} INFO - Started process (PID=4589) to work on /opt/airflow/dags/driven_data_pipeline.py
[2025-06-28T02:45:27.168+0000] {processor.py:914} INFO - Processing file /opt/airflow/dags/driven_data_pipeline.py for tasks to queue
[2025-06-28T02:45:27.170+0000] {logging_mixin.py:190} INFO - [2025-06-28T02:45:27.170+0000] {dagbag.py:588} INFO - Filling up the DagBag from /opt/airflow/dags/driven_data_pipeline.py
[2025-06-28T02:45:27.348+0000] {processor.py:925} INFO - DAG(s) 'extract_raw_data_pipeline' retrieved from /opt/airflow/dags/driven_data_pipeline.py
[2025-06-28T02:45:27.372+0000] {logging_mixin.py:190} INFO - [2025-06-28T02:45:27.372+0000] {dag.py:3239} INFO - Sync 1 DAGs
[2025-06-28T02:45:27.394+0000] {logging_mixin.py:190} INFO - [2025-06-28T02:45:27.393+0000] {dag.py:4180} INFO - Setting next_dagrun for extract_raw_data_pipeline to 2025-06-27 07:58:00+00:00, run_after=2025-06-27 07:59:00+00:00
[2025-06-28T02:45:27.425+0000] {processor.py:208} INFO - Processing /opt/airflow/dags/driven_data_pipeline.py took 0.277 seconds
[2025-06-28T02:45:57.533+0000] {processor.py:186} INFO - Started process (PID=4597) to work on /opt/airflow/dags/driven_data_pipeline.py
[2025-06-28T02:45:57.535+0000] {processor.py:914} INFO - Processing file /opt/airflow/dags/driven_data_pipeline.py for tasks to queue
[2025-06-28T02:45:57.539+0000] {logging_mixin.py:190} INFO - [2025-06-28T02:45:57.538+0000] {dagbag.py:588} INFO - Filling up the DagBag from /opt/airflow/dags/driven_data_pipeline.py
[2025-06-28T02:45:57.714+0000] {processor.py:925} INFO - DAG(s) 'extract_raw_data_pipeline' retrieved from /opt/airflow/dags/driven_data_pipeline.py
[2025-06-28T02:45:57.739+0000] {logging_mixin.py:190} INFO - [2025-06-28T02:45:57.739+0000] {dag.py:3239} INFO - Sync 1 DAGs
[2025-06-28T02:45:57.762+0000] {logging_mixin.py:190} INFO - [2025-06-28T02:45:57.762+0000] {dag.py:4180} INFO - Setting next_dagrun for extract_raw_data_pipeline to 2025-06-27 07:58:00+00:00, run_after=2025-06-27 07:59:00+00:00
[2025-06-28T02:45:57.795+0000] {processor.py:208} INFO - Processing /opt/airflow/dags/driven_data_pipeline.py took 0.272 seconds
[2025-06-28T02:46:28.107+0000] {processor.py:186} INFO - Started process (PID=4605) to work on /opt/airflow/dags/driven_data_pipeline.py
[2025-06-28T02:46:28.117+0000] {processor.py:914} INFO - Processing file /opt/airflow/dags/driven_data_pipeline.py for tasks to queue
[2025-06-28T02:46:28.119+0000] {logging_mixin.py:190} INFO - [2025-06-28T02:46:28.119+0000] {dagbag.py:588} INFO - Filling up the DagBag from /opt/airflow/dags/driven_data_pipeline.py
[2025-06-28T02:46:28.289+0000] {processor.py:925} INFO - DAG(s) 'extract_raw_data_pipeline' retrieved from /opt/airflow/dags/driven_data_pipeline.py
[2025-06-28T02:46:28.314+0000] {logging_mixin.py:190} INFO - [2025-06-28T02:46:28.314+0000] {dag.py:3239} INFO - Sync 1 DAGs
[2025-06-28T02:46:28.337+0000] {logging_mixin.py:190} INFO - [2025-06-28T02:46:28.336+0000] {dag.py:4180} INFO - Setting next_dagrun for extract_raw_data_pipeline to 2025-06-27 07:58:00+00:00, run_after=2025-06-27 07:59:00+00:00
[2025-06-28T02:46:29.046+0000] {processor.py:208} INFO - Processing /opt/airflow/dags/driven_data_pipeline.py took 0.947 seconds
[2025-06-28T02:46:59.430+0000] {processor.py:186} INFO - Started process (PID=4613) to work on /opt/airflow/dags/driven_data_pipeline.py
[2025-06-28T02:46:59.431+0000] {processor.py:914} INFO - Processing file /opt/airflow/dags/driven_data_pipeline.py for tasks to queue
[2025-06-28T02:46:59.434+0000] {logging_mixin.py:190} INFO - [2025-06-28T02:46:59.434+0000] {dagbag.py:588} INFO - Filling up the DagBag from /opt/airflow/dags/driven_data_pipeline.py
[2025-06-28T02:46:59.607+0000] {processor.py:925} INFO - DAG(s) 'extract_raw_data_pipeline' retrieved from /opt/airflow/dags/driven_data_pipeline.py
[2025-06-28T02:46:59.630+0000] {logging_mixin.py:190} INFO - [2025-06-28T02:46:59.630+0000] {dag.py:3239} INFO - Sync 1 DAGs
[2025-06-28T02:46:59.652+0000] {logging_mixin.py:190} INFO - [2025-06-28T02:46:59.652+0000] {dag.py:4180} INFO - Setting next_dagrun for extract_raw_data_pipeline to 2025-06-27 07:58:00+00:00, run_after=2025-06-27 07:59:00+00:00
[2025-06-28T02:46:59.684+0000] {processor.py:208} INFO - Processing /opt/airflow/dags/driven_data_pipeline.py took 0.263 seconds
[2025-06-28T02:47:29.810+0000] {processor.py:186} INFO - Started process (PID=4621) to work on /opt/airflow/dags/driven_data_pipeline.py
[2025-06-28T02:47:29.812+0000] {processor.py:914} INFO - Processing file /opt/airflow/dags/driven_data_pipeline.py for tasks to queue
[2025-06-28T02:47:29.817+0000] {logging_mixin.py:190} INFO - [2025-06-28T02:47:29.816+0000] {dagbag.py:588} INFO - Filling up the DagBag from /opt/airflow/dags/driven_data_pipeline.py
[2025-06-28T02:47:29.996+0000] {processor.py:925} INFO - DAG(s) 'extract_raw_data_pipeline' retrieved from /opt/airflow/dags/driven_data_pipeline.py
[2025-06-28T02:47:30.021+0000] {logging_mixin.py:190} INFO - [2025-06-28T02:47:30.021+0000] {dag.py:3239} INFO - Sync 1 DAGs
[2025-06-28T02:47:30.044+0000] {logging_mixin.py:190} INFO - [2025-06-28T02:47:30.043+0000] {dag.py:4180} INFO - Setting next_dagrun for extract_raw_data_pipeline to 2025-06-27 07:58:00+00:00, run_after=2025-06-27 07:59:00+00:00
[2025-06-28T02:47:30.595+0000] {processor.py:208} INFO - Processing /opt/airflow/dags/driven_data_pipeline.py took 0.797 seconds
[2025-06-28T02:48:00.909+0000] {processor.py:186} INFO - Started process (PID=4629) to work on /opt/airflow/dags/driven_data_pipeline.py
[2025-06-28T02:48:00.910+0000] {processor.py:914} INFO - Processing file /opt/airflow/dags/driven_data_pipeline.py for tasks to queue
[2025-06-28T02:48:00.912+0000] {logging_mixin.py:190} INFO - [2025-06-28T02:48:00.912+0000] {dagbag.py:588} INFO - Filling up the DagBag from /opt/airflow/dags/driven_data_pipeline.py
[2025-06-28T02:48:01.083+0000] {processor.py:925} INFO - DAG(s) 'extract_raw_data_pipeline' retrieved from /opt/airflow/dags/driven_data_pipeline.py
[2025-06-28T02:48:01.108+0000] {logging_mixin.py:190} INFO - [2025-06-28T02:48:01.108+0000] {dag.py:3239} INFO - Sync 1 DAGs
[2025-06-28T02:48:01.131+0000] {logging_mixin.py:190} INFO - [2025-06-28T02:48:01.131+0000] {dag.py:4180} INFO - Setting next_dagrun for extract_raw_data_pipeline to 2025-06-27 07:58:00+00:00, run_after=2025-06-27 07:59:00+00:00
[2025-06-28T02:48:02.215+0000] {processor.py:208} INFO - Processing /opt/airflow/dags/driven_data_pipeline.py took 1.313 seconds
[2025-06-28T02:48:32.604+0000] {processor.py:186} INFO - Started process (PID=4637) to work on /opt/airflow/dags/driven_data_pipeline.py
[2025-06-28T02:48:32.607+0000] {processor.py:914} INFO - Processing file /opt/airflow/dags/driven_data_pipeline.py for tasks to queue
[2025-06-28T02:48:32.612+0000] {logging_mixin.py:190} INFO - [2025-06-28T02:48:32.611+0000] {dagbag.py:588} INFO - Filling up the DagBag from /opt/airflow/dags/driven_data_pipeline.py
[2025-06-28T02:48:32.792+0000] {processor.py:925} INFO - DAG(s) 'extract_raw_data_pipeline' retrieved from /opt/airflow/dags/driven_data_pipeline.py
[2025-06-28T02:48:32.817+0000] {logging_mixin.py:190} INFO - [2025-06-28T02:48:32.817+0000] {dag.py:3239} INFO - Sync 1 DAGs
[2025-06-28T02:48:32.840+0000] {logging_mixin.py:190} INFO - [2025-06-28T02:48:32.839+0000] {dag.py:4180} INFO - Setting next_dagrun for extract_raw_data_pipeline to 2025-06-27 07:58:00+00:00, run_after=2025-06-27 07:59:00+00:00
[2025-06-28T02:48:32.872+0000] {processor.py:208} INFO - Processing /opt/airflow/dags/driven_data_pipeline.py took 0.283 seconds
[2025-06-28T02:49:02.998+0000] {processor.py:186} INFO - Started process (PID=4645) to work on /opt/airflow/dags/driven_data_pipeline.py
[2025-06-28T02:49:02.999+0000] {processor.py:914} INFO - Processing file /opt/airflow/dags/driven_data_pipeline.py for tasks to queue
[2025-06-28T02:49:03.004+0000] {logging_mixin.py:190} INFO - [2025-06-28T02:49:03.003+0000] {dagbag.py:588} INFO - Filling up the DagBag from /opt/airflow/dags/driven_data_pipeline.py
[2025-06-28T02:49:03.182+0000] {processor.py:925} INFO - DAG(s) 'extract_raw_data_pipeline' retrieved from /opt/airflow/dags/driven_data_pipeline.py
[2025-06-28T02:49:03.208+0000] {logging_mixin.py:190} INFO - [2025-06-28T02:49:03.208+0000] {dag.py:3239} INFO - Sync 1 DAGs
[2025-06-28T02:49:03.233+0000] {logging_mixin.py:190} INFO - [2025-06-28T02:49:03.233+0000] {dag.py:4180} INFO - Setting next_dagrun for extract_raw_data_pipeline to 2025-06-27 07:58:00+00:00, run_after=2025-06-27 07:59:00+00:00
[2025-06-28T02:49:03.284+0000] {processor.py:208} INFO - Processing /opt/airflow/dags/driven_data_pipeline.py took 0.300 seconds
[2025-06-28T02:49:33.555+0000] {processor.py:186} INFO - Started process (PID=4653) to work on /opt/airflow/dags/driven_data_pipeline.py
[2025-06-28T02:49:33.567+0000] {processor.py:914} INFO - Processing file /opt/airflow/dags/driven_data_pipeline.py for tasks to queue
[2025-06-28T02:49:33.571+0000] {logging_mixin.py:190} INFO - [2025-06-28T02:49:33.570+0000] {dagbag.py:588} INFO - Filling up the DagBag from /opt/airflow/dags/driven_data_pipeline.py
[2025-06-28T02:49:33.753+0000] {processor.py:925} INFO - DAG(s) 'extract_raw_data_pipeline' retrieved from /opt/airflow/dags/driven_data_pipeline.py
[2025-06-28T02:49:33.776+0000] {logging_mixin.py:190} INFO - [2025-06-28T02:49:33.776+0000] {dag.py:3239} INFO - Sync 1 DAGs
[2025-06-28T02:49:33.798+0000] {logging_mixin.py:190} INFO - [2025-06-28T02:49:33.798+0000] {dag.py:4180} INFO - Setting next_dagrun for extract_raw_data_pipeline to 2025-06-27 07:58:00+00:00, run_after=2025-06-27 07:59:00+00:00
[2025-06-28T02:49:33.835+0000] {processor.py:208} INFO - Processing /opt/airflow/dags/driven_data_pipeline.py took 0.293 seconds
[2025-06-28T02:50:03.926+0000] {processor.py:186} INFO - Started process (PID=4661) to work on /opt/airflow/dags/driven_data_pipeline.py
[2025-06-28T02:50:03.927+0000] {processor.py:914} INFO - Processing file /opt/airflow/dags/driven_data_pipeline.py for tasks to queue
[2025-06-28T02:50:03.930+0000] {logging_mixin.py:190} INFO - [2025-06-28T02:50:03.929+0000] {dagbag.py:588} INFO - Filling up the DagBag from /opt/airflow/dags/driven_data_pipeline.py
[2025-06-28T02:50:04.104+0000] {processor.py:925} INFO - DAG(s) 'extract_raw_data_pipeline' retrieved from /opt/airflow/dags/driven_data_pipeline.py
[2025-06-28T02:50:04.128+0000] {logging_mixin.py:190} INFO - [2025-06-28T02:50:04.128+0000] {dag.py:3239} INFO - Sync 1 DAGs
[2025-06-28T02:50:04.152+0000] {logging_mixin.py:190} INFO - [2025-06-28T02:50:04.151+0000] {dag.py:4180} INFO - Setting next_dagrun for extract_raw_data_pipeline to 2025-06-27 07:58:00+00:00, run_after=2025-06-27 07:59:00+00:00
[2025-06-28T02:50:04.190+0000] {processor.py:208} INFO - Processing /opt/airflow/dags/driven_data_pipeline.py took 0.272 seconds
[2025-06-28T02:50:34.453+0000] {processor.py:186} INFO - Started process (PID=4669) to work on /opt/airflow/dags/driven_data_pipeline.py
[2025-06-28T02:50:34.467+0000] {processor.py:914} INFO - Processing file /opt/airflow/dags/driven_data_pipeline.py for tasks to queue
[2025-06-28T02:50:34.469+0000] {logging_mixin.py:190} INFO - [2025-06-28T02:50:34.469+0000] {dagbag.py:588} INFO - Filling up the DagBag from /opt/airflow/dags/driven_data_pipeline.py
[2025-06-28T02:50:34.645+0000] {processor.py:925} INFO - DAG(s) 'extract_raw_data_pipeline' retrieved from /opt/airflow/dags/driven_data_pipeline.py
[2025-06-28T02:50:34.671+0000] {logging_mixin.py:190} INFO - [2025-06-28T02:50:34.671+0000] {dag.py:3239} INFO - Sync 1 DAGs
[2025-06-28T02:50:34.693+0000] {logging_mixin.py:190} INFO - [2025-06-28T02:50:34.693+0000] {dag.py:4180} INFO - Setting next_dagrun for extract_raw_data_pipeline to 2025-06-27 07:58:00+00:00, run_after=2025-06-27 07:59:00+00:00
[2025-06-28T02:50:35.895+0000] {processor.py:208} INFO - Processing /opt/airflow/dags/driven_data_pipeline.py took 1.452 seconds
[2025-06-28T02:51:06.262+0000] {processor.py:186} INFO - Started process (PID=4677) to work on /opt/airflow/dags/driven_data_pipeline.py
[2025-06-28T02:51:06.263+0000] {processor.py:914} INFO - Processing file /opt/airflow/dags/driven_data_pipeline.py for tasks to queue
[2025-06-28T02:51:06.265+0000] {logging_mixin.py:190} INFO - [2025-06-28T02:51:06.265+0000] {dagbag.py:588} INFO - Filling up the DagBag from /opt/airflow/dags/driven_data_pipeline.py
[2025-06-28T02:51:06.463+0000] {processor.py:925} INFO - DAG(s) 'extract_raw_data_pipeline' retrieved from /opt/airflow/dags/driven_data_pipeline.py
[2025-06-28T02:51:06.497+0000] {logging_mixin.py:190} INFO - [2025-06-28T02:51:06.496+0000] {dag.py:3239} INFO - Sync 1 DAGs
[2025-06-28T02:51:06.523+0000] {logging_mixin.py:190} INFO - [2025-06-28T02:51:06.522+0000] {dag.py:4180} INFO - Setting next_dagrun for extract_raw_data_pipeline to 2025-06-27 07:58:00+00:00, run_after=2025-06-27 07:59:00+00:00
[2025-06-28T02:51:06.564+0000] {processor.py:208} INFO - Processing /opt/airflow/dags/driven_data_pipeline.py took 0.309 seconds
[2025-06-28T02:51:36.976+0000] {processor.py:186} INFO - Started process (PID=4685) to work on /opt/airflow/dags/driven_data_pipeline.py
[2025-06-28T02:51:36.977+0000] {processor.py:914} INFO - Processing file /opt/airflow/dags/driven_data_pipeline.py for tasks to queue
[2025-06-28T02:51:36.980+0000] {logging_mixin.py:190} INFO - [2025-06-28T02:51:36.979+0000] {dagbag.py:588} INFO - Filling up the DagBag from /opt/airflow/dags/driven_data_pipeline.py
[2025-06-28T02:51:37.258+0000] {processor.py:925} INFO - DAG(s) 'extract_raw_data_pipeline' retrieved from /opt/airflow/dags/driven_data_pipeline.py
[2025-06-28T02:51:37.296+0000] {logging_mixin.py:190} INFO - [2025-06-28T02:51:37.295+0000] {dag.py:3239} INFO - Sync 1 DAGs
[2025-06-28T02:51:37.332+0000] {logging_mixin.py:190} INFO - [2025-06-28T02:51:37.331+0000] {dag.py:4180} INFO - Setting next_dagrun for extract_raw_data_pipeline to 2025-06-27 07:58:00+00:00, run_after=2025-06-27 07:59:00+00:00
[2025-06-28T02:51:37.902+0000] {processor.py:208} INFO - Processing /opt/airflow/dags/driven_data_pipeline.py took 0.936 seconds
[2025-06-28T02:52:08.279+0000] {processor.py:186} INFO - Started process (PID=4693) to work on /opt/airflow/dags/driven_data_pipeline.py
[2025-06-28T02:52:08.290+0000] {processor.py:914} INFO - Processing file /opt/airflow/dags/driven_data_pipeline.py for tasks to queue
[2025-06-28T02:52:08.292+0000] {logging_mixin.py:190} INFO - [2025-06-28T02:52:08.292+0000] {dagbag.py:588} INFO - Filling up the DagBag from /opt/airflow/dags/driven_data_pipeline.py
[2025-06-28T02:52:08.469+0000] {processor.py:925} INFO - DAG(s) 'extract_raw_data_pipeline' retrieved from /opt/airflow/dags/driven_data_pipeline.py
[2025-06-28T02:52:08.498+0000] {logging_mixin.py:190} INFO - [2025-06-28T02:52:08.498+0000] {dag.py:3239} INFO - Sync 1 DAGs
[2025-06-28T02:52:08.522+0000] {logging_mixin.py:190} INFO - [2025-06-28T02:52:08.522+0000] {dag.py:4180} INFO - Setting next_dagrun for extract_raw_data_pipeline to 2025-06-27 07:58:00+00:00, run_after=2025-06-27 07:59:00+00:00
[2025-06-28T02:52:08.561+0000] {processor.py:208} INFO - Processing /opt/airflow/dags/driven_data_pipeline.py took 0.289 seconds
[2025-06-28T02:52:38.674+0000] {processor.py:186} INFO - Started process (PID=4701) to work on /opt/airflow/dags/driven_data_pipeline.py
[2025-06-28T02:52:38.676+0000] {processor.py:914} INFO - Processing file /opt/airflow/dags/driven_data_pipeline.py for tasks to queue
[2025-06-28T02:52:38.680+0000] {logging_mixin.py:190} INFO - [2025-06-28T02:52:38.680+0000] {dagbag.py:588} INFO - Filling up the DagBag from /opt/airflow/dags/driven_data_pipeline.py
[2025-06-28T02:52:38.871+0000] {processor.py:925} INFO - DAG(s) 'extract_raw_data_pipeline' retrieved from /opt/airflow/dags/driven_data_pipeline.py
[2025-06-28T02:52:38.896+0000] {logging_mixin.py:190} INFO - [2025-06-28T02:52:38.896+0000] {dag.py:3239} INFO - Sync 1 DAGs
[2025-06-28T02:52:38.918+0000] {logging_mixin.py:190} INFO - [2025-06-28T02:52:38.918+0000] {dag.py:4180} INFO - Setting next_dagrun for extract_raw_data_pipeline to 2025-06-27 07:58:00+00:00, run_after=2025-06-27 07:59:00+00:00
[2025-06-28T02:52:38.959+0000] {processor.py:208} INFO - Processing /opt/airflow/dags/driven_data_pipeline.py took 0.297 seconds
[2025-06-28T02:53:09.261+0000] {processor.py:186} INFO - Started process (PID=4709) to work on /opt/airflow/dags/driven_data_pipeline.py
[2025-06-28T02:53:09.271+0000] {processor.py:914} INFO - Processing file /opt/airflow/dags/driven_data_pipeline.py for tasks to queue
[2025-06-28T02:53:09.276+0000] {logging_mixin.py:190} INFO - [2025-06-28T02:53:09.275+0000] {dagbag.py:588} INFO - Filling up the DagBag from /opt/airflow/dags/driven_data_pipeline.py
[2025-06-28T02:53:09.456+0000] {processor.py:925} INFO - DAG(s) 'extract_raw_data_pipeline' retrieved from /opt/airflow/dags/driven_data_pipeline.py
[2025-06-28T02:53:09.481+0000] {logging_mixin.py:190} INFO - [2025-06-28T02:53:09.481+0000] {dag.py:3239} INFO - Sync 1 DAGs
[2025-06-28T02:53:09.506+0000] {logging_mixin.py:190} INFO - [2025-06-28T02:53:09.506+0000] {dag.py:4180} INFO - Setting next_dagrun for extract_raw_data_pipeline to 2025-06-27 07:58:00+00:00, run_after=2025-06-27 07:59:00+00:00
[2025-06-28T02:53:09.539+0000] {processor.py:208} INFO - Processing /opt/airflow/dags/driven_data_pipeline.py took 0.291 seconds
[2025-06-28T02:53:39.599+0000] {processor.py:186} INFO - Started process (PID=4717) to work on /opt/airflow/dags/driven_data_pipeline.py
[2025-06-28T02:53:39.600+0000] {processor.py:914} INFO - Processing file /opt/airflow/dags/driven_data_pipeline.py for tasks to queue
[2025-06-28T02:53:39.603+0000] {logging_mixin.py:190} INFO - [2025-06-28T02:53:39.603+0000] {dagbag.py:588} INFO - Filling up the DagBag from /opt/airflow/dags/driven_data_pipeline.py
[2025-06-28T02:53:39.781+0000] {processor.py:925} INFO - DAG(s) 'extract_raw_data_pipeline' retrieved from /opt/airflow/dags/driven_data_pipeline.py
[2025-06-28T02:53:39.805+0000] {logging_mixin.py:190} INFO - [2025-06-28T02:53:39.805+0000] {dag.py:3239} INFO - Sync 1 DAGs
[2025-06-28T02:53:39.827+0000] {logging_mixin.py:190} INFO - [2025-06-28T02:53:39.827+0000] {dag.py:4180} INFO - Setting next_dagrun for extract_raw_data_pipeline to 2025-06-27 07:58:00+00:00, run_after=2025-06-27 07:59:00+00:00
[2025-06-28T02:53:40.658+0000] {processor.py:208} INFO - Processing /opt/airflow/dags/driven_data_pipeline.py took 1.070 seconds
[2025-06-28T02:54:10.987+0000] {processor.py:186} INFO - Started process (PID=4725) to work on /opt/airflow/dags/driven_data_pipeline.py
[2025-06-28T02:54:10.996+0000] {processor.py:914} INFO - Processing file /opt/airflow/dags/driven_data_pipeline.py for tasks to queue
[2025-06-28T02:54:10.999+0000] {logging_mixin.py:190} INFO - [2025-06-28T02:54:10.998+0000] {dagbag.py:588} INFO - Filling up the DagBag from /opt/airflow/dags/driven_data_pipeline.py
[2025-06-28T02:54:11.173+0000] {processor.py:925} INFO - DAG(s) 'extract_raw_data_pipeline' retrieved from /opt/airflow/dags/driven_data_pipeline.py
[2025-06-28T02:54:11.196+0000] {logging_mixin.py:190} INFO - [2025-06-28T02:54:11.196+0000] {dag.py:3239} INFO - Sync 1 DAGs
[2025-06-28T02:54:11.220+0000] {logging_mixin.py:190} INFO - [2025-06-28T02:54:11.219+0000] {dag.py:4180} INFO - Setting next_dagrun for extract_raw_data_pipeline to 2025-06-27 07:58:00+00:00, run_after=2025-06-27 07:59:00+00:00
[2025-06-28T02:54:11.262+0000] {processor.py:208} INFO - Processing /opt/airflow/dags/driven_data_pipeline.py took 0.285 seconds
[2025-06-28T02:54:41.329+0000] {processor.py:186} INFO - Started process (PID=4733) to work on /opt/airflow/dags/driven_data_pipeline.py
[2025-06-28T02:54:41.331+0000] {processor.py:914} INFO - Processing file /opt/airflow/dags/driven_data_pipeline.py for tasks to queue
[2025-06-28T02:54:41.335+0000] {logging_mixin.py:190} INFO - [2025-06-28T02:54:41.334+0000] {dagbag.py:588} INFO - Filling up the DagBag from /opt/airflow/dags/driven_data_pipeline.py
[2025-06-28T02:54:41.511+0000] {processor.py:925} INFO - DAG(s) 'extract_raw_data_pipeline' retrieved from /opt/airflow/dags/driven_data_pipeline.py
[2025-06-28T02:54:41.536+0000] {logging_mixin.py:190} INFO - [2025-06-28T02:54:41.536+0000] {dag.py:3239} INFO - Sync 1 DAGs
[2025-06-28T02:54:41.558+0000] {logging_mixin.py:190} INFO - [2025-06-28T02:54:41.558+0000] {dag.py:4180} INFO - Setting next_dagrun for extract_raw_data_pipeline to 2025-06-27 07:58:00+00:00, run_after=2025-06-27 07:59:00+00:00
[2025-06-28T02:54:41.601+0000] {processor.py:208} INFO - Processing /opt/airflow/dags/driven_data_pipeline.py took 0.285 seconds
[2025-06-28T02:55:11.965+0000] {processor.py:186} INFO - Started process (PID=4741) to work on /opt/airflow/dags/driven_data_pipeline.py
[2025-06-28T02:55:11.986+0000] {processor.py:914} INFO - Processing file /opt/airflow/dags/driven_data_pipeline.py for tasks to queue
[2025-06-28T02:55:11.988+0000] {logging_mixin.py:190} INFO - [2025-06-28T02:55:11.988+0000] {dagbag.py:588} INFO - Filling up the DagBag from /opt/airflow/dags/driven_data_pipeline.py
[2025-06-28T02:55:12.160+0000] {processor.py:925} INFO - DAG(s) 'extract_raw_data_pipeline' retrieved from /opt/airflow/dags/driven_data_pipeline.py
[2025-06-28T02:55:12.183+0000] {logging_mixin.py:190} INFO - [2025-06-28T02:55:12.183+0000] {dag.py:3239} INFO - Sync 1 DAGs
[2025-06-28T02:55:12.205+0000] {logging_mixin.py:190} INFO - [2025-06-28T02:55:12.205+0000] {dag.py:4180} INFO - Setting next_dagrun for extract_raw_data_pipeline to 2025-06-27 07:58:00+00:00, run_after=2025-06-27 07:59:00+00:00
[2025-06-28T02:55:12.614+0000] {processor.py:208} INFO - Processing /opt/airflow/dags/driven_data_pipeline.py took 0.657 seconds
[2025-06-28T02:55:42.961+0000] {processor.py:186} INFO - Started process (PID=4749) to work on /opt/airflow/dags/driven_data_pipeline.py
[2025-06-28T02:55:42.962+0000] {processor.py:914} INFO - Processing file /opt/airflow/dags/driven_data_pipeline.py for tasks to queue
[2025-06-28T02:55:42.964+0000] {logging_mixin.py:190} INFO - [2025-06-28T02:55:42.964+0000] {dagbag.py:588} INFO - Filling up the DagBag from /opt/airflow/dags/driven_data_pipeline.py
[2025-06-28T02:55:43.153+0000] {processor.py:925} INFO - DAG(s) 'extract_raw_data_pipeline' retrieved from /opt/airflow/dags/driven_data_pipeline.py
[2025-06-28T02:55:43.178+0000] {logging_mixin.py:190} INFO - [2025-06-28T02:55:43.177+0000] {dag.py:3239} INFO - Sync 1 DAGs
[2025-06-28T02:55:43.200+0000] {logging_mixin.py:190} INFO - [2025-06-28T02:55:43.200+0000] {dag.py:4180} INFO - Setting next_dagrun for extract_raw_data_pipeline to 2025-06-27 07:58:00+00:00, run_after=2025-06-27 07:59:00+00:00
[2025-06-28T02:55:44.434+0000] {processor.py:208} INFO - Processing /opt/airflow/dags/driven_data_pipeline.py took 1.481 seconds
[2025-06-28T02:56:14.559+0000] {processor.py:186} INFO - Started process (PID=4757) to work on /opt/airflow/dags/driven_data_pipeline.py
[2025-06-28T02:56:14.560+0000] {processor.py:914} INFO - Processing file /opt/airflow/dags/driven_data_pipeline.py for tasks to queue
[2025-06-28T02:56:14.562+0000] {logging_mixin.py:190} INFO - [2025-06-28T02:56:14.562+0000] {dagbag.py:588} INFO - Filling up the DagBag from /opt/airflow/dags/driven_data_pipeline.py
[2025-06-28T02:56:14.736+0000] {processor.py:925} INFO - DAG(s) 'extract_raw_data_pipeline' retrieved from /opt/airflow/dags/driven_data_pipeline.py
[2025-06-28T02:56:14.760+0000] {logging_mixin.py:190} INFO - [2025-06-28T02:56:14.760+0000] {dag.py:3239} INFO - Sync 1 DAGs
[2025-06-28T02:56:14.783+0000] {logging_mixin.py:190} INFO - [2025-06-28T02:56:14.783+0000] {dag.py:4180} INFO - Setting next_dagrun for extract_raw_data_pipeline to 2025-06-27 07:58:00+00:00, run_after=2025-06-27 07:59:00+00:00
[2025-06-28T02:56:14.816+0000] {processor.py:208} INFO - Processing /opt/airflow/dags/driven_data_pipeline.py took 0.263 seconds
[2025-06-28T02:56:45.090+0000] {processor.py:186} INFO - Started process (PID=4765) to work on /opt/airflow/dags/driven_data_pipeline.py
[2025-06-28T02:56:45.096+0000] {processor.py:914} INFO - Processing file /opt/airflow/dags/driven_data_pipeline.py for tasks to queue
[2025-06-28T02:56:45.099+0000] {logging_mixin.py:190} INFO - [2025-06-28T02:56:45.099+0000] {dagbag.py:588} INFO - Filling up the DagBag from /opt/airflow/dags/driven_data_pipeline.py
[2025-06-28T02:56:45.283+0000] {processor.py:925} INFO - DAG(s) 'extract_raw_data_pipeline' retrieved from /opt/airflow/dags/driven_data_pipeline.py
[2025-06-28T02:56:45.307+0000] {logging_mixin.py:190} INFO - [2025-06-28T02:56:45.307+0000] {dag.py:3239} INFO - Sync 1 DAGs
[2025-06-28T02:56:45.330+0000] {logging_mixin.py:190} INFO - [2025-06-28T02:56:45.329+0000] {dag.py:4180} INFO - Setting next_dagrun for extract_raw_data_pipeline to 2025-06-27 07:58:00+00:00, run_after=2025-06-27 07:59:00+00:00
[2025-06-28T02:56:45.366+0000] {processor.py:208} INFO - Processing /opt/airflow/dags/driven_data_pipeline.py took 0.286 seconds
[2025-06-28T02:57:15.443+0000] {processor.py:186} INFO - Started process (PID=4773) to work on /opt/airflow/dags/driven_data_pipeline.py
[2025-06-28T02:57:15.444+0000] {processor.py:914} INFO - Processing file /opt/airflow/dags/driven_data_pipeline.py for tasks to queue
[2025-06-28T02:57:15.446+0000] {logging_mixin.py:190} INFO - [2025-06-28T02:57:15.445+0000] {dagbag.py:588} INFO - Filling up the DagBag from /opt/airflow/dags/driven_data_pipeline.py
[2025-06-28T02:57:15.616+0000] {processor.py:925} INFO - DAG(s) 'extract_raw_data_pipeline' retrieved from /opt/airflow/dags/driven_data_pipeline.py
[2025-06-28T02:57:15.640+0000] {logging_mixin.py:190} INFO - [2025-06-28T02:57:15.640+0000] {dag.py:3239} INFO - Sync 1 DAGs
[2025-06-28T02:57:15.662+0000] {logging_mixin.py:190} INFO - [2025-06-28T02:57:15.662+0000] {dag.py:4180} INFO - Setting next_dagrun for extract_raw_data_pipeline to 2025-06-27 07:58:00+00:00, run_after=2025-06-27 07:59:00+00:00
[2025-06-28T02:57:15.701+0000] {processor.py:208} INFO - Processing /opt/airflow/dags/driven_data_pipeline.py took 0.265 seconds
[2025-06-28T02:57:46.029+0000] {processor.py:186} INFO - Started process (PID=4787) to work on /opt/airflow/dags/driven_data_pipeline.py
[2025-06-28T02:57:46.040+0000] {processor.py:914} INFO - Processing file /opt/airflow/dags/driven_data_pipeline.py for tasks to queue
[2025-06-28T02:57:46.043+0000] {logging_mixin.py:190} INFO - [2025-06-28T02:57:46.042+0000] {dagbag.py:588} INFO - Filling up the DagBag from /opt/airflow/dags/driven_data_pipeline.py
[2025-06-28T02:57:46.220+0000] {processor.py:925} INFO - DAG(s) 'extract_raw_data_pipeline' retrieved from /opt/airflow/dags/driven_data_pipeline.py
[2025-06-28T02:57:46.244+0000] {logging_mixin.py:190} INFO - [2025-06-28T02:57:46.244+0000] {dag.py:3239} INFO - Sync 1 DAGs
[2025-06-28T02:57:46.267+0000] {logging_mixin.py:190} INFO - [2025-06-28T02:57:46.267+0000] {dag.py:4180} INFO - Setting next_dagrun for extract_raw_data_pipeline to 2025-06-27 07:58:00+00:00, run_after=2025-06-27 07:59:00+00:00
[2025-06-28T02:57:46.309+0000] {processor.py:208} INFO - Processing /opt/airflow/dags/driven_data_pipeline.py took 0.288 seconds
[2025-06-28T02:58:16.402+0000] {processor.py:186} INFO - Started process (PID=4795) to work on /opt/airflow/dags/driven_data_pipeline.py
[2025-06-28T02:58:16.402+0000] {processor.py:914} INFO - Processing file /opt/airflow/dags/driven_data_pipeline.py for tasks to queue
[2025-06-28T02:58:16.405+0000] {logging_mixin.py:190} INFO - [2025-06-28T02:58:16.404+0000] {dagbag.py:588} INFO - Filling up the DagBag from /opt/airflow/dags/driven_data_pipeline.py
[2025-06-28T02:58:16.579+0000] {processor.py:925} INFO - DAG(s) 'extract_raw_data_pipeline' retrieved from /opt/airflow/dags/driven_data_pipeline.py
[2025-06-28T02:58:16.604+0000] {logging_mixin.py:190} INFO - [2025-06-28T02:58:16.603+0000] {dag.py:3239} INFO - Sync 1 DAGs
[2025-06-28T02:58:16.627+0000] {logging_mixin.py:190} INFO - [2025-06-28T02:58:16.627+0000] {dag.py:4180} INFO - Setting next_dagrun for extract_raw_data_pipeline to 2025-06-27 07:58:00+00:00, run_after=2025-06-27 07:59:00+00:00
[2025-06-28T02:58:16.671+0000] {processor.py:208} INFO - Processing /opt/airflow/dags/driven_data_pipeline.py took 0.275 seconds
[2025-06-28T02:58:46.922+0000] {processor.py:186} INFO - Started process (PID=4803) to work on /opt/airflow/dags/driven_data_pipeline.py
[2025-06-28T02:58:46.928+0000] {processor.py:914} INFO - Processing file /opt/airflow/dags/driven_data_pipeline.py for tasks to queue
[2025-06-28T02:58:46.931+0000] {logging_mixin.py:190} INFO - [2025-06-28T02:58:46.931+0000] {dagbag.py:588} INFO - Filling up the DagBag from /opt/airflow/dags/driven_data_pipeline.py
[2025-06-28T02:58:47.117+0000] {processor.py:925} INFO - DAG(s) 'extract_raw_data_pipeline' retrieved from /opt/airflow/dags/driven_data_pipeline.py
[2025-06-28T02:58:47.150+0000] {logging_mixin.py:190} INFO - [2025-06-28T02:58:47.149+0000] {dag.py:3239} INFO - Sync 1 DAGs
[2025-06-28T02:58:47.174+0000] {logging_mixin.py:190} INFO - [2025-06-28T02:58:47.174+0000] {dag.py:4180} INFO - Setting next_dagrun for extract_raw_data_pipeline to 2025-06-27 07:58:00+00:00, run_after=2025-06-27 07:59:00+00:00
[2025-06-28T02:58:47.201+0000] {processor.py:208} INFO - Processing /opt/airflow/dags/driven_data_pipeline.py took 0.288 seconds
[2025-06-28T02:59:17.593+0000] {processor.py:186} INFO - Started process (PID=4811) to work on /opt/airflow/dags/driven_data_pipeline.py
[2025-06-28T02:59:17.594+0000] {processor.py:914} INFO - Processing file /opt/airflow/dags/driven_data_pipeline.py for tasks to queue
[2025-06-28T02:59:17.596+0000] {logging_mixin.py:190} INFO - [2025-06-28T02:59:17.596+0000] {dagbag.py:588} INFO - Filling up the DagBag from /opt/airflow/dags/driven_data_pipeline.py
[2025-06-28T02:59:17.767+0000] {processor.py:925} INFO - DAG(s) 'extract_raw_data_pipeline' retrieved from /opt/airflow/dags/driven_data_pipeline.py
[2025-06-28T02:59:17.790+0000] {logging_mixin.py:190} INFO - [2025-06-28T02:59:17.790+0000] {dag.py:3239} INFO - Sync 1 DAGs
[2025-06-28T02:59:17.812+0000] {logging_mixin.py:190} INFO - [2025-06-28T02:59:17.812+0000] {dag.py:4180} INFO - Setting next_dagrun for extract_raw_data_pipeline to 2025-06-27 07:58:00+00:00, run_after=2025-06-27 07:59:00+00:00
[2025-06-28T02:59:17.849+0000] {processor.py:208} INFO - Processing /opt/airflow/dags/driven_data_pipeline.py took 0.263 seconds
[2025-06-28T02:59:47.931+0000] {processor.py:186} INFO - Started process (PID=4819) to work on /opt/airflow/dags/driven_data_pipeline.py
[2025-06-28T02:59:47.932+0000] {processor.py:914} INFO - Processing file /opt/airflow/dags/driven_data_pipeline.py for tasks to queue
[2025-06-28T02:59:47.935+0000] {logging_mixin.py:190} INFO - [2025-06-28T02:59:47.935+0000] {dagbag.py:588} INFO - Filling up the DagBag from /opt/airflow/dags/driven_data_pipeline.py
[2025-06-28T02:59:48.118+0000] {processor.py:925} INFO - DAG(s) 'extract_raw_data_pipeline' retrieved from /opt/airflow/dags/driven_data_pipeline.py
[2025-06-28T02:59:48.141+0000] {logging_mixin.py:190} INFO - [2025-06-28T02:59:48.141+0000] {dag.py:3239} INFO - Sync 1 DAGs
[2025-06-28T02:59:48.163+0000] {logging_mixin.py:190} INFO - [2025-06-28T02:59:48.163+0000] {dag.py:4180} INFO - Setting next_dagrun for extract_raw_data_pipeline to 2025-06-27 07:58:00+00:00, run_after=2025-06-27 07:59:00+00:00
[2025-06-28T02:59:48.203+0000] {processor.py:208} INFO - Processing /opt/airflow/dags/driven_data_pipeline.py took 0.283 seconds
[2025-06-28T03:00:18.438+0000] {processor.py:186} INFO - Started process (PID=4827) to work on /opt/airflow/dags/driven_data_pipeline.py
[2025-06-28T03:00:18.443+0000] {processor.py:914} INFO - Processing file /opt/airflow/dags/driven_data_pipeline.py for tasks to queue
[2025-06-28T03:00:18.446+0000] {logging_mixin.py:190} INFO - [2025-06-28T03:00:18.445+0000] {dagbag.py:588} INFO - Filling up the DagBag from /opt/airflow/dags/driven_data_pipeline.py
[2025-06-28T03:00:18.618+0000] {processor.py:925} INFO - DAG(s) 'extract_raw_data_pipeline' retrieved from /opt/airflow/dags/driven_data_pipeline.py
[2025-06-28T03:00:18.642+0000] {logging_mixin.py:190} INFO - [2025-06-28T03:00:18.642+0000] {dag.py:3239} INFO - Sync 1 DAGs
[2025-06-28T03:00:18.666+0000] {logging_mixin.py:190} INFO - [2025-06-28T03:00:18.665+0000] {dag.py:4180} INFO - Setting next_dagrun for extract_raw_data_pipeline to 2025-06-27 07:58:00+00:00, run_after=2025-06-27 07:59:00+00:00
[2025-06-28T03:00:18.706+0000] {processor.py:208} INFO - Processing /opt/airflow/dags/driven_data_pipeline.py took 0.275 seconds
[2025-06-28T03:00:48.880+0000] {processor.py:186} INFO - Started process (PID=4835) to work on /opt/airflow/dags/driven_data_pipeline.py
[2025-06-28T03:00:48.881+0000] {processor.py:914} INFO - Processing file /opt/airflow/dags/driven_data_pipeline.py for tasks to queue
[2025-06-28T03:00:48.884+0000] {logging_mixin.py:190} INFO - [2025-06-28T03:00:48.884+0000] {dagbag.py:588} INFO - Filling up the DagBag from /opt/airflow/dags/driven_data_pipeline.py
[2025-06-28T03:00:49.063+0000] {processor.py:925} INFO - DAG(s) 'extract_raw_data_pipeline' retrieved from /opt/airflow/dags/driven_data_pipeline.py
[2025-06-28T03:00:49.097+0000] {logging_mixin.py:190} INFO - [2025-06-28T03:00:49.097+0000] {dag.py:3239} INFO - Sync 1 DAGs
[2025-06-28T03:00:49.132+0000] {logging_mixin.py:190} INFO - [2025-06-28T03:00:49.132+0000] {dag.py:4180} INFO - Setting next_dagrun for extract_raw_data_pipeline to 2025-06-27 07:58:00+00:00, run_after=2025-06-27 07:59:00+00:00
[2025-06-28T03:00:49.175+0000] {processor.py:208} INFO - Processing /opt/airflow/dags/driven_data_pipeline.py took 0.303 seconds
[2025-06-28T03:01:19.381+0000] {processor.py:186} INFO - Started process (PID=4843) to work on /opt/airflow/dags/driven_data_pipeline.py
[2025-06-28T03:01:19.382+0000] {processor.py:914} INFO - Processing file /opt/airflow/dags/driven_data_pipeline.py for tasks to queue
[2025-06-28T03:01:19.384+0000] {logging_mixin.py:190} INFO - [2025-06-28T03:01:19.384+0000] {dagbag.py:588} INFO - Filling up the DagBag from /opt/airflow/dags/driven_data_pipeline.py
[2025-06-28T03:01:19.558+0000] {processor.py:925} INFO - DAG(s) 'extract_raw_data_pipeline' retrieved from /opt/airflow/dags/driven_data_pipeline.py
[2025-06-28T03:01:19.581+0000] {logging_mixin.py:190} INFO - [2025-06-28T03:01:19.581+0000] {dag.py:3239} INFO - Sync 1 DAGs
[2025-06-28T03:01:19.604+0000] {logging_mixin.py:190} INFO - [2025-06-28T03:01:19.604+0000] {dag.py:4180} INFO - Setting next_dagrun for extract_raw_data_pipeline to 2025-06-27 07:58:00+00:00, run_after=2025-06-27 07:59:00+00:00
[2025-06-28T03:01:20.691+0000] {processor.py:208} INFO - Processing /opt/airflow/dags/driven_data_pipeline.py took 1.317 seconds
[2025-06-28T03:01:50.846+0000] {processor.py:186} INFO - Started process (PID=4851) to work on /opt/airflow/dags/driven_data_pipeline.py
[2025-06-28T03:01:50.847+0000] {processor.py:914} INFO - Processing file /opt/airflow/dags/driven_data_pipeline.py for tasks to queue
[2025-06-28T03:01:50.852+0000] {logging_mixin.py:190} INFO - [2025-06-28T03:01:50.851+0000] {dagbag.py:588} INFO - Filling up the DagBag from /opt/airflow/dags/driven_data_pipeline.py
[2025-06-28T03:01:51.032+0000] {processor.py:925} INFO - DAG(s) 'extract_raw_data_pipeline' retrieved from /opt/airflow/dags/driven_data_pipeline.py
[2025-06-28T03:01:51.055+0000] {logging_mixin.py:190} INFO - [2025-06-28T03:01:51.055+0000] {dag.py:3239} INFO - Sync 1 DAGs
[2025-06-28T03:01:51.077+0000] {logging_mixin.py:190} INFO - [2025-06-28T03:01:51.077+0000] {dag.py:4180} INFO - Setting next_dagrun for extract_raw_data_pipeline to 2025-06-27 07:58:00+00:00, run_after=2025-06-27 07:59:00+00:00
[2025-06-28T03:01:51.112+0000] {processor.py:208} INFO - Processing /opt/airflow/dags/driven_data_pipeline.py took 0.279 seconds
[2025-06-28T03:02:21.301+0000] {processor.py:186} INFO - Started process (PID=4859) to work on /opt/airflow/dags/driven_data_pipeline.py
[2025-06-28T03:02:21.314+0000] {processor.py:914} INFO - Processing file /opt/airflow/dags/driven_data_pipeline.py for tasks to queue
[2025-06-28T03:02:21.318+0000] {logging_mixin.py:190} INFO - [2025-06-28T03:02:21.317+0000] {dagbag.py:588} INFO - Filling up the DagBag from /opt/airflow/dags/driven_data_pipeline.py
[2025-06-28T03:02:21.496+0000] {processor.py:925} INFO - DAG(s) 'extract_raw_data_pipeline' retrieved from /opt/airflow/dags/driven_data_pipeline.py
[2025-06-28T03:02:21.520+0000] {logging_mixin.py:190} INFO - [2025-06-28T03:02:21.520+0000] {dag.py:3239} INFO - Sync 1 DAGs
[2025-06-28T03:02:21.543+0000] {logging_mixin.py:190} INFO - [2025-06-28T03:02:21.543+0000] {dag.py:4180} INFO - Setting next_dagrun for extract_raw_data_pipeline to 2025-06-27 07:58:00+00:00, run_after=2025-06-27 07:59:00+00:00
[2025-06-28T03:02:21.581+0000] {processor.py:208} INFO - Processing /opt/airflow/dags/driven_data_pipeline.py took 0.291 seconds
[2025-06-28T03:02:51.817+0000] {processor.py:186} INFO - Started process (PID=4867) to work on /opt/airflow/dags/driven_data_pipeline.py
[2025-06-28T03:02:51.818+0000] {processor.py:914} INFO - Processing file /opt/airflow/dags/driven_data_pipeline.py for tasks to queue
[2025-06-28T03:02:51.822+0000] {logging_mixin.py:190} INFO - [2025-06-28T03:02:51.821+0000] {dagbag.py:588} INFO - Filling up the DagBag from /opt/airflow/dags/driven_data_pipeline.py
[2025-06-28T03:02:51.999+0000] {processor.py:925} INFO - DAG(s) 'extract_raw_data_pipeline' retrieved from /opt/airflow/dags/driven_data_pipeline.py
[2025-06-28T03:02:52.024+0000] {logging_mixin.py:190} INFO - [2025-06-28T03:02:52.024+0000] {dag.py:3239} INFO - Sync 1 DAGs
[2025-06-28T03:02:52.046+0000] {logging_mixin.py:190} INFO - [2025-06-28T03:02:52.046+0000] {dag.py:4180} INFO - Setting next_dagrun for extract_raw_data_pipeline to 2025-06-27 07:58:00+00:00, run_after=2025-06-27 07:59:00+00:00
[2025-06-28T03:02:52.082+0000] {processor.py:208} INFO - Processing /opt/airflow/dags/driven_data_pipeline.py took 0.275 seconds
[2025-06-28T03:03:22.229+0000] {processor.py:186} INFO - Started process (PID=4875) to work on /opt/airflow/dags/driven_data_pipeline.py
[2025-06-28T03:03:22.229+0000] {processor.py:914} INFO - Processing file /opt/airflow/dags/driven_data_pipeline.py for tasks to queue
[2025-06-28T03:03:22.231+0000] {logging_mixin.py:190} INFO - [2025-06-28T03:03:22.231+0000] {dagbag.py:588} INFO - Filling up the DagBag from /opt/airflow/dags/driven_data_pipeline.py
[2025-06-28T03:03:22.405+0000] {processor.py:925} INFO - DAG(s) 'extract_raw_data_pipeline' retrieved from /opt/airflow/dags/driven_data_pipeline.py
[2025-06-28T03:03:22.430+0000] {logging_mixin.py:190} INFO - [2025-06-28T03:03:22.430+0000] {dag.py:3239} INFO - Sync 1 DAGs
[2025-06-28T03:03:22.452+0000] {logging_mixin.py:190} INFO - [2025-06-28T03:03:22.452+0000] {dag.py:4180} INFO - Setting next_dagrun for extract_raw_data_pipeline to 2025-06-27 07:58:00+00:00, run_after=2025-06-27 07:59:00+00:00
[2025-06-28T03:03:22.906+0000] {processor.py:208} INFO - Processing /opt/airflow/dags/driven_data_pipeline.py took 0.683 seconds
[2025-06-28T03:03:53.234+0000] {processor.py:186} INFO - Started process (PID=4883) to work on /opt/airflow/dags/driven_data_pipeline.py
[2025-06-28T03:03:53.244+0000] {processor.py:914} INFO - Processing file /opt/airflow/dags/driven_data_pipeline.py for tasks to queue
[2025-06-28T03:03:53.247+0000] {logging_mixin.py:190} INFO - [2025-06-28T03:03:53.246+0000] {dagbag.py:588} INFO - Filling up the DagBag from /opt/airflow/dags/driven_data_pipeline.py
[2025-06-28T03:03:53.447+0000] {processor.py:925} INFO - DAG(s) 'extract_raw_data_pipeline' retrieved from /opt/airflow/dags/driven_data_pipeline.py
[2025-06-28T03:03:53.476+0000] {logging_mixin.py:190} INFO - [2025-06-28T03:03:53.476+0000] {dag.py:3239} INFO - Sync 1 DAGs
[2025-06-28T03:03:53.505+0000] {logging_mixin.py:190} INFO - [2025-06-28T03:03:53.505+0000] {dag.py:4180} INFO - Setting next_dagrun for extract_raw_data_pipeline to 2025-06-27 07:58:00+00:00, run_after=2025-06-27 07:59:00+00:00
[2025-06-28T03:03:53.552+0000] {processor.py:208} INFO - Processing /opt/airflow/dags/driven_data_pipeline.py took 0.324 seconds
[2025-06-28T03:04:23.945+0000] {processor.py:186} INFO - Started process (PID=4891) to work on /opt/airflow/dags/driven_data_pipeline.py
[2025-06-28T03:04:23.945+0000] {processor.py:914} INFO - Processing file /opt/airflow/dags/driven_data_pipeline.py for tasks to queue
[2025-06-28T03:04:23.948+0000] {logging_mixin.py:190} INFO - [2025-06-28T03:04:23.947+0000] {dagbag.py:588} INFO - Filling up the DagBag from /opt/airflow/dags/driven_data_pipeline.py
[2025-06-28T03:04:24.138+0000] {processor.py:925} INFO - DAG(s) 'extract_raw_data_pipeline' retrieved from /opt/airflow/dags/driven_data_pipeline.py
[2025-06-28T03:04:24.174+0000] {logging_mixin.py:190} INFO - [2025-06-28T03:04:24.174+0000] {dag.py:3239} INFO - Sync 1 DAGs
[2025-06-28T03:04:24.211+0000] {logging_mixin.py:190} INFO - [2025-06-28T03:04:24.211+0000] {dag.py:4180} INFO - Setting next_dagrun for extract_raw_data_pipeline to 2025-06-27 07:58:00+00:00, run_after=2025-06-27 07:59:00+00:00
[2025-06-28T03:04:24.247+0000] {processor.py:208} INFO - Processing /opt/airflow/dags/driven_data_pipeline.py took 0.308 seconds
[2025-06-28T03:04:54.295+0000] {processor.py:186} INFO - Started process (PID=4899) to work on /opt/airflow/dags/driven_data_pipeline.py
[2025-06-28T03:04:54.296+0000] {processor.py:914} INFO - Processing file /opt/airflow/dags/driven_data_pipeline.py for tasks to queue
[2025-06-28T03:04:54.299+0000] {logging_mixin.py:190} INFO - [2025-06-28T03:04:54.299+0000] {dagbag.py:588} INFO - Filling up the DagBag from /opt/airflow/dags/driven_data_pipeline.py
[2025-06-28T03:04:54.545+0000] {processor.py:925} INFO - DAG(s) 'extract_raw_data_pipeline' retrieved from /opt/airflow/dags/driven_data_pipeline.py
[2025-06-28T03:04:54.575+0000] {logging_mixin.py:190} INFO - [2025-06-28T03:04:54.575+0000] {dag.py:3239} INFO - Sync 1 DAGs
[2025-06-28T03:04:54.603+0000] {logging_mixin.py:190} INFO - [2025-06-28T03:04:54.602+0000] {dag.py:4180} INFO - Setting next_dagrun for extract_raw_data_pipeline to 2025-06-27 07:58:00+00:00, run_after=2025-06-27 07:59:00+00:00
[2025-06-28T03:04:54.728+0000] {processor.py:208} INFO - Processing /opt/airflow/dags/driven_data_pipeline.py took 0.447 seconds
[2025-06-28T03:05:24.962+0000] {processor.py:186} INFO - Started process (PID=4907) to work on /opt/airflow/dags/driven_data_pipeline.py
[2025-06-28T03:05:24.963+0000] {processor.py:914} INFO - Processing file /opt/airflow/dags/driven_data_pipeline.py for tasks to queue
[2025-06-28T03:05:24.965+0000] {logging_mixin.py:190} INFO - [2025-06-28T03:05:24.965+0000] {dagbag.py:588} INFO - Filling up the DagBag from /opt/airflow/dags/driven_data_pipeline.py
[2025-06-28T03:05:25.162+0000] {processor.py:925} INFO - DAG(s) 'extract_raw_data_pipeline' retrieved from /opt/airflow/dags/driven_data_pipeline.py
[2025-06-28T03:05:25.186+0000] {logging_mixin.py:190} INFO - [2025-06-28T03:05:25.186+0000] {dag.py:3239} INFO - Sync 1 DAGs
[2025-06-28T03:05:25.210+0000] {logging_mixin.py:190} INFO - [2025-06-28T03:05:25.210+0000] {dag.py:4180} INFO - Setting next_dagrun for extract_raw_data_pipeline to 2025-06-27 07:58:00+00:00, run_after=2025-06-27 07:59:00+00:00
[2025-06-28T03:05:25.254+0000] {processor.py:208} INFO - Processing /opt/airflow/dags/driven_data_pipeline.py took 0.298 seconds
[2025-06-28T03:05:55.411+0000] {processor.py:186} INFO - Started process (PID=4915) to work on /opt/airflow/dags/driven_data_pipeline.py
[2025-06-28T03:05:55.423+0000] {processor.py:914} INFO - Processing file /opt/airflow/dags/driven_data_pipeline.py for tasks to queue
[2025-06-28T03:05:55.427+0000] {logging_mixin.py:190} INFO - [2025-06-28T03:05:55.427+0000] {dagbag.py:588} INFO - Filling up the DagBag from /opt/airflow/dags/driven_data_pipeline.py
[2025-06-28T03:05:55.611+0000] {processor.py:925} INFO - DAG(s) 'extract_raw_data_pipeline' retrieved from /opt/airflow/dags/driven_data_pipeline.py
[2025-06-28T03:05:55.634+0000] {logging_mixin.py:190} INFO - [2025-06-28T03:05:55.634+0000] {dag.py:3239} INFO - Sync 1 DAGs
[2025-06-28T03:05:55.657+0000] {logging_mixin.py:190} INFO - [2025-06-28T03:05:55.657+0000] {dag.py:4180} INFO - Setting next_dagrun for extract_raw_data_pipeline to 2025-06-27 07:58:00+00:00, run_after=2025-06-27 07:59:00+00:00
[2025-06-28T03:05:55.699+0000] {processor.py:208} INFO - Processing /opt/airflow/dags/driven_data_pipeline.py took 0.298 seconds
[2025-06-28T03:06:25.948+0000] {processor.py:186} INFO - Started process (PID=4923) to work on /opt/airflow/dags/driven_data_pipeline.py
[2025-06-28T03:06:25.949+0000] {processor.py:914} INFO - Processing file /opt/airflow/dags/driven_data_pipeline.py for tasks to queue
[2025-06-28T03:06:25.952+0000] {logging_mixin.py:190} INFO - [2025-06-28T03:06:25.952+0000] {dagbag.py:588} INFO - Filling up the DagBag from /opt/airflow/dags/driven_data_pipeline.py
[2025-06-28T03:06:26.134+0000] {processor.py:925} INFO - DAG(s) 'extract_raw_data_pipeline' retrieved from /opt/airflow/dags/driven_data_pipeline.py
[2025-06-28T03:06:26.158+0000] {logging_mixin.py:190} INFO - [2025-06-28T03:06:26.158+0000] {dag.py:3239} INFO - Sync 1 DAGs
[2025-06-28T03:06:26.182+0000] {logging_mixin.py:190} INFO - [2025-06-28T03:06:26.182+0000] {dag.py:4180} INFO - Setting next_dagrun for extract_raw_data_pipeline to 2025-06-27 07:58:00+00:00, run_after=2025-06-27 07:59:00+00:00
[2025-06-28T03:06:26.221+0000] {processor.py:208} INFO - Processing /opt/airflow/dags/driven_data_pipeline.py took 0.282 seconds
[2025-06-28T03:06:56.303+0000] {processor.py:186} INFO - Started process (PID=4931) to work on /opt/airflow/dags/driven_data_pipeline.py
[2025-06-28T03:06:56.319+0000] {processor.py:914} INFO - Processing file /opt/airflow/dags/driven_data_pipeline.py for tasks to queue
[2025-06-28T03:06:56.323+0000] {logging_mixin.py:190} INFO - [2025-06-28T03:06:56.322+0000] {dagbag.py:588} INFO - Filling up the DagBag from /opt/airflow/dags/driven_data_pipeline.py
[2025-06-28T03:06:56.508+0000] {processor.py:925} INFO - DAG(s) 'extract_raw_data_pipeline' retrieved from /opt/airflow/dags/driven_data_pipeline.py
[2025-06-28T03:06:56.534+0000] {logging_mixin.py:190} INFO - [2025-06-28T03:06:56.533+0000] {dag.py:3239} INFO - Sync 1 DAGs
[2025-06-28T03:06:56.560+0000] {logging_mixin.py:190} INFO - [2025-06-28T03:06:56.559+0000] {dag.py:4180} INFO - Setting next_dagrun for extract_raw_data_pipeline to 2025-06-27 07:58:00+00:00, run_after=2025-06-27 07:59:00+00:00
[2025-06-28T03:06:57.750+0000] {processor.py:208} INFO - Processing /opt/airflow/dags/driven_data_pipeline.py took 1.455 seconds
[2025-06-28T03:07:27.939+0000] {processor.py:186} INFO - Started process (PID=4939) to work on /opt/airflow/dags/driven_data_pipeline.py
[2025-06-28T03:07:28.597+0000] {processor.py:914} INFO - Processing file /opt/airflow/dags/driven_data_pipeline.py for tasks to queue
[2025-06-28T03:07:28.609+0000] {logging_mixin.py:190} INFO - [2025-06-28T03:07:28.607+0000] {dagbag.py:588} INFO - Filling up the DagBag from /opt/airflow/dags/driven_data_pipeline.py
[2025-06-28T03:07:28.806+0000] {processor.py:925} INFO - DAG(s) 'extract_raw_data_pipeline' retrieved from /opt/airflow/dags/driven_data_pipeline.py
[2025-06-28T03:07:28.830+0000] {logging_mixin.py:190} INFO - [2025-06-28T03:07:28.830+0000] {dag.py:3239} INFO - Sync 1 DAGs
[2025-06-28T03:07:28.855+0000] {logging_mixin.py:190} INFO - [2025-06-28T03:07:28.854+0000] {dag.py:4180} INFO - Setting next_dagrun for extract_raw_data_pipeline to 2025-06-27 07:58:00+00:00, run_after=2025-06-27 07:59:00+00:00
[2025-06-28T03:07:28.892+0000] {processor.py:208} INFO - Processing /opt/airflow/dags/driven_data_pipeline.py took 0.965 seconds
[2025-06-28T03:07:59.234+0000] {processor.py:186} INFO - Started process (PID=4947) to work on /opt/airflow/dags/driven_data_pipeline.py
[2025-06-28T03:07:59.564+0000] {processor.py:914} INFO - Processing file /opt/airflow/dags/driven_data_pipeline.py for tasks to queue
[2025-06-28T03:07:59.575+0000] {logging_mixin.py:190} INFO - [2025-06-28T03:07:59.573+0000] {dagbag.py:588} INFO - Filling up the DagBag from /opt/airflow/dags/driven_data_pipeline.py
[2025-06-28T03:07:59.772+0000] {processor.py:925} INFO - DAG(s) 'extract_raw_data_pipeline' retrieved from /opt/airflow/dags/driven_data_pipeline.py
[2025-06-28T03:07:59.795+0000] {logging_mixin.py:190} INFO - [2025-06-28T03:07:59.795+0000] {dag.py:3239} INFO - Sync 1 DAGs
[2025-06-28T03:07:59.818+0000] {logging_mixin.py:190} INFO - [2025-06-28T03:07:59.817+0000] {dag.py:4180} INFO - Setting next_dagrun for extract_raw_data_pipeline to 2025-06-27 07:58:00+00:00, run_after=2025-06-27 07:59:00+00:00
[2025-06-28T03:07:59.864+0000] {processor.py:208} INFO - Processing /opt/airflow/dags/driven_data_pipeline.py took 0.639 seconds
[2025-06-28T03:08:30.173+0000] {processor.py:186} INFO - Started process (PID=4955) to work on /opt/airflow/dags/driven_data_pipeline.py
[2025-06-28T03:08:30.174+0000] {processor.py:914} INFO - Processing file /opt/airflow/dags/driven_data_pipeline.py for tasks to queue
[2025-06-28T03:08:30.177+0000] {logging_mixin.py:190} INFO - [2025-06-28T03:08:30.176+0000] {dagbag.py:588} INFO - Filling up the DagBag from /opt/airflow/dags/driven_data_pipeline.py
[2025-06-28T03:08:30.357+0000] {processor.py:925} INFO - DAG(s) 'extract_raw_data_pipeline' retrieved from /opt/airflow/dags/driven_data_pipeline.py
[2025-06-28T03:08:30.383+0000] {logging_mixin.py:190} INFO - [2025-06-28T03:08:30.382+0000] {dag.py:3239} INFO - Sync 1 DAGs
[2025-06-28T03:08:30.407+0000] {logging_mixin.py:190} INFO - [2025-06-28T03:08:30.407+0000] {dag.py:4180} INFO - Setting next_dagrun for extract_raw_data_pipeline to 2025-06-27 07:58:00+00:00, run_after=2025-06-27 07:59:00+00:00
[2025-06-28T03:08:30.550+0000] {processor.py:208} INFO - Processing /opt/airflow/dags/driven_data_pipeline.py took 0.383 seconds
[2025-06-28T03:09:00.891+0000] {processor.py:186} INFO - Started process (PID=4963) to work on /opt/airflow/dags/driven_data_pipeline.py
[2025-06-28T03:09:00.891+0000] {processor.py:914} INFO - Processing file /opt/airflow/dags/driven_data_pipeline.py for tasks to queue
[2025-06-28T03:09:00.894+0000] {logging_mixin.py:190} INFO - [2025-06-28T03:09:00.893+0000] {dagbag.py:588} INFO - Filling up the DagBag from /opt/airflow/dags/driven_data_pipeline.py
[2025-06-28T03:09:01.075+0000] {processor.py:925} INFO - DAG(s) 'extract_raw_data_pipeline' retrieved from /opt/airflow/dags/driven_data_pipeline.py
[2025-06-28T03:09:01.103+0000] {logging_mixin.py:190} INFO - [2025-06-28T03:09:01.103+0000] {dag.py:3239} INFO - Sync 1 DAGs
[2025-06-28T03:09:01.126+0000] {logging_mixin.py:190} INFO - [2025-06-28T03:09:01.125+0000] {dag.py:4180} INFO - Setting next_dagrun for extract_raw_data_pipeline to 2025-06-27 07:58:00+00:00, run_after=2025-06-27 07:59:00+00:00
[2025-06-28T03:09:01.161+0000] {processor.py:208} INFO - Processing /opt/airflow/dags/driven_data_pipeline.py took 0.281 seconds
[2025-06-28T03:09:31.190+0000] {processor.py:186} INFO - Started process (PID=4971) to work on /opt/airflow/dags/driven_data_pipeline.py
[2025-06-28T03:09:31.191+0000] {processor.py:914} INFO - Processing file /opt/airflow/dags/driven_data_pipeline.py for tasks to queue
[2025-06-28T03:09:31.193+0000] {logging_mixin.py:190} INFO - [2025-06-28T03:09:31.193+0000] {dagbag.py:588} INFO - Filling up the DagBag from /opt/airflow/dags/driven_data_pipeline.py
[2025-06-28T03:09:31.376+0000] {processor.py:925} INFO - DAG(s) 'extract_raw_data_pipeline' retrieved from /opt/airflow/dags/driven_data_pipeline.py
[2025-06-28T03:09:31.401+0000] {logging_mixin.py:190} INFO - [2025-06-28T03:09:31.401+0000] {dag.py:3239} INFO - Sync 1 DAGs
[2025-06-28T03:09:31.423+0000] {logging_mixin.py:190} INFO - [2025-06-28T03:09:31.423+0000] {dag.py:4180} INFO - Setting next_dagrun for extract_raw_data_pipeline to 2025-06-27 07:58:00+00:00, run_after=2025-06-27 07:59:00+00:00
[2025-06-28T03:09:31.466+0000] {processor.py:208} INFO - Processing /opt/airflow/dags/driven_data_pipeline.py took 0.282 seconds
[2025-06-28T03:10:01.504+0000] {processor.py:186} INFO - Started process (PID=4979) to work on /opt/airflow/dags/driven_data_pipeline.py
[2025-06-28T03:10:01.505+0000] {processor.py:914} INFO - Processing file /opt/airflow/dags/driven_data_pipeline.py for tasks to queue
[2025-06-28T03:10:01.507+0000] {logging_mixin.py:190} INFO - [2025-06-28T03:10:01.507+0000] {dagbag.py:588} INFO - Filling up the DagBag from /opt/airflow/dags/driven_data_pipeline.py
[2025-06-28T03:10:01.696+0000] {processor.py:925} INFO - DAG(s) 'extract_raw_data_pipeline' retrieved from /opt/airflow/dags/driven_data_pipeline.py
[2025-06-28T03:10:01.722+0000] {logging_mixin.py:190} INFO - [2025-06-28T03:10:01.721+0000] {dag.py:3239} INFO - Sync 1 DAGs
[2025-06-28T03:10:01.746+0000] {logging_mixin.py:190} INFO - [2025-06-28T03:10:01.745+0000] {dag.py:4180} INFO - Setting next_dagrun for extract_raw_data_pipeline to 2025-06-27 07:58:00+00:00, run_after=2025-06-27 07:59:00+00:00
[2025-06-28T03:10:01.779+0000] {processor.py:208} INFO - Processing /opt/airflow/dags/driven_data_pipeline.py took 0.281 seconds
[2025-06-28T03:10:31.858+0000] {processor.py:186} INFO - Started process (PID=4987) to work on /opt/airflow/dags/driven_data_pipeline.py
[2025-06-28T03:10:31.860+0000] {processor.py:914} INFO - Processing file /opt/airflow/dags/driven_data_pipeline.py for tasks to queue
[2025-06-28T03:10:31.863+0000] {logging_mixin.py:190} INFO - [2025-06-28T03:10:31.863+0000] {dagbag.py:588} INFO - Filling up the DagBag from /opt/airflow/dags/driven_data_pipeline.py
[2025-06-28T03:10:32.042+0000] {processor.py:925} INFO - DAG(s) 'extract_raw_data_pipeline' retrieved from /opt/airflow/dags/driven_data_pipeline.py
[2025-06-28T03:10:32.066+0000] {logging_mixin.py:190} INFO - [2025-06-28T03:10:32.066+0000] {dag.py:3239} INFO - Sync 1 DAGs
[2025-06-28T03:10:32.090+0000] {logging_mixin.py:190} INFO - [2025-06-28T03:10:32.090+0000] {dag.py:4180} INFO - Setting next_dagrun for extract_raw_data_pipeline to 2025-06-27 07:58:00+00:00, run_after=2025-06-27 07:59:00+00:00
[2025-06-28T03:10:32.149+0000] {processor.py:208} INFO - Processing /opt/airflow/dags/driven_data_pipeline.py took 0.300 seconds
[2025-06-28T03:11:02.518+0000] {processor.py:186} INFO - Started process (PID=4995) to work on /opt/airflow/dags/driven_data_pipeline.py
[2025-06-28T03:11:02.519+0000] {processor.py:914} INFO - Processing file /opt/airflow/dags/driven_data_pipeline.py for tasks to queue
[2025-06-28T03:11:02.522+0000] {logging_mixin.py:190} INFO - [2025-06-28T03:11:02.521+0000] {dagbag.py:588} INFO - Filling up the DagBag from /opt/airflow/dags/driven_data_pipeline.py
[2025-06-28T03:11:02.696+0000] {processor.py:925} INFO - DAG(s) 'extract_raw_data_pipeline' retrieved from /opt/airflow/dags/driven_data_pipeline.py
[2025-06-28T03:11:02.721+0000] {logging_mixin.py:190} INFO - [2025-06-28T03:11:02.721+0000] {dag.py:3239} INFO - Sync 1 DAGs
[2025-06-28T03:11:02.744+0000] {logging_mixin.py:190} INFO - [2025-06-28T03:11:02.744+0000] {dag.py:4180} INFO - Setting next_dagrun for extract_raw_data_pipeline to 2025-06-27 07:58:00+00:00, run_after=2025-06-27 07:59:00+00:00
[2025-06-28T03:11:03.099+0000] {processor.py:208} INFO - Processing /opt/airflow/dags/driven_data_pipeline.py took 0.591 seconds
[2025-06-28T03:11:33.459+0000] {processor.py:186} INFO - Started process (PID=5003) to work on /opt/airflow/dags/driven_data_pipeline.py
[2025-06-28T03:11:33.460+0000] {processor.py:914} INFO - Processing file /opt/airflow/dags/driven_data_pipeline.py for tasks to queue
[2025-06-28T03:11:33.464+0000] {logging_mixin.py:190} INFO - [2025-06-28T03:11:33.463+0000] {dagbag.py:588} INFO - Filling up the DagBag from /opt/airflow/dags/driven_data_pipeline.py
[2025-06-28T03:11:33.727+0000] {processor.py:925} INFO - DAG(s) 'extract_raw_data_pipeline' retrieved from /opt/airflow/dags/driven_data_pipeline.py
[2025-06-28T03:11:33.763+0000] {logging_mixin.py:190} INFO - [2025-06-28T03:11:33.763+0000] {dag.py:3239} INFO - Sync 1 DAGs
[2025-06-28T03:11:33.791+0000] {logging_mixin.py:190} INFO - [2025-06-28T03:11:33.790+0000] {dag.py:4180} INFO - Setting next_dagrun for extract_raw_data_pipeline to 2025-06-27 07:58:00+00:00, run_after=2025-06-27 07:59:00+00:00
[2025-06-28T03:11:33.831+0000] {processor.py:208} INFO - Processing /opt/airflow/dags/driven_data_pipeline.py took 0.383 seconds
[2025-06-28T03:12:04.208+0000] {processor.py:186} INFO - Started process (PID=5011) to work on /opt/airflow/dags/driven_data_pipeline.py
[2025-06-28T03:12:04.209+0000] {processor.py:914} INFO - Processing file /opt/airflow/dags/driven_data_pipeline.py for tasks to queue
[2025-06-28T03:12:04.211+0000] {logging_mixin.py:190} INFO - [2025-06-28T03:12:04.211+0000] {dagbag.py:588} INFO - Filling up the DagBag from /opt/airflow/dags/driven_data_pipeline.py
[2025-06-28T03:12:04.388+0000] {processor.py:925} INFO - DAG(s) 'extract_raw_data_pipeline' retrieved from /opt/airflow/dags/driven_data_pipeline.py
[2025-06-28T03:12:04.412+0000] {logging_mixin.py:190} INFO - [2025-06-28T03:12:04.412+0000] {dag.py:3239} INFO - Sync 1 DAGs
[2025-06-28T03:12:04.434+0000] {logging_mixin.py:190} INFO - [2025-06-28T03:12:04.434+0000] {dag.py:4180} INFO - Setting next_dagrun for extract_raw_data_pipeline to 2025-06-27 07:58:00+00:00, run_after=2025-06-27 07:59:00+00:00
[2025-06-28T03:12:04.476+0000] {processor.py:208} INFO - Processing /opt/airflow/dags/driven_data_pipeline.py took 0.275 seconds
[2025-06-28T03:12:34.792+0000] {processor.py:186} INFO - Started process (PID=5019) to work on /opt/airflow/dags/driven_data_pipeline.py
[2025-06-28T03:12:34.793+0000] {processor.py:914} INFO - Processing file /opt/airflow/dags/driven_data_pipeline.py for tasks to queue
[2025-06-28T03:12:34.796+0000] {logging_mixin.py:190} INFO - [2025-06-28T03:12:34.795+0000] {dagbag.py:588} INFO - Filling up the DagBag from /opt/airflow/dags/driven_data_pipeline.py
[2025-06-28T03:12:34.973+0000] {processor.py:925} INFO - DAG(s) 'extract_raw_data_pipeline' retrieved from /opt/airflow/dags/driven_data_pipeline.py
[2025-06-28T03:12:34.998+0000] {logging_mixin.py:190} INFO - [2025-06-28T03:12:34.998+0000] {dag.py:3239} INFO - Sync 1 DAGs
[2025-06-28T03:12:35.024+0000] {logging_mixin.py:190} INFO - [2025-06-28T03:12:35.023+0000] {dag.py:4180} INFO - Setting next_dagrun for extract_raw_data_pipeline to 2025-06-27 07:58:00+00:00, run_after=2025-06-27 07:59:00+00:00
[2025-06-28T03:12:35.088+0000] {processor.py:208} INFO - Processing /opt/airflow/dags/driven_data_pipeline.py took 0.306 seconds
[2025-06-28T03:13:05.447+0000] {processor.py:186} INFO - Started process (PID=5027) to work on /opt/airflow/dags/driven_data_pipeline.py
[2025-06-28T03:13:05.448+0000] {processor.py:914} INFO - Processing file /opt/airflow/dags/driven_data_pipeline.py for tasks to queue
[2025-06-28T03:13:05.451+0000] {logging_mixin.py:190} INFO - [2025-06-28T03:13:05.451+0000] {dagbag.py:588} INFO - Filling up the DagBag from /opt/airflow/dags/driven_data_pipeline.py
[2025-06-28T03:13:05.630+0000] {processor.py:925} INFO - DAG(s) 'extract_raw_data_pipeline' retrieved from /opt/airflow/dags/driven_data_pipeline.py
[2025-06-28T03:13:05.656+0000] {logging_mixin.py:190} INFO - [2025-06-28T03:13:05.655+0000] {dag.py:3239} INFO - Sync 1 DAGs
[2025-06-28T03:13:05.680+0000] {logging_mixin.py:190} INFO - [2025-06-28T03:13:05.679+0000] {dag.py:4180} INFO - Setting next_dagrun for extract_raw_data_pipeline to 2025-06-27 07:58:00+00:00, run_after=2025-06-27 07:59:00+00:00
[2025-06-28T03:13:06.285+0000] {processor.py:208} INFO - Processing /opt/airflow/dags/driven_data_pipeline.py took 0.846 seconds
[2025-06-28T03:13:36.408+0000] {processor.py:186} INFO - Started process (PID=5035) to work on /opt/airflow/dags/driven_data_pipeline.py
[2025-06-28T03:13:36.409+0000] {processor.py:914} INFO - Processing file /opt/airflow/dags/driven_data_pipeline.py for tasks to queue
[2025-06-28T03:13:36.411+0000] {logging_mixin.py:190} INFO - [2025-06-28T03:13:36.411+0000] {dagbag.py:588} INFO - Filling up the DagBag from /opt/airflow/dags/driven_data_pipeline.py
[2025-06-28T03:13:36.598+0000] {processor.py:925} INFO - DAG(s) 'extract_raw_data_pipeline' retrieved from /opt/airflow/dags/driven_data_pipeline.py
[2025-06-28T03:13:36.622+0000] {logging_mixin.py:190} INFO - [2025-06-28T03:13:36.622+0000] {dag.py:3239} INFO - Sync 1 DAGs
[2025-06-28T03:13:36.644+0000] {logging_mixin.py:190} INFO - [2025-06-28T03:13:36.644+0000] {dag.py:4180} INFO - Setting next_dagrun for extract_raw_data_pipeline to 2025-06-27 07:58:00+00:00, run_after=2025-06-27 07:59:00+00:00
[2025-06-28T03:13:36.679+0000] {processor.py:208} INFO - Processing /opt/airflow/dags/driven_data_pipeline.py took 0.277 seconds
[2025-06-28T03:14:06.987+0000] {processor.py:186} INFO - Started process (PID=5043) to work on /opt/airflow/dags/driven_data_pipeline.py
[2025-06-28T03:14:06.988+0000] {processor.py:914} INFO - Processing file /opt/airflow/dags/driven_data_pipeline.py for tasks to queue
[2025-06-28T03:14:06.991+0000] {logging_mixin.py:190} INFO - [2025-06-28T03:14:06.991+0000] {dagbag.py:588} INFO - Filling up the DagBag from /opt/airflow/dags/driven_data_pipeline.py
[2025-06-28T03:14:07.166+0000] {processor.py:925} INFO - DAG(s) 'extract_raw_data_pipeline' retrieved from /opt/airflow/dags/driven_data_pipeline.py
[2025-06-28T03:14:07.192+0000] {logging_mixin.py:190} INFO - [2025-06-28T03:14:07.192+0000] {dag.py:3239} INFO - Sync 1 DAGs
[2025-06-28T03:14:07.215+0000] {logging_mixin.py:190} INFO - [2025-06-28T03:14:07.215+0000] {dag.py:4180} INFO - Setting next_dagrun for extract_raw_data_pipeline to 2025-06-27 07:58:00+00:00, run_after=2025-06-27 07:59:00+00:00
[2025-06-28T03:14:08.138+0000] {processor.py:208} INFO - Processing /opt/airflow/dags/driven_data_pipeline.py took 1.162 seconds
[2025-06-28T03:14:38.385+0000] {processor.py:186} INFO - Started process (PID=5051) to work on /opt/airflow/dags/driven_data_pipeline.py
[2025-06-28T03:14:38.385+0000] {processor.py:914} INFO - Processing file /opt/airflow/dags/driven_data_pipeline.py for tasks to queue
[2025-06-28T03:14:38.388+0000] {logging_mixin.py:190} INFO - [2025-06-28T03:14:38.387+0000] {dagbag.py:588} INFO - Filling up the DagBag from /opt/airflow/dags/driven_data_pipeline.py
[2025-06-28T03:14:38.574+0000] {processor.py:925} INFO - DAG(s) 'extract_raw_data_pipeline' retrieved from /opt/airflow/dags/driven_data_pipeline.py
[2025-06-28T03:14:38.601+0000] {logging_mixin.py:190} INFO - [2025-06-28T03:14:38.601+0000] {dag.py:3239} INFO - Sync 1 DAGs
[2025-06-28T03:14:38.627+0000] {logging_mixin.py:190} INFO - [2025-06-28T03:14:38.626+0000] {dag.py:4180} INFO - Setting next_dagrun for extract_raw_data_pipeline to 2025-06-27 07:58:00+00:00, run_after=2025-06-27 07:59:00+00:00
[2025-06-28T03:14:38.661+0000] {processor.py:208} INFO - Processing /opt/airflow/dags/driven_data_pipeline.py took 0.287 seconds
[2025-06-28T03:15:08.792+0000] {processor.py:186} INFO - Started process (PID=5059) to work on /opt/airflow/dags/driven_data_pipeline.py
[2025-06-28T03:15:08.793+0000] {processor.py:914} INFO - Processing file /opt/airflow/dags/driven_data_pipeline.py for tasks to queue
[2025-06-28T03:15:08.796+0000] {logging_mixin.py:190} INFO - [2025-06-28T03:15:08.795+0000] {dagbag.py:588} INFO - Filling up the DagBag from /opt/airflow/dags/driven_data_pipeline.py
[2025-06-28T03:15:08.997+0000] {processor.py:925} INFO - DAG(s) 'extract_raw_data_pipeline' retrieved from /opt/airflow/dags/driven_data_pipeline.py
[2025-06-28T03:15:09.029+0000] {logging_mixin.py:190} INFO - [2025-06-28T03:15:09.028+0000] {dag.py:3239} INFO - Sync 1 DAGs
[2025-06-28T03:15:09.058+0000] {logging_mixin.py:190} INFO - [2025-06-28T03:15:09.057+0000] {dag.py:4180} INFO - Setting next_dagrun for extract_raw_data_pipeline to 2025-06-27 07:58:00+00:00, run_after=2025-06-27 07:59:00+00:00
[2025-06-28T03:15:09.101+0000] {processor.py:208} INFO - Processing /opt/airflow/dags/driven_data_pipeline.py took 0.318 seconds
[2025-06-28T03:15:39.305+0000] {processor.py:186} INFO - Started process (PID=5067) to work on /opt/airflow/dags/driven_data_pipeline.py
[2025-06-28T03:15:39.307+0000] {processor.py:914} INFO - Processing file /opt/airflow/dags/driven_data_pipeline.py for tasks to queue
[2025-06-28T03:15:39.309+0000] {logging_mixin.py:190} INFO - [2025-06-28T03:15:39.309+0000] {dagbag.py:588} INFO - Filling up the DagBag from /opt/airflow/dags/driven_data_pipeline.py
[2025-06-28T03:15:39.503+0000] {processor.py:925} INFO - DAG(s) 'extract_raw_data_pipeline' retrieved from /opt/airflow/dags/driven_data_pipeline.py
[2025-06-28T03:15:39.527+0000] {logging_mixin.py:190} INFO - [2025-06-28T03:15:39.527+0000] {dag.py:3239} INFO - Sync 1 DAGs
[2025-06-28T03:15:39.550+0000] {logging_mixin.py:190} INFO - [2025-06-28T03:15:39.549+0000] {dag.py:4180} INFO - Setting next_dagrun for extract_raw_data_pipeline to 2025-06-27 07:58:00+00:00, run_after=2025-06-27 07:59:00+00:00
[2025-06-28T03:15:40.178+0000] {processor.py:208} INFO - Processing /opt/airflow/dags/driven_data_pipeline.py took 0.882 seconds
[2025-06-28T03:16:10.539+0000] {processor.py:186} INFO - Started process (PID=5075) to work on /opt/airflow/dags/driven_data_pipeline.py
[2025-06-28T03:16:10.540+0000] {processor.py:914} INFO - Processing file /opt/airflow/dags/driven_data_pipeline.py for tasks to queue
[2025-06-28T03:16:10.542+0000] {logging_mixin.py:190} INFO - [2025-06-28T03:16:10.542+0000] {dagbag.py:588} INFO - Filling up the DagBag from /opt/airflow/dags/driven_data_pipeline.py
[2025-06-28T03:16:10.738+0000] {processor.py:925} INFO - DAG(s) 'extract_raw_data_pipeline' retrieved from /opt/airflow/dags/driven_data_pipeline.py
[2025-06-28T03:16:10.769+0000] {logging_mixin.py:190} INFO - [2025-06-28T03:16:10.769+0000] {dag.py:3239} INFO - Sync 1 DAGs
[2025-06-28T03:16:10.792+0000] {logging_mixin.py:190} INFO - [2025-06-28T03:16:10.792+0000] {dag.py:4180} INFO - Setting next_dagrun for extract_raw_data_pipeline to 2025-06-27 07:58:00+00:00, run_after=2025-06-27 07:59:00+00:00
[2025-06-28T03:16:10.833+0000] {processor.py:208} INFO - Processing /opt/airflow/dags/driven_data_pipeline.py took 0.300 seconds
[2025-06-28T03:16:41.163+0000] {processor.py:186} INFO - Started process (PID=5083) to work on /opt/airflow/dags/driven_data_pipeline.py
[2025-06-28T03:16:41.165+0000] {processor.py:914} INFO - Processing file /opt/airflow/dags/driven_data_pipeline.py for tasks to queue
[2025-06-28T03:16:41.171+0000] {logging_mixin.py:190} INFO - [2025-06-28T03:16:41.170+0000] {dagbag.py:588} INFO - Filling up the DagBag from /opt/airflow/dags/driven_data_pipeline.py
[2025-06-28T03:16:41.381+0000] {processor.py:925} INFO - DAG(s) 'extract_raw_data_pipeline' retrieved from /opt/airflow/dags/driven_data_pipeline.py
[2025-06-28T03:16:41.409+0000] {logging_mixin.py:190} INFO - [2025-06-28T03:16:41.409+0000] {dag.py:3239} INFO - Sync 1 DAGs
[2025-06-28T03:16:41.438+0000] {logging_mixin.py:190} INFO - [2025-06-28T03:16:41.438+0000] {dag.py:4180} INFO - Setting next_dagrun for extract_raw_data_pipeline to 2025-06-27 07:58:00+00:00, run_after=2025-06-27 07:59:00+00:00
[2025-06-28T03:16:41.483+0000] {processor.py:208} INFO - Processing /opt/airflow/dags/driven_data_pipeline.py took 0.337 seconds
[2025-06-28T03:17:11.836+0000] {processor.py:186} INFO - Started process (PID=5091) to work on /opt/airflow/dags/driven_data_pipeline.py
[2025-06-28T03:17:11.837+0000] {processor.py:914} INFO - Processing file /opt/airflow/dags/driven_data_pipeline.py for tasks to queue
[2025-06-28T03:17:11.841+0000] {logging_mixin.py:190} INFO - [2025-06-28T03:17:11.841+0000] {dagbag.py:588} INFO - Filling up the DagBag from /opt/airflow/dags/driven_data_pipeline.py
[2025-06-28T03:17:12.076+0000] {processor.py:925} INFO - DAG(s) 'extract_raw_data_pipeline' retrieved from /opt/airflow/dags/driven_data_pipeline.py
[2025-06-28T03:17:12.106+0000] {logging_mixin.py:190} INFO - [2025-06-28T03:17:12.106+0000] {dag.py:3239} INFO - Sync 1 DAGs
[2025-06-28T03:17:12.131+0000] {logging_mixin.py:190} INFO - [2025-06-28T03:17:12.131+0000] {dag.py:4180} INFO - Setting next_dagrun for extract_raw_data_pipeline to 2025-06-27 07:58:00+00:00, run_after=2025-06-27 07:59:00+00:00
[2025-06-28T03:17:12.199+0000] {processor.py:208} INFO - Processing /opt/airflow/dags/driven_data_pipeline.py took 0.373 seconds
[2025-06-28T03:17:42.504+0000] {processor.py:186} INFO - Started process (PID=5099) to work on /opt/airflow/dags/driven_data_pipeline.py
[2025-06-28T03:17:42.505+0000] {processor.py:914} INFO - Processing file /opt/airflow/dags/driven_data_pipeline.py for tasks to queue
[2025-06-28T03:17:42.507+0000] {logging_mixin.py:190} INFO - [2025-06-28T03:17:42.507+0000] {dagbag.py:588} INFO - Filling up the DagBag from /opt/airflow/dags/driven_data_pipeline.py
[2025-06-28T03:17:42.717+0000] {processor.py:925} INFO - DAG(s) 'extract_raw_data_pipeline' retrieved from /opt/airflow/dags/driven_data_pipeline.py
[2025-06-28T03:17:42.748+0000] {logging_mixin.py:190} INFO - [2025-06-28T03:17:42.748+0000] {dag.py:3239} INFO - Sync 1 DAGs
[2025-06-28T03:17:42.772+0000] {logging_mixin.py:190} INFO - [2025-06-28T03:17:42.772+0000] {dag.py:4180} INFO - Setting next_dagrun for extract_raw_data_pipeline to 2025-06-27 07:58:00+00:00, run_after=2025-06-27 07:59:00+00:00
[2025-06-28T03:17:42.819+0000] {processor.py:208} INFO - Processing /opt/airflow/dags/driven_data_pipeline.py took 0.321 seconds
[2025-06-28T03:18:13.133+0000] {processor.py:186} INFO - Started process (PID=5106) to work on /opt/airflow/dags/driven_data_pipeline.py
[2025-06-28T03:18:13.134+0000] {processor.py:914} INFO - Processing file /opt/airflow/dags/driven_data_pipeline.py for tasks to queue
[2025-06-28T03:18:13.137+0000] {logging_mixin.py:190} INFO - [2025-06-28T03:18:13.137+0000] {dagbag.py:588} INFO - Filling up the DagBag from /opt/airflow/dags/driven_data_pipeline.py
[2025-06-28T03:18:13.314+0000] {processor.py:925} INFO - DAG(s) 'extract_raw_data_pipeline' retrieved from /opt/airflow/dags/driven_data_pipeline.py
[2025-06-28T03:18:13.339+0000] {logging_mixin.py:190} INFO - [2025-06-28T03:18:13.339+0000] {dag.py:3239} INFO - Sync 1 DAGs
[2025-06-28T03:18:13.361+0000] {logging_mixin.py:190} INFO - [2025-06-28T03:18:13.361+0000] {dag.py:4180} INFO - Setting next_dagrun for extract_raw_data_pipeline to 2025-06-27 07:58:00+00:00, run_after=2025-06-27 07:59:00+00:00
[2025-06-28T03:18:13.414+0000] {processor.py:208} INFO - Processing /opt/airflow/dags/driven_data_pipeline.py took 0.292 seconds
[2025-06-28T03:18:43.758+0000] {processor.py:186} INFO - Started process (PID=5114) to work on /opt/airflow/dags/driven_data_pipeline.py
[2025-06-28T03:18:43.784+0000] {processor.py:914} INFO - Processing file /opt/airflow/dags/driven_data_pipeline.py for tasks to queue
[2025-06-28T03:18:43.794+0000] {logging_mixin.py:190} INFO - [2025-06-28T03:18:43.792+0000] {dagbag.py:588} INFO - Filling up the DagBag from /opt/airflow/dags/driven_data_pipeline.py
[2025-06-28T03:18:44.084+0000] {processor.py:925} INFO - DAG(s) 'extract_raw_data_pipeline' retrieved from /opt/airflow/dags/driven_data_pipeline.py
[2025-06-28T03:18:44.109+0000] {logging_mixin.py:190} INFO - [2025-06-28T03:18:44.109+0000] {dag.py:3239} INFO - Sync 1 DAGs
[2025-06-28T03:18:44.135+0000] {logging_mixin.py:190} INFO - [2025-06-28T03:18:44.134+0000] {dag.py:4180} INFO - Setting next_dagrun for extract_raw_data_pipeline to 2025-06-27 07:58:00+00:00, run_after=2025-06-27 07:59:00+00:00
[2025-06-28T03:18:44.228+0000] {processor.py:208} INFO - Processing /opt/airflow/dags/driven_data_pipeline.py took 0.480 seconds
[2025-06-28T03:19:14.584+0000] {processor.py:186} INFO - Started process (PID=5122) to work on /opt/airflow/dags/driven_data_pipeline.py
[2025-06-28T03:19:14.592+0000] {processor.py:914} INFO - Processing file /opt/airflow/dags/driven_data_pipeline.py for tasks to queue
[2025-06-28T03:19:14.596+0000] {logging_mixin.py:190} INFO - [2025-06-28T03:19:14.595+0000] {dagbag.py:588} INFO - Filling up the DagBag from /opt/airflow/dags/driven_data_pipeline.py
[2025-06-28T03:19:15.380+0000] {processor.py:925} INFO - DAG(s) 'extract_raw_data_pipeline' retrieved from /opt/airflow/dags/driven_data_pipeline.py
[2025-06-28T03:19:15.444+0000] {logging_mixin.py:190} INFO - [2025-06-28T03:19:15.443+0000] {dag.py:3239} INFO - Sync 1 DAGs
[2025-06-28T03:19:15.665+0000] {logging_mixin.py:190} INFO - [2025-06-28T03:19:15.664+0000] {dag.py:4180} INFO - Setting next_dagrun for extract_raw_data_pipeline to 2025-06-27 07:58:00+00:00, run_after=2025-06-27 07:59:00+00:00
[2025-06-28T03:19:16.142+0000] {processor.py:208} INFO - Processing /opt/airflow/dags/driven_data_pipeline.py took 1.568 seconds
[2025-06-28T03:19:46.449+0000] {processor.py:186} INFO - Started process (PID=5130) to work on /opt/airflow/dags/driven_data_pipeline.py
[2025-06-28T03:19:46.456+0000] {processor.py:914} INFO - Processing file /opt/airflow/dags/driven_data_pipeline.py for tasks to queue
[2025-06-28T03:19:46.506+0000] {logging_mixin.py:190} INFO - [2025-06-28T03:19:46.505+0000] {dagbag.py:588} INFO - Filling up the DagBag from /opt/airflow/dags/driven_data_pipeline.py
[2025-06-28T03:19:47.376+0000] {processor.py:925} INFO - DAG(s) 'extract_raw_data_pipeline' retrieved from /opt/airflow/dags/driven_data_pipeline.py
[2025-06-28T03:19:47.489+0000] {logging_mixin.py:190} INFO - [2025-06-28T03:19:47.489+0000] {dag.py:3239} INFO - Sync 1 DAGs
[2025-06-28T03:19:47.523+0000] {logging_mixin.py:190} INFO - [2025-06-28T03:19:47.523+0000] {dag.py:4180} INFO - Setting next_dagrun for extract_raw_data_pipeline to 2025-06-27 07:58:00+00:00, run_after=2025-06-27 07:59:00+00:00
[2025-06-28T03:19:47.564+0000] {processor.py:208} INFO - Processing /opt/airflow/dags/driven_data_pipeline.py took 1.126 seconds
[2025-06-28T03:20:17.859+0000] {processor.py:186} INFO - Started process (PID=5138) to work on /opt/airflow/dags/driven_data_pipeline.py
[2025-06-28T03:20:17.861+0000] {processor.py:914} INFO - Processing file /opt/airflow/dags/driven_data_pipeline.py for tasks to queue
[2025-06-28T03:20:17.866+0000] {logging_mixin.py:190} INFO - [2025-06-28T03:20:17.865+0000] {dagbag.py:588} INFO - Filling up the DagBag from /opt/airflow/dags/driven_data_pipeline.py
[2025-06-28T03:20:18.223+0000] {processor.py:925} INFO - DAG(s) 'extract_raw_data_pipeline' retrieved from /opt/airflow/dags/driven_data_pipeline.py
[2025-06-28T03:20:18.251+0000] {logging_mixin.py:190} INFO - [2025-06-28T03:20:18.251+0000] {dag.py:3239} INFO - Sync 1 DAGs
[2025-06-28T03:20:18.293+0000] {logging_mixin.py:190} INFO - [2025-06-28T03:20:18.293+0000] {dag.py:4180} INFO - Setting next_dagrun for extract_raw_data_pipeline to 2025-06-27 07:58:00+00:00, run_after=2025-06-27 07:59:00+00:00
[2025-06-28T03:20:18.333+0000] {processor.py:208} INFO - Processing /opt/airflow/dags/driven_data_pipeline.py took 0.500 seconds
[2025-06-28T03:20:48.711+0000] {processor.py:186} INFO - Started process (PID=5146) to work on /opt/airflow/dags/driven_data_pipeline.py
[2025-06-28T03:20:48.713+0000] {processor.py:914} INFO - Processing file /opt/airflow/dags/driven_data_pipeline.py for tasks to queue
[2025-06-28T03:20:48.715+0000] {logging_mixin.py:190} INFO - [2025-06-28T03:20:48.715+0000] {dagbag.py:588} INFO - Filling up the DagBag from /opt/airflow/dags/driven_data_pipeline.py
[2025-06-28T03:20:48.892+0000] {processor.py:925} INFO - DAG(s) 'extract_raw_data_pipeline' retrieved from /opt/airflow/dags/driven_data_pipeline.py
[2025-06-28T03:20:48.922+0000] {logging_mixin.py:190} INFO - [2025-06-28T03:20:48.922+0000] {dag.py:3239} INFO - Sync 1 DAGs
[2025-06-28T03:20:48.951+0000] {logging_mixin.py:190} INFO - [2025-06-28T03:20:48.950+0000] {dag.py:4180} INFO - Setting next_dagrun for extract_raw_data_pipeline to 2025-06-27 07:58:00+00:00, run_after=2025-06-27 07:59:00+00:00
[2025-06-28T03:20:48.991+0000] {processor.py:208} INFO - Processing /opt/airflow/dags/driven_data_pipeline.py took 0.288 seconds
[2025-06-28T03:21:19.039+0000] {processor.py:186} INFO - Started process (PID=5154) to work on /opt/airflow/dags/driven_data_pipeline.py
[2025-06-28T03:21:19.040+0000] {processor.py:914} INFO - Processing file /opt/airflow/dags/driven_data_pipeline.py for tasks to queue
[2025-06-28T03:21:19.043+0000] {logging_mixin.py:190} INFO - [2025-06-28T03:21:19.042+0000] {dagbag.py:588} INFO - Filling up the DagBag from /opt/airflow/dags/driven_data_pipeline.py
[2025-06-28T03:21:19.340+0000] {processor.py:925} INFO - DAG(s) 'extract_raw_data_pipeline' retrieved from /opt/airflow/dags/driven_data_pipeline.py
[2025-06-28T03:21:19.365+0000] {logging_mixin.py:190} INFO - [2025-06-28T03:21:19.365+0000] {dag.py:3239} INFO - Sync 1 DAGs
[2025-06-28T03:21:19.388+0000] {logging_mixin.py:190} INFO - [2025-06-28T03:21:19.388+0000] {dag.py:4180} INFO - Setting next_dagrun for extract_raw_data_pipeline to 2025-06-27 07:58:00+00:00, run_after=2025-06-27 07:59:00+00:00
[2025-06-28T03:21:19.445+0000] {processor.py:208} INFO - Processing /opt/airflow/dags/driven_data_pipeline.py took 0.412 seconds
[2025-06-28T03:21:49.689+0000] {processor.py:186} INFO - Started process (PID=5162) to work on /opt/airflow/dags/driven_data_pipeline.py
[2025-06-28T03:21:49.690+0000] {processor.py:914} INFO - Processing file /opt/airflow/dags/driven_data_pipeline.py for tasks to queue
[2025-06-28T03:21:49.694+0000] {logging_mixin.py:190} INFO - [2025-06-28T03:21:49.693+0000] {dagbag.py:588} INFO - Filling up the DagBag from /opt/airflow/dags/driven_data_pipeline.py
[2025-06-28T03:21:49.893+0000] {processor.py:925} INFO - DAG(s) 'extract_raw_data_pipeline' retrieved from /opt/airflow/dags/driven_data_pipeline.py
[2025-06-28T03:21:49.921+0000] {logging_mixin.py:190} INFO - [2025-06-28T03:21:49.921+0000] {dag.py:3239} INFO - Sync 1 DAGs
[2025-06-28T03:21:49.945+0000] {logging_mixin.py:190} INFO - [2025-06-28T03:21:49.945+0000] {dag.py:4180} INFO - Setting next_dagrun for extract_raw_data_pipeline to 2025-06-27 07:58:00+00:00, run_after=2025-06-27 07:59:00+00:00
[2025-06-28T03:21:49.984+0000] {processor.py:208} INFO - Processing /opt/airflow/dags/driven_data_pipeline.py took 0.307 seconds
[2025-06-28T03:22:20.132+0000] {processor.py:186} INFO - Started process (PID=5170) to work on /opt/airflow/dags/driven_data_pipeline.py
[2025-06-28T03:22:20.133+0000] {processor.py:914} INFO - Processing file /opt/airflow/dags/driven_data_pipeline.py for tasks to queue
[2025-06-28T03:22:20.135+0000] {logging_mixin.py:190} INFO - [2025-06-28T03:22:20.135+0000] {dagbag.py:588} INFO - Filling up the DagBag from /opt/airflow/dags/driven_data_pipeline.py
[2025-06-28T03:22:20.366+0000] {processor.py:925} INFO - DAG(s) 'extract_raw_data_pipeline' retrieved from /opt/airflow/dags/driven_data_pipeline.py
[2025-06-28T03:22:20.399+0000] {logging_mixin.py:190} INFO - [2025-06-28T03:22:20.398+0000] {dag.py:3239} INFO - Sync 1 DAGs
[2025-06-28T03:22:20.432+0000] {logging_mixin.py:190} INFO - [2025-06-28T03:22:20.432+0000] {dag.py:4180} INFO - Setting next_dagrun for extract_raw_data_pipeline to 2025-06-27 07:58:00+00:00, run_after=2025-06-27 07:59:00+00:00
[2025-06-28T03:22:20.466+0000] {processor.py:208} INFO - Processing /opt/airflow/dags/driven_data_pipeline.py took 0.341 seconds
[2025-06-28T03:22:50.671+0000] {processor.py:186} INFO - Started process (PID=5184) to work on /opt/airflow/dags/driven_data_pipeline.py
[2025-06-28T03:22:50.691+0000] {processor.py:914} INFO - Processing file /opt/airflow/dags/driven_data_pipeline.py for tasks to queue
[2025-06-28T03:22:50.702+0000] {logging_mixin.py:190} INFO - [2025-06-28T03:22:50.700+0000] {dagbag.py:588} INFO - Filling up the DagBag from /opt/airflow/dags/driven_data_pipeline.py
[2025-06-28T03:22:50.900+0000] {processor.py:925} INFO - DAG(s) 'extract_raw_data_pipeline' retrieved from /opt/airflow/dags/driven_data_pipeline.py
[2025-06-28T03:22:50.926+0000] {logging_mixin.py:190} INFO - [2025-06-28T03:22:50.926+0000] {dag.py:3239} INFO - Sync 1 DAGs
[2025-06-28T03:22:50.953+0000] {logging_mixin.py:190} INFO - [2025-06-28T03:22:50.952+0000] {dag.py:4180} INFO - Setting next_dagrun for extract_raw_data_pipeline to 2025-06-27 07:58:00+00:00, run_after=2025-06-27 07:59:00+00:00
[2025-06-28T03:22:51.105+0000] {processor.py:208} INFO - Processing /opt/airflow/dags/driven_data_pipeline.py took 0.447 seconds
[2025-06-28T03:23:21.151+0000] {processor.py:186} INFO - Started process (PID=5192) to work on /opt/airflow/dags/driven_data_pipeline.py
[2025-06-28T03:23:21.152+0000] {processor.py:914} INFO - Processing file /opt/airflow/dags/driven_data_pipeline.py for tasks to queue
[2025-06-28T03:23:21.154+0000] {logging_mixin.py:190} INFO - [2025-06-28T03:23:21.154+0000] {dagbag.py:588} INFO - Filling up the DagBag from /opt/airflow/dags/driven_data_pipeline.py
[2025-06-28T03:23:21.329+0000] {processor.py:925} INFO - DAG(s) 'extract_raw_data_pipeline' retrieved from /opt/airflow/dags/driven_data_pipeline.py
[2025-06-28T03:23:21.357+0000] {logging_mixin.py:190} INFO - [2025-06-28T03:23:21.356+0000] {dag.py:3239} INFO - Sync 1 DAGs
[2025-06-28T03:23:21.382+0000] {logging_mixin.py:190} INFO - [2025-06-28T03:23:21.382+0000] {dag.py:4180} INFO - Setting next_dagrun for extract_raw_data_pipeline to 2025-06-27 07:58:00+00:00, run_after=2025-06-27 07:59:00+00:00
[2025-06-28T03:23:21.418+0000] {processor.py:208} INFO - Processing /opt/airflow/dags/driven_data_pipeline.py took 0.273 seconds
[2025-06-28T03:23:51.780+0000] {processor.py:186} INFO - Started process (PID=5200) to work on /opt/airflow/dags/driven_data_pipeline.py
[2025-06-28T03:23:51.782+0000] {processor.py:914} INFO - Processing file /opt/airflow/dags/driven_data_pipeline.py for tasks to queue
[2025-06-28T03:23:51.785+0000] {logging_mixin.py:190} INFO - [2025-06-28T03:23:51.784+0000] {dagbag.py:588} INFO - Filling up the DagBag from /opt/airflow/dags/driven_data_pipeline.py
[2025-06-28T03:23:51.959+0000] {processor.py:925} INFO - DAG(s) 'extract_raw_data_pipeline' retrieved from /opt/airflow/dags/driven_data_pipeline.py
[2025-06-28T03:23:51.986+0000] {logging_mixin.py:190} INFO - [2025-06-28T03:23:51.985+0000] {dag.py:3239} INFO - Sync 1 DAGs
[2025-06-28T03:23:52.008+0000] {logging_mixin.py:190} INFO - [2025-06-28T03:23:52.008+0000] {dag.py:4180} INFO - Setting next_dagrun for extract_raw_data_pipeline to 2025-06-27 07:58:00+00:00, run_after=2025-06-27 07:59:00+00:00
[2025-06-28T03:23:52.049+0000] {processor.py:208} INFO - Processing /opt/airflow/dags/driven_data_pipeline.py took 0.284 seconds
[2025-06-28T03:24:22.120+0000] {processor.py:186} INFO - Started process (PID=5208) to work on /opt/airflow/dags/driven_data_pipeline.py
[2025-06-28T03:24:22.121+0000] {processor.py:914} INFO - Processing file /opt/airflow/dags/driven_data_pipeline.py for tasks to queue
[2025-06-28T03:24:22.123+0000] {logging_mixin.py:190} INFO - [2025-06-28T03:24:22.123+0000] {dagbag.py:588} INFO - Filling up the DagBag from /opt/airflow/dags/driven_data_pipeline.py
[2025-06-28T03:24:22.320+0000] {processor.py:925} INFO - DAG(s) 'extract_raw_data_pipeline' retrieved from /opt/airflow/dags/driven_data_pipeline.py
[2025-06-28T03:24:22.345+0000] {logging_mixin.py:190} INFO - [2025-06-28T03:24:22.345+0000] {dag.py:3239} INFO - Sync 1 DAGs
[2025-06-28T03:24:22.370+0000] {logging_mixin.py:190} INFO - [2025-06-28T03:24:22.370+0000] {dag.py:4180} INFO - Setting next_dagrun for extract_raw_data_pipeline to 2025-06-27 07:58:00+00:00, run_after=2025-06-27 07:59:00+00:00
[2025-06-28T03:24:22.408+0000] {processor.py:208} INFO - Processing /opt/airflow/dags/driven_data_pipeline.py took 0.294 seconds
[2025-06-28T03:24:52.750+0000] {processor.py:186} INFO - Started process (PID=5216) to work on /opt/airflow/dags/driven_data_pipeline.py
[2025-06-28T03:24:52.752+0000] {processor.py:914} INFO - Processing file /opt/airflow/dags/driven_data_pipeline.py for tasks to queue
[2025-06-28T03:24:52.754+0000] {logging_mixin.py:190} INFO - [2025-06-28T03:24:52.754+0000] {dagbag.py:588} INFO - Filling up the DagBag from /opt/airflow/dags/driven_data_pipeline.py
[2025-06-28T03:24:52.940+0000] {processor.py:925} INFO - DAG(s) 'extract_raw_data_pipeline' retrieved from /opt/airflow/dags/driven_data_pipeline.py
[2025-06-28T03:24:52.965+0000] {logging_mixin.py:190} INFO - [2025-06-28T03:24:52.964+0000] {dag.py:3239} INFO - Sync 1 DAGs
[2025-06-28T03:24:52.990+0000] {logging_mixin.py:190} INFO - [2025-06-28T03:24:52.990+0000] {dag.py:4180} INFO - Setting next_dagrun for extract_raw_data_pipeline to 2025-06-27 07:58:00+00:00, run_after=2025-06-27 07:59:00+00:00
[2025-06-28T03:24:53.022+0000] {processor.py:208} INFO - Processing /opt/airflow/dags/driven_data_pipeline.py took 0.281 seconds
[2025-06-28T03:25:23.110+0000] {processor.py:186} INFO - Started process (PID=5224) to work on /opt/airflow/dags/driven_data_pipeline.py
[2025-06-28T03:25:23.111+0000] {processor.py:914} INFO - Processing file /opt/airflow/dags/driven_data_pipeline.py for tasks to queue
[2025-06-28T03:25:23.114+0000] {logging_mixin.py:190} INFO - [2025-06-28T03:25:23.113+0000] {dagbag.py:588} INFO - Filling up the DagBag from /opt/airflow/dags/driven_data_pipeline.py
[2025-06-28T03:25:23.299+0000] {processor.py:925} INFO - DAG(s) 'extract_raw_data_pipeline' retrieved from /opt/airflow/dags/driven_data_pipeline.py
[2025-06-28T03:25:23.326+0000] {logging_mixin.py:190} INFO - [2025-06-28T03:25:23.325+0000] {dag.py:3239} INFO - Sync 1 DAGs
[2025-06-28T03:25:23.350+0000] {logging_mixin.py:190} INFO - [2025-06-28T03:25:23.350+0000] {dag.py:4180} INFO - Setting next_dagrun for extract_raw_data_pipeline to 2025-06-27 07:58:00+00:00, run_after=2025-06-27 07:59:00+00:00
[2025-06-28T03:25:23.387+0000] {processor.py:208} INFO - Processing /opt/airflow/dags/driven_data_pipeline.py took 0.286 seconds
[2025-06-28T03:25:53.726+0000] {processor.py:186} INFO - Started process (PID=5232) to work on /opt/airflow/dags/driven_data_pipeline.py
[2025-06-28T03:25:53.728+0000] {processor.py:914} INFO - Processing file /opt/airflow/dags/driven_data_pipeline.py for tasks to queue
[2025-06-28T03:25:53.731+0000] {logging_mixin.py:190} INFO - [2025-06-28T03:25:53.730+0000] {dagbag.py:588} INFO - Filling up the DagBag from /opt/airflow/dags/driven_data_pipeline.py
[2025-06-28T03:25:53.933+0000] {processor.py:925} INFO - DAG(s) 'extract_raw_data_pipeline' retrieved from /opt/airflow/dags/driven_data_pipeline.py
[2025-06-28T03:25:53.959+0000] {logging_mixin.py:190} INFO - [2025-06-28T03:25:53.959+0000] {dag.py:3239} INFO - Sync 1 DAGs
[2025-06-28T03:25:53.982+0000] {logging_mixin.py:190} INFO - [2025-06-28T03:25:53.982+0000] {dag.py:4180} INFO - Setting next_dagrun for extract_raw_data_pipeline to 2025-06-27 07:58:00+00:00, run_after=2025-06-27 07:59:00+00:00
[2025-06-28T03:25:54.019+0000] {processor.py:208} INFO - Processing /opt/airflow/dags/driven_data_pipeline.py took 0.305 seconds
[2025-06-28T03:26:24.084+0000] {processor.py:186} INFO - Started process (PID=5240) to work on /opt/airflow/dags/driven_data_pipeline.py
[2025-06-28T03:26:24.086+0000] {processor.py:914} INFO - Processing file /opt/airflow/dags/driven_data_pipeline.py for tasks to queue
[2025-06-28T03:26:24.090+0000] {logging_mixin.py:190} INFO - [2025-06-28T03:26:24.089+0000] {dagbag.py:588} INFO - Filling up the DagBag from /opt/airflow/dags/driven_data_pipeline.py
[2025-06-28T03:26:24.366+0000] {processor.py:925} INFO - DAG(s) 'extract_raw_data_pipeline' retrieved from /opt/airflow/dags/driven_data_pipeline.py
[2025-06-28T03:26:24.397+0000] {logging_mixin.py:190} INFO - [2025-06-28T03:26:24.397+0000] {dag.py:3239} INFO - Sync 1 DAGs
[2025-06-28T03:26:24.427+0000] {logging_mixin.py:190} INFO - [2025-06-28T03:26:24.426+0000] {dag.py:4180} INFO - Setting next_dagrun for extract_raw_data_pipeline to 2025-06-27 07:58:00+00:00, run_after=2025-06-27 07:59:00+00:00
[2025-06-28T03:26:24.463+0000] {processor.py:208} INFO - Processing /opt/airflow/dags/driven_data_pipeline.py took 0.392 seconds
[2025-06-28T03:26:54.711+0000] {processor.py:186} INFO - Started process (PID=5248) to work on /opt/airflow/dags/driven_data_pipeline.py
[2025-06-28T03:26:54.725+0000] {processor.py:914} INFO - Processing file /opt/airflow/dags/driven_data_pipeline.py for tasks to queue
[2025-06-28T03:26:54.733+0000] {logging_mixin.py:190} INFO - [2025-06-28T03:26:54.731+0000] {dagbag.py:588} INFO - Filling up the DagBag from /opt/airflow/dags/driven_data_pipeline.py
[2025-06-28T03:26:54.957+0000] {processor.py:925} INFO - DAG(s) 'extract_raw_data_pipeline' retrieved from /opt/airflow/dags/driven_data_pipeline.py
[2025-06-28T03:26:54.984+0000] {logging_mixin.py:190} INFO - [2025-06-28T03:26:54.984+0000] {dag.py:3239} INFO - Sync 1 DAGs
[2025-06-28T03:26:55.011+0000] {logging_mixin.py:190} INFO - [2025-06-28T03:26:55.010+0000] {dag.py:4180} INFO - Setting next_dagrun for extract_raw_data_pipeline to 2025-06-27 07:58:00+00:00, run_after=2025-06-27 07:59:00+00:00
[2025-06-28T03:26:55.113+0000] {processor.py:208} INFO - Processing /opt/airflow/dags/driven_data_pipeline.py took 0.439 seconds
[2025-06-28T03:27:25.496+0000] {processor.py:186} INFO - Started process (PID=5256) to work on /opt/airflow/dags/driven_data_pipeline.py
[2025-06-28T03:27:25.497+0000] {processor.py:914} INFO - Processing file /opt/airflow/dags/driven_data_pipeline.py for tasks to queue
[2025-06-28T03:27:25.500+0000] {logging_mixin.py:190} INFO - [2025-06-28T03:27:25.499+0000] {dagbag.py:588} INFO - Filling up the DagBag from /opt/airflow/dags/driven_data_pipeline.py
[2025-06-28T03:27:25.723+0000] {processor.py:925} INFO - DAG(s) 'extract_raw_data_pipeline' retrieved from /opt/airflow/dags/driven_data_pipeline.py
[2025-06-28T03:27:25.754+0000] {logging_mixin.py:190} INFO - [2025-06-28T03:27:25.753+0000] {dag.py:3239} INFO - Sync 1 DAGs
[2025-06-28T03:27:25.782+0000] {logging_mixin.py:190} INFO - [2025-06-28T03:27:25.782+0000] {dag.py:4180} INFO - Setting next_dagrun for extract_raw_data_pipeline to 2025-06-27 07:58:00+00:00, run_after=2025-06-27 07:59:00+00:00
[2025-06-28T03:27:25.815+0000] {processor.py:208} INFO - Processing /opt/airflow/dags/driven_data_pipeline.py took 0.328 seconds
[2025-06-28T03:27:55.913+0000] {processor.py:186} INFO - Started process (PID=5264) to work on /opt/airflow/dags/driven_data_pipeline.py
[2025-06-28T03:27:55.914+0000] {processor.py:914} INFO - Processing file /opt/airflow/dags/driven_data_pipeline.py for tasks to queue
[2025-06-28T03:27:55.917+0000] {logging_mixin.py:190} INFO - [2025-06-28T03:27:55.917+0000] {dagbag.py:588} INFO - Filling up the DagBag from /opt/airflow/dags/driven_data_pipeline.py
[2025-06-28T03:27:56.135+0000] {processor.py:925} INFO - DAG(s) 'extract_raw_data_pipeline' retrieved from /opt/airflow/dags/driven_data_pipeline.py
[2025-06-28T03:27:56.186+0000] {logging_mixin.py:190} INFO - [2025-06-28T03:27:56.185+0000] {dag.py:3239} INFO - Sync 1 DAGs
[2025-06-28T03:27:56.224+0000] {logging_mixin.py:190} INFO - [2025-06-28T03:27:56.224+0000] {dag.py:4180} INFO - Setting next_dagrun for extract_raw_data_pipeline to 2025-06-27 07:58:00+00:00, run_after=2025-06-27 07:59:00+00:00
[2025-06-28T03:27:56.277+0000] {processor.py:208} INFO - Processing /opt/airflow/dags/driven_data_pipeline.py took 0.374 seconds
[2025-06-28T03:28:26.604+0000] {processor.py:186} INFO - Started process (PID=5272) to work on /opt/airflow/dags/driven_data_pipeline.py
[2025-06-28T03:28:26.606+0000] {processor.py:914} INFO - Processing file /opt/airflow/dags/driven_data_pipeline.py for tasks to queue
[2025-06-28T03:28:26.610+0000] {logging_mixin.py:190} INFO - [2025-06-28T03:28:26.609+0000] {dagbag.py:588} INFO - Filling up the DagBag from /opt/airflow/dags/driven_data_pipeline.py
[2025-06-28T03:28:26.795+0000] {processor.py:925} INFO - DAG(s) 'extract_raw_data_pipeline' retrieved from /opt/airflow/dags/driven_data_pipeline.py
[2025-06-28T03:28:26.820+0000] {logging_mixin.py:190} INFO - [2025-06-28T03:28:26.820+0000] {dag.py:3239} INFO - Sync 1 DAGs
[2025-06-28T03:28:26.843+0000] {logging_mixin.py:190} INFO - [2025-06-28T03:28:26.843+0000] {dag.py:4180} INFO - Setting next_dagrun for extract_raw_data_pipeline to 2025-06-27 07:58:00+00:00, run_after=2025-06-27 07:59:00+00:00
[2025-06-28T03:28:27.034+0000] {processor.py:208} INFO - Processing /opt/airflow/dags/driven_data_pipeline.py took 0.451 seconds
[2025-06-28T03:28:57.462+0000] {processor.py:186} INFO - Started process (PID=5280) to work on /opt/airflow/dags/driven_data_pipeline.py
[2025-06-28T03:28:57.465+0000] {processor.py:914} INFO - Processing file /opt/airflow/dags/driven_data_pipeline.py for tasks to queue
[2025-06-28T03:28:57.472+0000] {logging_mixin.py:190} INFO - [2025-06-28T03:28:57.471+0000] {dagbag.py:588} INFO - Filling up the DagBag from /opt/airflow/dags/driven_data_pipeline.py
[2025-06-28T03:28:57.669+0000] {processor.py:925} INFO - DAG(s) 'extract_raw_data_pipeline' retrieved from /opt/airflow/dags/driven_data_pipeline.py
[2025-06-28T03:28:57.694+0000] {logging_mixin.py:190} INFO - [2025-06-28T03:28:57.694+0000] {dag.py:3239} INFO - Sync 1 DAGs
[2025-06-28T03:28:57.719+0000] {logging_mixin.py:190} INFO - [2025-06-28T03:28:57.718+0000] {dag.py:4180} INFO - Setting next_dagrun for extract_raw_data_pipeline to 2025-06-27 07:58:00+00:00, run_after=2025-06-27 07:59:00+00:00
[2025-06-28T03:28:57.763+0000] {processor.py:208} INFO - Processing /opt/airflow/dags/driven_data_pipeline.py took 0.337 seconds
[2025-06-28T03:29:28.086+0000] {processor.py:186} INFO - Started process (PID=5288) to work on /opt/airflow/dags/driven_data_pipeline.py
[2025-06-28T03:29:28.087+0000] {processor.py:914} INFO - Processing file /opt/airflow/dags/driven_data_pipeline.py for tasks to queue
[2025-06-28T03:29:28.090+0000] {logging_mixin.py:190} INFO - [2025-06-28T03:29:28.089+0000] {dagbag.py:588} INFO - Filling up the DagBag from /opt/airflow/dags/driven_data_pipeline.py
[2025-06-28T03:29:28.260+0000] {processor.py:925} INFO - DAG(s) 'extract_raw_data_pipeline' retrieved from /opt/airflow/dags/driven_data_pipeline.py
[2025-06-28T03:29:28.286+0000] {logging_mixin.py:190} INFO - [2025-06-28T03:29:28.285+0000] {dag.py:3239} INFO - Sync 1 DAGs
[2025-06-28T03:29:28.308+0000] {logging_mixin.py:190} INFO - [2025-06-28T03:29:28.308+0000] {dag.py:4180} INFO - Setting next_dagrun for extract_raw_data_pipeline to 2025-06-27 07:58:00+00:00, run_after=2025-06-27 07:59:00+00:00
[2025-06-28T03:29:28.349+0000] {processor.py:208} INFO - Processing /opt/airflow/dags/driven_data_pipeline.py took 0.270 seconds
[2025-06-28T03:29:58.429+0000] {processor.py:186} INFO - Started process (PID=5296) to work on /opt/airflow/dags/driven_data_pipeline.py
[2025-06-28T03:29:58.430+0000] {processor.py:914} INFO - Processing file /opt/airflow/dags/driven_data_pipeline.py for tasks to queue
[2025-06-28T03:29:58.433+0000] {logging_mixin.py:190} INFO - [2025-06-28T03:29:58.432+0000] {dagbag.py:588} INFO - Filling up the DagBag from /opt/airflow/dags/driven_data_pipeline.py
[2025-06-28T03:29:58.614+0000] {processor.py:925} INFO - DAG(s) 'extract_raw_data_pipeline' retrieved from /opt/airflow/dags/driven_data_pipeline.py
[2025-06-28T03:29:58.643+0000] {logging_mixin.py:190} INFO - [2025-06-28T03:29:58.643+0000] {dag.py:3239} INFO - Sync 1 DAGs
[2025-06-28T03:29:58.669+0000] {logging_mixin.py:190} INFO - [2025-06-28T03:29:58.669+0000] {dag.py:4180} INFO - Setting next_dagrun for extract_raw_data_pipeline to 2025-06-27 07:58:00+00:00, run_after=2025-06-27 07:59:00+00:00
[2025-06-28T03:29:58.705+0000] {processor.py:208} INFO - Processing /opt/airflow/dags/driven_data_pipeline.py took 0.282 seconds
[2025-06-28T03:30:28.989+0000] {processor.py:186} INFO - Started process (PID=5304) to work on /opt/airflow/dags/driven_data_pipeline.py
[2025-06-28T03:30:28.990+0000] {processor.py:914} INFO - Processing file /opt/airflow/dags/driven_data_pipeline.py for tasks to queue
[2025-06-28T03:30:28.995+0000] {logging_mixin.py:190} INFO - [2025-06-28T03:30:28.994+0000] {dagbag.py:588} INFO - Filling up the DagBag from /opt/airflow/dags/driven_data_pipeline.py
[2025-06-28T03:30:29.216+0000] {processor.py:925} INFO - DAG(s) 'extract_raw_data_pipeline' retrieved from /opt/airflow/dags/driven_data_pipeline.py
[2025-06-28T03:30:29.243+0000] {logging_mixin.py:190} INFO - [2025-06-28T03:30:29.243+0000] {dag.py:3239} INFO - Sync 1 DAGs
[2025-06-28T03:30:29.272+0000] {logging_mixin.py:190} INFO - [2025-06-28T03:30:29.271+0000] {dag.py:4180} INFO - Setting next_dagrun for extract_raw_data_pipeline to 2025-06-27 07:58:00+00:00, run_after=2025-06-27 07:59:00+00:00
[2025-06-28T03:30:29.306+0000] {processor.py:208} INFO - Processing /opt/airflow/dags/driven_data_pipeline.py took 0.329 seconds
[2025-06-28T03:30:59.724+0000] {processor.py:186} INFO - Started process (PID=5312) to work on /opt/airflow/dags/driven_data_pipeline.py
[2025-06-28T03:30:59.731+0000] {processor.py:914} INFO - Processing file /opt/airflow/dags/driven_data_pipeline.py for tasks to queue
[2025-06-28T03:30:59.751+0000] {logging_mixin.py:190} INFO - [2025-06-28T03:30:59.745+0000] {dagbag.py:588} INFO - Filling up the DagBag from /opt/airflow/dags/driven_data_pipeline.py
[2025-06-28T03:31:00.200+0000] {processor.py:925} INFO - DAG(s) 'extract_raw_data_pipeline' retrieved from /opt/airflow/dags/driven_data_pipeline.py
[2025-06-28T03:31:00.257+0000] {logging_mixin.py:190} INFO - [2025-06-28T03:31:00.257+0000] {dag.py:3239} INFO - Sync 1 DAGs
[2025-06-28T03:31:00.401+0000] {logging_mixin.py:190} INFO - [2025-06-28T03:31:00.400+0000] {dag.py:4180} INFO - Setting next_dagrun for extract_raw_data_pipeline to 2025-06-27 07:58:00+00:00, run_after=2025-06-27 07:59:00+00:00
[2025-06-28T03:31:00.456+0000] {processor.py:208} INFO - Processing /opt/airflow/dags/driven_data_pipeline.py took 0.823 seconds
[2025-06-28T03:31:30.636+0000] {processor.py:186} INFO - Started process (PID=5320) to work on /opt/airflow/dags/driven_data_pipeline.py
[2025-06-28T03:31:30.638+0000] {processor.py:914} INFO - Processing file /opt/airflow/dags/driven_data_pipeline.py for tasks to queue
[2025-06-28T03:31:30.642+0000] {logging_mixin.py:190} INFO - [2025-06-28T03:31:30.641+0000] {dagbag.py:588} INFO - Filling up the DagBag from /opt/airflow/dags/driven_data_pipeline.py
[2025-06-28T03:31:30.818+0000] {processor.py:925} INFO - DAG(s) 'extract_raw_data_pipeline' retrieved from /opt/airflow/dags/driven_data_pipeline.py
[2025-06-28T03:31:30.843+0000] {logging_mixin.py:190} INFO - [2025-06-28T03:31:30.843+0000] {dag.py:3239} INFO - Sync 1 DAGs
[2025-06-28T03:31:30.865+0000] {logging_mixin.py:190} INFO - [2025-06-28T03:31:30.865+0000] {dag.py:4180} INFO - Setting next_dagrun for extract_raw_data_pipeline to 2025-06-27 07:58:00+00:00, run_after=2025-06-27 07:59:00+00:00
[2025-06-28T03:31:30.910+0000] {processor.py:208} INFO - Processing /opt/airflow/dags/driven_data_pipeline.py took 0.284 seconds
[2025-06-28T03:32:01.168+0000] {processor.py:186} INFO - Started process (PID=5328) to work on /opt/airflow/dags/driven_data_pipeline.py
[2025-06-28T03:32:01.169+0000] {processor.py:914} INFO - Processing file /opt/airflow/dags/driven_data_pipeline.py for tasks to queue
[2025-06-28T03:32:01.174+0000] {logging_mixin.py:190} INFO - [2025-06-28T03:32:01.173+0000] {dagbag.py:588} INFO - Filling up the DagBag from /opt/airflow/dags/driven_data_pipeline.py
[2025-06-28T03:32:01.369+0000] {processor.py:925} INFO - DAG(s) 'extract_raw_data_pipeline' retrieved from /opt/airflow/dags/driven_data_pipeline.py
[2025-06-28T03:32:01.395+0000] {logging_mixin.py:190} INFO - [2025-06-28T03:32:01.395+0000] {dag.py:3239} INFO - Sync 1 DAGs
[2025-06-28T03:32:01.421+0000] {logging_mixin.py:190} INFO - [2025-06-28T03:32:01.421+0000] {dag.py:4180} INFO - Setting next_dagrun for extract_raw_data_pipeline to 2025-06-27 07:58:00+00:00, run_after=2025-06-27 07:59:00+00:00
[2025-06-28T03:32:01.500+0000] {processor.py:208} INFO - Processing /opt/airflow/dags/driven_data_pipeline.py took 0.364 seconds
[2025-06-28T03:32:31.904+0000] {processor.py:186} INFO - Started process (PID=5336) to work on /opt/airflow/dags/driven_data_pipeline.py
[2025-06-28T03:32:31.906+0000] {processor.py:914} INFO - Processing file /opt/airflow/dags/driven_data_pipeline.py for tasks to queue
[2025-06-28T03:32:31.911+0000] {logging_mixin.py:190} INFO - [2025-06-28T03:32:31.910+0000] {dagbag.py:588} INFO - Filling up the DagBag from /opt/airflow/dags/driven_data_pipeline.py
[2025-06-28T03:32:32.089+0000] {processor.py:925} INFO - DAG(s) 'extract_raw_data_pipeline' retrieved from /opt/airflow/dags/driven_data_pipeline.py
[2025-06-28T03:32:32.113+0000] {logging_mixin.py:190} INFO - [2025-06-28T03:32:32.113+0000] {dag.py:3239} INFO - Sync 1 DAGs
[2025-06-28T03:32:32.136+0000] {logging_mixin.py:190} INFO - [2025-06-28T03:32:32.135+0000] {dag.py:4180} INFO - Setting next_dagrun for extract_raw_data_pipeline to 2025-06-27 07:58:00+00:00, run_after=2025-06-27 07:59:00+00:00
[2025-06-28T03:32:32.169+0000] {processor.py:208} INFO - Processing /opt/airflow/dags/driven_data_pipeline.py took 0.281 seconds
[2025-06-28T03:33:02.243+0000] {processor.py:186} INFO - Started process (PID=5344) to work on /opt/airflow/dags/driven_data_pipeline.py
[2025-06-28T03:33:02.249+0000] {processor.py:914} INFO - Processing file /opt/airflow/dags/driven_data_pipeline.py for tasks to queue
[2025-06-28T03:33:02.252+0000] {logging_mixin.py:190} INFO - [2025-06-28T03:33:02.251+0000] {dagbag.py:588} INFO - Filling up the DagBag from /opt/airflow/dags/driven_data_pipeline.py
[2025-06-28T03:33:02.465+0000] {processor.py:925} INFO - DAG(s) 'extract_raw_data_pipeline' retrieved from /opt/airflow/dags/driven_data_pipeline.py
[2025-06-28T03:33:02.499+0000] {logging_mixin.py:190} INFO - [2025-06-28T03:33:02.499+0000] {dag.py:3239} INFO - Sync 1 DAGs
[2025-06-28T03:33:02.536+0000] {logging_mixin.py:190} INFO - [2025-06-28T03:33:02.536+0000] {dag.py:4180} INFO - Setting next_dagrun for extract_raw_data_pipeline to 2025-06-27 07:58:00+00:00, run_after=2025-06-27 07:59:00+00:00
[2025-06-28T03:33:02.572+0000] {processor.py:208} INFO - Processing /opt/airflow/dags/driven_data_pipeline.py took 0.339 seconds
[2025-06-28T03:33:32.948+0000] {processor.py:186} INFO - Started process (PID=5352) to work on /opt/airflow/dags/driven_data_pipeline.py
[2025-06-28T03:33:32.950+0000] {processor.py:914} INFO - Processing file /opt/airflow/dags/driven_data_pipeline.py for tasks to queue
[2025-06-28T03:33:32.953+0000] {logging_mixin.py:190} INFO - [2025-06-28T03:33:32.953+0000] {dagbag.py:588} INFO - Filling up the DagBag from /opt/airflow/dags/driven_data_pipeline.py
[2025-06-28T03:33:33.154+0000] {processor.py:925} INFO - DAG(s) 'extract_raw_data_pipeline' retrieved from /opt/airflow/dags/driven_data_pipeline.py
[2025-06-28T03:33:33.181+0000] {logging_mixin.py:190} INFO - [2025-06-28T03:33:33.181+0000] {dag.py:3239} INFO - Sync 1 DAGs
[2025-06-28T03:33:33.210+0000] {logging_mixin.py:190} INFO - [2025-06-28T03:33:33.210+0000] {dag.py:4180} INFO - Setting next_dagrun for extract_raw_data_pipeline to 2025-06-27 07:58:00+00:00, run_after=2025-06-27 07:59:00+00:00
[2025-06-28T03:33:33.268+0000] {processor.py:208} INFO - Processing /opt/airflow/dags/driven_data_pipeline.py took 0.342 seconds
[2025-06-28T03:34:03.636+0000] {processor.py:186} INFO - Started process (PID=5360) to work on /opt/airflow/dags/driven_data_pipeline.py
[2025-06-28T03:34:03.638+0000] {processor.py:914} INFO - Processing file /opt/airflow/dags/driven_data_pipeline.py for tasks to queue
[2025-06-28T03:34:03.645+0000] {logging_mixin.py:190} INFO - [2025-06-28T03:34:03.644+0000] {dagbag.py:588} INFO - Filling up the DagBag from /opt/airflow/dags/driven_data_pipeline.py
[2025-06-28T03:34:03.886+0000] {processor.py:925} INFO - DAG(s) 'extract_raw_data_pipeline' retrieved from /opt/airflow/dags/driven_data_pipeline.py
[2025-06-28T03:34:03.918+0000] {logging_mixin.py:190} INFO - [2025-06-28T03:34:03.918+0000] {dag.py:3239} INFO - Sync 1 DAGs
[2025-06-28T03:34:03.949+0000] {logging_mixin.py:190} INFO - [2025-06-28T03:34:03.949+0000] {dag.py:4180} INFO - Setting next_dagrun for extract_raw_data_pipeline to 2025-06-27 07:58:00+00:00, run_after=2025-06-27 07:59:00+00:00
[2025-06-28T03:34:03.981+0000] {processor.py:208} INFO - Processing /opt/airflow/dags/driven_data_pipeline.py took 0.366 seconds
[2025-06-28T03:34:34.294+0000] {processor.py:186} INFO - Started process (PID=5368) to work on /opt/airflow/dags/driven_data_pipeline.py
[2025-06-28T03:34:34.467+0000] {processor.py:914} INFO - Processing file /opt/airflow/dags/driven_data_pipeline.py for tasks to queue
[2025-06-28T03:34:34.470+0000] {logging_mixin.py:190} INFO - [2025-06-28T03:34:34.469+0000] {dagbag.py:588} INFO - Filling up the DagBag from /opt/airflow/dags/driven_data_pipeline.py
[2025-06-28T03:34:34.776+0000] {processor.py:925} INFO - DAG(s) 'extract_raw_data_pipeline' retrieved from /opt/airflow/dags/driven_data_pipeline.py
[2025-06-28T03:34:34.817+0000] {logging_mixin.py:190} INFO - [2025-06-28T03:34:34.816+0000] {dag.py:3239} INFO - Sync 1 DAGs
[2025-06-28T03:34:34.856+0000] {logging_mixin.py:190} INFO - [2025-06-28T03:34:34.855+0000] {dag.py:4180} INFO - Setting next_dagrun for extract_raw_data_pipeline to 2025-06-27 07:58:00+00:00, run_after=2025-06-27 07:59:00+00:00
[2025-06-28T03:34:34.914+0000] {processor.py:208} INFO - Processing /opt/airflow/dags/driven_data_pipeline.py took 0.628 seconds
[2025-06-28T03:35:05.217+0000] {processor.py:186} INFO - Started process (PID=5376) to work on /opt/airflow/dags/driven_data_pipeline.py
[2025-06-28T03:35:05.219+0000] {processor.py:914} INFO - Processing file /opt/airflow/dags/driven_data_pipeline.py for tasks to queue
[2025-06-28T03:35:05.223+0000] {logging_mixin.py:190} INFO - [2025-06-28T03:35:05.223+0000] {dagbag.py:588} INFO - Filling up the DagBag from /opt/airflow/dags/driven_data_pipeline.py
[2025-06-28T03:35:05.488+0000] {processor.py:925} INFO - DAG(s) 'extract_raw_data_pipeline' retrieved from /opt/airflow/dags/driven_data_pipeline.py
[2025-06-28T03:35:05.520+0000] {logging_mixin.py:190} INFO - [2025-06-28T03:35:05.519+0000] {dag.py:3239} INFO - Sync 1 DAGs
[2025-06-28T03:35:05.554+0000] {logging_mixin.py:190} INFO - [2025-06-28T03:35:05.553+0000] {dag.py:4180} INFO - Setting next_dagrun for extract_raw_data_pipeline to 2025-06-27 07:58:00+00:00, run_after=2025-06-27 07:59:00+00:00
[2025-06-28T03:35:05.595+0000] {processor.py:208} INFO - Processing /opt/airflow/dags/driven_data_pipeline.py took 0.392 seconds
[2025-06-28T03:35:35.640+0000] {processor.py:186} INFO - Started process (PID=5383) to work on /opt/airflow/dags/driven_data_pipeline.py
[2025-06-28T03:35:35.641+0000] {processor.py:914} INFO - Processing file /opt/airflow/dags/driven_data_pipeline.py for tasks to queue
[2025-06-28T03:35:35.644+0000] {logging_mixin.py:190} INFO - [2025-06-28T03:35:35.644+0000] {dagbag.py:588} INFO - Filling up the DagBag from /opt/airflow/dags/driven_data_pipeline.py
[2025-06-28T03:35:35.909+0000] {processor.py:925} INFO - DAG(s) 'extract_raw_data_pipeline' retrieved from /opt/airflow/dags/driven_data_pipeline.py
[2025-06-28T03:35:35.949+0000] {logging_mixin.py:190} INFO - [2025-06-28T03:35:35.948+0000] {dag.py:3239} INFO - Sync 1 DAGs
[2025-06-28T03:35:35.983+0000] {logging_mixin.py:190} INFO - [2025-06-28T03:35:35.983+0000] {dag.py:4180} INFO - Setting next_dagrun for extract_raw_data_pipeline to 2025-06-27 07:58:00+00:00, run_after=2025-06-27 07:59:00+00:00
[2025-06-28T03:35:36.041+0000] {processor.py:208} INFO - Processing /opt/airflow/dags/driven_data_pipeline.py took 0.411 seconds
[2025-06-28T03:36:06.412+0000] {processor.py:186} INFO - Started process (PID=5391) to work on /opt/airflow/dags/driven_data_pipeline.py
[2025-06-28T03:36:06.415+0000] {processor.py:914} INFO - Processing file /opt/airflow/dags/driven_data_pipeline.py for tasks to queue
[2025-06-28T03:36:06.424+0000] {logging_mixin.py:190} INFO - [2025-06-28T03:36:06.422+0000] {dagbag.py:588} INFO - Filling up the DagBag from /opt/airflow/dags/driven_data_pipeline.py
[2025-06-28T03:36:06.681+0000] {processor.py:925} INFO - DAG(s) 'extract_raw_data_pipeline' retrieved from /opt/airflow/dags/driven_data_pipeline.py
[2025-06-28T03:36:06.711+0000] {logging_mixin.py:190} INFO - [2025-06-28T03:36:06.711+0000] {dag.py:3239} INFO - Sync 1 DAGs
[2025-06-28T03:36:06.741+0000] {logging_mixin.py:190} INFO - [2025-06-28T03:36:06.741+0000] {dag.py:4180} INFO - Setting next_dagrun for extract_raw_data_pipeline to 2025-06-27 07:58:00+00:00, run_after=2025-06-27 07:59:00+00:00
[2025-06-28T03:36:06.782+0000] {processor.py:208} INFO - Processing /opt/airflow/dags/driven_data_pipeline.py took 0.400 seconds
[2025-06-28T03:36:37.159+0000] {processor.py:186} INFO - Started process (PID=5399) to work on /opt/airflow/dags/driven_data_pipeline.py
[2025-06-28T03:36:37.161+0000] {processor.py:914} INFO - Processing file /opt/airflow/dags/driven_data_pipeline.py for tasks to queue
[2025-06-28T03:36:37.167+0000] {logging_mixin.py:190} INFO - [2025-06-28T03:36:37.166+0000] {dagbag.py:588} INFO - Filling up the DagBag from /opt/airflow/dags/driven_data_pipeline.py
[2025-06-28T03:36:37.457+0000] {processor.py:925} INFO - DAG(s) 'extract_raw_data_pipeline' retrieved from /opt/airflow/dags/driven_data_pipeline.py
[2025-06-28T03:36:37.494+0000] {logging_mixin.py:190} INFO - [2025-06-28T03:36:37.494+0000] {dag.py:3239} INFO - Sync 1 DAGs
[2025-06-28T03:36:37.530+0000] {logging_mixin.py:190} INFO - [2025-06-28T03:36:37.529+0000] {dag.py:4180} INFO - Setting next_dagrun for extract_raw_data_pipeline to 2025-06-27 07:58:00+00:00, run_after=2025-06-27 07:59:00+00:00
[2025-06-28T03:36:37.577+0000] {processor.py:208} INFO - Processing /opt/airflow/dags/driven_data_pipeline.py took 0.437 seconds
[2025-06-28T03:37:07.981+0000] {processor.py:186} INFO - Started process (PID=5407) to work on /opt/airflow/dags/driven_data_pipeline.py
[2025-06-28T03:37:07.994+0000] {processor.py:914} INFO - Processing file /opt/airflow/dags/driven_data_pipeline.py for tasks to queue
[2025-06-28T03:37:07.998+0000] {logging_mixin.py:190} INFO - [2025-06-28T03:37:07.998+0000] {dagbag.py:588} INFO - Filling up the DagBag from /opt/airflow/dags/driven_data_pipeline.py
[2025-06-28T03:37:08.179+0000] {processor.py:925} INFO - DAG(s) 'extract_raw_data_pipeline' retrieved from /opt/airflow/dags/driven_data_pipeline.py
[2025-06-28T03:37:08.203+0000] {logging_mixin.py:190} INFO - [2025-06-28T03:37:08.203+0000] {dag.py:3239} INFO - Sync 1 DAGs
[2025-06-28T03:37:08.229+0000] {logging_mixin.py:190} INFO - [2025-06-28T03:37:08.229+0000] {dag.py:4180} INFO - Setting next_dagrun for extract_raw_data_pipeline to 2025-06-27 07:58:00+00:00, run_after=2025-06-27 07:59:00+00:00
[2025-06-28T03:37:08.258+0000] {processor.py:208} INFO - Processing /opt/airflow/dags/driven_data_pipeline.py took 0.291 seconds
[2025-06-28T03:37:38.597+0000] {processor.py:186} INFO - Started process (PID=5415) to work on /opt/airflow/dags/driven_data_pipeline.py
[2025-06-28T03:37:38.598+0000] {processor.py:914} INFO - Processing file /opt/airflow/dags/driven_data_pipeline.py for tasks to queue
[2025-06-28T03:37:38.601+0000] {logging_mixin.py:190} INFO - [2025-06-28T03:37:38.600+0000] {dagbag.py:588} INFO - Filling up the DagBag from /opt/airflow/dags/driven_data_pipeline.py
[2025-06-28T03:37:38.779+0000] {processor.py:925} INFO - DAG(s) 'extract_raw_data_pipeline' retrieved from /opt/airflow/dags/driven_data_pipeline.py
[2025-06-28T03:37:38.806+0000] {logging_mixin.py:190} INFO - [2025-06-28T03:37:38.805+0000] {dag.py:3239} INFO - Sync 1 DAGs
[2025-06-28T03:37:38.828+0000] {logging_mixin.py:190} INFO - [2025-06-28T03:37:38.828+0000] {dag.py:4180} INFO - Setting next_dagrun for extract_raw_data_pipeline to 2025-06-27 07:58:00+00:00, run_after=2025-06-27 07:59:00+00:00
[2025-06-28T03:37:38.861+0000] {processor.py:208} INFO - Processing /opt/airflow/dags/driven_data_pipeline.py took 0.274 seconds
[2025-06-28T03:38:08.941+0000] {processor.py:186} INFO - Started process (PID=5423) to work on /opt/airflow/dags/driven_data_pipeline.py
[2025-06-28T03:38:08.944+0000] {processor.py:914} INFO - Processing file /opt/airflow/dags/driven_data_pipeline.py for tasks to queue
[2025-06-28T03:38:08.947+0000] {logging_mixin.py:190} INFO - [2025-06-28T03:38:08.947+0000] {dagbag.py:588} INFO - Filling up the DagBag from /opt/airflow/dags/driven_data_pipeline.py
[2025-06-28T03:38:09.156+0000] {processor.py:925} INFO - DAG(s) 'extract_raw_data_pipeline' retrieved from /opt/airflow/dags/driven_data_pipeline.py
[2025-06-28T03:38:09.188+0000] {logging_mixin.py:190} INFO - [2025-06-28T03:38:09.188+0000] {dag.py:3239} INFO - Sync 1 DAGs
[2025-06-28T03:38:09.219+0000] {logging_mixin.py:190} INFO - [2025-06-28T03:38:09.218+0000] {dag.py:4180} INFO - Setting next_dagrun for extract_raw_data_pipeline to 2025-06-27 07:58:00+00:00, run_after=2025-06-27 07:59:00+00:00
[2025-06-28T03:38:10.040+0000] {processor.py:208} INFO - Processing /opt/airflow/dags/driven_data_pipeline.py took 1.106 seconds
[2025-06-28T03:38:40.413+0000] {processor.py:186} INFO - Started process (PID=5431) to work on /opt/airflow/dags/driven_data_pipeline.py
[2025-06-28T03:38:40.414+0000] {processor.py:914} INFO - Processing file /opt/airflow/dags/driven_data_pipeline.py for tasks to queue
[2025-06-28T03:38:40.418+0000] {logging_mixin.py:190} INFO - [2025-06-28T03:38:40.417+0000] {dagbag.py:588} INFO - Filling up the DagBag from /opt/airflow/dags/driven_data_pipeline.py
[2025-06-28T03:38:40.606+0000] {processor.py:925} INFO - DAG(s) 'extract_raw_data_pipeline' retrieved from /opt/airflow/dags/driven_data_pipeline.py
[2025-06-28T03:38:40.631+0000] {logging_mixin.py:190} INFO - [2025-06-28T03:38:40.631+0000] {dag.py:3239} INFO - Sync 1 DAGs
[2025-06-28T03:38:40.654+0000] {logging_mixin.py:190} INFO - [2025-06-28T03:38:40.654+0000] {dag.py:4180} INFO - Setting next_dagrun for extract_raw_data_pipeline to 2025-06-27 07:58:00+00:00, run_after=2025-06-27 07:59:00+00:00
[2025-06-28T03:38:41.050+0000] {processor.py:208} INFO - Processing /opt/airflow/dags/driven_data_pipeline.py took 0.654 seconds
[2025-06-28T03:39:11.560+0000] {processor.py:186} INFO - Started process (PID=5439) to work on /opt/airflow/dags/driven_data_pipeline.py
[2025-06-28T03:39:11.570+0000] {processor.py:914} INFO - Processing file /opt/airflow/dags/driven_data_pipeline.py for tasks to queue
[2025-06-28T03:39:11.576+0000] {logging_mixin.py:190} INFO - [2025-06-28T03:39:11.575+0000] {dagbag.py:588} INFO - Filling up the DagBag from /opt/airflow/dags/driven_data_pipeline.py
[2025-06-28T03:39:11.775+0000] {processor.py:925} INFO - DAG(s) 'extract_raw_data_pipeline' retrieved from /opt/airflow/dags/driven_data_pipeline.py
[2025-06-28T03:39:11.801+0000] {logging_mixin.py:190} INFO - [2025-06-28T03:39:11.801+0000] {dag.py:3239} INFO - Sync 1 DAGs
[2025-06-28T03:39:11.825+0000] {logging_mixin.py:190} INFO - [2025-06-28T03:39:11.825+0000] {dag.py:4180} INFO - Setting next_dagrun for extract_raw_data_pipeline to 2025-06-27 07:58:00+00:00, run_after=2025-06-27 07:59:00+00:00
[2025-06-28T03:39:11.856+0000] {processor.py:208} INFO - Processing /opt/airflow/dags/driven_data_pipeline.py took 0.335 seconds
[2025-06-28T03:39:42.270+0000] {processor.py:186} INFO - Started process (PID=5447) to work on /opt/airflow/dags/driven_data_pipeline.py
[2025-06-28T03:39:42.272+0000] {processor.py:914} INFO - Processing file /opt/airflow/dags/driven_data_pipeline.py for tasks to queue
[2025-06-28T03:39:42.278+0000] {logging_mixin.py:190} INFO - [2025-06-28T03:39:42.277+0000] {dagbag.py:588} INFO - Filling up the DagBag from /opt/airflow/dags/driven_data_pipeline.py
[2025-06-28T03:39:42.469+0000] {processor.py:925} INFO - DAG(s) 'extract_raw_data_pipeline' retrieved from /opt/airflow/dags/driven_data_pipeline.py
[2025-06-28T03:39:42.495+0000] {logging_mixin.py:190} INFO - [2025-06-28T03:39:42.495+0000] {dag.py:3239} INFO - Sync 1 DAGs
[2025-06-28T03:39:42.523+0000] {logging_mixin.py:190} INFO - [2025-06-28T03:39:42.523+0000] {dag.py:4180} INFO - Setting next_dagrun for extract_raw_data_pipeline to 2025-06-27 07:58:00+00:00, run_after=2025-06-27 07:59:00+00:00
[2025-06-28T03:39:42.553+0000] {processor.py:208} INFO - Processing /opt/airflow/dags/driven_data_pipeline.py took 0.314 seconds
[2025-06-28T03:40:12.758+0000] {processor.py:186} INFO - Started process (PID=5455) to work on /opt/airflow/dags/driven_data_pipeline.py
[2025-06-28T03:40:12.760+0000] {processor.py:914} INFO - Processing file /opt/airflow/dags/driven_data_pipeline.py for tasks to queue
[2025-06-28T03:40:12.765+0000] {logging_mixin.py:190} INFO - [2025-06-28T03:40:12.764+0000] {dagbag.py:588} INFO - Filling up the DagBag from /opt/airflow/dags/driven_data_pipeline.py
[2025-06-28T03:40:12.954+0000] {processor.py:925} INFO - DAG(s) 'extract_raw_data_pipeline' retrieved from /opt/airflow/dags/driven_data_pipeline.py
[2025-06-28T03:40:12.983+0000] {logging_mixin.py:190} INFO - [2025-06-28T03:40:12.983+0000] {dag.py:3239} INFO - Sync 1 DAGs
[2025-06-28T03:40:13.013+0000] {logging_mixin.py:190} INFO - [2025-06-28T03:40:13.013+0000] {dag.py:4180} INFO - Setting next_dagrun for extract_raw_data_pipeline to 2025-06-27 07:58:00+00:00, run_after=2025-06-27 07:59:00+00:00
[2025-06-28T03:40:13.088+0000] {processor.py:208} INFO - Processing /opt/airflow/dags/driven_data_pipeline.py took 0.353 seconds
[2025-06-28T03:40:43.317+0000] {processor.py:186} INFO - Started process (PID=5463) to work on /opt/airflow/dags/driven_data_pipeline.py
[2025-06-28T03:40:43.331+0000] {processor.py:914} INFO - Processing file /opt/airflow/dags/driven_data_pipeline.py for tasks to queue
[2025-06-28T03:40:43.339+0000] {logging_mixin.py:190} INFO - [2025-06-28T03:40:43.338+0000] {dagbag.py:588} INFO - Filling up the DagBag from /opt/airflow/dags/driven_data_pipeline.py
[2025-06-28T03:40:43.552+0000] {processor.py:925} INFO - DAG(s) 'extract_raw_data_pipeline' retrieved from /opt/airflow/dags/driven_data_pipeline.py
[2025-06-28T03:40:43.576+0000] {logging_mixin.py:190} INFO - [2025-06-28T03:40:43.576+0000] {dag.py:3239} INFO - Sync 1 DAGs
[2025-06-28T03:40:43.599+0000] {logging_mixin.py:190} INFO - [2025-06-28T03:40:43.599+0000] {dag.py:4180} INFO - Setting next_dagrun for extract_raw_data_pipeline to 2025-06-27 07:58:00+00:00, run_after=2025-06-27 07:59:00+00:00
[2025-06-28T03:40:43.653+0000] {processor.py:208} INFO - Processing /opt/airflow/dags/driven_data_pipeline.py took 0.343 seconds
[2025-06-28T03:41:13.871+0000] {processor.py:186} INFO - Started process (PID=5471) to work on /opt/airflow/dags/driven_data_pipeline.py
[2025-06-28T03:41:13.872+0000] {processor.py:914} INFO - Processing file /opt/airflow/dags/driven_data_pipeline.py for tasks to queue
[2025-06-28T03:41:13.875+0000] {logging_mixin.py:190} INFO - [2025-06-28T03:41:13.874+0000] {dagbag.py:588} INFO - Filling up the DagBag from /opt/airflow/dags/driven_data_pipeline.py
[2025-06-28T03:41:14.092+0000] {processor.py:925} INFO - DAG(s) 'extract_raw_data_pipeline' retrieved from /opt/airflow/dags/driven_data_pipeline.py
[2025-06-28T03:41:14.122+0000] {logging_mixin.py:190} INFO - [2025-06-28T03:41:14.122+0000] {dag.py:3239} INFO - Sync 1 DAGs
[2025-06-28T03:41:14.159+0000] {logging_mixin.py:190} INFO - [2025-06-28T03:41:14.159+0000] {dag.py:4180} INFO - Setting next_dagrun for extract_raw_data_pipeline to 2025-06-27 07:58:00+00:00, run_after=2025-06-27 07:59:00+00:00
[2025-06-28T03:41:14.292+0000] {processor.py:208} INFO - Processing /opt/airflow/dags/driven_data_pipeline.py took 0.430 seconds
[2025-06-28T03:41:44.507+0000] {processor.py:186} INFO - Started process (PID=5479) to work on /opt/airflow/dags/driven_data_pipeline.py
[2025-06-28T03:41:44.514+0000] {processor.py:914} INFO - Processing file /opt/airflow/dags/driven_data_pipeline.py for tasks to queue
[2025-06-28T03:41:44.523+0000] {logging_mixin.py:190} INFO - [2025-06-28T03:41:44.522+0000] {dagbag.py:588} INFO - Filling up the DagBag from /opt/airflow/dags/driven_data_pipeline.py
[2025-06-28T03:41:44.709+0000] {processor.py:925} INFO - DAG(s) 'extract_raw_data_pipeline' retrieved from /opt/airflow/dags/driven_data_pipeline.py
[2025-06-28T03:41:44.735+0000] {logging_mixin.py:190} INFO - [2025-06-28T03:41:44.734+0000] {dag.py:3239} INFO - Sync 1 DAGs
[2025-06-28T03:41:44.758+0000] {logging_mixin.py:190} INFO - [2025-06-28T03:41:44.757+0000] {dag.py:4180} INFO - Setting next_dagrun for extract_raw_data_pipeline to 2025-06-27 07:58:00+00:00, run_after=2025-06-27 07:59:00+00:00
[2025-06-28T03:41:44.793+0000] {processor.py:208} INFO - Processing /opt/airflow/dags/driven_data_pipeline.py took 0.296 seconds
[2025-06-28T03:42:15.015+0000] {processor.py:186} INFO - Started process (PID=5487) to work on /opt/airflow/dags/driven_data_pipeline.py
[2025-06-28T03:42:15.017+0000] {processor.py:914} INFO - Processing file /opt/airflow/dags/driven_data_pipeline.py for tasks to queue
[2025-06-28T03:42:15.019+0000] {logging_mixin.py:190} INFO - [2025-06-28T03:42:15.019+0000] {dagbag.py:588} INFO - Filling up the DagBag from /opt/airflow/dags/driven_data_pipeline.py
[2025-06-28T03:42:15.205+0000] {processor.py:925} INFO - DAG(s) 'extract_raw_data_pipeline' retrieved from /opt/airflow/dags/driven_data_pipeline.py
[2025-06-28T03:42:15.229+0000] {logging_mixin.py:190} INFO - [2025-06-28T03:42:15.229+0000] {dag.py:3239} INFO - Sync 1 DAGs
[2025-06-28T03:42:15.252+0000] {logging_mixin.py:190} INFO - [2025-06-28T03:42:15.252+0000] {dag.py:4180} INFO - Setting next_dagrun for extract_raw_data_pipeline to 2025-06-27 07:58:00+00:00, run_after=2025-06-27 07:59:00+00:00
[2025-06-28T03:42:15.290+0000] {processor.py:208} INFO - Processing /opt/airflow/dags/driven_data_pipeline.py took 0.284 seconds
[2025-06-28T03:42:45.484+0000] {processor.py:186} INFO - Started process (PID=5495) to work on /opt/airflow/dags/driven_data_pipeline.py
[2025-06-28T03:42:45.486+0000] {processor.py:914} INFO - Processing file /opt/airflow/dags/driven_data_pipeline.py for tasks to queue
[2025-06-28T03:42:45.489+0000] {logging_mixin.py:190} INFO - [2025-06-28T03:42:45.488+0000] {dagbag.py:588} INFO - Filling up the DagBag from /opt/airflow/dags/driven_data_pipeline.py
[2025-06-28T03:42:45.670+0000] {processor.py:925} INFO - DAG(s) 'extract_raw_data_pipeline' retrieved from /opt/airflow/dags/driven_data_pipeline.py
[2025-06-28T03:42:45.693+0000] {logging_mixin.py:190} INFO - [2025-06-28T03:42:45.693+0000] {dag.py:3239} INFO - Sync 1 DAGs
[2025-06-28T03:42:45.716+0000] {logging_mixin.py:190} INFO - [2025-06-28T03:42:45.716+0000] {dag.py:4180} INFO - Setting next_dagrun for extract_raw_data_pipeline to 2025-06-27 07:58:00+00:00, run_after=2025-06-27 07:59:00+00:00
[2025-06-28T03:42:45.752+0000] {processor.py:208} INFO - Processing /opt/airflow/dags/driven_data_pipeline.py took 0.278 seconds
[2025-06-28T03:43:16.007+0000] {processor.py:186} INFO - Started process (PID=5503) to work on /opt/airflow/dags/driven_data_pipeline.py
[2025-06-28T03:43:16.019+0000] {processor.py:914} INFO - Processing file /opt/airflow/dags/driven_data_pipeline.py for tasks to queue
[2025-06-28T03:43:16.024+0000] {logging_mixin.py:190} INFO - [2025-06-28T03:43:16.023+0000] {dagbag.py:588} INFO - Filling up the DagBag from /opt/airflow/dags/driven_data_pipeline.py
[2025-06-28T03:43:16.208+0000] {processor.py:925} INFO - DAG(s) 'extract_raw_data_pipeline' retrieved from /opt/airflow/dags/driven_data_pipeline.py
[2025-06-28T03:43:16.232+0000] {logging_mixin.py:190} INFO - [2025-06-28T03:43:16.232+0000] {dag.py:3239} INFO - Sync 1 DAGs
[2025-06-28T03:43:16.256+0000] {logging_mixin.py:190} INFO - [2025-06-28T03:43:16.256+0000] {dag.py:4180} INFO - Setting next_dagrun for extract_raw_data_pipeline to 2025-06-27 07:58:00+00:00, run_after=2025-06-27 07:59:00+00:00
[2025-06-28T03:43:16.311+0000] {processor.py:208} INFO - Processing /opt/airflow/dags/driven_data_pipeline.py took 0.317 seconds
[2025-06-28T03:43:46.432+0000] {processor.py:186} INFO - Started process (PID=5511) to work on /opt/airflow/dags/driven_data_pipeline.py
[2025-06-28T03:43:46.433+0000] {processor.py:914} INFO - Processing file /opt/airflow/dags/driven_data_pipeline.py for tasks to queue
[2025-06-28T03:43:46.436+0000] {logging_mixin.py:190} INFO - [2025-06-28T03:43:46.435+0000] {dagbag.py:588} INFO - Filling up the DagBag from /opt/airflow/dags/driven_data_pipeline.py
[2025-06-28T03:43:46.630+0000] {processor.py:925} INFO - DAG(s) 'extract_raw_data_pipeline' retrieved from /opt/airflow/dags/driven_data_pipeline.py
[2025-06-28T03:43:46.657+0000] {logging_mixin.py:190} INFO - [2025-06-28T03:43:46.656+0000] {dag.py:3239} INFO - Sync 1 DAGs
[2025-06-28T03:43:46.681+0000] {logging_mixin.py:190} INFO - [2025-06-28T03:43:46.681+0000] {dag.py:4180} INFO - Setting next_dagrun for extract_raw_data_pipeline to 2025-06-27 07:58:00+00:00, run_after=2025-06-27 07:59:00+00:00
[2025-06-28T03:43:46.712+0000] {processor.py:208} INFO - Processing /opt/airflow/dags/driven_data_pipeline.py took 0.286 seconds
[2025-06-28T03:44:16.984+0000] {processor.py:186} INFO - Started process (PID=5519) to work on /opt/airflow/dags/driven_data_pipeline.py
[2025-06-28T03:44:16.990+0000] {processor.py:914} INFO - Processing file /opt/airflow/dags/driven_data_pipeline.py for tasks to queue
[2025-06-28T03:44:16.993+0000] {logging_mixin.py:190} INFO - [2025-06-28T03:44:16.992+0000] {dagbag.py:588} INFO - Filling up the DagBag from /opt/airflow/dags/driven_data_pipeline.py
[2025-06-28T03:44:17.178+0000] {processor.py:925} INFO - DAG(s) 'extract_raw_data_pipeline' retrieved from /opt/airflow/dags/driven_data_pipeline.py
[2025-06-28T03:44:17.202+0000] {logging_mixin.py:190} INFO - [2025-06-28T03:44:17.202+0000] {dag.py:3239} INFO - Sync 1 DAGs
[2025-06-28T03:44:17.225+0000] {logging_mixin.py:190} INFO - [2025-06-28T03:44:17.225+0000] {dag.py:4180} INFO - Setting next_dagrun for extract_raw_data_pipeline to 2025-06-27 07:58:00+00:00, run_after=2025-06-27 07:59:00+00:00
[2025-06-28T03:44:17.254+0000] {processor.py:208} INFO - Processing /opt/airflow/dags/driven_data_pipeline.py took 0.279 seconds
[2025-06-28T03:44:47.471+0000] {processor.py:186} INFO - Started process (PID=5527) to work on /opt/airflow/dags/driven_data_pipeline.py
[2025-06-28T03:44:47.472+0000] {processor.py:914} INFO - Processing file /opt/airflow/dags/driven_data_pipeline.py for tasks to queue
[2025-06-28T03:44:47.475+0000] {logging_mixin.py:190} INFO - [2025-06-28T03:44:47.475+0000] {dagbag.py:588} INFO - Filling up the DagBag from /opt/airflow/dags/driven_data_pipeline.py
[2025-06-28T03:44:47.656+0000] {processor.py:925} INFO - DAG(s) 'extract_raw_data_pipeline' retrieved from /opt/airflow/dags/driven_data_pipeline.py
[2025-06-28T03:44:47.680+0000] {logging_mixin.py:190} INFO - [2025-06-28T03:44:47.680+0000] {dag.py:3239} INFO - Sync 1 DAGs
[2025-06-28T03:44:47.703+0000] {logging_mixin.py:190} INFO - [2025-06-28T03:44:47.703+0000] {dag.py:4180} INFO - Setting next_dagrun for extract_raw_data_pipeline to 2025-06-27 07:58:00+00:00, run_after=2025-06-27 07:59:00+00:00
[2025-06-28T03:44:47.734+0000] {processor.py:208} INFO - Processing /opt/airflow/dags/driven_data_pipeline.py took 0.274 seconds
[2025-06-28T03:45:17.972+0000] {processor.py:186} INFO - Started process (PID=5535) to work on /opt/airflow/dags/driven_data_pipeline.py
[2025-06-28T03:45:17.986+0000] {processor.py:914} INFO - Processing file /opt/airflow/dags/driven_data_pipeline.py for tasks to queue
[2025-06-28T03:45:17.988+0000] {logging_mixin.py:190} INFO - [2025-06-28T03:45:17.988+0000] {dagbag.py:588} INFO - Filling up the DagBag from /opt/airflow/dags/driven_data_pipeline.py
[2025-06-28T03:45:18.165+0000] {processor.py:925} INFO - DAG(s) 'extract_raw_data_pipeline' retrieved from /opt/airflow/dags/driven_data_pipeline.py
[2025-06-28T03:45:18.189+0000] {logging_mixin.py:190} INFO - [2025-06-28T03:45:18.189+0000] {dag.py:3239} INFO - Sync 1 DAGs
[2025-06-28T03:45:18.213+0000] {logging_mixin.py:190} INFO - [2025-06-28T03:45:18.213+0000] {dag.py:4180} INFO - Setting next_dagrun for extract_raw_data_pipeline to 2025-06-27 07:58:00+00:00, run_after=2025-06-27 07:59:00+00:00
[2025-06-28T03:45:18.243+0000] {processor.py:208} INFO - Processing /opt/airflow/dags/driven_data_pipeline.py took 0.278 seconds
[2025-06-28T03:45:48.424+0000] {processor.py:186} INFO - Started process (PID=5543) to work on /opt/airflow/dags/driven_data_pipeline.py
[2025-06-28T03:45:48.425+0000] {processor.py:914} INFO - Processing file /opt/airflow/dags/driven_data_pipeline.py for tasks to queue
[2025-06-28T03:45:48.428+0000] {logging_mixin.py:190} INFO - [2025-06-28T03:45:48.427+0000] {dagbag.py:588} INFO - Filling up the DagBag from /opt/airflow/dags/driven_data_pipeline.py
[2025-06-28T03:45:48.607+0000] {processor.py:925} INFO - DAG(s) 'extract_raw_data_pipeline' retrieved from /opt/airflow/dags/driven_data_pipeline.py
[2025-06-28T03:45:48.633+0000] {logging_mixin.py:190} INFO - [2025-06-28T03:45:48.632+0000] {dag.py:3239} INFO - Sync 1 DAGs
[2025-06-28T03:45:48.656+0000] {logging_mixin.py:190} INFO - [2025-06-28T03:45:48.655+0000] {dag.py:4180} INFO - Setting next_dagrun for extract_raw_data_pipeline to 2025-06-27 07:58:00+00:00, run_after=2025-06-27 07:59:00+00:00
[2025-06-28T03:45:49.540+0000] {processor.py:208} INFO - Processing /opt/airflow/dags/driven_data_pipeline.py took 1.124 seconds
[2025-06-28T03:46:19.806+0000] {processor.py:186} INFO - Started process (PID=5551) to work on /opt/airflow/dags/driven_data_pipeline.py
[2025-06-28T03:46:19.807+0000] {processor.py:914} INFO - Processing file /opt/airflow/dags/driven_data_pipeline.py for tasks to queue
[2025-06-28T03:46:19.811+0000] {logging_mixin.py:190} INFO - [2025-06-28T03:46:19.810+0000] {dagbag.py:588} INFO - Filling up the DagBag from /opt/airflow/dags/driven_data_pipeline.py
[2025-06-28T03:46:19.992+0000] {processor.py:925} INFO - DAG(s) 'extract_raw_data_pipeline' retrieved from /opt/airflow/dags/driven_data_pipeline.py
[2025-06-28T03:46:20.016+0000] {logging_mixin.py:190} INFO - [2025-06-28T03:46:20.016+0000] {dag.py:3239} INFO - Sync 1 DAGs
[2025-06-28T03:46:20.039+0000] {logging_mixin.py:190} INFO - [2025-06-28T03:46:20.039+0000] {dag.py:4180} INFO - Setting next_dagrun for extract_raw_data_pipeline to 2025-06-27 07:58:00+00:00, run_after=2025-06-27 07:59:00+00:00
[2025-06-28T03:46:20.071+0000] {processor.py:208} INFO - Processing /opt/airflow/dags/driven_data_pipeline.py took 0.275 seconds
[2025-06-28T03:46:50.244+0000] {processor.py:186} INFO - Started process (PID=5559) to work on /opt/airflow/dags/driven_data_pipeline.py
[2025-06-28T03:46:50.257+0000] {processor.py:914} INFO - Processing file /opt/airflow/dags/driven_data_pipeline.py for tasks to queue
[2025-06-28T03:46:50.265+0000] {logging_mixin.py:190} INFO - [2025-06-28T03:46:50.264+0000] {dagbag.py:588} INFO - Filling up the DagBag from /opt/airflow/dags/driven_data_pipeline.py
[2025-06-28T03:46:50.465+0000] {processor.py:925} INFO - DAG(s) 'extract_raw_data_pipeline' retrieved from /opt/airflow/dags/driven_data_pipeline.py
[2025-06-28T03:46:50.494+0000] {logging_mixin.py:190} INFO - [2025-06-28T03:46:50.494+0000] {dag.py:3239} INFO - Sync 1 DAGs
[2025-06-28T03:46:50.521+0000] {logging_mixin.py:190} INFO - [2025-06-28T03:46:50.521+0000] {dag.py:4180} INFO - Setting next_dagrun for extract_raw_data_pipeline to 2025-06-27 07:58:00+00:00, run_after=2025-06-27 07:59:00+00:00
[2025-06-28T03:46:50.561+0000] {processor.py:208} INFO - Processing /opt/airflow/dags/driven_data_pipeline.py took 0.337 seconds
[2025-06-28T03:47:20.804+0000] {processor.py:186} INFO - Started process (PID=5567) to work on /opt/airflow/dags/driven_data_pipeline.py
[2025-06-28T03:47:20.804+0000] {processor.py:914} INFO - Processing file /opt/airflow/dags/driven_data_pipeline.py for tasks to queue
[2025-06-28T03:47:20.807+0000] {logging_mixin.py:190} INFO - [2025-06-28T03:47:20.807+0000] {dagbag.py:588} INFO - Filling up the DagBag from /opt/airflow/dags/driven_data_pipeline.py
[2025-06-28T03:47:21.060+0000] {processor.py:925} INFO - DAG(s) 'extract_raw_data_pipeline' retrieved from /opt/airflow/dags/driven_data_pipeline.py
[2025-06-28T03:47:21.086+0000] {logging_mixin.py:190} INFO - [2025-06-28T03:47:21.086+0000] {dag.py:3239} INFO - Sync 1 DAGs
[2025-06-28T03:47:21.114+0000] {logging_mixin.py:190} INFO - [2025-06-28T03:47:21.113+0000] {dag.py:4180} INFO - Setting next_dagrun for extract_raw_data_pipeline to 2025-06-27 07:58:00+00:00, run_after=2025-06-27 07:59:00+00:00
[2025-06-28T03:47:21.148+0000] {processor.py:208} INFO - Processing /opt/airflow/dags/driven_data_pipeline.py took 0.352 seconds
[2025-06-28T03:47:51.394+0000] {processor.py:186} INFO - Started process (PID=5575) to work on /opt/airflow/dags/driven_data_pipeline.py
[2025-06-28T03:47:51.402+0000] {processor.py:914} INFO - Processing file /opt/airflow/dags/driven_data_pipeline.py for tasks to queue
[2025-06-28T03:47:51.406+0000] {logging_mixin.py:190} INFO - [2025-06-28T03:47:51.405+0000] {dagbag.py:588} INFO - Filling up the DagBag from /opt/airflow/dags/driven_data_pipeline.py
[2025-06-28T03:47:51.602+0000] {processor.py:925} INFO - DAG(s) 'extract_raw_data_pipeline' retrieved from /opt/airflow/dags/driven_data_pipeline.py
[2025-06-28T03:47:51.631+0000] {logging_mixin.py:190} INFO - [2025-06-28T03:47:51.630+0000] {dag.py:3239} INFO - Sync 1 DAGs
[2025-06-28T03:47:51.655+0000] {logging_mixin.py:190} INFO - [2025-06-28T03:47:51.655+0000] {dag.py:4180} INFO - Setting next_dagrun for extract_raw_data_pipeline to 2025-06-27 07:58:00+00:00, run_after=2025-06-27 07:59:00+00:00
[2025-06-28T03:47:51.691+0000] {processor.py:208} INFO - Processing /opt/airflow/dags/driven_data_pipeline.py took 0.312 seconds
[2025-06-28T03:48:21.966+0000] {processor.py:186} INFO - Started process (PID=5583) to work on /opt/airflow/dags/driven_data_pipeline.py
[2025-06-28T03:48:21.967+0000] {processor.py:914} INFO - Processing file /opt/airflow/dags/driven_data_pipeline.py for tasks to queue
[2025-06-28T03:48:21.970+0000] {logging_mixin.py:190} INFO - [2025-06-28T03:48:21.970+0000] {dagbag.py:588} INFO - Filling up the DagBag from /opt/airflow/dags/driven_data_pipeline.py
[2025-06-28T03:48:22.175+0000] {processor.py:925} INFO - DAG(s) 'extract_raw_data_pipeline' retrieved from /opt/airflow/dags/driven_data_pipeline.py
[2025-06-28T03:48:22.200+0000] {logging_mixin.py:190} INFO - [2025-06-28T03:48:22.199+0000] {dag.py:3239} INFO - Sync 1 DAGs
[2025-06-28T03:48:22.225+0000] {logging_mixin.py:190} INFO - [2025-06-28T03:48:22.224+0000] {dag.py:4180} INFO - Setting next_dagrun for extract_raw_data_pipeline to 2025-06-27 07:58:00+00:00, run_after=2025-06-27 07:59:00+00:00
[2025-06-28T03:48:22.264+0000] {processor.py:208} INFO - Processing /opt/airflow/dags/driven_data_pipeline.py took 0.312 seconds
[2025-06-28T03:48:52.481+0000] {processor.py:186} INFO - Started process (PID=5592) to work on /opt/airflow/dags/driven_data_pipeline.py
[2025-06-28T03:48:52.495+0000] {processor.py:914} INFO - Processing file /opt/airflow/dags/driven_data_pipeline.py for tasks to queue
[2025-06-28T03:48:52.499+0000] {logging_mixin.py:190} INFO - [2025-06-28T03:48:52.498+0000] {dagbag.py:588} INFO - Filling up the DagBag from /opt/airflow/dags/driven_data_pipeline.py
[2025-06-28T03:48:52.712+0000] {processor.py:925} INFO - DAG(s) 'extract_raw_data_pipeline' retrieved from /opt/airflow/dags/driven_data_pipeline.py
[2025-06-28T03:48:52.741+0000] {logging_mixin.py:190} INFO - [2025-06-28T03:48:52.741+0000] {dag.py:3239} INFO - Sync 1 DAGs
[2025-06-28T03:48:52.766+0000] {logging_mixin.py:190} INFO - [2025-06-28T03:48:52.766+0000] {dag.py:4180} INFO - Setting next_dagrun for extract_raw_data_pipeline to 2025-06-27 07:58:00+00:00, run_after=2025-06-27 07:59:00+00:00
[2025-06-28T03:48:52.806+0000] {processor.py:208} INFO - Processing /opt/airflow/dags/driven_data_pipeline.py took 0.352 seconds
[2025-06-28T03:49:23.069+0000] {processor.py:186} INFO - Started process (PID=5600) to work on /opt/airflow/dags/driven_data_pipeline.py
[2025-06-28T03:49:23.070+0000] {processor.py:914} INFO - Processing file /opt/airflow/dags/driven_data_pipeline.py for tasks to queue
[2025-06-28T03:49:23.072+0000] {logging_mixin.py:190} INFO - [2025-06-28T03:49:23.072+0000] {dagbag.py:588} INFO - Filling up the DagBag from /opt/airflow/dags/driven_data_pipeline.py
[2025-06-28T03:49:23.273+0000] {processor.py:925} INFO - DAG(s) 'extract_raw_data_pipeline' retrieved from /opt/airflow/dags/driven_data_pipeline.py
[2025-06-28T03:49:23.299+0000] {logging_mixin.py:190} INFO - [2025-06-28T03:49:23.299+0000] {dag.py:3239} INFO - Sync 1 DAGs
[2025-06-28T03:49:23.328+0000] {logging_mixin.py:190} INFO - [2025-06-28T03:49:23.328+0000] {dag.py:4180} INFO - Setting next_dagrun for extract_raw_data_pipeline to 2025-06-27 07:58:00+00:00, run_after=2025-06-27 07:59:00+00:00
[2025-06-28T03:49:23.367+0000] {processor.py:208} INFO - Processing /opt/airflow/dags/driven_data_pipeline.py took 0.306 seconds
[2025-06-28T03:49:53.638+0000] {processor.py:186} INFO - Started process (PID=5608) to work on /opt/airflow/dags/driven_data_pipeline.py
[2025-06-28T03:49:53.649+0000] {processor.py:914} INFO - Processing file /opt/airflow/dags/driven_data_pipeline.py for tasks to queue
[2025-06-28T03:49:53.652+0000] {logging_mixin.py:190} INFO - [2025-06-28T03:49:53.651+0000] {dagbag.py:588} INFO - Filling up the DagBag from /opt/airflow/dags/driven_data_pipeline.py
[2025-06-28T03:49:53.848+0000] {processor.py:925} INFO - DAG(s) 'extract_raw_data_pipeline' retrieved from /opt/airflow/dags/driven_data_pipeline.py
[2025-06-28T03:49:53.874+0000] {logging_mixin.py:190} INFO - [2025-06-28T03:49:53.874+0000] {dag.py:3239} INFO - Sync 1 DAGs
[2025-06-28T03:49:53.897+0000] {logging_mixin.py:190} INFO - [2025-06-28T03:49:53.897+0000] {dag.py:4180} INFO - Setting next_dagrun for extract_raw_data_pipeline to 2025-06-27 07:58:00+00:00, run_after=2025-06-27 07:59:00+00:00
[2025-06-28T03:49:53.935+0000] {processor.py:208} INFO - Processing /opt/airflow/dags/driven_data_pipeline.py took 0.307 seconds
[2025-06-28T03:50:24.224+0000] {processor.py:186} INFO - Started process (PID=5616) to work on /opt/airflow/dags/driven_data_pipeline.py
[2025-06-28T03:50:24.226+0000] {processor.py:914} INFO - Processing file /opt/airflow/dags/driven_data_pipeline.py for tasks to queue
[2025-06-28T03:50:24.232+0000] {logging_mixin.py:190} INFO - [2025-06-28T03:50:24.231+0000] {dagbag.py:588} INFO - Filling up the DagBag from /opt/airflow/dags/driven_data_pipeline.py
[2025-06-28T03:50:24.431+0000] {processor.py:925} INFO - DAG(s) 'extract_raw_data_pipeline' retrieved from /opt/airflow/dags/driven_data_pipeline.py
[2025-06-28T03:50:24.457+0000] {logging_mixin.py:190} INFO - [2025-06-28T03:50:24.456+0000] {dag.py:3239} INFO - Sync 1 DAGs
[2025-06-28T03:50:24.480+0000] {logging_mixin.py:190} INFO - [2025-06-28T03:50:24.480+0000] {dag.py:4180} INFO - Setting next_dagrun for extract_raw_data_pipeline to 2025-06-27 07:58:00+00:00, run_after=2025-06-27 07:59:00+00:00
[2025-06-28T03:50:24.517+0000] {processor.py:208} INFO - Processing /opt/airflow/dags/driven_data_pipeline.py took 0.331 seconds
[2025-06-28T03:50:54.693+0000] {processor.py:186} INFO - Started process (PID=5624) to work on /opt/airflow/dags/driven_data_pipeline.py
[2025-06-28T03:50:54.705+0000] {processor.py:914} INFO - Processing file /opt/airflow/dags/driven_data_pipeline.py for tasks to queue
[2025-06-28T03:50:54.708+0000] {logging_mixin.py:190} INFO - [2025-06-28T03:50:54.708+0000] {dagbag.py:588} INFO - Filling up the DagBag from /opt/airflow/dags/driven_data_pipeline.py
[2025-06-28T03:50:54.887+0000] {processor.py:925} INFO - DAG(s) 'extract_raw_data_pipeline' retrieved from /opt/airflow/dags/driven_data_pipeline.py
[2025-06-28T03:50:54.910+0000] {logging_mixin.py:190} INFO - [2025-06-28T03:50:54.910+0000] {dag.py:3239} INFO - Sync 1 DAGs
[2025-06-28T03:50:54.933+0000] {logging_mixin.py:190} INFO - [2025-06-28T03:50:54.933+0000] {dag.py:4180} INFO - Setting next_dagrun for extract_raw_data_pipeline to 2025-06-27 07:58:00+00:00, run_after=2025-06-27 07:59:00+00:00
[2025-06-28T03:50:54.973+0000] {processor.py:208} INFO - Processing /opt/airflow/dags/driven_data_pipeline.py took 0.288 seconds
[2025-06-28T03:51:25.241+0000] {processor.py:186} INFO - Started process (PID=5632) to work on /opt/airflow/dags/driven_data_pipeline.py
[2025-06-28T03:51:25.242+0000] {processor.py:914} INFO - Processing file /opt/airflow/dags/driven_data_pipeline.py for tasks to queue
[2025-06-28T03:51:25.246+0000] {logging_mixin.py:190} INFO - [2025-06-28T03:51:25.245+0000] {dagbag.py:588} INFO - Filling up the DagBag from /opt/airflow/dags/driven_data_pipeline.py
[2025-06-28T03:51:25.438+0000] {processor.py:925} INFO - DAG(s) 'extract_raw_data_pipeline' retrieved from /opt/airflow/dags/driven_data_pipeline.py
[2025-06-28T03:51:25.462+0000] {logging_mixin.py:190} INFO - [2025-06-28T03:51:25.462+0000] {dag.py:3239} INFO - Sync 1 DAGs
[2025-06-28T03:51:25.487+0000] {logging_mixin.py:190} INFO - [2025-06-28T03:51:25.486+0000] {dag.py:4180} INFO - Setting next_dagrun for extract_raw_data_pipeline to 2025-06-27 07:58:00+00:00, run_after=2025-06-27 07:59:00+00:00
[2025-06-28T03:51:25.524+0000] {processor.py:208} INFO - Processing /opt/airflow/dags/driven_data_pipeline.py took 0.292 seconds
[2025-06-28T03:51:55.675+0000] {processor.py:186} INFO - Started process (PID=5640) to work on /opt/airflow/dags/driven_data_pipeline.py
[2025-06-28T03:51:55.684+0000] {processor.py:914} INFO - Processing file /opt/airflow/dags/driven_data_pipeline.py for tasks to queue
[2025-06-28T03:51:55.687+0000] {logging_mixin.py:190} INFO - [2025-06-28T03:51:55.686+0000] {dagbag.py:588} INFO - Filling up the DagBag from /opt/airflow/dags/driven_data_pipeline.py
[2025-06-28T03:51:55.863+0000] {processor.py:925} INFO - DAG(s) 'extract_raw_data_pipeline' retrieved from /opt/airflow/dags/driven_data_pipeline.py
[2025-06-28T03:51:55.888+0000] {logging_mixin.py:190} INFO - [2025-06-28T03:51:55.888+0000] {dag.py:3239} INFO - Sync 1 DAGs
[2025-06-28T03:51:55.912+0000] {logging_mixin.py:190} INFO - [2025-06-28T03:51:55.912+0000] {dag.py:4180} INFO - Setting next_dagrun for extract_raw_data_pipeline to 2025-06-27 07:58:00+00:00, run_after=2025-06-27 07:59:00+00:00
[2025-06-28T03:51:55.959+0000] {processor.py:208} INFO - Processing /opt/airflow/dags/driven_data_pipeline.py took 0.294 seconds
[2025-06-28T03:52:26.223+0000] {processor.py:186} INFO - Started process (PID=5648) to work on /opt/airflow/dags/driven_data_pipeline.py
[2025-06-28T03:52:26.224+0000] {processor.py:914} INFO - Processing file /opt/airflow/dags/driven_data_pipeline.py for tasks to queue
[2025-06-28T03:52:26.229+0000] {logging_mixin.py:190} INFO - [2025-06-28T03:52:26.228+0000] {dagbag.py:588} INFO - Filling up the DagBag from /opt/airflow/dags/driven_data_pipeline.py
[2025-06-28T03:52:26.409+0000] {processor.py:925} INFO - DAG(s) 'extract_raw_data_pipeline' retrieved from /opt/airflow/dags/driven_data_pipeline.py
[2025-06-28T03:52:26.433+0000] {logging_mixin.py:190} INFO - [2025-06-28T03:52:26.433+0000] {dag.py:3239} INFO - Sync 1 DAGs
[2025-06-28T03:52:26.456+0000] {logging_mixin.py:190} INFO - [2025-06-28T03:52:26.456+0000] {dag.py:4180} INFO - Setting next_dagrun for extract_raw_data_pipeline to 2025-06-27 07:58:00+00:00, run_after=2025-06-27 07:59:00+00:00
[2025-06-28T03:52:26.504+0000] {processor.py:208} INFO - Processing /opt/airflow/dags/driven_data_pipeline.py took 0.293 seconds
[2025-06-28T03:52:56.619+0000] {processor.py:186} INFO - Started process (PID=5662) to work on /opt/airflow/dags/driven_data_pipeline.py
[2025-06-28T03:52:56.639+0000] {processor.py:914} INFO - Processing file /opt/airflow/dags/driven_data_pipeline.py for tasks to queue
[2025-06-28T03:52:56.641+0000] {logging_mixin.py:190} INFO - [2025-06-28T03:52:56.641+0000] {dagbag.py:588} INFO - Filling up the DagBag from /opt/airflow/dags/driven_data_pipeline.py
[2025-06-28T03:52:56.822+0000] {processor.py:925} INFO - DAG(s) 'extract_raw_data_pipeline' retrieved from /opt/airflow/dags/driven_data_pipeline.py
[2025-06-28T03:52:56.848+0000] {logging_mixin.py:190} INFO - [2025-06-28T03:52:56.848+0000] {dag.py:3239} INFO - Sync 1 DAGs
[2025-06-28T03:52:56.875+0000] {logging_mixin.py:190} INFO - [2025-06-28T03:52:56.874+0000] {dag.py:4180} INFO - Setting next_dagrun for extract_raw_data_pipeline to 2025-06-27 07:58:00+00:00, run_after=2025-06-27 07:59:00+00:00
[2025-06-28T03:52:56.915+0000] {processor.py:208} INFO - Processing /opt/airflow/dags/driven_data_pipeline.py took 0.302 seconds
[2025-06-28T03:53:27.249+0000] {processor.py:186} INFO - Started process (PID=5670) to work on /opt/airflow/dags/driven_data_pipeline.py
[2025-06-28T03:53:27.250+0000] {processor.py:914} INFO - Processing file /opt/airflow/dags/driven_data_pipeline.py for tasks to queue
[2025-06-28T03:53:27.252+0000] {logging_mixin.py:190} INFO - [2025-06-28T03:53:27.252+0000] {dagbag.py:588} INFO - Filling up the DagBag from /opt/airflow/dags/driven_data_pipeline.py
[2025-06-28T03:53:27.469+0000] {processor.py:925} INFO - DAG(s) 'extract_raw_data_pipeline' retrieved from /opt/airflow/dags/driven_data_pipeline.py
[2025-06-28T03:53:27.502+0000] {logging_mixin.py:190} INFO - [2025-06-28T03:53:27.502+0000] {dag.py:3239} INFO - Sync 1 DAGs
[2025-06-28T03:53:27.534+0000] {logging_mixin.py:190} INFO - [2025-06-28T03:53:27.533+0000] {dag.py:4180} INFO - Setting next_dagrun for extract_raw_data_pipeline to 2025-06-27 07:58:00+00:00, run_after=2025-06-27 07:59:00+00:00
[2025-06-28T03:53:27.562+0000] {processor.py:208} INFO - Processing /opt/airflow/dags/driven_data_pipeline.py took 0.320 seconds
[2025-06-28T03:53:57.725+0000] {processor.py:186} INFO - Started process (PID=5678) to work on /opt/airflow/dags/driven_data_pipeline.py
[2025-06-28T03:53:57.730+0000] {processor.py:914} INFO - Processing file /opt/airflow/dags/driven_data_pipeline.py for tasks to queue
[2025-06-28T03:53:57.735+0000] {logging_mixin.py:190} INFO - [2025-06-28T03:53:57.734+0000] {dagbag.py:588} INFO - Filling up the DagBag from /opt/airflow/dags/driven_data_pipeline.py
[2025-06-28T03:53:57.951+0000] {processor.py:925} INFO - DAG(s) 'extract_raw_data_pipeline' retrieved from /opt/airflow/dags/driven_data_pipeline.py
[2025-06-28T03:53:57.980+0000] {logging_mixin.py:190} INFO - [2025-06-28T03:53:57.980+0000] {dag.py:3239} INFO - Sync 1 DAGs
[2025-06-28T03:53:58.005+0000] {logging_mixin.py:190} INFO - [2025-06-28T03:53:58.005+0000] {dag.py:4180} INFO - Setting next_dagrun for extract_raw_data_pipeline to 2025-06-27 07:58:00+00:00, run_after=2025-06-27 07:59:00+00:00
[2025-06-28T03:53:58.049+0000] {processor.py:208} INFO - Processing /opt/airflow/dags/driven_data_pipeline.py took 0.338 seconds
[2025-06-28T03:54:28.367+0000] {processor.py:186} INFO - Started process (PID=5686) to work on /opt/airflow/dags/driven_data_pipeline.py
[2025-06-28T03:54:28.368+0000] {processor.py:914} INFO - Processing file /opt/airflow/dags/driven_data_pipeline.py for tasks to queue
[2025-06-28T03:54:28.371+0000] {logging_mixin.py:190} INFO - [2025-06-28T03:54:28.370+0000] {dagbag.py:588} INFO - Filling up the DagBag from /opt/airflow/dags/driven_data_pipeline.py
[2025-06-28T03:54:28.562+0000] {processor.py:925} INFO - DAG(s) 'extract_raw_data_pipeline' retrieved from /opt/airflow/dags/driven_data_pipeline.py
[2025-06-28T03:54:28.589+0000] {logging_mixin.py:190} INFO - [2025-06-28T03:54:28.588+0000] {dag.py:3239} INFO - Sync 1 DAGs
[2025-06-28T03:54:28.613+0000] {logging_mixin.py:190} INFO - [2025-06-28T03:54:28.613+0000] {dag.py:4180} INFO - Setting next_dagrun for extract_raw_data_pipeline to 2025-06-27 07:58:00+00:00, run_after=2025-06-27 07:59:00+00:00
[2025-06-28T03:54:28.651+0000] {processor.py:208} INFO - Processing /opt/airflow/dags/driven_data_pipeline.py took 0.297 seconds
[2025-06-28T03:54:58.861+0000] {processor.py:186} INFO - Started process (PID=5694) to work on /opt/airflow/dags/driven_data_pipeline.py
[2025-06-28T03:54:58.869+0000] {processor.py:914} INFO - Processing file /opt/airflow/dags/driven_data_pipeline.py for tasks to queue
[2025-06-28T03:54:58.871+0000] {logging_mixin.py:190} INFO - [2025-06-28T03:54:58.871+0000] {dagbag.py:588} INFO - Filling up the DagBag from /opt/airflow/dags/driven_data_pipeline.py
[2025-06-28T03:54:59.076+0000] {processor.py:925} INFO - DAG(s) 'extract_raw_data_pipeline' retrieved from /opt/airflow/dags/driven_data_pipeline.py
[2025-06-28T03:54:59.106+0000] {logging_mixin.py:190} INFO - [2025-06-28T03:54:59.106+0000] {dag.py:3239} INFO - Sync 1 DAGs
[2025-06-28T03:54:59.134+0000] {logging_mixin.py:190} INFO - [2025-06-28T03:54:59.133+0000] {dag.py:4180} INFO - Setting next_dagrun for extract_raw_data_pipeline to 2025-06-27 07:58:00+00:00, run_after=2025-06-27 07:59:00+00:00
[2025-06-28T03:54:59.195+0000] {processor.py:208} INFO - Processing /opt/airflow/dags/driven_data_pipeline.py took 0.344 seconds
[2025-06-28T03:55:29.402+0000] {processor.py:186} INFO - Started process (PID=5702) to work on /opt/airflow/dags/driven_data_pipeline.py
[2025-06-28T03:55:29.403+0000] {processor.py:914} INFO - Processing file /opt/airflow/dags/driven_data_pipeline.py for tasks to queue
[2025-06-28T03:55:29.406+0000] {logging_mixin.py:190} INFO - [2025-06-28T03:55:29.405+0000] {dagbag.py:588} INFO - Filling up the DagBag from /opt/airflow/dags/driven_data_pipeline.py
[2025-06-28T03:55:29.586+0000] {processor.py:925} INFO - DAG(s) 'extract_raw_data_pipeline' retrieved from /opt/airflow/dags/driven_data_pipeline.py
[2025-06-28T03:55:29.610+0000] {logging_mixin.py:190} INFO - [2025-06-28T03:55:29.610+0000] {dag.py:3239} INFO - Sync 1 DAGs
[2025-06-28T03:55:29.635+0000] {logging_mixin.py:190} INFO - [2025-06-28T03:55:29.634+0000] {dag.py:4180} INFO - Setting next_dagrun for extract_raw_data_pipeline to 2025-06-27 07:58:00+00:00, run_after=2025-06-27 07:59:00+00:00
[2025-06-28T03:55:29.671+0000] {processor.py:208} INFO - Processing /opt/airflow/dags/driven_data_pipeline.py took 0.278 seconds
[2025-06-28T03:55:59.851+0000] {processor.py:186} INFO - Started process (PID=5710) to work on /opt/airflow/dags/driven_data_pipeline.py
[2025-06-28T03:55:59.856+0000] {processor.py:914} INFO - Processing file /opt/airflow/dags/driven_data_pipeline.py for tasks to queue
[2025-06-28T03:55:59.859+0000] {logging_mixin.py:190} INFO - [2025-06-28T03:55:59.858+0000] {dagbag.py:588} INFO - Filling up the DagBag from /opt/airflow/dags/driven_data_pipeline.py
[2025-06-28T03:56:00.042+0000] {processor.py:925} INFO - DAG(s) 'extract_raw_data_pipeline' retrieved from /opt/airflow/dags/driven_data_pipeline.py
[2025-06-28T03:56:00.069+0000] {logging_mixin.py:190} INFO - [2025-06-28T03:56:00.069+0000] {dag.py:3239} INFO - Sync 1 DAGs
[2025-06-28T03:56:00.092+0000] {logging_mixin.py:190} INFO - [2025-06-28T03:56:00.092+0000] {dag.py:4180} INFO - Setting next_dagrun for extract_raw_data_pipeline to 2025-06-27 07:58:00+00:00, run_after=2025-06-27 07:59:00+00:00
[2025-06-28T03:56:00.122+0000] {processor.py:208} INFO - Processing /opt/airflow/dags/driven_data_pipeline.py took 0.279 seconds
[2025-06-28T03:56:30.297+0000] {processor.py:186} INFO - Started process (PID=5718) to work on /opt/airflow/dags/driven_data_pipeline.py
[2025-06-28T03:56:30.298+0000] {processor.py:914} INFO - Processing file /opt/airflow/dags/driven_data_pipeline.py for tasks to queue
[2025-06-28T03:56:30.301+0000] {logging_mixin.py:190} INFO - [2025-06-28T03:56:30.300+0000] {dagbag.py:588} INFO - Filling up the DagBag from /opt/airflow/dags/driven_data_pipeline.py
[2025-06-28T03:56:30.481+0000] {processor.py:925} INFO - DAG(s) 'extract_raw_data_pipeline' retrieved from /opt/airflow/dags/driven_data_pipeline.py
[2025-06-28T03:56:30.504+0000] {logging_mixin.py:190} INFO - [2025-06-28T03:56:30.504+0000] {dag.py:3239} INFO - Sync 1 DAGs
[2025-06-28T03:56:30.527+0000] {logging_mixin.py:190} INFO - [2025-06-28T03:56:30.526+0000] {dag.py:4180} INFO - Setting next_dagrun for extract_raw_data_pipeline to 2025-06-27 07:58:00+00:00, run_after=2025-06-27 07:59:00+00:00
[2025-06-28T03:56:30.565+0000] {processor.py:208} INFO - Processing /opt/airflow/dags/driven_data_pipeline.py took 0.278 seconds
[2025-06-28T03:57:00.789+0000] {processor.py:186} INFO - Started process (PID=5726) to work on /opt/airflow/dags/driven_data_pipeline.py
[2025-06-28T03:57:00.798+0000] {processor.py:914} INFO - Processing file /opt/airflow/dags/driven_data_pipeline.py for tasks to queue
[2025-06-28T03:57:00.801+0000] {logging_mixin.py:190} INFO - [2025-06-28T03:57:00.801+0000] {dagbag.py:588} INFO - Filling up the DagBag from /opt/airflow/dags/driven_data_pipeline.py
[2025-06-28T03:57:00.995+0000] {processor.py:925} INFO - DAG(s) 'extract_raw_data_pipeline' retrieved from /opt/airflow/dags/driven_data_pipeline.py
[2025-06-28T03:57:01.024+0000] {logging_mixin.py:190} INFO - [2025-06-28T03:57:01.024+0000] {dag.py:3239} INFO - Sync 1 DAGs
[2025-06-28T03:57:01.050+0000] {logging_mixin.py:190} INFO - [2025-06-28T03:57:01.049+0000] {dag.py:4180} INFO - Setting next_dagrun for extract_raw_data_pipeline to 2025-06-27 07:58:00+00:00, run_after=2025-06-27 07:59:00+00:00
[2025-06-28T03:57:01.088+0000] {processor.py:208} INFO - Processing /opt/airflow/dags/driven_data_pipeline.py took 0.309 seconds
[2025-06-28T03:57:31.360+0000] {processor.py:186} INFO - Started process (PID=5734) to work on /opt/airflow/dags/driven_data_pipeline.py
[2025-06-28T03:57:31.362+0000] {processor.py:914} INFO - Processing file /opt/airflow/dags/driven_data_pipeline.py for tasks to queue
[2025-06-28T03:57:31.368+0000] {logging_mixin.py:190} INFO - [2025-06-28T03:57:31.367+0000] {dagbag.py:588} INFO - Filling up the DagBag from /opt/airflow/dags/driven_data_pipeline.py
[2025-06-28T03:57:31.586+0000] {processor.py:925} INFO - DAG(s) 'extract_raw_data_pipeline' retrieved from /opt/airflow/dags/driven_data_pipeline.py
[2025-06-28T03:57:31.610+0000] {logging_mixin.py:190} INFO - [2025-06-28T03:57:31.610+0000] {dag.py:3239} INFO - Sync 1 DAGs
[2025-06-28T03:57:31.635+0000] {logging_mixin.py:190} INFO - [2025-06-28T03:57:31.635+0000] {dag.py:4180} INFO - Setting next_dagrun for extract_raw_data_pipeline to 2025-06-27 07:58:00+00:00, run_after=2025-06-27 07:59:00+00:00
[2025-06-28T03:57:31.697+0000] {processor.py:208} INFO - Processing /opt/airflow/dags/driven_data_pipeline.py took 0.359 seconds
[2025-06-28T03:58:01.884+0000] {processor.py:186} INFO - Started process (PID=5742) to work on /opt/airflow/dags/driven_data_pipeline.py
[2025-06-28T03:58:01.897+0000] {processor.py:914} INFO - Processing file /opt/airflow/dags/driven_data_pipeline.py for tasks to queue
[2025-06-28T03:58:01.901+0000] {logging_mixin.py:190} INFO - [2025-06-28T03:58:01.900+0000] {dagbag.py:588} INFO - Filling up the DagBag from /opt/airflow/dags/driven_data_pipeline.py
[2025-06-28T03:58:02.111+0000] {processor.py:925} INFO - DAG(s) 'extract_raw_data_pipeline' retrieved from /opt/airflow/dags/driven_data_pipeline.py
[2025-06-28T03:58:02.138+0000] {logging_mixin.py:190} INFO - [2025-06-28T03:58:02.138+0000] {dag.py:3239} INFO - Sync 1 DAGs
[2025-06-28T03:58:02.163+0000] {logging_mixin.py:190} INFO - [2025-06-28T03:58:02.163+0000] {dag.py:4180} INFO - Setting next_dagrun for extract_raw_data_pipeline to 2025-06-27 07:58:00+00:00, run_after=2025-06-27 07:59:00+00:00
[2025-06-28T03:58:02.218+0000] {processor.py:208} INFO - Processing /opt/airflow/dags/driven_data_pipeline.py took 0.347 seconds
[2025-06-28T03:58:32.444+0000] {processor.py:186} INFO - Started process (PID=5749) to work on /opt/airflow/dags/driven_data_pipeline.py
[2025-06-28T03:58:32.445+0000] {processor.py:914} INFO - Processing file /opt/airflow/dags/driven_data_pipeline.py for tasks to queue
[2025-06-28T03:58:32.450+0000] {logging_mixin.py:190} INFO - [2025-06-28T03:58:32.449+0000] {dagbag.py:588} INFO - Filling up the DagBag from /opt/airflow/dags/driven_data_pipeline.py
[2025-06-28T03:58:32.644+0000] {processor.py:925} INFO - DAG(s) 'extract_raw_data_pipeline' retrieved from /opt/airflow/dags/driven_data_pipeline.py
[2025-06-28T03:58:32.677+0000] {logging_mixin.py:190} INFO - [2025-06-28T03:58:32.676+0000] {dag.py:3239} INFO - Sync 1 DAGs
[2025-06-28T03:58:32.702+0000] {logging_mixin.py:190} INFO - [2025-06-28T03:58:32.702+0000] {dag.py:4180} INFO - Setting next_dagrun for extract_raw_data_pipeline to 2025-06-27 07:58:00+00:00, run_after=2025-06-27 07:59:00+00:00
[2025-06-28T03:58:32.995+0000] {processor.py:208} INFO - Processing /opt/airflow/dags/driven_data_pipeline.py took 0.561 seconds
[2025-06-28T03:59:03.061+0000] {processor.py:186} INFO - Started process (PID=5757) to work on /opt/airflow/dags/driven_data_pipeline.py
[2025-06-28T03:59:03.083+0000] {processor.py:914} INFO - Processing file /opt/airflow/dags/driven_data_pipeline.py for tasks to queue
[2025-06-28T03:59:03.087+0000] {logging_mixin.py:190} INFO - [2025-06-28T03:59:03.086+0000] {dagbag.py:588} INFO - Filling up the DagBag from /opt/airflow/dags/driven_data_pipeline.py
[2025-06-28T03:59:03.300+0000] {processor.py:925} INFO - DAG(s) 'extract_raw_data_pipeline' retrieved from /opt/airflow/dags/driven_data_pipeline.py
[2025-06-28T03:59:03.334+0000] {logging_mixin.py:190} INFO - [2025-06-28T03:59:03.333+0000] {dag.py:3239} INFO - Sync 1 DAGs
[2025-06-28T03:59:03.363+0000] {logging_mixin.py:190} INFO - [2025-06-28T03:59:03.363+0000] {dag.py:4180} INFO - Setting next_dagrun for extract_raw_data_pipeline to 2025-06-27 07:58:00+00:00, run_after=2025-06-27 07:59:00+00:00
[2025-06-28T03:59:03.409+0000] {processor.py:208} INFO - Processing /opt/airflow/dags/driven_data_pipeline.py took 0.356 seconds
[2025-06-28T03:59:33.723+0000] {processor.py:186} INFO - Started process (PID=5765) to work on /opt/airflow/dags/driven_data_pipeline.py
[2025-06-28T03:59:33.724+0000] {processor.py:914} INFO - Processing file /opt/airflow/dags/driven_data_pipeline.py for tasks to queue
[2025-06-28T03:59:33.728+0000] {logging_mixin.py:190} INFO - [2025-06-28T03:59:33.727+0000] {dagbag.py:588} INFO - Filling up the DagBag from /opt/airflow/dags/driven_data_pipeline.py
[2025-06-28T03:59:33.907+0000] {processor.py:925} INFO - DAG(s) 'extract_raw_data_pipeline' retrieved from /opt/airflow/dags/driven_data_pipeline.py
[2025-06-28T03:59:33.931+0000] {logging_mixin.py:190} INFO - [2025-06-28T03:59:33.930+0000] {dag.py:3239} INFO - Sync 1 DAGs
[2025-06-28T03:59:33.956+0000] {logging_mixin.py:190} INFO - [2025-06-28T03:59:33.955+0000] {dag.py:4180} INFO - Setting next_dagrun for extract_raw_data_pipeline to 2025-06-27 07:58:00+00:00, run_after=2025-06-27 07:59:00+00:00
[2025-06-28T03:59:33.990+0000] {processor.py:208} INFO - Processing /opt/airflow/dags/driven_data_pipeline.py took 0.274 seconds
[2025-06-28T04:00:04.113+0000] {processor.py:186} INFO - Started process (PID=5773) to work on /opt/airflow/dags/driven_data_pipeline.py
[2025-06-28T04:00:04.236+0000] {processor.py:914} INFO - Processing file /opt/airflow/dags/driven_data_pipeline.py for tasks to queue
[2025-06-28T04:00:04.246+0000] {logging_mixin.py:190} INFO - [2025-06-28T04:00:04.244+0000] {dagbag.py:588} INFO - Filling up the DagBag from /opt/airflow/dags/driven_data_pipeline.py
[2025-06-28T04:00:04.451+0000] {processor.py:925} INFO - DAG(s) 'extract_raw_data_pipeline' retrieved from /opt/airflow/dags/driven_data_pipeline.py
[2025-06-28T04:00:04.476+0000] {logging_mixin.py:190} INFO - [2025-06-28T04:00:04.476+0000] {dag.py:3239} INFO - Sync 1 DAGs
[2025-06-28T04:00:04.500+0000] {logging_mixin.py:190} INFO - [2025-06-28T04:00:04.500+0000] {dag.py:4180} INFO - Setting next_dagrun for extract_raw_data_pipeline to 2025-06-27 07:58:00+00:00, run_after=2025-06-27 07:59:00+00:00
[2025-06-28T04:00:04.533+0000] {processor.py:208} INFO - Processing /opt/airflow/dags/driven_data_pipeline.py took 0.427 seconds
[2025-06-28T04:00:34.658+0000] {processor.py:186} INFO - Started process (PID=5781) to work on /opt/airflow/dags/driven_data_pipeline.py
[2025-06-28T04:00:34.659+0000] {processor.py:914} INFO - Processing file /opt/airflow/dags/driven_data_pipeline.py for tasks to queue
[2025-06-28T04:00:34.662+0000] {logging_mixin.py:190} INFO - [2025-06-28T04:00:34.662+0000] {dagbag.py:588} INFO - Filling up the DagBag from /opt/airflow/dags/driven_data_pipeline.py
[2025-06-28T04:00:34.856+0000] {processor.py:925} INFO - DAG(s) 'extract_raw_data_pipeline' retrieved from /opt/airflow/dags/driven_data_pipeline.py
[2025-06-28T04:00:34.882+0000] {logging_mixin.py:190} INFO - [2025-06-28T04:00:34.882+0000] {dag.py:3239} INFO - Sync 1 DAGs
[2025-06-28T04:00:34.910+0000] {logging_mixin.py:190} INFO - [2025-06-28T04:00:34.909+0000] {dag.py:4180} INFO - Setting next_dagrun for extract_raw_data_pipeline to 2025-06-27 07:58:00+00:00, run_after=2025-06-27 07:59:00+00:00
[2025-06-28T04:00:34.951+0000] {processor.py:208} INFO - Processing /opt/airflow/dags/driven_data_pipeline.py took 0.302 seconds
[2025-06-28T04:01:05.194+0000] {processor.py:186} INFO - Started process (PID=5789) to work on /opt/airflow/dags/driven_data_pipeline.py
[2025-06-28T04:01:05.209+0000] {processor.py:914} INFO - Processing file /opt/airflow/dags/driven_data_pipeline.py for tasks to queue
[2025-06-28T04:01:05.212+0000] {logging_mixin.py:190} INFO - [2025-06-28T04:01:05.212+0000] {dagbag.py:588} INFO - Filling up the DagBag from /opt/airflow/dags/driven_data_pipeline.py
[2025-06-28T04:01:05.480+0000] {processor.py:925} INFO - DAG(s) 'extract_raw_data_pipeline' retrieved from /opt/airflow/dags/driven_data_pipeline.py
[2025-06-28T04:01:05.520+0000] {logging_mixin.py:190} INFO - [2025-06-28T04:01:05.520+0000] {dag.py:3239} INFO - Sync 1 DAGs
[2025-06-28T04:01:05.556+0000] {logging_mixin.py:190} INFO - [2025-06-28T04:01:05.556+0000] {dag.py:4180} INFO - Setting next_dagrun for extract_raw_data_pipeline to 2025-06-27 07:58:00+00:00, run_after=2025-06-27 07:59:00+00:00
[2025-06-28T04:01:05.606+0000] {processor.py:208} INFO - Processing /opt/airflow/dags/driven_data_pipeline.py took 0.422 seconds
[2025-06-28T04:01:35.964+0000] {processor.py:186} INFO - Started process (PID=5797) to work on /opt/airflow/dags/driven_data_pipeline.py
[2025-06-28T04:01:35.965+0000] {processor.py:914} INFO - Processing file /opt/airflow/dags/driven_data_pipeline.py for tasks to queue
[2025-06-28T04:01:35.968+0000] {logging_mixin.py:190} INFO - [2025-06-28T04:01:35.967+0000] {dagbag.py:588} INFO - Filling up the DagBag from /opt/airflow/dags/driven_data_pipeline.py
[2025-06-28T04:01:36.222+0000] {processor.py:925} INFO - DAG(s) 'extract_raw_data_pipeline' retrieved from /opt/airflow/dags/driven_data_pipeline.py
[2025-06-28T04:01:36.256+0000] {logging_mixin.py:190} INFO - [2025-06-28T04:01:36.255+0000] {dag.py:3239} INFO - Sync 1 DAGs
[2025-06-28T04:01:36.289+0000] {logging_mixin.py:190} INFO - [2025-06-28T04:01:36.288+0000] {dag.py:4180} INFO - Setting next_dagrun for extract_raw_data_pipeline to 2025-06-27 07:58:00+00:00, run_after=2025-06-27 07:59:00+00:00
[2025-06-28T04:01:36.327+0000] {processor.py:208} INFO - Processing /opt/airflow/dags/driven_data_pipeline.py took 0.374 seconds
[2025-06-28T04:02:06.719+0000] {processor.py:186} INFO - Started process (PID=5805) to work on /opt/airflow/dags/driven_data_pipeline.py
[2025-06-28T04:02:06.730+0000] {processor.py:914} INFO - Processing file /opt/airflow/dags/driven_data_pipeline.py for tasks to queue
[2025-06-28T04:02:06.733+0000] {logging_mixin.py:190} INFO - [2025-06-28T04:02:06.733+0000] {dagbag.py:588} INFO - Filling up the DagBag from /opt/airflow/dags/driven_data_pipeline.py
[2025-06-28T04:02:06.913+0000] {processor.py:925} INFO - DAG(s) 'extract_raw_data_pipeline' retrieved from /opt/airflow/dags/driven_data_pipeline.py
[2025-06-28T04:02:06.938+0000] {logging_mixin.py:190} INFO - [2025-06-28T04:02:06.938+0000] {dag.py:3239} INFO - Sync 1 DAGs
[2025-06-28T04:02:06.961+0000] {logging_mixin.py:190} INFO - [2025-06-28T04:02:06.961+0000] {dag.py:4180} INFO - Setting next_dagrun for extract_raw_data_pipeline to 2025-06-27 07:58:00+00:00, run_after=2025-06-27 07:59:00+00:00
[2025-06-28T04:02:07.007+0000] {processor.py:208} INFO - Processing /opt/airflow/dags/driven_data_pipeline.py took 0.297 seconds
[2025-06-28T04:02:37.404+0000] {processor.py:186} INFO - Started process (PID=5814) to work on /opt/airflow/dags/driven_data_pipeline.py
[2025-06-28T04:02:37.407+0000] {processor.py:914} INFO - Processing file /opt/airflow/dags/driven_data_pipeline.py for tasks to queue
[2025-06-28T04:02:37.418+0000] {logging_mixin.py:190} INFO - [2025-06-28T04:02:37.416+0000] {dagbag.py:588} INFO - Filling up the DagBag from /opt/airflow/dags/driven_data_pipeline.py
[2025-06-28T04:02:37.648+0000] {processor.py:925} INFO - DAG(s) 'extract_raw_data_pipeline' retrieved from /opt/airflow/dags/driven_data_pipeline.py
[2025-06-28T04:02:37.677+0000] {logging_mixin.py:190} INFO - [2025-06-28T04:02:37.676+0000] {dag.py:3239} INFO - Sync 1 DAGs
[2025-06-28T04:02:37.703+0000] {logging_mixin.py:190} INFO - [2025-06-28T04:02:37.703+0000] {dag.py:4180} INFO - Setting next_dagrun for extract_raw_data_pipeline to 2025-06-27 07:58:00+00:00, run_after=2025-06-27 07:59:00+00:00
[2025-06-28T04:02:38.834+0000] {processor.py:208} INFO - Processing /opt/airflow/dags/driven_data_pipeline.py took 1.471 seconds
[2025-06-28T04:03:09.281+0000] {processor.py:186} INFO - Started process (PID=5822) to work on /opt/airflow/dags/driven_data_pipeline.py
[2025-06-28T04:03:09.288+0000] {processor.py:914} INFO - Processing file /opt/airflow/dags/driven_data_pipeline.py for tasks to queue
[2025-06-28T04:03:09.292+0000] {logging_mixin.py:190} INFO - [2025-06-28T04:03:09.291+0000] {dagbag.py:588} INFO - Filling up the DagBag from /opt/airflow/dags/driven_data_pipeline.py
[2025-06-28T04:03:09.519+0000] {processor.py:925} INFO - DAG(s) 'extract_raw_data_pipeline' retrieved from /opt/airflow/dags/driven_data_pipeline.py
[2025-06-28T04:03:09.552+0000] {logging_mixin.py:190} INFO - [2025-06-28T04:03:09.552+0000] {dag.py:3239} INFO - Sync 1 DAGs
[2025-06-28T04:03:09.581+0000] {logging_mixin.py:190} INFO - [2025-06-28T04:03:09.581+0000] {dag.py:4180} INFO - Setting next_dagrun for extract_raw_data_pipeline to 2025-06-27 07:58:00+00:00, run_after=2025-06-27 07:59:00+00:00
[2025-06-28T04:03:10.038+0000] {processor.py:208} INFO - Processing /opt/airflow/dags/driven_data_pipeline.py took 0.765 seconds
[2025-06-28T04:03:40.142+0000] {processor.py:186} INFO - Started process (PID=5829) to work on /opt/airflow/dags/driven_data_pipeline.py
[2025-06-28T04:03:40.144+0000] {processor.py:914} INFO - Processing file /opt/airflow/dags/driven_data_pipeline.py for tasks to queue
[2025-06-28T04:03:40.148+0000] {logging_mixin.py:190} INFO - [2025-06-28T04:03:40.148+0000] {dagbag.py:588} INFO - Filling up the DagBag from /opt/airflow/dags/driven_data_pipeline.py
[2025-06-28T04:03:40.370+0000] {processor.py:925} INFO - DAG(s) 'extract_raw_data_pipeline' retrieved from /opt/airflow/dags/driven_data_pipeline.py
[2025-06-28T04:03:40.400+0000] {logging_mixin.py:190} INFO - [2025-06-28T04:03:40.400+0000] {dag.py:3239} INFO - Sync 1 DAGs
[2025-06-28T04:03:40.433+0000] {logging_mixin.py:190} INFO - [2025-06-28T04:03:40.433+0000] {dag.py:4180} INFO - Setting next_dagrun for extract_raw_data_pipeline to 2025-06-27 07:58:00+00:00, run_after=2025-06-27 07:59:00+00:00
[2025-06-28T04:03:40.482+0000] {processor.py:208} INFO - Processing /opt/airflow/dags/driven_data_pipeline.py took 0.365 seconds
[2025-06-28T04:04:10.821+0000] {processor.py:186} INFO - Started process (PID=5837) to work on /opt/airflow/dags/driven_data_pipeline.py
[2025-06-28T04:04:10.822+0000] {processor.py:914} INFO - Processing file /opt/airflow/dags/driven_data_pipeline.py for tasks to queue
[2025-06-28T04:04:10.826+0000] {logging_mixin.py:190} INFO - [2025-06-28T04:04:10.825+0000] {dagbag.py:588} INFO - Filling up the DagBag from /opt/airflow/dags/driven_data_pipeline.py
[2025-06-28T04:04:11.045+0000] {processor.py:925} INFO - DAG(s) 'extract_raw_data_pipeline' retrieved from /opt/airflow/dags/driven_data_pipeline.py
[2025-06-28T04:04:11.085+0000] {logging_mixin.py:190} INFO - [2025-06-28T04:04:11.085+0000] {dag.py:3239} INFO - Sync 1 DAGs
[2025-06-28T04:04:11.118+0000] {logging_mixin.py:190} INFO - [2025-06-28T04:04:11.118+0000] {dag.py:4180} INFO - Setting next_dagrun for extract_raw_data_pipeline to 2025-06-27 07:58:00+00:00, run_after=2025-06-27 07:59:00+00:00
[2025-06-28T04:04:11.154+0000] {processor.py:208} INFO - Processing /opt/airflow/dags/driven_data_pipeline.py took 0.341 seconds
[2025-06-28T04:04:41.230+0000] {processor.py:186} INFO - Started process (PID=5845) to work on /opt/airflow/dags/driven_data_pipeline.py
[2025-06-28T04:04:41.231+0000] {processor.py:914} INFO - Processing file /opt/airflow/dags/driven_data_pipeline.py for tasks to queue
[2025-06-28T04:04:41.235+0000] {logging_mixin.py:190} INFO - [2025-06-28T04:04:41.234+0000] {dagbag.py:588} INFO - Filling up the DagBag from /opt/airflow/dags/driven_data_pipeline.py
[2025-06-28T04:04:41.612+0000] {processor.py:925} INFO - DAG(s) 'extract_raw_data_pipeline' retrieved from /opt/airflow/dags/driven_data_pipeline.py
[2025-06-28T04:04:41.665+0000] {logging_mixin.py:190} INFO - [2025-06-28T04:04:41.664+0000] {dag.py:3239} INFO - Sync 1 DAGs
[2025-06-28T04:04:41.720+0000] {logging_mixin.py:190} INFO - [2025-06-28T04:04:41.720+0000] {dag.py:4180} INFO - Setting next_dagrun for extract_raw_data_pipeline to 2025-06-27 07:58:00+00:00, run_after=2025-06-27 07:59:00+00:00
[2025-06-28T04:04:41.777+0000] {processor.py:208} INFO - Processing /opt/airflow/dags/driven_data_pipeline.py took 0.561 seconds
[2025-06-28T04:05:11.904+0000] {processor.py:186} INFO - Started process (PID=5853) to work on /opt/airflow/dags/driven_data_pipeline.py
[2025-06-28T04:05:11.916+0000] {processor.py:914} INFO - Processing file /opt/airflow/dags/driven_data_pipeline.py for tasks to queue
[2025-06-28T04:05:11.926+0000] {logging_mixin.py:190} INFO - [2025-06-28T04:05:11.924+0000] {dagbag.py:588} INFO - Filling up the DagBag from /opt/airflow/dags/driven_data_pipeline.py
[2025-06-28T04:05:12.162+0000] {processor.py:925} INFO - DAG(s) 'extract_raw_data_pipeline' retrieved from /opt/airflow/dags/driven_data_pipeline.py
[2025-06-28T04:05:12.190+0000] {logging_mixin.py:190} INFO - [2025-06-28T04:05:12.190+0000] {dag.py:3239} INFO - Sync 1 DAGs
[2025-06-28T04:05:12.218+0000] {logging_mixin.py:190} INFO - [2025-06-28T04:05:12.218+0000] {dag.py:4180} INFO - Setting next_dagrun for extract_raw_data_pipeline to 2025-06-27 07:58:00+00:00, run_after=2025-06-27 07:59:00+00:00
[2025-06-28T04:05:12.259+0000] {processor.py:208} INFO - Processing /opt/airflow/dags/driven_data_pipeline.py took 0.380 seconds
[2025-06-28T04:05:42.577+0000] {processor.py:186} INFO - Started process (PID=5861) to work on /opt/airflow/dags/driven_data_pipeline.py
[2025-06-28T04:05:42.578+0000] {processor.py:914} INFO - Processing file /opt/airflow/dags/driven_data_pipeline.py for tasks to queue
[2025-06-28T04:05:42.581+0000] {logging_mixin.py:190} INFO - [2025-06-28T04:05:42.581+0000] {dagbag.py:588} INFO - Filling up the DagBag from /opt/airflow/dags/driven_data_pipeline.py
[2025-06-28T04:05:42.818+0000] {processor.py:925} INFO - DAG(s) 'extract_raw_data_pipeline' retrieved from /opt/airflow/dags/driven_data_pipeline.py
[2025-06-28T04:05:42.857+0000] {logging_mixin.py:190} INFO - [2025-06-28T04:05:42.856+0000] {dag.py:3239} INFO - Sync 1 DAGs
[2025-06-28T04:05:42.888+0000] {logging_mixin.py:190} INFO - [2025-06-28T04:05:42.888+0000] {dag.py:4180} INFO - Setting next_dagrun for extract_raw_data_pipeline to 2025-06-27 07:58:00+00:00, run_after=2025-06-27 07:59:00+00:00
[2025-06-28T04:05:42.935+0000] {processor.py:208} INFO - Processing /opt/airflow/dags/driven_data_pipeline.py took 0.370 seconds
[2025-06-28T04:06:13.102+0000] {processor.py:186} INFO - Started process (PID=5869) to work on /opt/airflow/dags/driven_data_pipeline.py
[2025-06-28T04:06:13.108+0000] {processor.py:914} INFO - Processing file /opt/airflow/dags/driven_data_pipeline.py for tasks to queue
[2025-06-28T04:06:13.118+0000] {logging_mixin.py:190} INFO - [2025-06-28T04:06:13.116+0000] {dagbag.py:588} INFO - Filling up the DagBag from /opt/airflow/dags/driven_data_pipeline.py
[2025-06-28T04:06:13.364+0000] {processor.py:925} INFO - DAG(s) 'extract_raw_data_pipeline' retrieved from /opt/airflow/dags/driven_data_pipeline.py
[2025-06-28T04:06:13.408+0000] {logging_mixin.py:190} INFO - [2025-06-28T04:06:13.408+0000] {dag.py:3239} INFO - Sync 1 DAGs
[2025-06-28T04:06:13.442+0000] {logging_mixin.py:190} INFO - [2025-06-28T04:06:13.441+0000] {dag.py:4180} INFO - Setting next_dagrun for extract_raw_data_pipeline to 2025-06-27 07:58:00+00:00, run_after=2025-06-27 07:59:00+00:00
[2025-06-28T04:06:13.529+0000] {processor.py:208} INFO - Processing /opt/airflow/dags/driven_data_pipeline.py took 0.471 seconds
[2025-06-28T04:06:43.739+0000] {processor.py:186} INFO - Started process (PID=5877) to work on /opt/airflow/dags/driven_data_pipeline.py
[2025-06-28T04:06:43.743+0000] {processor.py:914} INFO - Processing file /opt/airflow/dags/driven_data_pipeline.py for tasks to queue
[2025-06-28T04:06:43.750+0000] {logging_mixin.py:190} INFO - [2025-06-28T04:06:43.749+0000] {dagbag.py:588} INFO - Filling up the DagBag from /opt/airflow/dags/driven_data_pipeline.py
[2025-06-28T04:06:43.990+0000] {processor.py:925} INFO - DAG(s) 'extract_raw_data_pipeline' retrieved from /opt/airflow/dags/driven_data_pipeline.py
[2025-06-28T04:06:44.021+0000] {logging_mixin.py:190} INFO - [2025-06-28T04:06:44.021+0000] {dag.py:3239} INFO - Sync 1 DAGs
[2025-06-28T04:06:44.051+0000] {logging_mixin.py:190} INFO - [2025-06-28T04:06:44.051+0000] {dag.py:4180} INFO - Setting next_dagrun for extract_raw_data_pipeline to 2025-06-27 07:58:00+00:00, run_after=2025-06-27 07:59:00+00:00
[2025-06-28T04:06:44.099+0000] {processor.py:208} INFO - Processing /opt/airflow/dags/driven_data_pipeline.py took 0.388 seconds
[2025-06-28T04:07:14.311+0000] {processor.py:186} INFO - Started process (PID=5884) to work on /opt/airflow/dags/driven_data_pipeline.py
[2025-06-28T04:07:14.312+0000] {processor.py:914} INFO - Processing file /opt/airflow/dags/driven_data_pipeline.py for tasks to queue
[2025-06-28T04:07:14.315+0000] {logging_mixin.py:190} INFO - [2025-06-28T04:07:14.315+0000] {dagbag.py:588} INFO - Filling up the DagBag from /opt/airflow/dags/driven_data_pipeline.py
[2025-06-28T04:07:14.678+0000] {processor.py:925} INFO - DAG(s) 'extract_raw_data_pipeline' retrieved from /opt/airflow/dags/driven_data_pipeline.py
[2025-06-28T04:07:14.735+0000] {logging_mixin.py:190} INFO - [2025-06-28T04:07:14.735+0000] {dag.py:3239} INFO - Sync 1 DAGs
[2025-06-28T04:07:14.799+0000] {logging_mixin.py:190} INFO - [2025-06-28T04:07:14.798+0000] {dag.py:4180} INFO - Setting next_dagrun for extract_raw_data_pipeline to 2025-06-27 07:58:00+00:00, run_after=2025-06-27 07:59:00+00:00
[2025-06-28T04:07:14.861+0000] {processor.py:208} INFO - Processing /opt/airflow/dags/driven_data_pipeline.py took 0.564 seconds
[2025-06-28T04:07:45.266+0000] {processor.py:186} INFO - Started process (PID=5892) to work on /opt/airflow/dags/driven_data_pipeline.py
[2025-06-28T04:07:45.273+0000] {processor.py:914} INFO - Processing file /opt/airflow/dags/driven_data_pipeline.py for tasks to queue
[2025-06-28T04:07:45.276+0000] {logging_mixin.py:190} INFO - [2025-06-28T04:07:45.275+0000] {dagbag.py:588} INFO - Filling up the DagBag from /opt/airflow/dags/driven_data_pipeline.py
[2025-06-28T04:07:45.503+0000] {processor.py:925} INFO - DAG(s) 'extract_raw_data_pipeline' retrieved from /opt/airflow/dags/driven_data_pipeline.py
[2025-06-28T04:07:45.535+0000] {logging_mixin.py:190} INFO - [2025-06-28T04:07:45.535+0000] {dag.py:3239} INFO - Sync 1 DAGs
[2025-06-28T04:07:45.564+0000] {logging_mixin.py:190} INFO - [2025-06-28T04:07:45.564+0000] {dag.py:4180} INFO - Setting next_dagrun for extract_raw_data_pipeline to 2025-06-27 07:58:00+00:00, run_after=2025-06-27 07:59:00+00:00
[2025-06-28T04:07:45.609+0000] {processor.py:208} INFO - Processing /opt/airflow/dags/driven_data_pipeline.py took 0.351 seconds
[2025-06-28T04:08:15.984+0000] {processor.py:186} INFO - Started process (PID=5900) to work on /opt/airflow/dags/driven_data_pipeline.py
[2025-06-28T04:08:16.002+0000] {processor.py:914} INFO - Processing file /opt/airflow/dags/driven_data_pipeline.py for tasks to queue
[2025-06-28T04:08:16.004+0000] {logging_mixin.py:190} INFO - [2025-06-28T04:08:16.004+0000] {dagbag.py:588} INFO - Filling up the DagBag from /opt/airflow/dags/driven_data_pipeline.py
[2025-06-28T04:08:16.241+0000] {processor.py:925} INFO - DAG(s) 'extract_raw_data_pipeline' retrieved from /opt/airflow/dags/driven_data_pipeline.py
[2025-06-28T04:08:16.276+0000] {logging_mixin.py:190} INFO - [2025-06-28T04:08:16.276+0000] {dag.py:3239} INFO - Sync 1 DAGs
[2025-06-28T04:08:16.308+0000] {logging_mixin.py:190} INFO - [2025-06-28T04:08:16.308+0000] {dag.py:4180} INFO - Setting next_dagrun for extract_raw_data_pipeline to 2025-06-27 07:58:00+00:00, run_after=2025-06-27 07:59:00+00:00
[2025-06-28T04:08:16.350+0000] {processor.py:208} INFO - Processing /opt/airflow/dags/driven_data_pipeline.py took 0.376 seconds
[2025-06-28T04:08:46.719+0000] {processor.py:186} INFO - Started process (PID=5908) to work on /opt/airflow/dags/driven_data_pipeline.py
[2025-06-28T04:08:46.724+0000] {processor.py:914} INFO - Processing file /opt/airflow/dags/driven_data_pipeline.py for tasks to queue
[2025-06-28T04:08:46.729+0000] {logging_mixin.py:190} INFO - [2025-06-28T04:08:46.728+0000] {dagbag.py:588} INFO - Filling up the DagBag from /opt/airflow/dags/driven_data_pipeline.py
[2025-06-28T04:08:46.988+0000] {processor.py:925} INFO - DAG(s) 'extract_raw_data_pipeline' retrieved from /opt/airflow/dags/driven_data_pipeline.py
[2025-06-28T04:08:47.023+0000] {logging_mixin.py:190} INFO - [2025-06-28T04:08:47.023+0000] {dag.py:3239} INFO - Sync 1 DAGs
[2025-06-28T04:08:47.054+0000] {logging_mixin.py:190} INFO - [2025-06-28T04:08:47.054+0000] {dag.py:4180} INFO - Setting next_dagrun for extract_raw_data_pipeline to 2025-06-27 07:58:00+00:00, run_after=2025-06-27 07:59:00+00:00
[2025-06-28T04:08:47.103+0000] {processor.py:208} INFO - Processing /opt/airflow/dags/driven_data_pipeline.py took 0.396 seconds
[2025-06-28T04:09:17.151+0000] {processor.py:186} INFO - Started process (PID=5916) to work on /opt/airflow/dags/driven_data_pipeline.py
[2025-06-28T04:09:17.161+0000] {processor.py:914} INFO - Processing file /opt/airflow/dags/driven_data_pipeline.py for tasks to queue
[2025-06-28T04:09:17.163+0000] {logging_mixin.py:190} INFO - [2025-06-28T04:09:17.163+0000] {dagbag.py:588} INFO - Filling up the DagBag from /opt/airflow/dags/driven_data_pipeline.py
[2025-06-28T04:09:17.352+0000] {processor.py:925} INFO - DAG(s) 'extract_raw_data_pipeline' retrieved from /opt/airflow/dags/driven_data_pipeline.py
[2025-06-28T04:09:17.378+0000] {logging_mixin.py:190} INFO - [2025-06-28T04:09:17.378+0000] {dag.py:3239} INFO - Sync 1 DAGs
[2025-06-28T04:09:17.402+0000] {logging_mixin.py:190} INFO - [2025-06-28T04:09:17.401+0000] {dag.py:4180} INFO - Setting next_dagrun for extract_raw_data_pipeline to 2025-06-27 07:58:00+00:00, run_after=2025-06-27 07:59:00+00:00
[2025-06-28T04:09:17.435+0000] {processor.py:208} INFO - Processing /opt/airflow/dags/driven_data_pipeline.py took 0.291 seconds
[2025-06-28T04:09:47.829+0000] {processor.py:186} INFO - Started process (PID=5924) to work on /opt/airflow/dags/driven_data_pipeline.py
[2025-06-28T04:09:47.830+0000] {processor.py:914} INFO - Processing file /opt/airflow/dags/driven_data_pipeline.py for tasks to queue
[2025-06-28T04:09:47.834+0000] {logging_mixin.py:190} INFO - [2025-06-28T04:09:47.833+0000] {dagbag.py:588} INFO - Filling up the DagBag from /opt/airflow/dags/driven_data_pipeline.py
[2025-06-28T04:09:48.015+0000] {processor.py:925} INFO - DAG(s) 'extract_raw_data_pipeline' retrieved from /opt/airflow/dags/driven_data_pipeline.py
[2025-06-28T04:09:48.040+0000] {logging_mixin.py:190} INFO - [2025-06-28T04:09:48.039+0000] {dag.py:3239} INFO - Sync 1 DAGs
[2025-06-28T04:09:48.064+0000] {logging_mixin.py:190} INFO - [2025-06-28T04:09:48.064+0000] {dag.py:4180} INFO - Setting next_dagrun for extract_raw_data_pipeline to 2025-06-27 07:58:00+00:00, run_after=2025-06-27 07:59:00+00:00
[2025-06-28T04:09:49.237+0000] {processor.py:208} INFO - Processing /opt/airflow/dags/driven_data_pipeline.py took 1.418 seconds
[2025-06-28T04:10:19.597+0000] {processor.py:186} INFO - Started process (PID=5932) to work on /opt/airflow/dags/driven_data_pipeline.py
[2025-06-28T04:10:19.598+0000] {processor.py:914} INFO - Processing file /opt/airflow/dags/driven_data_pipeline.py for tasks to queue
[2025-06-28T04:10:19.601+0000] {logging_mixin.py:190} INFO - [2025-06-28T04:10:19.600+0000] {dagbag.py:588} INFO - Filling up the DagBag from /opt/airflow/dags/driven_data_pipeline.py
[2025-06-28T04:10:19.829+0000] {processor.py:925} INFO - DAG(s) 'extract_raw_data_pipeline' retrieved from /opt/airflow/dags/driven_data_pipeline.py
[2025-06-28T04:10:19.855+0000] {logging_mixin.py:190} INFO - [2025-06-28T04:10:19.854+0000] {dag.py:3239} INFO - Sync 1 DAGs
[2025-06-28T04:10:19.878+0000] {logging_mixin.py:190} INFO - [2025-06-28T04:10:19.878+0000] {dag.py:4180} INFO - Setting next_dagrun for extract_raw_data_pipeline to 2025-06-27 07:58:00+00:00, run_after=2025-06-27 07:59:00+00:00
[2025-06-28T04:10:19.913+0000] {processor.py:208} INFO - Processing /opt/airflow/dags/driven_data_pipeline.py took 0.323 seconds
[2025-06-28T04:10:49.949+0000] {processor.py:186} INFO - Started process (PID=5940) to work on /opt/airflow/dags/driven_data_pipeline.py
[2025-06-28T04:10:49.950+0000] {processor.py:914} INFO - Processing file /opt/airflow/dags/driven_data_pipeline.py for tasks to queue
[2025-06-28T04:10:49.953+0000] {logging_mixin.py:190} INFO - [2025-06-28T04:10:49.953+0000] {dagbag.py:588} INFO - Filling up the DagBag from /opt/airflow/dags/driven_data_pipeline.py
[2025-06-28T04:10:50.190+0000] {processor.py:925} INFO - DAG(s) 'extract_raw_data_pipeline' retrieved from /opt/airflow/dags/driven_data_pipeline.py
[2025-06-28T04:10:50.217+0000] {logging_mixin.py:190} INFO - [2025-06-28T04:10:50.217+0000] {dag.py:3239} INFO - Sync 1 DAGs
[2025-06-28T04:10:50.243+0000] {logging_mixin.py:190} INFO - [2025-06-28T04:10:50.242+0000] {dag.py:4180} INFO - Setting next_dagrun for extract_raw_data_pipeline to 2025-06-27 07:58:00+00:00, run_after=2025-06-27 07:59:00+00:00
[2025-06-28T04:10:50.281+0000] {processor.py:208} INFO - Processing /opt/airflow/dags/driven_data_pipeline.py took 0.342 seconds
[2025-06-28T04:11:20.544+0000] {processor.py:186} INFO - Started process (PID=5948) to work on /opt/airflow/dags/driven_data_pipeline.py
[2025-06-28T04:11:20.557+0000] {processor.py:914} INFO - Processing file /opt/airflow/dags/driven_data_pipeline.py for tasks to queue
[2025-06-28T04:11:20.560+0000] {logging_mixin.py:190} INFO - [2025-06-28T04:11:20.559+0000] {dagbag.py:588} INFO - Filling up the DagBag from /opt/airflow/dags/driven_data_pipeline.py
[2025-06-28T04:11:20.741+0000] {processor.py:925} INFO - DAG(s) 'extract_raw_data_pipeline' retrieved from /opt/airflow/dags/driven_data_pipeline.py
[2025-06-28T04:11:20.766+0000] {logging_mixin.py:190} INFO - [2025-06-28T04:11:20.766+0000] {dag.py:3239} INFO - Sync 1 DAGs
[2025-06-28T04:11:20.789+0000] {logging_mixin.py:190} INFO - [2025-06-28T04:11:20.789+0000] {dag.py:4180} INFO - Setting next_dagrun for extract_raw_data_pipeline to 2025-06-27 07:58:00+00:00, run_after=2025-06-27 07:59:00+00:00
[2025-06-28T04:11:20.825+0000] {processor.py:208} INFO - Processing /opt/airflow/dags/driven_data_pipeline.py took 0.289 seconds
[2025-06-28T04:11:50.967+0000] {processor.py:186} INFO - Started process (PID=5955) to work on /opt/airflow/dags/driven_data_pipeline.py
[2025-06-28T04:11:50.968+0000] {processor.py:914} INFO - Processing file /opt/airflow/dags/driven_data_pipeline.py for tasks to queue
[2025-06-28T04:11:50.972+0000] {logging_mixin.py:190} INFO - [2025-06-28T04:11:50.971+0000] {dagbag.py:588} INFO - Filling up the DagBag from /opt/airflow/dags/driven_data_pipeline.py
[2025-06-28T04:11:51.181+0000] {processor.py:925} INFO - DAG(s) 'extract_raw_data_pipeline' retrieved from /opt/airflow/dags/driven_data_pipeline.py
[2025-06-28T04:11:51.210+0000] {logging_mixin.py:190} INFO - [2025-06-28T04:11:51.210+0000] {dag.py:3239} INFO - Sync 1 DAGs
[2025-06-28T04:11:51.244+0000] {logging_mixin.py:190} INFO - [2025-06-28T04:11:51.244+0000] {dag.py:4180} INFO - Setting next_dagrun for extract_raw_data_pipeline to 2025-06-27 07:58:00+00:00, run_after=2025-06-27 07:59:00+00:00
[2025-06-28T04:11:51.287+0000] {processor.py:208} INFO - Processing /opt/airflow/dags/driven_data_pipeline.py took 0.334 seconds
[2025-06-28T04:12:21.447+0000] {processor.py:186} INFO - Started process (PID=5963) to work on /opt/airflow/dags/driven_data_pipeline.py
[2025-06-28T04:12:21.453+0000] {processor.py:914} INFO - Processing file /opt/airflow/dags/driven_data_pipeline.py for tasks to queue
[2025-06-28T04:12:21.456+0000] {logging_mixin.py:190} INFO - [2025-06-28T04:12:21.456+0000] {dagbag.py:588} INFO - Filling up the DagBag from /opt/airflow/dags/driven_data_pipeline.py
[2025-06-28T04:12:21.637+0000] {processor.py:925} INFO - DAG(s) 'extract_raw_data_pipeline' retrieved from /opt/airflow/dags/driven_data_pipeline.py
[2025-06-28T04:12:21.663+0000] {logging_mixin.py:190} INFO - [2025-06-28T04:12:21.662+0000] {dag.py:3239} INFO - Sync 1 DAGs
[2025-06-28T04:12:21.687+0000] {logging_mixin.py:190} INFO - [2025-06-28T04:12:21.687+0000] {dag.py:4180} INFO - Setting next_dagrun for extract_raw_data_pipeline to 2025-06-27 07:58:00+00:00, run_after=2025-06-27 07:59:00+00:00
[2025-06-28T04:12:21.776+0000] {processor.py:208} INFO - Processing /opt/airflow/dags/driven_data_pipeline.py took 0.338 seconds
[2025-06-28T04:12:51.925+0000] {processor.py:186} INFO - Started process (PID=5971) to work on /opt/airflow/dags/driven_data_pipeline.py
[2025-06-28T04:12:51.927+0000] {processor.py:914} INFO - Processing file /opt/airflow/dags/driven_data_pipeline.py for tasks to queue
[2025-06-28T04:12:51.930+0000] {logging_mixin.py:190} INFO - [2025-06-28T04:12:51.930+0000] {dagbag.py:588} INFO - Filling up the DagBag from /opt/airflow/dags/driven_data_pipeline.py
[2025-06-28T04:12:52.232+0000] {processor.py:925} INFO - DAG(s) 'extract_raw_data_pipeline' retrieved from /opt/airflow/dags/driven_data_pipeline.py
[2025-06-28T04:12:52.264+0000] {logging_mixin.py:190} INFO - [2025-06-28T04:12:52.264+0000] {dag.py:3239} INFO - Sync 1 DAGs
[2025-06-28T04:12:52.300+0000] {logging_mixin.py:190} INFO - [2025-06-28T04:12:52.299+0000] {dag.py:4180} INFO - Setting next_dagrun for extract_raw_data_pipeline to 2025-06-27 07:58:00+00:00, run_after=2025-06-27 07:59:00+00:00
[2025-06-28T04:12:52.344+0000] {processor.py:208} INFO - Processing /opt/airflow/dags/driven_data_pipeline.py took 0.429 seconds
[2025-06-28T04:13:22.461+0000] {processor.py:186} INFO - Started process (PID=5980) to work on /opt/airflow/dags/driven_data_pipeline.py
[2025-06-28T04:13:22.462+0000] {processor.py:914} INFO - Processing file /opt/airflow/dags/driven_data_pipeline.py for tasks to queue
[2025-06-28T04:13:22.465+0000] {logging_mixin.py:190} INFO - [2025-06-28T04:13:22.464+0000] {dagbag.py:588} INFO - Filling up the DagBag from /opt/airflow/dags/driven_data_pipeline.py
[2025-06-28T04:13:22.717+0000] {processor.py:925} INFO - DAG(s) 'extract_raw_data_pipeline' retrieved from /opt/airflow/dags/driven_data_pipeline.py
[2025-06-28T04:13:22.753+0000] {logging_mixin.py:190} INFO - [2025-06-28T04:13:22.752+0000] {dag.py:3239} INFO - Sync 1 DAGs
[2025-06-28T04:13:22.784+0000] {logging_mixin.py:190} INFO - [2025-06-28T04:13:22.784+0000] {dag.py:4180} INFO - Setting next_dagrun for extract_raw_data_pipeline to 2025-06-27 07:58:00+00:00, run_after=2025-06-27 07:59:00+00:00
[2025-06-28T04:13:22.833+0000] {processor.py:208} INFO - Processing /opt/airflow/dags/driven_data_pipeline.py took 0.384 seconds
[2025-06-28T04:13:52.998+0000] {processor.py:186} INFO - Started process (PID=5988) to work on /opt/airflow/dags/driven_data_pipeline.py
[2025-06-28T04:13:53.006+0000] {processor.py:914} INFO - Processing file /opt/airflow/dags/driven_data_pipeline.py for tasks to queue
[2025-06-28T04:13:53.016+0000] {logging_mixin.py:190} INFO - [2025-06-28T04:13:53.014+0000] {dagbag.py:588} INFO - Filling up the DagBag from /opt/airflow/dags/driven_data_pipeline.py
[2025-06-28T04:13:53.287+0000] {processor.py:925} INFO - DAG(s) 'extract_raw_data_pipeline' retrieved from /opt/airflow/dags/driven_data_pipeline.py
[2025-06-28T04:13:53.319+0000] {logging_mixin.py:190} INFO - [2025-06-28T04:13:53.319+0000] {dag.py:3239} INFO - Sync 1 DAGs
[2025-06-28T04:13:53.353+0000] {logging_mixin.py:190} INFO - [2025-06-28T04:13:53.353+0000] {dag.py:4180} INFO - Setting next_dagrun for extract_raw_data_pipeline to 2025-06-27 07:58:00+00:00, run_after=2025-06-27 07:59:00+00:00
[2025-06-28T04:13:53.445+0000] {processor.py:208} INFO - Processing /opt/airflow/dags/driven_data_pipeline.py took 0.473 seconds
[2025-06-28T04:14:23.610+0000] {processor.py:186} INFO - Started process (PID=5996) to work on /opt/airflow/dags/driven_data_pipeline.py
[2025-06-28T04:14:23.611+0000] {processor.py:914} INFO - Processing file /opt/airflow/dags/driven_data_pipeline.py for tasks to queue
[2025-06-28T04:14:23.614+0000] {logging_mixin.py:190} INFO - [2025-06-28T04:14:23.614+0000] {dagbag.py:588} INFO - Filling up the DagBag from /opt/airflow/dags/driven_data_pipeline.py
[2025-06-28T04:14:23.883+0000] {processor.py:925} INFO - DAG(s) 'extract_raw_data_pipeline' retrieved from /opt/airflow/dags/driven_data_pipeline.py
[2025-06-28T04:14:23.924+0000] {logging_mixin.py:190} INFO - [2025-06-28T04:14:23.923+0000] {dag.py:3239} INFO - Sync 1 DAGs
[2025-06-28T04:14:23.960+0000] {logging_mixin.py:190} INFO - [2025-06-28T04:14:23.959+0000] {dag.py:4180} INFO - Setting next_dagrun for extract_raw_data_pipeline to 2025-06-27 07:58:00+00:00, run_after=2025-06-27 07:59:00+00:00
[2025-06-28T04:14:24.009+0000] {processor.py:208} INFO - Processing /opt/airflow/dags/driven_data_pipeline.py took 0.409 seconds
[2025-06-28T04:14:54.216+0000] {processor.py:186} INFO - Started process (PID=6004) to work on /opt/airflow/dags/driven_data_pipeline.py
[2025-06-28T04:14:54.217+0000] {processor.py:914} INFO - Processing file /opt/airflow/dags/driven_data_pipeline.py for tasks to queue
[2025-06-28T04:14:54.222+0000] {logging_mixin.py:190} INFO - [2025-06-28T04:14:54.221+0000] {dagbag.py:588} INFO - Filling up the DagBag from /opt/airflow/dags/driven_data_pipeline.py
[2025-06-28T04:14:54.491+0000] {processor.py:925} INFO - DAG(s) 'extract_raw_data_pipeline' retrieved from /opt/airflow/dags/driven_data_pipeline.py
[2025-06-28T04:14:54.526+0000] {logging_mixin.py:190} INFO - [2025-06-28T04:14:54.526+0000] {dag.py:3239} INFO - Sync 1 DAGs
[2025-06-28T04:14:54.554+0000] {logging_mixin.py:190} INFO - [2025-06-28T04:14:54.554+0000] {dag.py:4180} INFO - Setting next_dagrun for extract_raw_data_pipeline to 2025-06-27 07:58:00+00:00, run_after=2025-06-27 07:59:00+00:00
[2025-06-28T04:14:54.659+0000] {processor.py:208} INFO - Processing /opt/airflow/dags/driven_data_pipeline.py took 0.456 seconds
[2025-06-28T04:15:25.014+0000] {processor.py:186} INFO - Started process (PID=6012) to work on /opt/airflow/dags/driven_data_pipeline.py
[2025-06-28T04:15:25.016+0000] {processor.py:914} INFO - Processing file /opt/airflow/dags/driven_data_pipeline.py for tasks to queue
[2025-06-28T04:15:25.021+0000] {logging_mixin.py:190} INFO - [2025-06-28T04:15:25.020+0000] {dagbag.py:588} INFO - Filling up the DagBag from /opt/airflow/dags/driven_data_pipeline.py
[2025-06-28T04:15:25.290+0000] {processor.py:925} INFO - DAG(s) 'extract_raw_data_pipeline' retrieved from /opt/airflow/dags/driven_data_pipeline.py
[2025-06-28T04:15:25.330+0000] {logging_mixin.py:190} INFO - [2025-06-28T04:15:25.329+0000] {dag.py:3239} INFO - Sync 1 DAGs
[2025-06-28T04:15:25.367+0000] {logging_mixin.py:190} INFO - [2025-06-28T04:15:25.367+0000] {dag.py:4180} INFO - Setting next_dagrun for extract_raw_data_pipeline to 2025-06-27 07:58:00+00:00, run_after=2025-06-27 07:59:00+00:00
[2025-06-28T04:15:25.409+0000] {processor.py:208} INFO - Processing /opt/airflow/dags/driven_data_pipeline.py took 0.404 seconds
[2025-06-28T04:15:55.833+0000] {processor.py:186} INFO - Started process (PID=6020) to work on /opt/airflow/dags/driven_data_pipeline.py
[2025-06-28T04:15:55.834+0000] {processor.py:914} INFO - Processing file /opt/airflow/dags/driven_data_pipeline.py for tasks to queue
[2025-06-28T04:15:55.838+0000] {logging_mixin.py:190} INFO - [2025-06-28T04:15:55.837+0000] {dagbag.py:588} INFO - Filling up the DagBag from /opt/airflow/dags/driven_data_pipeline.py
[2025-06-28T04:15:56.084+0000] {processor.py:925} INFO - DAG(s) 'extract_raw_data_pipeline' retrieved from /opt/airflow/dags/driven_data_pipeline.py
[2025-06-28T04:15:56.119+0000] {logging_mixin.py:190} INFO - [2025-06-28T04:15:56.119+0000] {dag.py:3239} INFO - Sync 1 DAGs
[2025-06-28T04:15:56.155+0000] {logging_mixin.py:190} INFO - [2025-06-28T04:15:56.155+0000] {dag.py:4180} INFO - Setting next_dagrun for extract_raw_data_pipeline to 2025-06-27 07:58:00+00:00, run_after=2025-06-27 07:59:00+00:00
[2025-06-28T04:15:57.282+0000] {processor.py:208} INFO - Processing /opt/airflow/dags/driven_data_pipeline.py took 1.462 seconds
[2025-06-28T04:16:27.607+0000] {processor.py:186} INFO - Started process (PID=6028) to work on /opt/airflow/dags/driven_data_pipeline.py
[2025-06-28T04:16:27.609+0000] {processor.py:914} INFO - Processing file /opt/airflow/dags/driven_data_pipeline.py for tasks to queue
[2025-06-28T04:16:27.612+0000] {logging_mixin.py:190} INFO - [2025-06-28T04:16:27.612+0000] {dagbag.py:588} INFO - Filling up the DagBag from /opt/airflow/dags/driven_data_pipeline.py
[2025-06-28T04:16:27.852+0000] {processor.py:925} INFO - DAG(s) 'extract_raw_data_pipeline' retrieved from /opt/airflow/dags/driven_data_pipeline.py
[2025-06-28T04:16:27.891+0000] {logging_mixin.py:190} INFO - [2025-06-28T04:16:27.891+0000] {dag.py:3239} INFO - Sync 1 DAGs
[2025-06-28T04:16:27.921+0000] {logging_mixin.py:190} INFO - [2025-06-28T04:16:27.921+0000] {dag.py:4180} INFO - Setting next_dagrun for extract_raw_data_pipeline to 2025-06-27 07:58:00+00:00, run_after=2025-06-27 07:59:00+00:00
[2025-06-28T04:16:27.953+0000] {processor.py:208} INFO - Processing /opt/airflow/dags/driven_data_pipeline.py took 0.357 seconds
[2025-06-28T04:16:58.328+0000] {processor.py:186} INFO - Started process (PID=6036) to work on /opt/airflow/dags/driven_data_pipeline.py
[2025-06-28T04:16:58.329+0000] {processor.py:914} INFO - Processing file /opt/airflow/dags/driven_data_pipeline.py for tasks to queue
[2025-06-28T04:16:58.335+0000] {logging_mixin.py:190} INFO - [2025-06-28T04:16:58.334+0000] {dagbag.py:588} INFO - Filling up the DagBag from /opt/airflow/dags/driven_data_pipeline.py
[2025-06-28T04:16:58.583+0000] {processor.py:925} INFO - DAG(s) 'extract_raw_data_pipeline' retrieved from /opt/airflow/dags/driven_data_pipeline.py
[2025-06-28T04:16:58.619+0000] {logging_mixin.py:190} INFO - [2025-06-28T04:16:58.618+0000] {dag.py:3239} INFO - Sync 1 DAGs
[2025-06-28T04:16:58.647+0000] {logging_mixin.py:190} INFO - [2025-06-28T04:16:58.647+0000] {dag.py:4180} INFO - Setting next_dagrun for extract_raw_data_pipeline to 2025-06-27 07:58:00+00:00, run_after=2025-06-27 07:59:00+00:00
[2025-06-28T04:16:58.738+0000] {processor.py:208} INFO - Processing /opt/airflow/dags/driven_data_pipeline.py took 0.420 seconds
[2025-06-28T04:17:29.166+0000] {processor.py:186} INFO - Started process (PID=6044) to work on /opt/airflow/dags/driven_data_pipeline.py
[2025-06-28T04:17:29.175+0000] {processor.py:914} INFO - Processing file /opt/airflow/dags/driven_data_pipeline.py for tasks to queue
[2025-06-28T04:17:29.178+0000] {logging_mixin.py:190} INFO - [2025-06-28T04:17:29.178+0000] {dagbag.py:588} INFO - Filling up the DagBag from /opt/airflow/dags/driven_data_pipeline.py
[2025-06-28T04:17:29.423+0000] {processor.py:925} INFO - DAG(s) 'extract_raw_data_pipeline' retrieved from /opt/airflow/dags/driven_data_pipeline.py
[2025-06-28T04:17:29.456+0000] {logging_mixin.py:190} INFO - [2025-06-28T04:17:29.456+0000] {dag.py:3239} INFO - Sync 1 DAGs
[2025-06-28T04:17:29.489+0000] {logging_mixin.py:190} INFO - [2025-06-28T04:17:29.489+0000] {dag.py:4180} INFO - Setting next_dagrun for extract_raw_data_pipeline to 2025-06-27 07:58:00+00:00, run_after=2025-06-27 07:59:00+00:00
[2025-06-28T04:17:29.539+0000] {processor.py:208} INFO - Processing /opt/airflow/dags/driven_data_pipeline.py took 0.384 seconds
[2025-06-28T04:17:59.936+0000] {processor.py:186} INFO - Started process (PID=6052) to work on /opt/airflow/dags/driven_data_pipeline.py
[2025-06-28T04:17:59.940+0000] {processor.py:914} INFO - Processing file /opt/airflow/dags/driven_data_pipeline.py for tasks to queue
[2025-06-28T04:17:59.947+0000] {logging_mixin.py:190} INFO - [2025-06-28T04:17:59.946+0000] {dagbag.py:588} INFO - Filling up the DagBag from /opt/airflow/dags/driven_data_pipeline.py
[2025-06-28T04:18:00.212+0000] {processor.py:925} INFO - DAG(s) 'extract_raw_data_pipeline' retrieved from /opt/airflow/dags/driven_data_pipeline.py
[2025-06-28T04:18:00.251+0000] {logging_mixin.py:190} INFO - [2025-06-28T04:18:00.251+0000] {dag.py:3239} INFO - Sync 1 DAGs
[2025-06-28T04:18:00.284+0000] {logging_mixin.py:190} INFO - [2025-06-28T04:18:00.284+0000] {dag.py:4180} INFO - Setting next_dagrun for extract_raw_data_pipeline to 2025-06-27 07:58:00+00:00, run_after=2025-06-27 07:59:00+00:00
[2025-06-28T04:18:00.323+0000] {processor.py:208} INFO - Processing /opt/airflow/dags/driven_data_pipeline.py took 0.418 seconds
[2025-06-28T04:18:30.684+0000] {processor.py:186} INFO - Started process (PID=6060) to work on /opt/airflow/dags/driven_data_pipeline.py
[2025-06-28T04:18:30.700+0000] {processor.py:914} INFO - Processing file /opt/airflow/dags/driven_data_pipeline.py for tasks to queue
[2025-06-28T04:18:30.703+0000] {logging_mixin.py:190} INFO - [2025-06-28T04:18:30.702+0000] {dagbag.py:588} INFO - Filling up the DagBag from /opt/airflow/dags/driven_data_pipeline.py
[2025-06-28T04:18:30.882+0000] {processor.py:925} INFO - DAG(s) 'extract_raw_data_pipeline' retrieved from /opt/airflow/dags/driven_data_pipeline.py
[2025-06-28T04:18:30.909+0000] {logging_mixin.py:190} INFO - [2025-06-28T04:18:30.909+0000] {dag.py:3239} INFO - Sync 1 DAGs
[2025-06-28T04:18:30.933+0000] {logging_mixin.py:190} INFO - [2025-06-28T04:18:30.932+0000] {dag.py:4180} INFO - Setting next_dagrun for extract_raw_data_pipeline to 2025-06-27 07:58:00+00:00, run_after=2025-06-27 07:59:00+00:00
[2025-06-28T04:18:30.972+0000] {processor.py:208} INFO - Processing /opt/airflow/dags/driven_data_pipeline.py took 0.294 seconds
[2025-06-28T04:19:01.039+0000] {processor.py:186} INFO - Started process (PID=6068) to work on /opt/airflow/dags/driven_data_pipeline.py
[2025-06-28T04:19:01.040+0000] {processor.py:914} INFO - Processing file /opt/airflow/dags/driven_data_pipeline.py for tasks to queue
[2025-06-28T04:19:01.043+0000] {logging_mixin.py:190} INFO - [2025-06-28T04:19:01.043+0000] {dagbag.py:588} INFO - Filling up the DagBag from /opt/airflow/dags/driven_data_pipeline.py
[2025-06-28T04:19:01.224+0000] {processor.py:925} INFO - DAG(s) 'extract_raw_data_pipeline' retrieved from /opt/airflow/dags/driven_data_pipeline.py
[2025-06-28T04:19:01.250+0000] {logging_mixin.py:190} INFO - [2025-06-28T04:19:01.250+0000] {dag.py:3239} INFO - Sync 1 DAGs
[2025-06-28T04:19:01.273+0000] {logging_mixin.py:190} INFO - [2025-06-28T04:19:01.273+0000] {dag.py:4180} INFO - Setting next_dagrun for extract_raw_data_pipeline to 2025-06-27 07:58:00+00:00, run_after=2025-06-27 07:59:00+00:00
[2025-06-28T04:19:01.306+0000] {processor.py:208} INFO - Processing /opt/airflow/dags/driven_data_pipeline.py took 0.277 seconds
[2025-06-28T04:19:31.695+0000] {processor.py:186} INFO - Started process (PID=6076) to work on /opt/airflow/dags/driven_data_pipeline.py
[2025-06-28T04:19:31.703+0000] {processor.py:914} INFO - Processing file /opt/airflow/dags/driven_data_pipeline.py for tasks to queue
[2025-06-28T04:19:31.705+0000] {logging_mixin.py:190} INFO - [2025-06-28T04:19:31.705+0000] {dagbag.py:588} INFO - Filling up the DagBag from /opt/airflow/dags/driven_data_pipeline.py
[2025-06-28T04:19:31.890+0000] {processor.py:925} INFO - DAG(s) 'extract_raw_data_pipeline' retrieved from /opt/airflow/dags/driven_data_pipeline.py
[2025-06-28T04:19:31.921+0000] {logging_mixin.py:190} INFO - [2025-06-28T04:19:31.921+0000] {dag.py:3239} INFO - Sync 1 DAGs
[2025-06-28T04:19:31.960+0000] {logging_mixin.py:190} INFO - [2025-06-28T04:19:31.960+0000] {dag.py:4180} INFO - Setting next_dagrun for extract_raw_data_pipeline to 2025-06-27 07:58:00+00:00, run_after=2025-06-27 07:59:00+00:00
[2025-06-28T04:19:32.022+0000] {processor.py:208} INFO - Processing /opt/airflow/dags/driven_data_pipeline.py took 0.336 seconds
[2025-06-28T04:20:02.401+0000] {processor.py:186} INFO - Started process (PID=6084) to work on /opt/airflow/dags/driven_data_pipeline.py
[2025-06-28T04:20:02.403+0000] {processor.py:914} INFO - Processing file /opt/airflow/dags/driven_data_pipeline.py for tasks to queue
[2025-06-28T04:20:02.407+0000] {logging_mixin.py:190} INFO - [2025-06-28T04:20:02.406+0000] {dagbag.py:588} INFO - Filling up the DagBag from /opt/airflow/dags/driven_data_pipeline.py
[2025-06-28T04:20:02.603+0000] {processor.py:925} INFO - DAG(s) 'extract_raw_data_pipeline' retrieved from /opt/airflow/dags/driven_data_pipeline.py
[2025-06-28T04:20:02.628+0000] {logging_mixin.py:190} INFO - [2025-06-28T04:20:02.627+0000] {dag.py:3239} INFO - Sync 1 DAGs
[2025-06-28T04:20:02.652+0000] {logging_mixin.py:190} INFO - [2025-06-28T04:20:02.652+0000] {dag.py:4180} INFO - Setting next_dagrun for extract_raw_data_pipeline to 2025-06-27 07:58:00+00:00, run_after=2025-06-27 07:59:00+00:00
[2025-06-28T04:20:02.689+0000] {processor.py:208} INFO - Processing /opt/airflow/dags/driven_data_pipeline.py took 0.298 seconds
[2025-06-28T04:20:32.779+0000] {processor.py:186} INFO - Started process (PID=6098) to work on /opt/airflow/dags/driven_data_pipeline.py
[2025-06-28T04:20:32.780+0000] {processor.py:914} INFO - Processing file /opt/airflow/dags/driven_data_pipeline.py for tasks to queue
[2025-06-28T04:20:32.782+0000] {logging_mixin.py:190} INFO - [2025-06-28T04:20:32.781+0000] {dagbag.py:588} INFO - Filling up the DagBag from /opt/airflow/dags/driven_data_pipeline.py
[2025-06-28T04:20:32.971+0000] {processor.py:925} INFO - DAG(s) 'extract_raw_data_pipeline' retrieved from /opt/airflow/dags/driven_data_pipeline.py
[2025-06-28T04:20:32.998+0000] {logging_mixin.py:190} INFO - [2025-06-28T04:20:32.998+0000] {dag.py:3239} INFO - Sync 1 DAGs
[2025-06-28T04:20:33.024+0000] {logging_mixin.py:190} INFO - [2025-06-28T04:20:33.024+0000] {dag.py:4180} INFO - Setting next_dagrun for extract_raw_data_pipeline to 2025-06-27 07:58:00+00:00, run_after=2025-06-27 07:59:00+00:00
[2025-06-28T04:20:33.261+0000] {processor.py:208} INFO - Processing /opt/airflow/dags/driven_data_pipeline.py took 0.488 seconds
[2025-06-28T04:21:03.371+0000] {processor.py:186} INFO - Started process (PID=6106) to work on /opt/airflow/dags/driven_data_pipeline.py
[2025-06-28T04:21:03.372+0000] {processor.py:914} INFO - Processing file /opt/airflow/dags/driven_data_pipeline.py for tasks to queue
[2025-06-28T04:21:03.375+0000] {logging_mixin.py:190} INFO - [2025-06-28T04:21:03.374+0000] {dagbag.py:588} INFO - Filling up the DagBag from /opt/airflow/dags/driven_data_pipeline.py
[2025-06-28T04:21:03.551+0000] {processor.py:925} INFO - DAG(s) 'extract_raw_data_pipeline' retrieved from /opt/airflow/dags/driven_data_pipeline.py
[2025-06-28T04:21:03.579+0000] {logging_mixin.py:190} INFO - [2025-06-28T04:21:03.579+0000] {dag.py:3239} INFO - Sync 1 DAGs
[2025-06-28T04:21:03.601+0000] {logging_mixin.py:190} INFO - [2025-06-28T04:21:03.601+0000] {dag.py:4180} INFO - Setting next_dagrun for extract_raw_data_pipeline to 2025-06-27 07:58:00+00:00, run_after=2025-06-27 07:59:00+00:00
[2025-06-28T04:21:03.638+0000] {processor.py:208} INFO - Processing /opt/airflow/dags/driven_data_pipeline.py took 0.275 seconds
[2025-06-28T04:21:33.886+0000] {processor.py:186} INFO - Started process (PID=6114) to work on /opt/airflow/dags/driven_data_pipeline.py
[2025-06-28T04:21:33.903+0000] {processor.py:914} INFO - Processing file /opt/airflow/dags/driven_data_pipeline.py for tasks to queue
[2025-06-28T04:21:33.907+0000] {logging_mixin.py:190} INFO - [2025-06-28T04:21:33.906+0000] {dagbag.py:588} INFO - Filling up the DagBag from /opt/airflow/dags/driven_data_pipeline.py
[2025-06-28T04:21:34.152+0000] {processor.py:925} INFO - DAG(s) 'extract_raw_data_pipeline' retrieved from /opt/airflow/dags/driven_data_pipeline.py
[2025-06-28T04:21:34.183+0000] {logging_mixin.py:190} INFO - [2025-06-28T04:21:34.183+0000] {dag.py:3239} INFO - Sync 1 DAGs
[2025-06-28T04:21:34.211+0000] {logging_mixin.py:190} INFO - [2025-06-28T04:21:34.211+0000] {dag.py:4180} INFO - Setting next_dagrun for extract_raw_data_pipeline to 2025-06-27 07:58:00+00:00, run_after=2025-06-27 07:59:00+00:00
[2025-06-28T04:21:34.282+0000] {processor.py:208} INFO - Processing /opt/airflow/dags/driven_data_pipeline.py took 0.407 seconds
[2025-06-28T04:22:04.746+0000] {processor.py:186} INFO - Started process (PID=6123) to work on /opt/airflow/dags/driven_data_pipeline.py
[2025-06-28T04:22:04.750+0000] {processor.py:914} INFO - Processing file /opt/airflow/dags/driven_data_pipeline.py for tasks to queue
[2025-06-28T04:22:04.757+0000] {logging_mixin.py:190} INFO - [2025-06-28T04:22:04.756+0000] {dagbag.py:588} INFO - Filling up the DagBag from /opt/airflow/dags/driven_data_pipeline.py
[2025-06-28T04:22:04.960+0000] {processor.py:925} INFO - DAG(s) 'extract_raw_data_pipeline' retrieved from /opt/airflow/dags/driven_data_pipeline.py
[2025-06-28T04:22:04.988+0000] {logging_mixin.py:190} INFO - [2025-06-28T04:22:04.987+0000] {dag.py:3239} INFO - Sync 1 DAGs
[2025-06-28T04:22:05.013+0000] {logging_mixin.py:190} INFO - [2025-06-28T04:22:05.013+0000] {dag.py:4180} INFO - Setting next_dagrun for extract_raw_data_pipeline to 2025-06-27 07:58:00+00:00, run_after=2025-06-27 07:59:00+00:00
[2025-06-28T04:22:05.051+0000] {processor.py:208} INFO - Processing /opt/airflow/dags/driven_data_pipeline.py took 0.342 seconds
[2025-06-28T04:22:35.541+0000] {processor.py:186} INFO - Started process (PID=6131) to work on /opt/airflow/dags/driven_data_pipeline.py
[2025-06-28T04:22:35.550+0000] {processor.py:914} INFO - Processing file /opt/airflow/dags/driven_data_pipeline.py for tasks to queue
[2025-06-28T04:22:35.564+0000] {logging_mixin.py:190} INFO - [2025-06-28T04:22:35.562+0000] {dagbag.py:588} INFO - Filling up the DagBag from /opt/airflow/dags/driven_data_pipeline.py
[2025-06-28T04:22:35.782+0000] {processor.py:925} INFO - DAG(s) 'extract_raw_data_pipeline' retrieved from /opt/airflow/dags/driven_data_pipeline.py
[2025-06-28T04:22:35.809+0000] {logging_mixin.py:190} INFO - [2025-06-28T04:22:35.809+0000] {dag.py:3239} INFO - Sync 1 DAGs
[2025-06-28T04:22:35.834+0000] {logging_mixin.py:190} INFO - [2025-06-28T04:22:35.834+0000] {dag.py:4180} INFO - Setting next_dagrun for extract_raw_data_pipeline to 2025-06-27 07:58:00+00:00, run_after=2025-06-27 07:59:00+00:00
[2025-06-28T04:22:35.870+0000] {processor.py:208} INFO - Processing /opt/airflow/dags/driven_data_pipeline.py took 0.367 seconds
[2025-06-28T04:23:06.338+0000] {processor.py:186} INFO - Started process (PID=6139) to work on /opt/airflow/dags/driven_data_pipeline.py
[2025-06-28T04:23:06.343+0000] {processor.py:914} INFO - Processing file /opt/airflow/dags/driven_data_pipeline.py for tasks to queue
[2025-06-28T04:23:06.350+0000] {logging_mixin.py:190} INFO - [2025-06-28T04:23:06.349+0000] {dagbag.py:588} INFO - Filling up the DagBag from /opt/airflow/dags/driven_data_pipeline.py
[2025-06-28T04:23:06.555+0000] {processor.py:925} INFO - DAG(s) 'extract_raw_data_pipeline' retrieved from /opt/airflow/dags/driven_data_pipeline.py
[2025-06-28T04:23:06.581+0000] {logging_mixin.py:190} INFO - [2025-06-28T04:23:06.581+0000] {dag.py:3239} INFO - Sync 1 DAGs
[2025-06-28T04:23:06.607+0000] {logging_mixin.py:190} INFO - [2025-06-28T04:23:06.606+0000] {dag.py:4180} INFO - Setting next_dagrun for extract_raw_data_pipeline to 2025-06-27 07:58:00+00:00, run_after=2025-06-27 07:59:00+00:00
[2025-06-28T04:23:06.643+0000] {processor.py:208} INFO - Processing /opt/airflow/dags/driven_data_pipeline.py took 0.341 seconds
[2025-06-28T04:23:36.741+0000] {processor.py:186} INFO - Started process (PID=6147) to work on /opt/airflow/dags/driven_data_pipeline.py
[2025-06-28T04:23:36.755+0000] {processor.py:914} INFO - Processing file /opt/airflow/dags/driven_data_pipeline.py for tasks to queue
[2025-06-28T04:23:36.759+0000] {logging_mixin.py:190} INFO - [2025-06-28T04:23:36.758+0000] {dagbag.py:588} INFO - Filling up the DagBag from /opt/airflow/dags/driven_data_pipeline.py
[2025-06-28T04:23:36.965+0000] {processor.py:925} INFO - DAG(s) 'extract_raw_data_pipeline' retrieved from /opt/airflow/dags/driven_data_pipeline.py
[2025-06-28T04:23:36.993+0000] {logging_mixin.py:190} INFO - [2025-06-28T04:23:36.993+0000] {dag.py:3239} INFO - Sync 1 DAGs
[2025-06-28T04:23:37.016+0000] {logging_mixin.py:190} INFO - [2025-06-28T04:23:37.016+0000] {dag.py:4180} INFO - Setting next_dagrun for extract_raw_data_pipeline to 2025-06-27 07:58:00+00:00, run_after=2025-06-27 07:59:00+00:00
[2025-06-28T04:23:37.064+0000] {processor.py:208} INFO - Processing /opt/airflow/dags/driven_data_pipeline.py took 0.348 seconds
[2025-06-28T04:24:07.496+0000] {processor.py:186} INFO - Started process (PID=6156) to work on /opt/airflow/dags/driven_data_pipeline.py
[2025-06-28T04:24:07.498+0000] {processor.py:914} INFO - Processing file /opt/airflow/dags/driven_data_pipeline.py for tasks to queue
[2025-06-28T04:24:07.502+0000] {logging_mixin.py:190} INFO - [2025-06-28T04:24:07.502+0000] {dagbag.py:588} INFO - Filling up the DagBag from /opt/airflow/dags/driven_data_pipeline.py
[2025-06-28T04:24:07.719+0000] {processor.py:925} INFO - DAG(s) 'extract_raw_data_pipeline' retrieved from /opt/airflow/dags/driven_data_pipeline.py
[2025-06-28T04:24:07.745+0000] {logging_mixin.py:190} INFO - [2025-06-28T04:24:07.745+0000] {dag.py:3239} INFO - Sync 1 DAGs
[2025-06-28T04:24:07.779+0000] {logging_mixin.py:190} INFO - [2025-06-28T04:24:07.778+0000] {dag.py:4180} INFO - Setting next_dagrun for extract_raw_data_pipeline to 2025-06-27 07:58:00+00:00, run_after=2025-06-27 07:59:00+00:00
[2025-06-28T04:24:07.826+0000] {processor.py:208} INFO - Processing /opt/airflow/dags/driven_data_pipeline.py took 0.350 seconds
[2025-06-28T04:24:37.962+0000] {processor.py:186} INFO - Started process (PID=6164) to work on /opt/airflow/dags/driven_data_pipeline.py
[2025-06-28T04:24:37.977+0000] {processor.py:914} INFO - Processing file /opt/airflow/dags/driven_data_pipeline.py for tasks to queue
[2025-06-28T04:24:37.987+0000] {logging_mixin.py:190} INFO - [2025-06-28T04:24:37.985+0000] {dagbag.py:588} INFO - Filling up the DagBag from /opt/airflow/dags/driven_data_pipeline.py
[2025-06-28T04:24:38.233+0000] {processor.py:925} INFO - DAG(s) 'extract_raw_data_pipeline' retrieved from /opt/airflow/dags/driven_data_pipeline.py
[2025-06-28T04:24:38.260+0000] {logging_mixin.py:190} INFO - [2025-06-28T04:24:38.260+0000] {dag.py:3239} INFO - Sync 1 DAGs
[2025-06-28T04:24:38.284+0000] {logging_mixin.py:190} INFO - [2025-06-28T04:24:38.284+0000] {dag.py:4180} INFO - Setting next_dagrun for extract_raw_data_pipeline to 2025-06-27 07:58:00+00:00, run_after=2025-06-27 07:59:00+00:00
[2025-06-28T04:24:38.323+0000] {processor.py:208} INFO - Processing /opt/airflow/dags/driven_data_pipeline.py took 0.394 seconds
[2025-06-28T04:25:08.649+0000] {processor.py:186} INFO - Started process (PID=6172) to work on /opt/airflow/dags/driven_data_pipeline.py
[2025-06-28T04:25:08.650+0000] {processor.py:914} INFO - Processing file /opt/airflow/dags/driven_data_pipeline.py for tasks to queue
[2025-06-28T04:25:08.652+0000] {logging_mixin.py:190} INFO - [2025-06-28T04:25:08.651+0000] {dagbag.py:588} INFO - Filling up the DagBag from /opt/airflow/dags/driven_data_pipeline.py
[2025-06-28T04:25:08.880+0000] {processor.py:925} INFO - DAG(s) 'extract_raw_data_pipeline' retrieved from /opt/airflow/dags/driven_data_pipeline.py
[2025-06-28T04:25:08.915+0000] {logging_mixin.py:190} INFO - [2025-06-28T04:25:08.914+0000] {dag.py:3239} INFO - Sync 1 DAGs
[2025-06-28T04:25:08.946+0000] {logging_mixin.py:190} INFO - [2025-06-28T04:25:08.946+0000] {dag.py:4180} INFO - Setting next_dagrun for extract_raw_data_pipeline to 2025-06-27 07:58:00+00:00, run_after=2025-06-27 07:59:00+00:00
[2025-06-28T04:25:08.994+0000] {processor.py:208} INFO - Processing /opt/airflow/dags/driven_data_pipeline.py took 0.351 seconds
[2025-06-28T04:25:39.203+0000] {processor.py:186} INFO - Started process (PID=6180) to work on /opt/airflow/dags/driven_data_pipeline.py
[2025-06-28T04:25:39.288+0000] {processor.py:914} INFO - Processing file /opt/airflow/dags/driven_data_pipeline.py for tasks to queue
[2025-06-28T04:25:39.291+0000] {logging_mixin.py:190} INFO - [2025-06-28T04:25:39.291+0000] {dagbag.py:588} INFO - Filling up the DagBag from /opt/airflow/dags/driven_data_pipeline.py
[2025-06-28T04:25:39.567+0000] {processor.py:925} INFO - DAG(s) 'extract_raw_data_pipeline' retrieved from /opt/airflow/dags/driven_data_pipeline.py
[2025-06-28T04:25:39.610+0000] {logging_mixin.py:190} INFO - [2025-06-28T04:25:39.610+0000] {dag.py:3239} INFO - Sync 1 DAGs
[2025-06-28T04:25:39.649+0000] {logging_mixin.py:190} INFO - [2025-06-28T04:25:39.649+0000] {dag.py:4180} INFO - Setting next_dagrun for extract_raw_data_pipeline to 2025-06-27 07:58:00+00:00, run_after=2025-06-27 07:59:00+00:00
[2025-06-28T04:25:39.704+0000] {processor.py:208} INFO - Processing /opt/airflow/dags/driven_data_pipeline.py took 0.508 seconds
[2025-06-28T04:26:09.938+0000] {processor.py:186} INFO - Started process (PID=6188) to work on /opt/airflow/dags/driven_data_pipeline.py
[2025-06-28T04:26:09.941+0000] {processor.py:914} INFO - Processing file /opt/airflow/dags/driven_data_pipeline.py for tasks to queue
[2025-06-28T04:26:09.948+0000] {logging_mixin.py:190} INFO - [2025-06-28T04:26:09.947+0000] {dagbag.py:588} INFO - Filling up the DagBag from /opt/airflow/dags/driven_data_pipeline.py
[2025-06-28T04:26:10.151+0000] {processor.py:925} INFO - DAG(s) 'extract_raw_data_pipeline' retrieved from /opt/airflow/dags/driven_data_pipeline.py
[2025-06-28T04:26:10.177+0000] {logging_mixin.py:190} INFO - [2025-06-28T04:26:10.177+0000] {dag.py:3239} INFO - Sync 1 DAGs
[2025-06-28T04:26:10.204+0000] {logging_mixin.py:190} INFO - [2025-06-28T04:26:10.203+0000] {dag.py:4180} INFO - Setting next_dagrun for extract_raw_data_pipeline to 2025-06-27 07:58:00+00:00, run_after=2025-06-27 07:59:00+00:00
[2025-06-28T04:26:10.255+0000] {processor.py:208} INFO - Processing /opt/airflow/dags/driven_data_pipeline.py took 0.350 seconds
[2025-06-28T04:26:40.581+0000] {processor.py:186} INFO - Started process (PID=6196) to work on /opt/airflow/dags/driven_data_pipeline.py
[2025-06-28T04:26:40.587+0000] {processor.py:914} INFO - Processing file /opt/airflow/dags/driven_data_pipeline.py for tasks to queue
[2025-06-28T04:26:40.601+0000] {logging_mixin.py:190} INFO - [2025-06-28T04:26:40.597+0000] {dagbag.py:588} INFO - Filling up the DagBag from /opt/airflow/dags/driven_data_pipeline.py
[2025-06-28T04:26:40.823+0000] {processor.py:925} INFO - DAG(s) 'extract_raw_data_pipeline' retrieved from /opt/airflow/dags/driven_data_pipeline.py
[2025-06-28T04:26:40.854+0000] {logging_mixin.py:190} INFO - [2025-06-28T04:26:40.854+0000] {dag.py:3239} INFO - Sync 1 DAGs
[2025-06-28T04:26:40.878+0000] {logging_mixin.py:190} INFO - [2025-06-28T04:26:40.878+0000] {dag.py:4180} INFO - Setting next_dagrun for extract_raw_data_pipeline to 2025-06-27 07:58:00+00:00, run_after=2025-06-27 07:59:00+00:00
[2025-06-28T04:26:40.920+0000] {processor.py:208} INFO - Processing /opt/airflow/dags/driven_data_pipeline.py took 0.379 seconds
[2025-06-28T04:27:11.138+0000] {processor.py:186} INFO - Started process (PID=6205) to work on /opt/airflow/dags/driven_data_pipeline.py
[2025-06-28T04:27:11.150+0000] {processor.py:914} INFO - Processing file /opt/airflow/dags/driven_data_pipeline.py for tasks to queue
[2025-06-28T04:27:11.154+0000] {logging_mixin.py:190} INFO - [2025-06-28T04:27:11.154+0000] {dagbag.py:588} INFO - Filling up the DagBag from /opt/airflow/dags/driven_data_pipeline.py
[2025-06-28T04:27:11.366+0000] {processor.py:925} INFO - DAG(s) 'extract_raw_data_pipeline' retrieved from /opt/airflow/dags/driven_data_pipeline.py
[2025-06-28T04:27:11.392+0000] {logging_mixin.py:190} INFO - [2025-06-28T04:27:11.392+0000] {dag.py:3239} INFO - Sync 1 DAGs
[2025-06-28T04:27:11.416+0000] {logging_mixin.py:190} INFO - [2025-06-28T04:27:11.416+0000] {dag.py:4180} INFO - Setting next_dagrun for extract_raw_data_pipeline to 2025-06-27 07:58:00+00:00, run_after=2025-06-27 07:59:00+00:00
[2025-06-28T04:27:11.469+0000] {processor.py:208} INFO - Processing /opt/airflow/dags/driven_data_pipeline.py took 0.351 seconds
[2025-06-28T04:27:41.701+0000] {processor.py:186} INFO - Started process (PID=6213) to work on /opt/airflow/dags/driven_data_pipeline.py
[2025-06-28T04:27:41.713+0000] {processor.py:914} INFO - Processing file /opt/airflow/dags/driven_data_pipeline.py for tasks to queue
[2025-06-28T04:27:41.717+0000] {logging_mixin.py:190} INFO - [2025-06-28T04:27:41.716+0000] {dagbag.py:588} INFO - Filling up the DagBag from /opt/airflow/dags/driven_data_pipeline.py
[2025-06-28T04:27:41.909+0000] {processor.py:925} INFO - DAG(s) 'extract_raw_data_pipeline' retrieved from /opt/airflow/dags/driven_data_pipeline.py
[2025-06-28T04:27:41.937+0000] {logging_mixin.py:190} INFO - [2025-06-28T04:27:41.936+0000] {dag.py:3239} INFO - Sync 1 DAGs
[2025-06-28T04:27:41.962+0000] {logging_mixin.py:190} INFO - [2025-06-28T04:27:41.961+0000] {dag.py:4180} INFO - Setting next_dagrun for extract_raw_data_pipeline to 2025-06-27 07:58:00+00:00, run_after=2025-06-27 07:59:00+00:00
[2025-06-28T04:27:42.007+0000] {processor.py:208} INFO - Processing /opt/airflow/dags/driven_data_pipeline.py took 0.316 seconds
[2025-06-28T04:28:12.374+0000] {processor.py:186} INFO - Started process (PID=6221) to work on /opt/airflow/dags/driven_data_pipeline.py
[2025-06-28T04:28:12.377+0000] {processor.py:914} INFO - Processing file /opt/airflow/dags/driven_data_pipeline.py for tasks to queue
[2025-06-28T04:28:12.384+0000] {logging_mixin.py:190} INFO - [2025-06-28T04:28:12.383+0000] {dagbag.py:588} INFO - Filling up the DagBag from /opt/airflow/dags/driven_data_pipeline.py
[2025-06-28T04:28:12.616+0000] {processor.py:925} INFO - DAG(s) 'extract_raw_data_pipeline' retrieved from /opt/airflow/dags/driven_data_pipeline.py
[2025-06-28T04:28:12.642+0000] {logging_mixin.py:190} INFO - [2025-06-28T04:28:12.641+0000] {dag.py:3239} INFO - Sync 1 DAGs
[2025-06-28T04:28:12.670+0000] {logging_mixin.py:190} INFO - [2025-06-28T04:28:12.670+0000] {dag.py:4180} INFO - Setting next_dagrun for extract_raw_data_pipeline to 2025-06-27 07:58:00+00:00, run_after=2025-06-27 07:59:00+00:00
[2025-06-28T04:28:12.723+0000] {processor.py:208} INFO - Processing /opt/airflow/dags/driven_data_pipeline.py took 0.388 seconds
[2025-06-28T04:28:42.931+0000] {processor.py:186} INFO - Started process (PID=6229) to work on /opt/airflow/dags/driven_data_pipeline.py
[2025-06-28T04:28:42.936+0000] {processor.py:914} INFO - Processing file /opt/airflow/dags/driven_data_pipeline.py for tasks to queue
[2025-06-28T04:28:42.942+0000] {logging_mixin.py:190} INFO - [2025-06-28T04:28:42.941+0000] {dagbag.py:588} INFO - Filling up the DagBag from /opt/airflow/dags/driven_data_pipeline.py
[2025-06-28T04:28:43.143+0000] {processor.py:925} INFO - DAG(s) 'extract_raw_data_pipeline' retrieved from /opt/airflow/dags/driven_data_pipeline.py
[2025-06-28T04:28:43.170+0000] {logging_mixin.py:190} INFO - [2025-06-28T04:28:43.170+0000] {dag.py:3239} INFO - Sync 1 DAGs
[2025-06-28T04:28:43.195+0000] {logging_mixin.py:190} INFO - [2025-06-28T04:28:43.194+0000] {dag.py:4180} INFO - Setting next_dagrun for extract_raw_data_pipeline to 2025-06-27 07:58:00+00:00, run_after=2025-06-27 07:59:00+00:00
[2025-06-28T04:28:43.236+0000] {processor.py:208} INFO - Processing /opt/airflow/dags/driven_data_pipeline.py took 0.333 seconds
[2025-06-28T04:29:13.700+0000] {processor.py:186} INFO - Started process (PID=6236) to work on /opt/airflow/dags/driven_data_pipeline.py
[2025-06-28T04:29:13.702+0000] {processor.py:914} INFO - Processing file /opt/airflow/dags/driven_data_pipeline.py for tasks to queue
[2025-06-28T04:29:13.706+0000] {logging_mixin.py:190} INFO - [2025-06-28T04:29:13.706+0000] {dagbag.py:588} INFO - Filling up the DagBag from /opt/airflow/dags/driven_data_pipeline.py
[2025-06-28T04:29:13.903+0000] {processor.py:925} INFO - DAG(s) 'extract_raw_data_pipeline' retrieved from /opt/airflow/dags/driven_data_pipeline.py
[2025-06-28T04:29:13.928+0000] {logging_mixin.py:190} INFO - [2025-06-28T04:29:13.928+0000] {dag.py:3239} INFO - Sync 1 DAGs
[2025-06-28T04:29:13.954+0000] {logging_mixin.py:190} INFO - [2025-06-28T04:29:13.954+0000] {dag.py:4180} INFO - Setting next_dagrun for extract_raw_data_pipeline to 2025-06-27 07:58:00+00:00, run_after=2025-06-27 07:59:00+00:00
[2025-06-28T04:29:14.016+0000] {processor.py:208} INFO - Processing /opt/airflow/dags/driven_data_pipeline.py took 0.342 seconds
[2025-06-28T04:29:44.168+0000] {processor.py:186} INFO - Started process (PID=6244) to work on /opt/airflow/dags/driven_data_pipeline.py
[2025-06-28T04:29:44.174+0000] {processor.py:914} INFO - Processing file /opt/airflow/dags/driven_data_pipeline.py for tasks to queue
[2025-06-28T04:29:44.181+0000] {logging_mixin.py:190} INFO - [2025-06-28T04:29:44.180+0000] {dagbag.py:588} INFO - Filling up the DagBag from /opt/airflow/dags/driven_data_pipeline.py
[2025-06-28T04:29:44.386+0000] {processor.py:925} INFO - DAG(s) 'extract_raw_data_pipeline' retrieved from /opt/airflow/dags/driven_data_pipeline.py
[2025-06-28T04:29:44.412+0000] {logging_mixin.py:190} INFO - [2025-06-28T04:29:44.411+0000] {dag.py:3239} INFO - Sync 1 DAGs
[2025-06-28T04:29:44.437+0000] {logging_mixin.py:190} INFO - [2025-06-28T04:29:44.437+0000] {dag.py:4180} INFO - Setting next_dagrun for extract_raw_data_pipeline to 2025-06-27 07:58:00+00:00, run_after=2025-06-27 07:59:00+00:00
[2025-06-28T04:29:44.485+0000] {processor.py:208} INFO - Processing /opt/airflow/dags/driven_data_pipeline.py took 0.341 seconds
[2025-06-28T04:30:14.974+0000] {processor.py:186} INFO - Started process (PID=6252) to work on /opt/airflow/dags/driven_data_pipeline.py
[2025-06-28T04:30:14.977+0000] {processor.py:914} INFO - Processing file /opt/airflow/dags/driven_data_pipeline.py for tasks to queue
[2025-06-28T04:30:14.987+0000] {logging_mixin.py:190} INFO - [2025-06-28T04:30:14.986+0000] {dagbag.py:588} INFO - Filling up the DagBag from /opt/airflow/dags/driven_data_pipeline.py
[2025-06-28T04:30:15.224+0000] {processor.py:925} INFO - DAG(s) 'extract_raw_data_pipeline' retrieved from /opt/airflow/dags/driven_data_pipeline.py
[2025-06-28T04:30:15.250+0000] {logging_mixin.py:190} INFO - [2025-06-28T04:30:15.249+0000] {dag.py:3239} INFO - Sync 1 DAGs
[2025-06-28T04:30:15.278+0000] {logging_mixin.py:190} INFO - [2025-06-28T04:30:15.278+0000] {dag.py:4180} INFO - Setting next_dagrun for extract_raw_data_pipeline to 2025-06-27 07:58:00+00:00, run_after=2025-06-27 07:59:00+00:00
[2025-06-28T04:30:15.316+0000] {processor.py:208} INFO - Processing /opt/airflow/dags/driven_data_pipeline.py took 0.372 seconds
[2025-06-28T04:30:45.416+0000] {processor.py:186} INFO - Started process (PID=6260) to work on /opt/airflow/dags/driven_data_pipeline.py
[2025-06-28T04:30:45.424+0000] {processor.py:914} INFO - Processing file /opt/airflow/dags/driven_data_pipeline.py for tasks to queue
[2025-06-28T04:30:45.428+0000] {logging_mixin.py:190} INFO - [2025-06-28T04:30:45.427+0000] {dagbag.py:588} INFO - Filling up the DagBag from /opt/airflow/dags/driven_data_pipeline.py
[2025-06-28T04:30:45.729+0000] {processor.py:925} INFO - DAG(s) 'extract_raw_data_pipeline' retrieved from /opt/airflow/dags/driven_data_pipeline.py
[2025-06-28T04:30:45.773+0000] {logging_mixin.py:190} INFO - [2025-06-28T04:30:45.772+0000] {dag.py:3239} INFO - Sync 1 DAGs
[2025-06-28T04:30:45.813+0000] {logging_mixin.py:190} INFO - [2025-06-28T04:30:45.813+0000] {dag.py:4180} INFO - Setting next_dagrun for extract_raw_data_pipeline to 2025-06-27 07:58:00+00:00, run_after=2025-06-27 07:59:00+00:00
[2025-06-28T04:30:45.860+0000] {processor.py:208} INFO - Processing /opt/airflow/dags/driven_data_pipeline.py took 0.455 seconds
[2025-06-28T04:31:16.320+0000] {processor.py:186} INFO - Started process (PID=6268) to work on /opt/airflow/dags/driven_data_pipeline.py
[2025-06-28T04:31:16.322+0000] {processor.py:914} INFO - Processing file /opt/airflow/dags/driven_data_pipeline.py for tasks to queue
[2025-06-28T04:31:16.328+0000] {logging_mixin.py:190} INFO - [2025-06-28T04:31:16.327+0000] {dagbag.py:588} INFO - Filling up the DagBag from /opt/airflow/dags/driven_data_pipeline.py
[2025-06-28T04:31:16.533+0000] {processor.py:925} INFO - DAG(s) 'extract_raw_data_pipeline' retrieved from /opt/airflow/dags/driven_data_pipeline.py
[2025-06-28T04:31:16.560+0000] {logging_mixin.py:190} INFO - [2025-06-28T04:31:16.560+0000] {dag.py:3239} INFO - Sync 1 DAGs
[2025-06-28T04:31:16.584+0000] {logging_mixin.py:190} INFO - [2025-06-28T04:31:16.583+0000] {dag.py:4180} INFO - Setting next_dagrun for extract_raw_data_pipeline to 2025-06-27 07:58:00+00:00, run_after=2025-06-27 07:59:00+00:00
[2025-06-28T04:31:16.619+0000] {processor.py:208} INFO - Processing /opt/airflow/dags/driven_data_pipeline.py took 0.334 seconds
[2025-06-28T04:31:46.781+0000] {processor.py:186} INFO - Started process (PID=6276) to work on /opt/airflow/dags/driven_data_pipeline.py
[2025-06-28T04:31:46.794+0000] {processor.py:914} INFO - Processing file /opt/airflow/dags/driven_data_pipeline.py for tasks to queue
[2025-06-28T04:31:46.798+0000] {logging_mixin.py:190} INFO - [2025-06-28T04:31:46.798+0000] {dagbag.py:588} INFO - Filling up the DagBag from /opt/airflow/dags/driven_data_pipeline.py
[2025-06-28T04:31:47.001+0000] {processor.py:925} INFO - DAG(s) 'extract_raw_data_pipeline' retrieved from /opt/airflow/dags/driven_data_pipeline.py
[2025-06-28T04:31:47.027+0000] {logging_mixin.py:190} INFO - [2025-06-28T04:31:47.027+0000] {dag.py:3239} INFO - Sync 1 DAGs
[2025-06-28T04:31:47.051+0000] {logging_mixin.py:190} INFO - [2025-06-28T04:31:47.051+0000] {dag.py:4180} INFO - Setting next_dagrun for extract_raw_data_pipeline to 2025-06-27 07:58:00+00:00, run_after=2025-06-27 07:59:00+00:00
[2025-06-28T04:31:47.103+0000] {processor.py:208} INFO - Processing /opt/airflow/dags/driven_data_pipeline.py took 0.338 seconds
[2025-06-28T04:32:17.584+0000] {processor.py:186} INFO - Started process (PID=6284) to work on /opt/airflow/dags/driven_data_pipeline.py
[2025-06-28T04:32:17.586+0000] {processor.py:914} INFO - Processing file /opt/airflow/dags/driven_data_pipeline.py for tasks to queue
[2025-06-28T04:32:17.590+0000] {logging_mixin.py:190} INFO - [2025-06-28T04:32:17.589+0000] {dagbag.py:588} INFO - Filling up the DagBag from /opt/airflow/dags/driven_data_pipeline.py
[2025-06-28T04:32:17.781+0000] {processor.py:925} INFO - DAG(s) 'extract_raw_data_pipeline' retrieved from /opt/airflow/dags/driven_data_pipeline.py
[2025-06-28T04:32:17.807+0000] {logging_mixin.py:190} INFO - [2025-06-28T04:32:17.807+0000] {dag.py:3239} INFO - Sync 1 DAGs
[2025-06-28T04:32:17.835+0000] {logging_mixin.py:190} INFO - [2025-06-28T04:32:17.835+0000] {dag.py:4180} INFO - Setting next_dagrun for extract_raw_data_pipeline to 2025-06-27 07:58:00+00:00, run_after=2025-06-27 07:59:00+00:00
[2025-06-28T04:32:17.880+0000] {processor.py:208} INFO - Processing /opt/airflow/dags/driven_data_pipeline.py took 0.323 seconds
[2025-06-28T04:32:48.105+0000] {processor.py:186} INFO - Started process (PID=6292) to work on /opt/airflow/dags/driven_data_pipeline.py
[2025-06-28T04:32:48.108+0000] {processor.py:914} INFO - Processing file /opt/airflow/dags/driven_data_pipeline.py for tasks to queue
[2025-06-28T04:32:48.114+0000] {logging_mixin.py:190} INFO - [2025-06-28T04:32:48.113+0000] {dagbag.py:588} INFO - Filling up the DagBag from /opt/airflow/dags/driven_data_pipeline.py
[2025-06-28T04:32:48.330+0000] {processor.py:925} INFO - DAG(s) 'extract_raw_data_pipeline' retrieved from /opt/airflow/dags/driven_data_pipeline.py
[2025-06-28T04:32:48.372+0000] {logging_mixin.py:190} INFO - [2025-06-28T04:32:48.371+0000] {dag.py:3239} INFO - Sync 1 DAGs
[2025-06-28T04:32:48.410+0000] {logging_mixin.py:190} INFO - [2025-06-28T04:32:48.410+0000] {dag.py:4180} INFO - Setting next_dagrun for extract_raw_data_pipeline to 2025-06-27 07:58:00+00:00, run_after=2025-06-27 07:59:00+00:00
[2025-06-28T04:32:48.465+0000] {processor.py:208} INFO - Processing /opt/airflow/dags/driven_data_pipeline.py took 0.398 seconds
[2025-06-28T04:33:18.738+0000] {processor.py:186} INFO - Started process (PID=6301) to work on /opt/airflow/dags/driven_data_pipeline.py
[2025-06-28T04:33:18.739+0000] {processor.py:914} INFO - Processing file /opt/airflow/dags/driven_data_pipeline.py for tasks to queue
[2025-06-28T04:33:18.742+0000] {logging_mixin.py:190} INFO - [2025-06-28T04:33:18.741+0000] {dagbag.py:588} INFO - Filling up the DagBag from /opt/airflow/dags/driven_data_pipeline.py
[2025-06-28T04:33:18.940+0000] {processor.py:925} INFO - DAG(s) 'extract_raw_data_pipeline' retrieved from /opt/airflow/dags/driven_data_pipeline.py
[2025-06-28T04:33:18.965+0000] {logging_mixin.py:190} INFO - [2025-06-28T04:33:18.965+0000] {dag.py:3239} INFO - Sync 1 DAGs
[2025-06-28T04:33:18.989+0000] {logging_mixin.py:190} INFO - [2025-06-28T04:33:18.989+0000] {dag.py:4180} INFO - Setting next_dagrun for extract_raw_data_pipeline to 2025-06-27 07:58:00+00:00, run_after=2025-06-27 07:59:00+00:00
[2025-06-28T04:33:19.193+0000] {processor.py:208} INFO - Processing /opt/airflow/dags/driven_data_pipeline.py took 0.465 seconds
[2025-06-28T04:33:49.386+0000] {processor.py:186} INFO - Started process (PID=6309) to work on /opt/airflow/dags/driven_data_pipeline.py
[2025-06-28T04:33:49.387+0000] {processor.py:914} INFO - Processing file /opt/airflow/dags/driven_data_pipeline.py for tasks to queue
[2025-06-28T04:33:49.392+0000] {logging_mixin.py:190} INFO - [2025-06-28T04:33:49.391+0000] {dagbag.py:588} INFO - Filling up the DagBag from /opt/airflow/dags/driven_data_pipeline.py
[2025-06-28T04:33:49.598+0000] {processor.py:925} INFO - DAG(s) 'extract_raw_data_pipeline' retrieved from /opt/airflow/dags/driven_data_pipeline.py
[2025-06-28T04:33:49.623+0000] {logging_mixin.py:190} INFO - [2025-06-28T04:33:49.623+0000] {dag.py:3239} INFO - Sync 1 DAGs
[2025-06-28T04:33:49.648+0000] {logging_mixin.py:190} INFO - [2025-06-28T04:33:49.648+0000] {dag.py:4180} INFO - Setting next_dagrun for extract_raw_data_pipeline to 2025-06-27 07:58:00+00:00, run_after=2025-06-27 07:59:00+00:00
[2025-06-28T04:33:49.678+0000] {processor.py:208} INFO - Processing /opt/airflow/dags/driven_data_pipeline.py took 0.319 seconds
[2025-06-28T04:34:20.128+0000] {processor.py:186} INFO - Started process (PID=6317) to work on /opt/airflow/dags/driven_data_pipeline.py
[2025-06-28T04:34:20.136+0000] {processor.py:914} INFO - Processing file /opt/airflow/dags/driven_data_pipeline.py for tasks to queue
[2025-06-28T04:34:20.151+0000] {logging_mixin.py:190} INFO - [2025-06-28T04:34:20.148+0000] {dagbag.py:588} INFO - Filling up the DagBag from /opt/airflow/dags/driven_data_pipeline.py
[2025-06-28T04:34:20.365+0000] {processor.py:925} INFO - DAG(s) 'extract_raw_data_pipeline' retrieved from /opt/airflow/dags/driven_data_pipeline.py
[2025-06-28T04:34:20.389+0000] {logging_mixin.py:190} INFO - [2025-06-28T04:34:20.389+0000] {dag.py:3239} INFO - Sync 1 DAGs
[2025-06-28T04:34:20.419+0000] {logging_mixin.py:190} INFO - [2025-06-28T04:34:20.419+0000] {dag.py:4180} INFO - Setting next_dagrun for extract_raw_data_pipeline to 2025-06-27 07:58:00+00:00, run_after=2025-06-27 07:59:00+00:00
[2025-06-28T04:34:20.458+0000] {processor.py:208} INFO - Processing /opt/airflow/dags/driven_data_pipeline.py took 0.372 seconds
[2025-06-28T04:34:50.558+0000] {processor.py:186} INFO - Started process (PID=6325) to work on /opt/airflow/dags/driven_data_pipeline.py
[2025-06-28T04:34:50.560+0000] {processor.py:914} INFO - Processing file /opt/airflow/dags/driven_data_pipeline.py for tasks to queue
[2025-06-28T04:34:50.566+0000] {logging_mixin.py:190} INFO - [2025-06-28T04:34:50.565+0000] {dagbag.py:588} INFO - Filling up the DagBag from /opt/airflow/dags/driven_data_pipeline.py
[2025-06-28T04:34:50.771+0000] {processor.py:925} INFO - DAG(s) 'extract_raw_data_pipeline' retrieved from /opt/airflow/dags/driven_data_pipeline.py
[2025-06-28T04:34:50.799+0000] {logging_mixin.py:190} INFO - [2025-06-28T04:34:50.798+0000] {dag.py:3239} INFO - Sync 1 DAGs
[2025-06-28T04:34:50.825+0000] {logging_mixin.py:190} INFO - [2025-06-28T04:34:50.824+0000] {dag.py:4180} INFO - Setting next_dagrun for extract_raw_data_pipeline to 2025-06-27 07:58:00+00:00, run_after=2025-06-27 07:59:00+00:00
[2025-06-28T04:34:50.885+0000] {processor.py:208} INFO - Processing /opt/airflow/dags/driven_data_pipeline.py took 0.359 seconds
[2025-06-28T04:35:21.413+0000] {processor.py:186} INFO - Started process (PID=6333) to work on /opt/airflow/dags/driven_data_pipeline.py
[2025-06-28T04:35:21.426+0000] {processor.py:914} INFO - Processing file /opt/airflow/dags/driven_data_pipeline.py for tasks to queue
[2025-06-28T04:35:21.430+0000] {logging_mixin.py:190} INFO - [2025-06-28T04:35:21.430+0000] {dagbag.py:588} INFO - Filling up the DagBag from /opt/airflow/dags/driven_data_pipeline.py
[2025-06-28T04:35:21.628+0000] {processor.py:925} INFO - DAG(s) 'extract_raw_data_pipeline' retrieved from /opt/airflow/dags/driven_data_pipeline.py
[2025-06-28T04:35:21.655+0000] {logging_mixin.py:190} INFO - [2025-06-28T04:35:21.655+0000] {dag.py:3239} INFO - Sync 1 DAGs
[2025-06-28T04:35:21.682+0000] {logging_mixin.py:190} INFO - [2025-06-28T04:35:21.681+0000] {dag.py:4180} INFO - Setting next_dagrun for extract_raw_data_pipeline to 2025-06-27 07:58:00+00:00, run_after=2025-06-27 07:59:00+00:00
[2025-06-28T04:35:21.742+0000] {processor.py:208} INFO - Processing /opt/airflow/dags/driven_data_pipeline.py took 0.356 seconds
[2025-06-28T04:35:52.117+0000] {processor.py:186} INFO - Started process (PID=6341) to work on /opt/airflow/dags/driven_data_pipeline.py
[2025-06-28T04:35:52.118+0000] {processor.py:914} INFO - Processing file /opt/airflow/dags/driven_data_pipeline.py for tasks to queue
[2025-06-28T04:35:52.122+0000] {logging_mixin.py:190} INFO - [2025-06-28T04:35:52.121+0000] {dagbag.py:588} INFO - Filling up the DagBag from /opt/airflow/dags/driven_data_pipeline.py
[2025-06-28T04:35:52.303+0000] {processor.py:925} INFO - DAG(s) 'extract_raw_data_pipeline' retrieved from /opt/airflow/dags/driven_data_pipeline.py
[2025-06-28T04:35:52.329+0000] {logging_mixin.py:190} INFO - [2025-06-28T04:35:52.328+0000] {dag.py:3239} INFO - Sync 1 DAGs
[2025-06-28T04:35:52.351+0000] {logging_mixin.py:190} INFO - [2025-06-28T04:35:52.350+0000] {dag.py:4180} INFO - Setting next_dagrun for extract_raw_data_pipeline to 2025-06-27 07:58:00+00:00, run_after=2025-06-27 07:59:00+00:00
[2025-06-28T04:35:52.385+0000] {processor.py:208} INFO - Processing /opt/airflow/dags/driven_data_pipeline.py took 0.275 seconds
[2025-06-28T04:36:22.488+0000] {processor.py:186} INFO - Started process (PID=6349) to work on /opt/airflow/dags/driven_data_pipeline.py
[2025-06-28T04:36:22.489+0000] {processor.py:914} INFO - Processing file /opt/airflow/dags/driven_data_pipeline.py for tasks to queue
[2025-06-28T04:36:22.492+0000] {logging_mixin.py:190} INFO - [2025-06-28T04:36:22.492+0000] {dagbag.py:588} INFO - Filling up the DagBag from /opt/airflow/dags/driven_data_pipeline.py
[2025-06-28T04:36:22.805+0000] {processor.py:925} INFO - DAG(s) 'extract_raw_data_pipeline' retrieved from /opt/airflow/dags/driven_data_pipeline.py
[2025-06-28T04:36:22.847+0000] {logging_mixin.py:190} INFO - [2025-06-28T04:36:22.847+0000] {dag.py:3239} INFO - Sync 1 DAGs
[2025-06-28T04:36:22.895+0000] {logging_mixin.py:190} INFO - [2025-06-28T04:36:22.894+0000] {dag.py:4180} INFO - Setting next_dagrun for extract_raw_data_pipeline to 2025-06-27 07:58:00+00:00, run_after=2025-06-27 07:59:00+00:00
[2025-06-28T04:36:22.955+0000] {processor.py:208} INFO - Processing /opt/airflow/dags/driven_data_pipeline.py took 0.477 seconds
[2025-06-28T04:36:53.028+0000] {processor.py:186} INFO - Started process (PID=6357) to work on /opt/airflow/dags/driven_data_pipeline.py
[2025-06-28T04:36:53.029+0000] {processor.py:914} INFO - Processing file /opt/airflow/dags/driven_data_pipeline.py for tasks to queue
[2025-06-28T04:36:53.033+0000] {logging_mixin.py:190} INFO - [2025-06-28T04:36:53.033+0000] {dagbag.py:588} INFO - Filling up the DagBag from /opt/airflow/dags/driven_data_pipeline.py
[2025-06-28T04:36:53.312+0000] {processor.py:925} INFO - DAG(s) 'extract_raw_data_pipeline' retrieved from /opt/airflow/dags/driven_data_pipeline.py
[2025-06-28T04:36:53.347+0000] {logging_mixin.py:190} INFO - [2025-06-28T04:36:53.347+0000] {dag.py:3239} INFO - Sync 1 DAGs
[2025-06-28T04:36:53.379+0000] {logging_mixin.py:190} INFO - [2025-06-28T04:36:53.379+0000] {dag.py:4180} INFO - Setting next_dagrun for extract_raw_data_pipeline to 2025-06-27 07:58:00+00:00, run_after=2025-06-27 07:59:00+00:00
[2025-06-28T04:36:53.655+0000] {processor.py:208} INFO - Processing /opt/airflow/dags/driven_data_pipeline.py took 0.639 seconds
[2025-06-28T04:37:24.074+0000] {processor.py:186} INFO - Started process (PID=6365) to work on /opt/airflow/dags/driven_data_pipeline.py
[2025-06-28T04:37:24.076+0000] {processor.py:914} INFO - Processing file /opt/airflow/dags/driven_data_pipeline.py for tasks to queue
[2025-06-28T04:37:24.081+0000] {logging_mixin.py:190} INFO - [2025-06-28T04:37:24.080+0000] {dagbag.py:588} INFO - Filling up the DagBag from /opt/airflow/dags/driven_data_pipeline.py
[2025-06-28T04:37:24.457+0000] {processor.py:925} INFO - DAG(s) 'extract_raw_data_pipeline' retrieved from /opt/airflow/dags/driven_data_pipeline.py
[2025-06-28T04:37:24.498+0000] {logging_mixin.py:190} INFO - [2025-06-28T04:37:24.498+0000] {dag.py:3239} INFO - Sync 1 DAGs
[2025-06-28T04:37:24.544+0000] {logging_mixin.py:190} INFO - [2025-06-28T04:37:24.544+0000] {dag.py:4180} INFO - Setting next_dagrun for extract_raw_data_pipeline to 2025-06-27 07:58:00+00:00, run_after=2025-06-27 07:59:00+00:00
[2025-06-28T04:37:24.602+0000] {processor.py:208} INFO - Processing /opt/airflow/dags/driven_data_pipeline.py took 0.542 seconds
[2025-06-28T04:37:54.974+0000] {processor.py:186} INFO - Started process (PID=6372) to work on /opt/airflow/dags/driven_data_pipeline.py
[2025-06-28T04:37:54.975+0000] {processor.py:914} INFO - Processing file /opt/airflow/dags/driven_data_pipeline.py for tasks to queue
[2025-06-28T04:37:54.980+0000] {logging_mixin.py:190} INFO - [2025-06-28T04:37:54.979+0000] {dagbag.py:588} INFO - Filling up the DagBag from /opt/airflow/dags/driven_data_pipeline.py
[2025-06-28T04:37:55.279+0000] {processor.py:925} INFO - DAG(s) 'extract_raw_data_pipeline' retrieved from /opt/airflow/dags/driven_data_pipeline.py
[2025-06-28T04:37:55.318+0000] {logging_mixin.py:190} INFO - [2025-06-28T04:37:55.318+0000] {dag.py:3239} INFO - Sync 1 DAGs
[2025-06-28T04:37:55.356+0000] {logging_mixin.py:190} INFO - [2025-06-28T04:37:55.356+0000] {dag.py:4180} INFO - Setting next_dagrun for extract_raw_data_pipeline to 2025-06-27 07:58:00+00:00, run_after=2025-06-27 07:59:00+00:00
[2025-06-28T04:37:55.404+0000] {processor.py:208} INFO - Processing /opt/airflow/dags/driven_data_pipeline.py took 0.441 seconds
[2025-06-28T04:38:25.635+0000] {processor.py:186} INFO - Started process (PID=6379) to work on /opt/airflow/dags/driven_data_pipeline.py
[2025-06-28T04:38:25.654+0000] {processor.py:914} INFO - Processing file /opt/airflow/dags/driven_data_pipeline.py for tasks to queue
[2025-06-28T04:38:25.657+0000] {logging_mixin.py:190} INFO - [2025-06-28T04:38:25.657+0000] {dagbag.py:588} INFO - Filling up the DagBag from /opt/airflow/dags/driven_data_pipeline.py
[2025-06-28T04:38:25.972+0000] {processor.py:925} INFO - DAG(s) 'extract_raw_data_pipeline' retrieved from /opt/airflow/dags/driven_data_pipeline.py
[2025-06-28T04:38:26.004+0000] {logging_mixin.py:190} INFO - [2025-06-28T04:38:26.004+0000] {dag.py:3239} INFO - Sync 1 DAGs
[2025-06-28T04:38:26.035+0000] {logging_mixin.py:190} INFO - [2025-06-28T04:38:26.035+0000] {dag.py:4180} INFO - Setting next_dagrun for extract_raw_data_pipeline to 2025-06-27 07:58:00+00:00, run_after=2025-06-27 07:59:00+00:00
[2025-06-28T04:38:26.095+0000] {processor.py:208} INFO - Processing /opt/airflow/dags/driven_data_pipeline.py took 0.469 seconds
[2025-06-28T04:38:56.446+0000] {processor.py:186} INFO - Started process (PID=6386) to work on /opt/airflow/dags/driven_data_pipeline.py
[2025-06-28T04:38:56.450+0000] {processor.py:914} INFO - Processing file /opt/airflow/dags/driven_data_pipeline.py for tasks to queue
[2025-06-28T04:38:56.458+0000] {logging_mixin.py:190} INFO - [2025-06-28T04:38:56.457+0000] {dagbag.py:588} INFO - Filling up the DagBag from /opt/airflow/dags/driven_data_pipeline.py
[2025-06-28T04:38:56.681+0000] {processor.py:925} INFO - DAG(s) 'extract_raw_data_pipeline' retrieved from /opt/airflow/dags/driven_data_pipeline.py
[2025-06-28T04:38:56.714+0000] {logging_mixin.py:190} INFO - [2025-06-28T04:38:56.714+0000] {dag.py:3239} INFO - Sync 1 DAGs
[2025-06-28T04:38:56.744+0000] {logging_mixin.py:190} INFO - [2025-06-28T04:38:56.744+0000] {dag.py:4180} INFO - Setting next_dagrun for extract_raw_data_pipeline to 2025-06-27 07:58:00+00:00, run_after=2025-06-27 07:59:00+00:00
[2025-06-28T04:38:56.857+0000] {processor.py:208} INFO - Processing /opt/airflow/dags/driven_data_pipeline.py took 0.447 seconds
[2025-06-28T04:39:27.180+0000] {processor.py:186} INFO - Started process (PID=6394) to work on /opt/airflow/dags/driven_data_pipeline.py
[2025-06-28T04:39:27.245+0000] {processor.py:914} INFO - Processing file /opt/airflow/dags/driven_data_pipeline.py for tasks to queue
[2025-06-28T04:39:27.250+0000] {logging_mixin.py:190} INFO - [2025-06-28T04:39:27.250+0000] {dagbag.py:588} INFO - Filling up the DagBag from /opt/airflow/dags/driven_data_pipeline.py
[2025-06-28T04:39:27.509+0000] {processor.py:925} INFO - DAG(s) 'extract_raw_data_pipeline' retrieved from /opt/airflow/dags/driven_data_pipeline.py
[2025-06-28T04:39:27.544+0000] {logging_mixin.py:190} INFO - [2025-06-28T04:39:27.544+0000] {dag.py:3239} INFO - Sync 1 DAGs
[2025-06-28T04:39:27.579+0000] {logging_mixin.py:190} INFO - [2025-06-28T04:39:27.579+0000] {dag.py:4180} INFO - Setting next_dagrun for extract_raw_data_pipeline to 2025-06-27 07:58:00+00:00, run_after=2025-06-27 07:59:00+00:00
[2025-06-28T04:39:27.629+0000] {processor.py:208} INFO - Processing /opt/airflow/dags/driven_data_pipeline.py took 0.459 seconds
[2025-06-28T04:39:57.976+0000] {processor.py:186} INFO - Started process (PID=6401) to work on /opt/airflow/dags/driven_data_pipeline.py
[2025-06-28T04:39:57.976+0000] {processor.py:914} INFO - Processing file /opt/airflow/dags/driven_data_pipeline.py for tasks to queue
[2025-06-28T04:39:57.979+0000] {logging_mixin.py:190} INFO - [2025-06-28T04:39:57.979+0000] {dagbag.py:588} INFO - Filling up the DagBag from /opt/airflow/dags/driven_data_pipeline.py
[2025-06-28T04:39:58.229+0000] {processor.py:925} INFO - DAG(s) 'extract_raw_data_pipeline' retrieved from /opt/airflow/dags/driven_data_pipeline.py
[2025-06-28T04:39:58.258+0000] {logging_mixin.py:190} INFO - [2025-06-28T04:39:58.258+0000] {dag.py:3239} INFO - Sync 1 DAGs
[2025-06-28T04:39:58.285+0000] {logging_mixin.py:190} INFO - [2025-06-28T04:39:58.284+0000] {dag.py:4180} INFO - Setting next_dagrun for extract_raw_data_pipeline to 2025-06-27 07:58:00+00:00, run_after=2025-06-27 07:59:00+00:00
[2025-06-28T04:39:58.530+0000] {processor.py:208} INFO - Processing /opt/airflow/dags/driven_data_pipeline.py took 0.568 seconds
[2025-06-28T04:40:28.823+0000] {processor.py:186} INFO - Started process (PID=6409) to work on /opt/airflow/dags/driven_data_pipeline.py
[2025-06-28T04:40:28.824+0000] {processor.py:914} INFO - Processing file /opt/airflow/dags/driven_data_pipeline.py for tasks to queue
[2025-06-28T04:40:28.826+0000] {logging_mixin.py:190} INFO - [2025-06-28T04:40:28.826+0000] {dagbag.py:588} INFO - Filling up the DagBag from /opt/airflow/dags/driven_data_pipeline.py
[2025-06-28T04:40:29.015+0000] {processor.py:925} INFO - DAG(s) 'extract_raw_data_pipeline' retrieved from /opt/airflow/dags/driven_data_pipeline.py
[2025-06-28T04:40:29.045+0000] {logging_mixin.py:190} INFO - [2025-06-28T04:40:29.045+0000] {dag.py:3239} INFO - Sync 1 DAGs
[2025-06-28T04:40:29.072+0000] {logging_mixin.py:190} INFO - [2025-06-28T04:40:29.072+0000] {dag.py:4180} INFO - Setting next_dagrun for extract_raw_data_pipeline to 2025-06-27 07:58:00+00:00, run_after=2025-06-27 07:59:00+00:00
[2025-06-28T04:40:29.103+0000] {processor.py:208} INFO - Processing /opt/airflow/dags/driven_data_pipeline.py took 0.286 seconds
[2025-06-28T04:40:59.214+0000] {processor.py:186} INFO - Started process (PID=6417) to work on /opt/airflow/dags/driven_data_pipeline.py
[2025-06-28T04:40:59.370+0000] {processor.py:914} INFO - Processing file /opt/airflow/dags/driven_data_pipeline.py for tasks to queue
[2025-06-28T04:40:59.373+0000] {logging_mixin.py:190} INFO - [2025-06-28T04:40:59.372+0000] {dagbag.py:588} INFO - Filling up the DagBag from /opt/airflow/dags/driven_data_pipeline.py
[2025-06-28T04:40:59.712+0000] {processor.py:925} INFO - DAG(s) 'extract_raw_data_pipeline' retrieved from /opt/airflow/dags/driven_data_pipeline.py
[2025-06-28T04:40:59.751+0000] {logging_mixin.py:190} INFO - [2025-06-28T04:40:59.751+0000] {dag.py:3239} INFO - Sync 1 DAGs
[2025-06-28T04:40:59.785+0000] {logging_mixin.py:190} INFO - [2025-06-28T04:40:59.784+0000] {dag.py:4180} INFO - Setting next_dagrun for extract_raw_data_pipeline to 2025-06-27 07:58:00+00:00, run_after=2025-06-27 07:59:00+00:00
[2025-06-28T04:40:59.820+0000] {processor.py:208} INFO - Processing /opt/airflow/dags/driven_data_pipeline.py took 0.619 seconds
[2025-06-28T04:41:30.142+0000] {processor.py:186} INFO - Started process (PID=6426) to work on /opt/airflow/dags/driven_data_pipeline.py
[2025-06-28T04:41:30.144+0000] {processor.py:914} INFO - Processing file /opt/airflow/dags/driven_data_pipeline.py for tasks to queue
[2025-06-28T04:41:30.151+0000] {logging_mixin.py:190} INFO - [2025-06-28T04:41:30.150+0000] {dagbag.py:588} INFO - Filling up the DagBag from /opt/airflow/dags/driven_data_pipeline.py
[2025-06-28T04:41:30.411+0000] {processor.py:925} INFO - DAG(s) 'extract_raw_data_pipeline' retrieved from /opt/airflow/dags/driven_data_pipeline.py
[2025-06-28T04:41:30.439+0000] {logging_mixin.py:190} INFO - [2025-06-28T04:41:30.439+0000] {dag.py:3239} INFO - Sync 1 DAGs
[2025-06-28T04:41:30.471+0000] {logging_mixin.py:190} INFO - [2025-06-28T04:41:30.470+0000] {dag.py:4180} INFO - Setting next_dagrun for extract_raw_data_pipeline to 2025-06-27 07:58:00+00:00, run_after=2025-06-27 07:59:00+00:00
[2025-06-28T04:41:31.093+0000] {processor.py:208} INFO - Processing /opt/airflow/dags/driven_data_pipeline.py took 0.965 seconds
[2025-06-28T04:42:01.430+0000] {processor.py:186} INFO - Started process (PID=6433) to work on /opt/airflow/dags/driven_data_pipeline.py
[2025-06-28T04:42:01.438+0000] {processor.py:914} INFO - Processing file /opt/airflow/dags/driven_data_pipeline.py for tasks to queue
[2025-06-28T04:42:01.441+0000] {logging_mixin.py:190} INFO - [2025-06-28T04:42:01.440+0000] {dagbag.py:588} INFO - Filling up the DagBag from /opt/airflow/dags/driven_data_pipeline.py
[2025-06-28T04:42:01.689+0000] {processor.py:925} INFO - DAG(s) 'extract_raw_data_pipeline' retrieved from /opt/airflow/dags/driven_data_pipeline.py
[2025-06-28T04:42:01.725+0000] {logging_mixin.py:190} INFO - [2025-06-28T04:42:01.724+0000] {dag.py:3239} INFO - Sync 1 DAGs
[2025-06-28T04:42:01.758+0000] {logging_mixin.py:190} INFO - [2025-06-28T04:42:01.758+0000] {dag.py:4180} INFO - Setting next_dagrun for extract_raw_data_pipeline to 2025-06-27 07:58:00+00:00, run_after=2025-06-27 07:59:00+00:00
[2025-06-28T04:42:02.510+0000] {processor.py:208} INFO - Processing /opt/airflow/dags/driven_data_pipeline.py took 1.093 seconds
[2025-06-28T04:42:32.770+0000] {processor.py:186} INFO - Started process (PID=6441) to work on /opt/airflow/dags/driven_data_pipeline.py
[2025-06-28T04:42:32.771+0000] {processor.py:914} INFO - Processing file /opt/airflow/dags/driven_data_pipeline.py for tasks to queue
[2025-06-28T04:42:32.775+0000] {logging_mixin.py:190} INFO - [2025-06-28T04:42:32.774+0000] {dagbag.py:588} INFO - Filling up the DagBag from /opt/airflow/dags/driven_data_pipeline.py
[2025-06-28T04:42:33.027+0000] {processor.py:925} INFO - DAG(s) 'extract_raw_data_pipeline' retrieved from /opt/airflow/dags/driven_data_pipeline.py
[2025-06-28T04:42:33.059+0000] {logging_mixin.py:190} INFO - [2025-06-28T04:42:33.058+0000] {dag.py:3239} INFO - Sync 1 DAGs
[2025-06-28T04:42:33.090+0000] {logging_mixin.py:190} INFO - [2025-06-28T04:42:33.090+0000] {dag.py:4180} INFO - Setting next_dagrun for extract_raw_data_pipeline to 2025-06-27 07:58:00+00:00, run_after=2025-06-27 07:59:00+00:00
[2025-06-28T04:42:33.699+0000] {processor.py:208} INFO - Processing /opt/airflow/dags/driven_data_pipeline.py took 0.942 seconds
[2025-06-28T04:43:04.086+0000] {processor.py:186} INFO - Started process (PID=6448) to work on /opt/airflow/dags/driven_data_pipeline.py
[2025-06-28T04:43:04.451+0000] {processor.py:914} INFO - Processing file /opt/airflow/dags/driven_data_pipeline.py for tasks to queue
[2025-06-28T04:43:04.454+0000] {logging_mixin.py:190} INFO - [2025-06-28T04:43:04.454+0000] {dagbag.py:588} INFO - Filling up the DagBag from /opt/airflow/dags/driven_data_pipeline.py
[2025-06-28T04:43:04.686+0000] {processor.py:925} INFO - DAG(s) 'extract_raw_data_pipeline' retrieved from /opt/airflow/dags/driven_data_pipeline.py
[2025-06-28T04:43:04.716+0000] {logging_mixin.py:190} INFO - [2025-06-28T04:43:04.716+0000] {dag.py:3239} INFO - Sync 1 DAGs
[2025-06-28T04:43:04.743+0000] {logging_mixin.py:190} INFO - [2025-06-28T04:43:04.743+0000] {dag.py:4180} INFO - Setting next_dagrun for extract_raw_data_pipeline to 2025-06-27 07:58:00+00:00, run_after=2025-06-27 07:59:00+00:00
[2025-06-28T04:43:05.898+0000] {processor.py:208} INFO - Processing /opt/airflow/dags/driven_data_pipeline.py took 1.825 seconds
[2025-06-28T04:43:36.266+0000] {processor.py:186} INFO - Started process (PID=6456) to work on /opt/airflow/dags/driven_data_pipeline.py
[2025-06-28T04:43:36.268+0000] {processor.py:914} INFO - Processing file /opt/airflow/dags/driven_data_pipeline.py for tasks to queue
[2025-06-28T04:43:36.274+0000] {logging_mixin.py:190} INFO - [2025-06-28T04:43:36.273+0000] {dagbag.py:588} INFO - Filling up the DagBag from /opt/airflow/dags/driven_data_pipeline.py
[2025-06-28T04:43:36.498+0000] {processor.py:925} INFO - DAG(s) 'extract_raw_data_pipeline' retrieved from /opt/airflow/dags/driven_data_pipeline.py
[2025-06-28T04:43:36.527+0000] {logging_mixin.py:190} INFO - [2025-06-28T04:43:36.527+0000] {dag.py:3239} INFO - Sync 1 DAGs
[2025-06-28T04:43:36.553+0000] {logging_mixin.py:190} INFO - [2025-06-28T04:43:36.553+0000] {dag.py:4180} INFO - Setting next_dagrun for extract_raw_data_pipeline to 2025-06-27 07:58:00+00:00, run_after=2025-06-27 07:59:00+00:00
[2025-06-28T04:43:36.585+0000] {processor.py:208} INFO - Processing /opt/airflow/dags/driven_data_pipeline.py took 0.338 seconds
[2025-06-28T04:44:06.884+0000] {processor.py:186} INFO - Started process (PID=6464) to work on /opt/airflow/dags/driven_data_pipeline.py
[2025-06-28T04:44:06.885+0000] {processor.py:914} INFO - Processing file /opt/airflow/dags/driven_data_pipeline.py for tasks to queue
[2025-06-28T04:44:06.888+0000] {logging_mixin.py:190} INFO - [2025-06-28T04:44:06.888+0000] {dagbag.py:588} INFO - Filling up the DagBag from /opt/airflow/dags/driven_data_pipeline.py
[2025-06-28T04:44:07.140+0000] {processor.py:925} INFO - DAG(s) 'extract_raw_data_pipeline' retrieved from /opt/airflow/dags/driven_data_pipeline.py
[2025-06-28T04:44:07.170+0000] {logging_mixin.py:190} INFO - [2025-06-28T04:44:07.170+0000] {dag.py:3239} INFO - Sync 1 DAGs
[2025-06-28T04:44:07.205+0000] {logging_mixin.py:190} INFO - [2025-06-28T04:44:07.204+0000] {dag.py:4180} INFO - Setting next_dagrun for extract_raw_data_pipeline to 2025-06-27 07:58:00+00:00, run_after=2025-06-27 07:59:00+00:00
[2025-06-28T04:44:07.251+0000] {processor.py:208} INFO - Processing /opt/airflow/dags/driven_data_pipeline.py took 0.378 seconds
[2025-06-28T04:44:37.573+0000] {processor.py:186} INFO - Started process (PID=6472) to work on /opt/airflow/dags/driven_data_pipeline.py
[2025-06-28T04:44:37.575+0000] {processor.py:914} INFO - Processing file /opt/airflow/dags/driven_data_pipeline.py for tasks to queue
[2025-06-28T04:44:37.581+0000] {logging_mixin.py:190} INFO - [2025-06-28T04:44:37.580+0000] {dagbag.py:588} INFO - Filling up the DagBag from /opt/airflow/dags/driven_data_pipeline.py
[2025-06-28T04:44:37.896+0000] {processor.py:925} INFO - DAG(s) 'extract_raw_data_pipeline' retrieved from /opt/airflow/dags/driven_data_pipeline.py
[2025-06-28T04:44:37.932+0000] {logging_mixin.py:190} INFO - [2025-06-28T04:44:37.932+0000] {dag.py:3239} INFO - Sync 1 DAGs
[2025-06-28T04:44:37.965+0000] {logging_mixin.py:190} INFO - [2025-06-28T04:44:37.964+0000] {dag.py:4180} INFO - Setting next_dagrun for extract_raw_data_pipeline to 2025-06-27 07:58:00+00:00, run_after=2025-06-27 07:59:00+00:00
[2025-06-28T04:44:38.018+0000] {processor.py:208} INFO - Processing /opt/airflow/dags/driven_data_pipeline.py took 0.464 seconds
[2025-06-28T04:45:08.394+0000] {processor.py:186} INFO - Started process (PID=6480) to work on /opt/airflow/dags/driven_data_pipeline.py
[2025-06-28T04:45:08.395+0000] {processor.py:914} INFO - Processing file /opt/airflow/dags/driven_data_pipeline.py for tasks to queue
[2025-06-28T04:45:08.398+0000] {logging_mixin.py:190} INFO - [2025-06-28T04:45:08.397+0000] {dagbag.py:588} INFO - Filling up the DagBag from /opt/airflow/dags/driven_data_pipeline.py
[2025-06-28T04:45:08.618+0000] {processor.py:925} INFO - DAG(s) 'extract_raw_data_pipeline' retrieved from /opt/airflow/dags/driven_data_pipeline.py
[2025-06-28T04:45:08.649+0000] {logging_mixin.py:190} INFO - [2025-06-28T04:45:08.649+0000] {dag.py:3239} INFO - Sync 1 DAGs
[2025-06-28T04:45:08.679+0000] {logging_mixin.py:190} INFO - [2025-06-28T04:45:08.678+0000] {dag.py:4180} INFO - Setting next_dagrun for extract_raw_data_pipeline to 2025-06-27 07:58:00+00:00, run_after=2025-06-27 07:59:00+00:00
[2025-06-28T04:45:09.013+0000] {processor.py:208} INFO - Processing /opt/airflow/dags/driven_data_pipeline.py took 0.626 seconds
[2025-06-28T04:45:39.299+0000] {processor.py:186} INFO - Started process (PID=6494) to work on /opt/airflow/dags/driven_data_pipeline.py
[2025-06-28T04:45:39.299+0000] {processor.py:914} INFO - Processing file /opt/airflow/dags/driven_data_pipeline.py for tasks to queue
[2025-06-28T04:45:39.302+0000] {logging_mixin.py:190} INFO - [2025-06-28T04:45:39.301+0000] {dagbag.py:588} INFO - Filling up the DagBag from /opt/airflow/dags/driven_data_pipeline.py
[2025-06-28T04:45:39.502+0000] {processor.py:925} INFO - DAG(s) 'extract_raw_data_pipeline' retrieved from /opt/airflow/dags/driven_data_pipeline.py
[2025-06-28T04:45:39.530+0000] {logging_mixin.py:190} INFO - [2025-06-28T04:45:39.530+0000] {dag.py:3239} INFO - Sync 1 DAGs
[2025-06-28T04:45:39.555+0000] {logging_mixin.py:190} INFO - [2025-06-28T04:45:39.555+0000] {dag.py:4180} INFO - Setting next_dagrun for extract_raw_data_pipeline to 2025-06-27 07:58:00+00:00, run_after=2025-06-27 07:59:00+00:00
[2025-06-28T04:45:39.781+0000] {processor.py:208} INFO - Processing /opt/airflow/dags/driven_data_pipeline.py took 0.490 seconds
[2025-06-28T04:46:10.216+0000] {processor.py:186} INFO - Started process (PID=6502) to work on /opt/airflow/dags/driven_data_pipeline.py
[2025-06-28T04:46:10.223+0000] {processor.py:914} INFO - Processing file /opt/airflow/dags/driven_data_pipeline.py for tasks to queue
[2025-06-28T04:46:10.226+0000] {logging_mixin.py:190} INFO - [2025-06-28T04:46:10.226+0000] {dagbag.py:588} INFO - Filling up the DagBag from /opt/airflow/dags/driven_data_pipeline.py
[2025-06-28T04:46:10.408+0000] {processor.py:925} INFO - DAG(s) 'extract_raw_data_pipeline' retrieved from /opt/airflow/dags/driven_data_pipeline.py
[2025-06-28T04:46:10.434+0000] {logging_mixin.py:190} INFO - [2025-06-28T04:46:10.433+0000] {dag.py:3239} INFO - Sync 1 DAGs
[2025-06-28T04:46:10.457+0000] {logging_mixin.py:190} INFO - [2025-06-28T04:46:10.457+0000] {dag.py:4180} INFO - Setting next_dagrun for extract_raw_data_pipeline to 2025-06-27 07:58:00+00:00, run_after=2025-06-27 07:59:00+00:00
[2025-06-28T04:46:10.767+0000] {processor.py:208} INFO - Processing /opt/airflow/dags/driven_data_pipeline.py took 0.560 seconds
[2025-06-28T04:46:41.130+0000] {processor.py:186} INFO - Started process (PID=6510) to work on /opt/airflow/dags/driven_data_pipeline.py
[2025-06-28T04:46:41.130+0000] {processor.py:914} INFO - Processing file /opt/airflow/dags/driven_data_pipeline.py for tasks to queue
[2025-06-28T04:46:41.134+0000] {logging_mixin.py:190} INFO - [2025-06-28T04:46:41.133+0000] {dagbag.py:588} INFO - Filling up the DagBag from /opt/airflow/dags/driven_data_pipeline.py
[2025-06-28T04:46:41.346+0000] {processor.py:925} INFO - DAG(s) 'extract_raw_data_pipeline' retrieved from /opt/airflow/dags/driven_data_pipeline.py
[2025-06-28T04:46:41.373+0000] {logging_mixin.py:190} INFO - [2025-06-28T04:46:41.373+0000] {dag.py:3239} INFO - Sync 1 DAGs
[2025-06-28T04:46:41.399+0000] {logging_mixin.py:190} INFO - [2025-06-28T04:46:41.399+0000] {dag.py:4180} INFO - Setting next_dagrun for extract_raw_data_pipeline to 2025-06-27 07:58:00+00:00, run_after=2025-06-27 07:59:00+00:00
[2025-06-28T04:46:42.491+0000] {processor.py:208} INFO - Processing /opt/airflow/dags/driven_data_pipeline.py took 1.369 seconds
[2025-06-28T04:47:12.866+0000] {processor.py:186} INFO - Started process (PID=6518) to work on /opt/airflow/dags/driven_data_pipeline.py
[2025-06-28T04:47:12.993+0000] {processor.py:914} INFO - Processing file /opt/airflow/dags/driven_data_pipeline.py for tasks to queue
[2025-06-28T04:47:13.004+0000] {logging_mixin.py:190} INFO - [2025-06-28T04:47:13.002+0000] {dagbag.py:588} INFO - Filling up the DagBag from /opt/airflow/dags/driven_data_pipeline.py
[2025-06-28T04:47:13.208+0000] {processor.py:925} INFO - DAG(s) 'extract_raw_data_pipeline' retrieved from /opt/airflow/dags/driven_data_pipeline.py
[2025-06-28T04:47:13.235+0000] {logging_mixin.py:190} INFO - [2025-06-28T04:47:13.235+0000] {dag.py:3239} INFO - Sync 1 DAGs
[2025-06-28T04:47:13.260+0000] {logging_mixin.py:190} INFO - [2025-06-28T04:47:13.260+0000] {dag.py:4180} INFO - Setting next_dagrun for extract_raw_data_pipeline to 2025-06-27 07:58:00+00:00, run_after=2025-06-27 07:59:00+00:00
[2025-06-28T04:47:13.978+0000] {processor.py:208} INFO - Processing /opt/airflow/dags/driven_data_pipeline.py took 1.121 seconds
[2025-06-28T04:47:44.303+0000] {processor.py:186} INFO - Started process (PID=6525) to work on /opt/airflow/dags/driven_data_pipeline.py
[2025-06-28T04:47:44.305+0000] {processor.py:914} INFO - Processing file /opt/airflow/dags/driven_data_pipeline.py for tasks to queue
[2025-06-28T04:47:44.310+0000] {logging_mixin.py:190} INFO - [2025-06-28T04:47:44.310+0000] {dagbag.py:588} INFO - Filling up the DagBag from /opt/airflow/dags/driven_data_pipeline.py
[2025-06-28T04:47:44.532+0000] {processor.py:925} INFO - DAG(s) 'extract_raw_data_pipeline' retrieved from /opt/airflow/dags/driven_data_pipeline.py
[2025-06-28T04:47:44.558+0000] {logging_mixin.py:190} INFO - [2025-06-28T04:47:44.558+0000] {dag.py:3239} INFO - Sync 1 DAGs
[2025-06-28T04:47:44.583+0000] {logging_mixin.py:190} INFO - [2025-06-28T04:47:44.582+0000] {dag.py:4180} INFO - Setting next_dagrun for extract_raw_data_pipeline to 2025-06-27 07:58:00+00:00, run_after=2025-06-27 07:59:00+00:00
[2025-06-28T04:47:44.625+0000] {processor.py:208} INFO - Processing /opt/airflow/dags/driven_data_pipeline.py took 0.351 seconds
[2025-06-28T04:48:14.786+0000] {processor.py:186} INFO - Started process (PID=6533) to work on /opt/airflow/dags/driven_data_pipeline.py
[2025-06-28T04:48:14.787+0000] {processor.py:914} INFO - Processing file /opt/airflow/dags/driven_data_pipeline.py for tasks to queue
[2025-06-28T04:48:14.790+0000] {logging_mixin.py:190} INFO - [2025-06-28T04:48:14.789+0000] {dagbag.py:588} INFO - Filling up the DagBag from /opt/airflow/dags/driven_data_pipeline.py
[2025-06-28T04:48:14.985+0000] {processor.py:925} INFO - DAG(s) 'extract_raw_data_pipeline' retrieved from /opt/airflow/dags/driven_data_pipeline.py
[2025-06-28T04:48:15.009+0000] {logging_mixin.py:190} INFO - [2025-06-28T04:48:15.009+0000] {dag.py:3239} INFO - Sync 1 DAGs
[2025-06-28T04:48:15.033+0000] {logging_mixin.py:190} INFO - [2025-06-28T04:48:15.033+0000] {dag.py:4180} INFO - Setting next_dagrun for extract_raw_data_pipeline to 2025-06-27 07:58:00+00:00, run_after=2025-06-27 07:59:00+00:00
[2025-06-28T04:48:15.069+0000] {processor.py:208} INFO - Processing /opt/airflow/dags/driven_data_pipeline.py took 0.293 seconds
[2025-06-28T04:48:45.355+0000] {processor.py:186} INFO - Started process (PID=6541) to work on /opt/airflow/dags/driven_data_pipeline.py
[2025-06-28T04:48:45.355+0000] {processor.py:914} INFO - Processing file /opt/airflow/dags/driven_data_pipeline.py for tasks to queue
[2025-06-28T04:48:45.358+0000] {logging_mixin.py:190} INFO - [2025-06-28T04:48:45.358+0000] {dagbag.py:588} INFO - Filling up the DagBag from /opt/airflow/dags/driven_data_pipeline.py
[2025-06-28T04:48:45.556+0000] {processor.py:925} INFO - DAG(s) 'extract_raw_data_pipeline' retrieved from /opt/airflow/dags/driven_data_pipeline.py
[2025-06-28T04:48:45.584+0000] {logging_mixin.py:190} INFO - [2025-06-28T04:48:45.584+0000] {dag.py:3239} INFO - Sync 1 DAGs
[2025-06-28T04:48:45.611+0000] {logging_mixin.py:190} INFO - [2025-06-28T04:48:45.611+0000] {dag.py:4180} INFO - Setting next_dagrun for extract_raw_data_pipeline to 2025-06-27 07:58:00+00:00, run_after=2025-06-27 07:59:00+00:00
[2025-06-28T04:48:45.658+0000] {processor.py:208} INFO - Processing /opt/airflow/dags/driven_data_pipeline.py took 0.314 seconds
[2025-06-28T04:49:15.823+0000] {processor.py:186} INFO - Started process (PID=6549) to work on /opt/airflow/dags/driven_data_pipeline.py
[2025-06-28T04:49:15.833+0000] {processor.py:914} INFO - Processing file /opt/airflow/dags/driven_data_pipeline.py for tasks to queue
[2025-06-28T04:49:15.838+0000] {logging_mixin.py:190} INFO - [2025-06-28T04:49:15.837+0000] {dagbag.py:588} INFO - Filling up the DagBag from /opt/airflow/dags/driven_data_pipeline.py
[2025-06-28T04:49:16.048+0000] {processor.py:925} INFO - DAG(s) 'extract_raw_data_pipeline' retrieved from /opt/airflow/dags/driven_data_pipeline.py
[2025-06-28T04:49:16.074+0000] {logging_mixin.py:190} INFO - [2025-06-28T04:49:16.073+0000] {dag.py:3239} INFO - Sync 1 DAGs
[2025-06-28T04:49:16.098+0000] {logging_mixin.py:190} INFO - [2025-06-28T04:49:16.098+0000] {dag.py:4180} INFO - Setting next_dagrun for extract_raw_data_pipeline to 2025-06-27 07:58:00+00:00, run_after=2025-06-27 07:59:00+00:00
[2025-06-28T04:49:16.135+0000] {processor.py:208} INFO - Processing /opt/airflow/dags/driven_data_pipeline.py took 0.328 seconds
[2025-06-28T04:49:46.477+0000] {processor.py:186} INFO - Started process (PID=6557) to work on /opt/airflow/dags/driven_data_pipeline.py
[2025-06-28T04:49:46.480+0000] {processor.py:914} INFO - Processing file /opt/airflow/dags/driven_data_pipeline.py for tasks to queue
[2025-06-28T04:49:46.485+0000] {logging_mixin.py:190} INFO - [2025-06-28T04:49:46.485+0000] {dagbag.py:588} INFO - Filling up the DagBag from /opt/airflow/dags/driven_data_pipeline.py
[2025-06-28T04:49:46.688+0000] {processor.py:925} INFO - DAG(s) 'extract_raw_data_pipeline' retrieved from /opt/airflow/dags/driven_data_pipeline.py
[2025-06-28T04:49:46.712+0000] {logging_mixin.py:190} INFO - [2025-06-28T04:49:46.711+0000] {dag.py:3239} INFO - Sync 1 DAGs
[2025-06-28T04:49:46.737+0000] {logging_mixin.py:190} INFO - [2025-06-28T04:49:46.736+0000] {dag.py:4180} INFO - Setting next_dagrun for extract_raw_data_pipeline to 2025-06-27 07:58:00+00:00, run_after=2025-06-27 07:59:00+00:00
[2025-06-28T04:49:46.772+0000] {processor.py:208} INFO - Processing /opt/airflow/dags/driven_data_pipeline.py took 0.315 seconds
[2025-06-28T04:50:16.952+0000] {processor.py:186} INFO - Started process (PID=6565) to work on /opt/airflow/dags/driven_data_pipeline.py
[2025-06-28T04:50:16.959+0000] {processor.py:914} INFO - Processing file /opt/airflow/dags/driven_data_pipeline.py for tasks to queue
[2025-06-28T04:50:16.968+0000] {logging_mixin.py:190} INFO - [2025-06-28T04:50:16.966+0000] {dagbag.py:588} INFO - Filling up the DagBag from /opt/airflow/dags/driven_data_pipeline.py
[2025-06-28T04:50:17.172+0000] {processor.py:925} INFO - DAG(s) 'extract_raw_data_pipeline' retrieved from /opt/airflow/dags/driven_data_pipeline.py
[2025-06-28T04:50:17.198+0000] {logging_mixin.py:190} INFO - [2025-06-28T04:50:17.198+0000] {dag.py:3239} INFO - Sync 1 DAGs
[2025-06-28T04:50:17.224+0000] {logging_mixin.py:190} INFO - [2025-06-28T04:50:17.224+0000] {dag.py:4180} INFO - Setting next_dagrun for extract_raw_data_pipeline to 2025-06-27 07:58:00+00:00, run_after=2025-06-27 07:59:00+00:00
[2025-06-28T04:50:18.130+0000] {processor.py:208} INFO - Processing /opt/airflow/dags/driven_data_pipeline.py took 1.206 seconds
[2025-06-28T04:50:48.530+0000] {processor.py:186} INFO - Started process (PID=6573) to work on /opt/airflow/dags/driven_data_pipeline.py
[2025-06-28T04:50:48.532+0000] {processor.py:914} INFO - Processing file /opt/airflow/dags/driven_data_pipeline.py for tasks to queue
[2025-06-28T04:50:48.536+0000] {logging_mixin.py:190} INFO - [2025-06-28T04:50:48.535+0000] {dagbag.py:588} INFO - Filling up the DagBag from /opt/airflow/dags/driven_data_pipeline.py
[2025-06-28T04:50:48.736+0000] {processor.py:925} INFO - DAG(s) 'extract_raw_data_pipeline' retrieved from /opt/airflow/dags/driven_data_pipeline.py
[2025-06-28T04:50:48.763+0000] {logging_mixin.py:190} INFO - [2025-06-28T04:50:48.762+0000] {dag.py:3239} INFO - Sync 1 DAGs
[2025-06-28T04:50:48.789+0000] {logging_mixin.py:190} INFO - [2025-06-28T04:50:48.789+0000] {dag.py:4180} INFO - Setting next_dagrun for extract_raw_data_pipeline to 2025-06-27 07:58:00+00:00, run_after=2025-06-27 07:59:00+00:00
[2025-06-28T04:50:48.845+0000] {processor.py:208} INFO - Processing /opt/airflow/dags/driven_data_pipeline.py took 0.326 seconds
[2025-06-28T04:51:18.929+0000] {processor.py:186} INFO - Started process (PID=6581) to work on /opt/airflow/dags/driven_data_pipeline.py
[2025-06-28T04:51:18.930+0000] {processor.py:914} INFO - Processing file /opt/airflow/dags/driven_data_pipeline.py for tasks to queue
[2025-06-28T04:51:18.933+0000] {logging_mixin.py:190} INFO - [2025-06-28T04:51:18.932+0000] {dagbag.py:588} INFO - Filling up the DagBag from /opt/airflow/dags/driven_data_pipeline.py
[2025-06-28T04:51:19.131+0000] {processor.py:925} INFO - DAG(s) 'extract_raw_data_pipeline' retrieved from /opt/airflow/dags/driven_data_pipeline.py
[2025-06-28T04:51:19.160+0000] {logging_mixin.py:190} INFO - [2025-06-28T04:51:19.160+0000] {dag.py:3239} INFO - Sync 1 DAGs
[2025-06-28T04:51:19.188+0000] {logging_mixin.py:190} INFO - [2025-06-28T04:51:19.187+0000] {dag.py:4180} INFO - Setting next_dagrun for extract_raw_data_pipeline to 2025-06-27 07:58:00+00:00, run_after=2025-06-27 07:59:00+00:00
[2025-06-28T04:51:19.263+0000] {processor.py:208} INFO - Processing /opt/airflow/dags/driven_data_pipeline.py took 0.343 seconds
[2025-06-28T04:51:49.656+0000] {processor.py:186} INFO - Started process (PID=6589) to work on /opt/airflow/dags/driven_data_pipeline.py
[2025-06-28T04:51:49.685+0000] {processor.py:914} INFO - Processing file /opt/airflow/dags/driven_data_pipeline.py for tasks to queue
[2025-06-28T04:51:49.687+0000] {logging_mixin.py:190} INFO - [2025-06-28T04:51:49.687+0000] {dagbag.py:588} INFO - Filling up the DagBag from /opt/airflow/dags/driven_data_pipeline.py
[2025-06-28T04:51:49.880+0000] {processor.py:925} INFO - DAG(s) 'extract_raw_data_pipeline' retrieved from /opt/airflow/dags/driven_data_pipeline.py
[2025-06-28T04:51:49.905+0000] {logging_mixin.py:190} INFO - [2025-06-28T04:51:49.904+0000] {dag.py:3239} INFO - Sync 1 DAGs
[2025-06-28T04:51:49.930+0000] {logging_mixin.py:190} INFO - [2025-06-28T04:51:49.930+0000] {dag.py:4180} INFO - Setting next_dagrun for extract_raw_data_pipeline to 2025-06-27 07:58:00+00:00, run_after=2025-06-27 07:59:00+00:00
[2025-06-28T04:51:49.973+0000] {processor.py:208} INFO - Processing /opt/airflow/dags/driven_data_pipeline.py took 0.326 seconds
[2025-06-28T04:52:20.095+0000] {processor.py:186} INFO - Started process (PID=6597) to work on /opt/airflow/dags/driven_data_pipeline.py
[2025-06-28T04:52:20.099+0000] {processor.py:914} INFO - Processing file /opt/airflow/dags/driven_data_pipeline.py for tasks to queue
[2025-06-28T04:52:20.108+0000] {logging_mixin.py:190} INFO - [2025-06-28T04:52:20.107+0000] {dagbag.py:588} INFO - Filling up the DagBag from /opt/airflow/dags/driven_data_pipeline.py
[2025-06-28T04:52:20.327+0000] {processor.py:925} INFO - DAG(s) 'extract_raw_data_pipeline' retrieved from /opt/airflow/dags/driven_data_pipeline.py
[2025-06-28T04:52:20.354+0000] {logging_mixin.py:190} INFO - [2025-06-28T04:52:20.353+0000] {dag.py:3239} INFO - Sync 1 DAGs
[2025-06-28T04:52:20.379+0000] {logging_mixin.py:190} INFO - [2025-06-28T04:52:20.379+0000] {dag.py:4180} INFO - Setting next_dagrun for extract_raw_data_pipeline to 2025-06-27 07:58:00+00:00, run_after=2025-06-27 07:59:00+00:00
[2025-06-28T04:52:20.419+0000] {processor.py:208} INFO - Processing /opt/airflow/dags/driven_data_pipeline.py took 0.361 seconds
[2025-06-28T04:52:50.667+0000] {processor.py:186} INFO - Started process (PID=6605) to work on /opt/airflow/dags/driven_data_pipeline.py
[2025-06-28T04:52:50.668+0000] {processor.py:914} INFO - Processing file /opt/airflow/dags/driven_data_pipeline.py for tasks to queue
[2025-06-28T04:52:50.671+0000] {logging_mixin.py:190} INFO - [2025-06-28T04:52:50.670+0000] {dagbag.py:588} INFO - Filling up the DagBag from /opt/airflow/dags/driven_data_pipeline.py
[2025-06-28T04:52:50.913+0000] {processor.py:925} INFO - DAG(s) 'extract_raw_data_pipeline' retrieved from /opt/airflow/dags/driven_data_pipeline.py
[2025-06-28T04:52:50.944+0000] {logging_mixin.py:190} INFO - [2025-06-28T04:52:50.944+0000] {dag.py:3239} INFO - Sync 1 DAGs
[2025-06-28T04:52:50.975+0000] {logging_mixin.py:190} INFO - [2025-06-28T04:52:50.975+0000] {dag.py:4180} INFO - Setting next_dagrun for extract_raw_data_pipeline to 2025-06-27 07:58:00+00:00, run_after=2025-06-27 07:59:00+00:00
[2025-06-28T04:52:51.702+0000] {processor.py:208} INFO - Processing /opt/airflow/dags/driven_data_pipeline.py took 1.043 seconds
[2025-06-28T04:53:22.090+0000] {processor.py:186} INFO - Started process (PID=6613) to work on /opt/airflow/dags/driven_data_pipeline.py
[2025-06-28T04:53:22.099+0000] {processor.py:914} INFO - Processing file /opt/airflow/dags/driven_data_pipeline.py for tasks to queue
[2025-06-28T04:53:22.102+0000] {logging_mixin.py:190} INFO - [2025-06-28T04:53:22.101+0000] {dagbag.py:588} INFO - Filling up the DagBag from /opt/airflow/dags/driven_data_pipeline.py
[2025-06-28T04:53:22.308+0000] {processor.py:925} INFO - DAG(s) 'extract_raw_data_pipeline' retrieved from /opt/airflow/dags/driven_data_pipeline.py
[2025-06-28T04:53:22.333+0000] {logging_mixin.py:190} INFO - [2025-06-28T04:53:22.332+0000] {dag.py:3239} INFO - Sync 1 DAGs
[2025-06-28T04:53:22.360+0000] {logging_mixin.py:190} INFO - [2025-06-28T04:53:22.360+0000] {dag.py:4180} INFO - Setting next_dagrun for extract_raw_data_pipeline to 2025-06-27 07:58:00+00:00, run_after=2025-06-27 07:59:00+00:00
[2025-06-28T04:53:23.583+0000] {processor.py:208} INFO - Processing /opt/airflow/dags/driven_data_pipeline.py took 1.511 seconds
[2025-06-28T04:53:53.972+0000] {processor.py:186} INFO - Started process (PID=6621) to work on /opt/airflow/dags/driven_data_pipeline.py
[2025-06-28T04:53:53.974+0000] {processor.py:914} INFO - Processing file /opt/airflow/dags/driven_data_pipeline.py for tasks to queue
[2025-06-28T04:53:53.978+0000] {logging_mixin.py:190} INFO - [2025-06-28T04:53:53.978+0000] {dagbag.py:588} INFO - Filling up the DagBag from /opt/airflow/dags/driven_data_pipeline.py
[2025-06-28T04:53:54.191+0000] {processor.py:925} INFO - DAG(s) 'extract_raw_data_pipeline' retrieved from /opt/airflow/dags/driven_data_pipeline.py
[2025-06-28T04:53:54.217+0000] {logging_mixin.py:190} INFO - [2025-06-28T04:53:54.217+0000] {dag.py:3239} INFO - Sync 1 DAGs
[2025-06-28T04:53:54.245+0000] {logging_mixin.py:190} INFO - [2025-06-28T04:53:54.245+0000] {dag.py:4180} INFO - Setting next_dagrun for extract_raw_data_pipeline to 2025-06-27 07:58:00+00:00, run_after=2025-06-27 07:59:00+00:00
[2025-06-28T04:53:54.292+0000] {processor.py:208} INFO - Processing /opt/airflow/dags/driven_data_pipeline.py took 0.334 seconds
[2025-06-28T04:54:24.455+0000] {processor.py:186} INFO - Started process (PID=6629) to work on /opt/airflow/dags/driven_data_pipeline.py
[2025-06-28T04:54:24.478+0000] {processor.py:914} INFO - Processing file /opt/airflow/dags/driven_data_pipeline.py for tasks to queue
[2025-06-28T04:54:24.486+0000] {logging_mixin.py:190} INFO - [2025-06-28T04:54:24.485+0000] {dagbag.py:588} INFO - Filling up the DagBag from /opt/airflow/dags/driven_data_pipeline.py
[2025-06-28T04:54:24.696+0000] {processor.py:925} INFO - DAG(s) 'extract_raw_data_pipeline' retrieved from /opt/airflow/dags/driven_data_pipeline.py
[2025-06-28T04:54:24.721+0000] {logging_mixin.py:190} INFO - [2025-06-28T04:54:24.720+0000] {dag.py:3239} INFO - Sync 1 DAGs
[2025-06-28T04:54:24.744+0000] {logging_mixin.py:190} INFO - [2025-06-28T04:54:24.743+0000] {dag.py:4180} INFO - Setting next_dagrun for extract_raw_data_pipeline to 2025-06-27 07:58:00+00:00, run_after=2025-06-27 07:59:00+00:00
[2025-06-28T04:54:25.674+0000] {processor.py:208} INFO - Processing /opt/airflow/dags/driven_data_pipeline.py took 1.260 seconds
[2025-06-28T04:54:56.077+0000] {processor.py:186} INFO - Started process (PID=6637) to work on /opt/airflow/dags/driven_data_pipeline.py
[2025-06-28T04:54:56.079+0000] {processor.py:914} INFO - Processing file /opt/airflow/dags/driven_data_pipeline.py for tasks to queue
[2025-06-28T04:54:56.083+0000] {logging_mixin.py:190} INFO - [2025-06-28T04:54:56.082+0000] {dagbag.py:588} INFO - Filling up the DagBag from /opt/airflow/dags/driven_data_pipeline.py
[2025-06-28T04:54:56.297+0000] {processor.py:925} INFO - DAG(s) 'extract_raw_data_pipeline' retrieved from /opt/airflow/dags/driven_data_pipeline.py
[2025-06-28T04:54:56.322+0000] {logging_mixin.py:190} INFO - [2025-06-28T04:54:56.321+0000] {dag.py:3239} INFO - Sync 1 DAGs
[2025-06-28T04:54:56.348+0000] {logging_mixin.py:190} INFO - [2025-06-28T04:54:56.347+0000] {dag.py:4180} INFO - Setting next_dagrun for extract_raw_data_pipeline to 2025-06-27 07:58:00+00:00, run_after=2025-06-27 07:59:00+00:00
[2025-06-28T04:54:56.389+0000] {processor.py:208} INFO - Processing /opt/airflow/dags/driven_data_pipeline.py took 0.329 seconds
[2025-06-28T04:55:26.444+0000] {processor.py:186} INFO - Started process (PID=6645) to work on /opt/airflow/dags/driven_data_pipeline.py
[2025-06-28T04:55:26.461+0000] {processor.py:914} INFO - Processing file /opt/airflow/dags/driven_data_pipeline.py for tasks to queue
[2025-06-28T04:55:26.466+0000] {logging_mixin.py:190} INFO - [2025-06-28T04:55:26.465+0000] {dagbag.py:588} INFO - Filling up the DagBag from /opt/airflow/dags/driven_data_pipeline.py
[2025-06-28T04:55:26.666+0000] {processor.py:925} INFO - DAG(s) 'extract_raw_data_pipeline' retrieved from /opt/airflow/dags/driven_data_pipeline.py
[2025-06-28T04:55:26.693+0000] {logging_mixin.py:190} INFO - [2025-06-28T04:55:26.693+0000] {dag.py:3239} INFO - Sync 1 DAGs
[2025-06-28T04:55:26.718+0000] {logging_mixin.py:190} INFO - [2025-06-28T04:55:26.718+0000] {dag.py:4180} INFO - Setting next_dagrun for extract_raw_data_pipeline to 2025-06-27 07:58:00+00:00, run_after=2025-06-27 07:59:00+00:00
[2025-06-28T04:55:26.754+0000] {processor.py:208} INFO - Processing /opt/airflow/dags/driven_data_pipeline.py took 0.322 seconds
[2025-06-28T04:55:57.126+0000] {processor.py:186} INFO - Started process (PID=6653) to work on /opt/airflow/dags/driven_data_pipeline.py
[2025-06-28T04:55:57.127+0000] {processor.py:914} INFO - Processing file /opt/airflow/dags/driven_data_pipeline.py for tasks to queue
[2025-06-28T04:55:57.130+0000] {logging_mixin.py:190} INFO - [2025-06-28T04:55:57.129+0000] {dagbag.py:588} INFO - Filling up the DagBag from /opt/airflow/dags/driven_data_pipeline.py
[2025-06-28T04:55:57.302+0000] {processor.py:925} INFO - DAG(s) 'extract_raw_data_pipeline' retrieved from /opt/airflow/dags/driven_data_pipeline.py
[2025-06-28T04:55:57.326+0000] {logging_mixin.py:190} INFO - [2025-06-28T04:55:57.326+0000] {dag.py:3239} INFO - Sync 1 DAGs
[2025-06-28T04:55:57.349+0000] {logging_mixin.py:190} INFO - [2025-06-28T04:55:57.349+0000] {dag.py:4180} INFO - Setting next_dagrun for extract_raw_data_pipeline to 2025-06-27 07:58:00+00:00, run_after=2025-06-27 07:59:00+00:00
[2025-06-28T04:55:57.391+0000] {processor.py:208} INFO - Processing /opt/airflow/dags/driven_data_pipeline.py took 0.274 seconds
[2025-06-28T04:56:27.512+0000] {processor.py:186} INFO - Started process (PID=6661) to work on /opt/airflow/dags/driven_data_pipeline.py
[2025-06-28T04:56:27.516+0000] {processor.py:914} INFO - Processing file /opt/airflow/dags/driven_data_pipeline.py for tasks to queue
[2025-06-28T04:56:27.523+0000] {logging_mixin.py:190} INFO - [2025-06-28T04:56:27.522+0000] {dagbag.py:588} INFO - Filling up the DagBag from /opt/airflow/dags/driven_data_pipeline.py
[2025-06-28T04:56:27.730+0000] {processor.py:925} INFO - DAG(s) 'extract_raw_data_pipeline' retrieved from /opt/airflow/dags/driven_data_pipeline.py
[2025-06-28T04:56:27.758+0000] {logging_mixin.py:190} INFO - [2025-06-28T04:56:27.758+0000] {dag.py:3239} INFO - Sync 1 DAGs
[2025-06-28T04:56:27.783+0000] {logging_mixin.py:190} INFO - [2025-06-28T04:56:27.782+0000] {dag.py:4180} INFO - Setting next_dagrun for extract_raw_data_pipeline to 2025-06-27 07:58:00+00:00, run_after=2025-06-27 07:59:00+00:00
[2025-06-28T04:56:27.816+0000] {processor.py:208} INFO - Processing /opt/airflow/dags/driven_data_pipeline.py took 0.332 seconds
[2025-06-28T04:56:58.060+0000] {processor.py:186} INFO - Started process (PID=6669) to work on /opt/airflow/dags/driven_data_pipeline.py
[2025-06-28T04:56:58.072+0000] {processor.py:914} INFO - Processing file /opt/airflow/dags/driven_data_pipeline.py for tasks to queue
[2025-06-28T04:56:58.075+0000] {logging_mixin.py:190} INFO - [2025-06-28T04:56:58.074+0000] {dagbag.py:588} INFO - Filling up the DagBag from /opt/airflow/dags/driven_data_pipeline.py
[2025-06-28T04:56:58.311+0000] {processor.py:925} INFO - DAG(s) 'extract_raw_data_pipeline' retrieved from /opt/airflow/dags/driven_data_pipeline.py
[2025-06-28T04:56:58.350+0000] {logging_mixin.py:190} INFO - [2025-06-28T04:56:58.350+0000] {dag.py:3239} INFO - Sync 1 DAGs
[2025-06-28T04:56:58.387+0000] {logging_mixin.py:190} INFO - [2025-06-28T04:56:58.386+0000] {dag.py:4180} INFO - Setting next_dagrun for extract_raw_data_pipeline to 2025-06-27 07:58:00+00:00, run_after=2025-06-27 07:59:00+00:00
[2025-06-28T04:56:58.448+0000] {processor.py:208} INFO - Processing /opt/airflow/dags/driven_data_pipeline.py took 0.396 seconds
[2025-06-28T04:57:28.614+0000] {processor.py:186} INFO - Started process (PID=6677) to work on /opt/airflow/dags/driven_data_pipeline.py
[2025-06-28T04:57:28.615+0000] {processor.py:914} INFO - Processing file /opt/airflow/dags/driven_data_pipeline.py for tasks to queue
[2025-06-28T04:57:28.618+0000] {logging_mixin.py:190} INFO - [2025-06-28T04:57:28.617+0000] {dagbag.py:588} INFO - Filling up the DagBag from /opt/airflow/dags/driven_data_pipeline.py
[2025-06-28T04:57:28.824+0000] {processor.py:925} INFO - DAG(s) 'extract_raw_data_pipeline' retrieved from /opt/airflow/dags/driven_data_pipeline.py
[2025-06-28T04:57:28.858+0000] {logging_mixin.py:190} INFO - [2025-06-28T04:57:28.857+0000] {dag.py:3239} INFO - Sync 1 DAGs
[2025-06-28T04:57:28.883+0000] {logging_mixin.py:190} INFO - [2025-06-28T04:57:28.883+0000] {dag.py:4180} INFO - Setting next_dagrun for extract_raw_data_pipeline to 2025-06-27 07:58:00+00:00, run_after=2025-06-27 07:59:00+00:00
[2025-06-28T04:57:29.307+0000] {processor.py:208} INFO - Processing /opt/airflow/dags/driven_data_pipeline.py took 0.701 seconds
[2025-06-28T04:57:59.756+0000] {processor.py:186} INFO - Started process (PID=6685) to work on /opt/airflow/dags/driven_data_pipeline.py
[2025-06-28T04:57:59.757+0000] {processor.py:914} INFO - Processing file /opt/airflow/dags/driven_data_pipeline.py for tasks to queue
[2025-06-28T04:57:59.760+0000] {logging_mixin.py:190} INFO - [2025-06-28T04:57:59.760+0000] {dagbag.py:588} INFO - Filling up the DagBag from /opt/airflow/dags/driven_data_pipeline.py
[2025-06-28T04:57:59.954+0000] {processor.py:925} INFO - DAG(s) 'extract_raw_data_pipeline' retrieved from /opt/airflow/dags/driven_data_pipeline.py
[2025-06-28T04:57:59.987+0000] {logging_mixin.py:190} INFO - [2025-06-28T04:57:59.987+0000] {dag.py:3239} INFO - Sync 1 DAGs
[2025-06-28T04:58:00.012+0000] {logging_mixin.py:190} INFO - [2025-06-28T04:58:00.011+0000] {dag.py:4180} INFO - Setting next_dagrun for extract_raw_data_pipeline to 2025-06-27 07:58:00+00:00, run_after=2025-06-27 07:59:00+00:00
[2025-06-28T04:58:00.198+0000] {processor.py:208} INFO - Processing /opt/airflow/dags/driven_data_pipeline.py took 0.456 seconds
[2025-06-28T04:58:30.662+0000] {processor.py:186} INFO - Started process (PID=6693) to work on /opt/airflow/dags/driven_data_pipeline.py
[2025-06-28T04:58:30.674+0000] {processor.py:914} INFO - Processing file /opt/airflow/dags/driven_data_pipeline.py for tasks to queue
[2025-06-28T04:58:30.681+0000] {logging_mixin.py:190} INFO - [2025-06-28T04:58:30.680+0000] {dagbag.py:588} INFO - Filling up the DagBag from /opt/airflow/dags/driven_data_pipeline.py
[2025-06-28T04:58:30.891+0000] {processor.py:925} INFO - DAG(s) 'extract_raw_data_pipeline' retrieved from /opt/airflow/dags/driven_data_pipeline.py
[2025-06-28T04:58:30.916+0000] {logging_mixin.py:190} INFO - [2025-06-28T04:58:30.915+0000] {dag.py:3239} INFO - Sync 1 DAGs
[2025-06-28T04:58:30.942+0000] {logging_mixin.py:190} INFO - [2025-06-28T04:58:30.941+0000] {dag.py:4180} INFO - Setting next_dagrun for extract_raw_data_pipeline to 2025-06-27 07:58:00+00:00, run_after=2025-06-27 07:59:00+00:00
[2025-06-28T04:58:31.002+0000] {processor.py:208} INFO - Processing /opt/airflow/dags/driven_data_pipeline.py took 0.371 seconds
[2025-06-28T04:59:01.429+0000] {processor.py:186} INFO - Started process (PID=6700) to work on /opt/airflow/dags/driven_data_pipeline.py
[2025-06-28T04:59:01.430+0000] {processor.py:914} INFO - Processing file /opt/airflow/dags/driven_data_pipeline.py for tasks to queue
[2025-06-28T04:59:01.433+0000] {logging_mixin.py:190} INFO - [2025-06-28T04:59:01.433+0000] {dagbag.py:588} INFO - Filling up the DagBag from /opt/airflow/dags/driven_data_pipeline.py
[2025-06-28T04:59:01.620+0000] {processor.py:925} INFO - DAG(s) 'extract_raw_data_pipeline' retrieved from /opt/airflow/dags/driven_data_pipeline.py
[2025-06-28T04:59:01.762+0000] {logging_mixin.py:190} INFO - [2025-06-28T04:59:01.762+0000] {dag.py:3239} INFO - Sync 1 DAGs
[2025-06-28T04:59:01.788+0000] {logging_mixin.py:190} INFO - [2025-06-28T04:59:01.787+0000] {dag.py:4180} INFO - Setting next_dagrun for extract_raw_data_pipeline to 2025-06-27 07:58:00+00:00, run_after=2025-06-27 07:59:00+00:00
[2025-06-28T04:59:01.905+0000] {processor.py:208} INFO - Processing /opt/airflow/dags/driven_data_pipeline.py took 0.488 seconds
[2025-06-28T04:59:32.321+0000] {processor.py:186} INFO - Started process (PID=6708) to work on /opt/airflow/dags/driven_data_pipeline.py
[2025-06-28T04:59:32.322+0000] {processor.py:914} INFO - Processing file /opt/airflow/dags/driven_data_pipeline.py for tasks to queue
[2025-06-28T04:59:32.326+0000] {logging_mixin.py:190} INFO - [2025-06-28T04:59:32.325+0000] {dagbag.py:588} INFO - Filling up the DagBag from /opt/airflow/dags/driven_data_pipeline.py
[2025-06-28T04:59:32.531+0000] {processor.py:925} INFO - DAG(s) 'extract_raw_data_pipeline' retrieved from /opt/airflow/dags/driven_data_pipeline.py
[2025-06-28T04:59:32.569+0000] {logging_mixin.py:190} INFO - [2025-06-28T04:59:32.569+0000] {dag.py:3239} INFO - Sync 1 DAGs
[2025-06-28T04:59:32.603+0000] {logging_mixin.py:190} INFO - [2025-06-28T04:59:32.603+0000] {dag.py:4180} INFO - Setting next_dagrun for extract_raw_data_pipeline to 2025-06-27 07:58:00+00:00, run_after=2025-06-27 07:59:00+00:00
[2025-06-28T04:59:32.639+0000] {processor.py:208} INFO - Processing /opt/airflow/dags/driven_data_pipeline.py took 0.326 seconds
[2025-06-28T05:00:02.773+0000] {processor.py:186} INFO - Started process (PID=6716) to work on /opt/airflow/dags/driven_data_pipeline.py
[2025-06-28T05:00:02.780+0000] {processor.py:914} INFO - Processing file /opt/airflow/dags/driven_data_pipeline.py for tasks to queue
[2025-06-28T05:00:02.793+0000] {logging_mixin.py:190} INFO - [2025-06-28T05:00:02.790+0000] {dagbag.py:588} INFO - Filling up the DagBag from /opt/airflow/dags/driven_data_pipeline.py
[2025-06-28T05:00:03.024+0000] {processor.py:925} INFO - DAG(s) 'extract_raw_data_pipeline' retrieved from /opt/airflow/dags/driven_data_pipeline.py
[2025-06-28T05:00:03.050+0000] {logging_mixin.py:190} INFO - [2025-06-28T05:00:03.050+0000] {dag.py:3239} INFO - Sync 1 DAGs
[2025-06-28T05:00:03.073+0000] {logging_mixin.py:190} INFO - [2025-06-28T05:00:03.073+0000] {dag.py:4180} INFO - Setting next_dagrun for extract_raw_data_pipeline to 2025-06-27 07:58:00+00:00, run_after=2025-06-27 07:59:00+00:00
[2025-06-28T05:00:03.115+0000] {processor.py:208} INFO - Processing /opt/airflow/dags/driven_data_pipeline.py took 0.375 seconds
[2025-06-28T05:00:33.513+0000] {processor.py:186} INFO - Started process (PID=6724) to work on /opt/airflow/dags/driven_data_pipeline.py
[2025-06-28T05:00:33.514+0000] {processor.py:914} INFO - Processing file /opt/airflow/dags/driven_data_pipeline.py for tasks to queue
[2025-06-28T05:00:33.519+0000] {logging_mixin.py:190} INFO - [2025-06-28T05:00:33.518+0000] {dagbag.py:588} INFO - Filling up the DagBag from /opt/airflow/dags/driven_data_pipeline.py
[2025-06-28T05:00:33.730+0000] {processor.py:925} INFO - DAG(s) 'extract_raw_data_pipeline' retrieved from /opt/airflow/dags/driven_data_pipeline.py
[2025-06-28T05:00:33.766+0000] {logging_mixin.py:190} INFO - [2025-06-28T05:00:33.766+0000] {dag.py:3239} INFO - Sync 1 DAGs
[2025-06-28T05:00:33.796+0000] {logging_mixin.py:190} INFO - [2025-06-28T05:00:33.796+0000] {dag.py:4180} INFO - Setting next_dagrun for extract_raw_data_pipeline to 2025-06-27 07:58:00+00:00, run_after=2025-06-27 07:59:00+00:00
[2025-06-28T05:00:33.842+0000] {processor.py:208} INFO - Processing /opt/airflow/dags/driven_data_pipeline.py took 0.367 seconds
[2025-06-28T05:01:04.282+0000] {processor.py:186} INFO - Started process (PID=6732) to work on /opt/airflow/dags/driven_data_pipeline.py
[2025-06-28T05:01:04.325+0000] {processor.py:914} INFO - Processing file /opt/airflow/dags/driven_data_pipeline.py for tasks to queue
[2025-06-28T05:01:04.339+0000] {logging_mixin.py:190} INFO - [2025-06-28T05:01:04.336+0000] {dagbag.py:588} INFO - Filling up the DagBag from /opt/airflow/dags/driven_data_pipeline.py
[2025-06-28T05:01:04.592+0000] {processor.py:925} INFO - DAG(s) 'extract_raw_data_pipeline' retrieved from /opt/airflow/dags/driven_data_pipeline.py
[2025-06-28T05:01:04.617+0000] {logging_mixin.py:190} INFO - [2025-06-28T05:01:04.617+0000] {dag.py:3239} INFO - Sync 1 DAGs
[2025-06-28T05:01:04.643+0000] {logging_mixin.py:190} INFO - [2025-06-28T05:01:04.643+0000] {dag.py:4180} INFO - Setting next_dagrun for extract_raw_data_pipeline to 2025-06-27 07:58:00+00:00, run_after=2025-06-27 07:59:00+00:00
[2025-06-28T05:01:04.684+0000] {processor.py:208} INFO - Processing /opt/airflow/dags/driven_data_pipeline.py took 0.434 seconds
[2025-06-28T05:01:35.148+0000] {processor.py:186} INFO - Started process (PID=6740) to work on /opt/airflow/dags/driven_data_pipeline.py
[2025-06-28T05:01:35.150+0000] {processor.py:914} INFO - Processing file /opt/airflow/dags/driven_data_pipeline.py for tasks to queue
[2025-06-28T05:01:35.155+0000] {logging_mixin.py:190} INFO - [2025-06-28T05:01:35.154+0000] {dagbag.py:588} INFO - Filling up the DagBag from /opt/airflow/dags/driven_data_pipeline.py
[2025-06-28T05:01:35.348+0000] {processor.py:925} INFO - DAG(s) 'extract_raw_data_pipeline' retrieved from /opt/airflow/dags/driven_data_pipeline.py
[2025-06-28T05:01:35.377+0000] {logging_mixin.py:190} INFO - [2025-06-28T05:01:35.377+0000] {dag.py:3239} INFO - Sync 1 DAGs
[2025-06-28T05:01:35.399+0000] {logging_mixin.py:190} INFO - [2025-06-28T05:01:35.399+0000] {dag.py:4180} INFO - Setting next_dagrun for extract_raw_data_pipeline to 2025-06-27 07:58:00+00:00, run_after=2025-06-27 07:59:00+00:00
[2025-06-28T05:01:35.433+0000] {processor.py:208} INFO - Processing /opt/airflow/dags/driven_data_pipeline.py took 0.322 seconds
[2025-06-28T05:02:05.532+0000] {processor.py:186} INFO - Started process (PID=6748) to work on /opt/airflow/dags/driven_data_pipeline.py
[2025-06-28T05:02:05.538+0000] {processor.py:914} INFO - Processing file /opt/airflow/dags/driven_data_pipeline.py for tasks to queue
[2025-06-28T05:02:05.551+0000] {logging_mixin.py:190} INFO - [2025-06-28T05:02:05.549+0000] {dagbag.py:588} INFO - Filling up the DagBag from /opt/airflow/dags/driven_data_pipeline.py
[2025-06-28T05:02:05.760+0000] {processor.py:925} INFO - DAG(s) 'extract_raw_data_pipeline' retrieved from /opt/airflow/dags/driven_data_pipeline.py
[2025-06-28T05:02:05.786+0000] {logging_mixin.py:190} INFO - [2025-06-28T05:02:05.786+0000] {dag.py:3239} INFO - Sync 1 DAGs
[2025-06-28T05:02:05.812+0000] {logging_mixin.py:190} INFO - [2025-06-28T05:02:05.811+0000] {dag.py:4180} INFO - Setting next_dagrun for extract_raw_data_pipeline to 2025-06-27 07:58:00+00:00, run_after=2025-06-27 07:59:00+00:00
[2025-06-28T05:02:05.848+0000] {processor.py:208} INFO - Processing /opt/airflow/dags/driven_data_pipeline.py took 0.347 seconds
[2025-06-28T05:02:36.215+0000] {processor.py:186} INFO - Started process (PID=6756) to work on /opt/airflow/dags/driven_data_pipeline.py
[2025-06-28T05:02:36.216+0000] {processor.py:914} INFO - Processing file /opt/airflow/dags/driven_data_pipeline.py for tasks to queue
[2025-06-28T05:02:36.222+0000] {logging_mixin.py:190} INFO - [2025-06-28T05:02:36.221+0000] {dagbag.py:588} INFO - Filling up the DagBag from /opt/airflow/dags/driven_data_pipeline.py
[2025-06-28T05:02:36.460+0000] {processor.py:925} INFO - DAG(s) 'extract_raw_data_pipeline' retrieved from /opt/airflow/dags/driven_data_pipeline.py
[2025-06-28T05:02:36.486+0000] {logging_mixin.py:190} INFO - [2025-06-28T05:02:36.486+0000] {dag.py:3239} INFO - Sync 1 DAGs
[2025-06-28T05:02:36.510+0000] {logging_mixin.py:190} INFO - [2025-06-28T05:02:36.510+0000] {dag.py:4180} INFO - Setting next_dagrun for extract_raw_data_pipeline to 2025-06-27 07:58:00+00:00, run_after=2025-06-27 07:59:00+00:00
[2025-06-28T05:02:36.550+0000] {processor.py:208} INFO - Processing /opt/airflow/dags/driven_data_pipeline.py took 0.343 seconds
[2025-06-28T05:03:06.632+0000] {processor.py:186} INFO - Started process (PID=6765) to work on /opt/airflow/dags/driven_data_pipeline.py
[2025-06-28T05:03:06.636+0000] {processor.py:914} INFO - Processing file /opt/airflow/dags/driven_data_pipeline.py for tasks to queue
[2025-06-28T05:03:06.639+0000] {logging_mixin.py:190} INFO - [2025-06-28T05:03:06.638+0000] {dagbag.py:588} INFO - Filling up the DagBag from /opt/airflow/dags/driven_data_pipeline.py
[2025-06-28T05:03:06.847+0000] {processor.py:925} INFO - DAG(s) 'extract_raw_data_pipeline' retrieved from /opt/airflow/dags/driven_data_pipeline.py
[2025-06-28T05:03:06.881+0000] {logging_mixin.py:190} INFO - [2025-06-28T05:03:06.880+0000] {dag.py:3239} INFO - Sync 1 DAGs
[2025-06-28T05:03:06.917+0000] {logging_mixin.py:190} INFO - [2025-06-28T05:03:06.917+0000] {dag.py:4180} INFO - Setting next_dagrun for extract_raw_data_pipeline to 2025-06-27 07:58:00+00:00, run_after=2025-06-27 07:59:00+00:00
[2025-06-28T05:03:06.957+0000] {processor.py:208} INFO - Processing /opt/airflow/dags/driven_data_pipeline.py took 0.333 seconds
[2025-06-28T05:03:37.421+0000] {processor.py:186} INFO - Started process (PID=6773) to work on /opt/airflow/dags/driven_data_pipeline.py
[2025-06-28T05:03:37.423+0000] {processor.py:914} INFO - Processing file /opt/airflow/dags/driven_data_pipeline.py for tasks to queue
[2025-06-28T05:03:37.427+0000] {logging_mixin.py:190} INFO - [2025-06-28T05:03:37.427+0000] {dagbag.py:588} INFO - Filling up the DagBag from /opt/airflow/dags/driven_data_pipeline.py
[2025-06-28T05:03:37.622+0000] {processor.py:925} INFO - DAG(s) 'extract_raw_data_pipeline' retrieved from /opt/airflow/dags/driven_data_pipeline.py
[2025-06-28T05:03:37.649+0000] {logging_mixin.py:190} INFO - [2025-06-28T05:03:37.649+0000] {dag.py:3239} INFO - Sync 1 DAGs
[2025-06-28T05:03:37.675+0000] {logging_mixin.py:190} INFO - [2025-06-28T05:03:37.675+0000] {dag.py:4180} INFO - Setting next_dagrun for extract_raw_data_pipeline to 2025-06-27 07:58:00+00:00, run_after=2025-06-27 07:59:00+00:00
[2025-06-28T05:03:37.722+0000] {processor.py:208} INFO - Processing /opt/airflow/dags/driven_data_pipeline.py took 0.333 seconds
[2025-06-28T05:04:07.831+0000] {processor.py:186} INFO - Started process (PID=6781) to work on /opt/airflow/dags/driven_data_pipeline.py
[2025-06-28T05:04:07.839+0000] {processor.py:914} INFO - Processing file /opt/airflow/dags/driven_data_pipeline.py for tasks to queue
[2025-06-28T05:04:07.844+0000] {logging_mixin.py:190} INFO - [2025-06-28T05:04:07.843+0000] {dagbag.py:588} INFO - Filling up the DagBag from /opt/airflow/dags/driven_data_pipeline.py
[2025-06-28T05:04:08.039+0000] {processor.py:925} INFO - DAG(s) 'extract_raw_data_pipeline' retrieved from /opt/airflow/dags/driven_data_pipeline.py
[2025-06-28T05:04:08.068+0000] {logging_mixin.py:190} INFO - [2025-06-28T05:04:08.067+0000] {dag.py:3239} INFO - Sync 1 DAGs
[2025-06-28T05:04:08.092+0000] {logging_mixin.py:190} INFO - [2025-06-28T05:04:08.092+0000] {dag.py:4180} INFO - Setting next_dagrun for extract_raw_data_pipeline to 2025-06-27 07:58:00+00:00, run_after=2025-06-27 07:59:00+00:00
[2025-06-28T05:04:08.138+0000] {processor.py:208} INFO - Processing /opt/airflow/dags/driven_data_pipeline.py took 0.326 seconds
[2025-06-28T05:04:38.539+0000] {processor.py:186} INFO - Started process (PID=6789) to work on /opt/airflow/dags/driven_data_pipeline.py
[2025-06-28T05:04:38.541+0000] {processor.py:914} INFO - Processing file /opt/airflow/dags/driven_data_pipeline.py for tasks to queue
[2025-06-28T05:04:38.547+0000] {logging_mixin.py:190} INFO - [2025-06-28T05:04:38.545+0000] {dagbag.py:588} INFO - Filling up the DagBag from /opt/airflow/dags/driven_data_pipeline.py
[2025-06-28T05:04:38.749+0000] {processor.py:925} INFO - DAG(s) 'extract_raw_data_pipeline' retrieved from /opt/airflow/dags/driven_data_pipeline.py
[2025-06-28T05:04:38.774+0000] {logging_mixin.py:190} INFO - [2025-06-28T05:04:38.774+0000] {dag.py:3239} INFO - Sync 1 DAGs
[2025-06-28T05:04:38.800+0000] {logging_mixin.py:190} INFO - [2025-06-28T05:04:38.800+0000] {dag.py:4180} INFO - Setting next_dagrun for extract_raw_data_pipeline to 2025-06-27 07:58:00+00:00, run_after=2025-06-27 07:59:00+00:00
[2025-06-28T05:04:38.838+0000] {processor.py:208} INFO - Processing /opt/airflow/dags/driven_data_pipeline.py took 0.332 seconds
[2025-06-28T05:05:08.928+0000] {processor.py:186} INFO - Started process (PID=6797) to work on /opt/airflow/dags/driven_data_pipeline.py
[2025-06-28T05:05:08.932+0000] {processor.py:914} INFO - Processing file /opt/airflow/dags/driven_data_pipeline.py for tasks to queue
[2025-06-28T05:05:08.934+0000] {logging_mixin.py:190} INFO - [2025-06-28T05:05:08.934+0000] {dagbag.py:588} INFO - Filling up the DagBag from /opt/airflow/dags/driven_data_pipeline.py
[2025-06-28T05:05:09.133+0000] {processor.py:925} INFO - DAG(s) 'extract_raw_data_pipeline' retrieved from /opt/airflow/dags/driven_data_pipeline.py
[2025-06-28T05:05:09.163+0000] {logging_mixin.py:190} INFO - [2025-06-28T05:05:09.163+0000] {dag.py:3239} INFO - Sync 1 DAGs
[2025-06-28T05:05:09.195+0000] {logging_mixin.py:190} INFO - [2025-06-28T05:05:09.194+0000] {dag.py:4180} INFO - Setting next_dagrun for extract_raw_data_pipeline to 2025-06-27 07:58:00+00:00, run_after=2025-06-27 07:59:00+00:00
[2025-06-28T05:05:09.233+0000] {processor.py:208} INFO - Processing /opt/airflow/dags/driven_data_pipeline.py took 0.312 seconds
[2025-06-28T05:05:39.642+0000] {processor.py:186} INFO - Started process (PID=6805) to work on /opt/airflow/dags/driven_data_pipeline.py
[2025-06-28T05:05:39.643+0000] {processor.py:914} INFO - Processing file /opt/airflow/dags/driven_data_pipeline.py for tasks to queue
[2025-06-28T05:05:39.647+0000] {logging_mixin.py:190} INFO - [2025-06-28T05:05:39.646+0000] {dagbag.py:588} INFO - Filling up the DagBag from /opt/airflow/dags/driven_data_pipeline.py
[2025-06-28T05:05:39.848+0000] {processor.py:925} INFO - DAG(s) 'extract_raw_data_pipeline' retrieved from /opt/airflow/dags/driven_data_pipeline.py
[2025-06-28T05:05:39.875+0000] {logging_mixin.py:190} INFO - [2025-06-28T05:05:39.875+0000] {dag.py:3239} INFO - Sync 1 DAGs
[2025-06-28T05:05:39.898+0000] {logging_mixin.py:190} INFO - [2025-06-28T05:05:39.898+0000] {dag.py:4180} INFO - Setting next_dagrun for extract_raw_data_pipeline to 2025-06-27 07:58:00+00:00, run_after=2025-06-27 07:59:00+00:00
[2025-06-28T05:05:39.940+0000] {processor.py:208} INFO - Processing /opt/airflow/dags/driven_data_pipeline.py took 0.310 seconds
[2025-06-28T05:06:10.096+0000] {processor.py:186} INFO - Started process (PID=6813) to work on /opt/airflow/dags/driven_data_pipeline.py
[2025-06-28T05:06:10.109+0000] {processor.py:914} INFO - Processing file /opt/airflow/dags/driven_data_pipeline.py for tasks to queue
[2025-06-28T05:06:10.123+0000] {logging_mixin.py:190} INFO - [2025-06-28T05:06:10.120+0000] {dagbag.py:588} INFO - Filling up the DagBag from /opt/airflow/dags/driven_data_pipeline.py
[2025-06-28T05:06:10.343+0000] {processor.py:925} INFO - DAG(s) 'extract_raw_data_pipeline' retrieved from /opt/airflow/dags/driven_data_pipeline.py
[2025-06-28T05:06:10.369+0000] {logging_mixin.py:190} INFO - [2025-06-28T05:06:10.369+0000] {dag.py:3239} INFO - Sync 1 DAGs
[2025-06-28T05:06:10.395+0000] {logging_mixin.py:190} INFO - [2025-06-28T05:06:10.394+0000] {dag.py:4180} INFO - Setting next_dagrun for extract_raw_data_pipeline to 2025-06-27 07:58:00+00:00, run_after=2025-06-27 07:59:00+00:00
[2025-06-28T05:06:10.435+0000] {processor.py:208} INFO - Processing /opt/airflow/dags/driven_data_pipeline.py took 0.377 seconds
[2025-06-28T05:06:40.685+0000] {processor.py:186} INFO - Started process (PID=6821) to work on /opt/airflow/dags/driven_data_pipeline.py
[2025-06-28T05:06:40.686+0000] {processor.py:914} INFO - Processing file /opt/airflow/dags/driven_data_pipeline.py for tasks to queue
[2025-06-28T05:06:40.688+0000] {logging_mixin.py:190} INFO - [2025-06-28T05:06:40.688+0000] {dagbag.py:588} INFO - Filling up the DagBag from /opt/airflow/dags/driven_data_pipeline.py
[2025-06-28T05:06:40.883+0000] {processor.py:925} INFO - DAG(s) 'extract_raw_data_pipeline' retrieved from /opt/airflow/dags/driven_data_pipeline.py
[2025-06-28T05:06:40.907+0000] {logging_mixin.py:190} INFO - [2025-06-28T05:06:40.907+0000] {dag.py:3239} INFO - Sync 1 DAGs
[2025-06-28T05:06:40.932+0000] {logging_mixin.py:190} INFO - [2025-06-28T05:06:40.932+0000] {dag.py:4180} INFO - Setting next_dagrun for extract_raw_data_pipeline to 2025-06-27 07:58:00+00:00, run_after=2025-06-27 07:59:00+00:00
[2025-06-28T05:06:40.973+0000] {processor.py:208} INFO - Processing /opt/airflow/dags/driven_data_pipeline.py took 0.294 seconds
[2025-06-28T05:07:11.205+0000] {processor.py:186} INFO - Started process (PID=6829) to work on /opt/airflow/dags/driven_data_pipeline.py
[2025-06-28T05:07:11.213+0000] {processor.py:914} INFO - Processing file /opt/airflow/dags/driven_data_pipeline.py for tasks to queue
[2025-06-28T05:07:11.219+0000] {logging_mixin.py:190} INFO - [2025-06-28T05:07:11.218+0000] {dagbag.py:588} INFO - Filling up the DagBag from /opt/airflow/dags/driven_data_pipeline.py
[2025-06-28T05:07:11.428+0000] {processor.py:925} INFO - DAG(s) 'extract_raw_data_pipeline' retrieved from /opt/airflow/dags/driven_data_pipeline.py
[2025-06-28T05:07:11.454+0000] {logging_mixin.py:190} INFO - [2025-06-28T05:07:11.454+0000] {dag.py:3239} INFO - Sync 1 DAGs
[2025-06-28T05:07:11.480+0000] {logging_mixin.py:190} INFO - [2025-06-28T05:07:11.480+0000] {dag.py:4180} INFO - Setting next_dagrun for extract_raw_data_pipeline to 2025-06-27 07:58:00+00:00, run_after=2025-06-27 07:59:00+00:00
[2025-06-28T05:07:11.520+0000] {processor.py:208} INFO - Processing /opt/airflow/dags/driven_data_pipeline.py took 0.334 seconds
[2025-06-28T05:07:41.798+0000] {processor.py:186} INFO - Started process (PID=6837) to work on /opt/airflow/dags/driven_data_pipeline.py
[2025-06-28T05:07:41.800+0000] {processor.py:914} INFO - Processing file /opt/airflow/dags/driven_data_pipeline.py for tasks to queue
[2025-06-28T05:07:41.805+0000] {logging_mixin.py:190} INFO - [2025-06-28T05:07:41.804+0000] {dagbag.py:588} INFO - Filling up the DagBag from /opt/airflow/dags/driven_data_pipeline.py
[2025-06-28T05:07:41.999+0000] {processor.py:925} INFO - DAG(s) 'extract_raw_data_pipeline' retrieved from /opt/airflow/dags/driven_data_pipeline.py
[2025-06-28T05:07:42.026+0000] {logging_mixin.py:190} INFO - [2025-06-28T05:07:42.026+0000] {dag.py:3239} INFO - Sync 1 DAGs
[2025-06-28T05:07:42.050+0000] {logging_mixin.py:190} INFO - [2025-06-28T05:07:42.050+0000] {dag.py:4180} INFO - Setting next_dagrun for extract_raw_data_pipeline to 2025-06-27 07:58:00+00:00, run_after=2025-06-27 07:59:00+00:00
[2025-06-28T05:07:42.095+0000] {processor.py:208} INFO - Processing /opt/airflow/dags/driven_data_pipeline.py took 0.326 seconds
[2025-06-28T05:08:12.301+0000] {processor.py:186} INFO - Started process (PID=6845) to work on /opt/airflow/dags/driven_data_pipeline.py
[2025-06-28T05:08:12.320+0000] {processor.py:914} INFO - Processing file /opt/airflow/dags/driven_data_pipeline.py for tasks to queue
[2025-06-28T05:08:12.324+0000] {logging_mixin.py:190} INFO - [2025-06-28T05:08:12.323+0000] {dagbag.py:588} INFO - Filling up the DagBag from /opt/airflow/dags/driven_data_pipeline.py
[2025-06-28T05:08:12.528+0000] {processor.py:925} INFO - DAG(s) 'extract_raw_data_pipeline' retrieved from /opt/airflow/dags/driven_data_pipeline.py
[2025-06-28T05:08:12.561+0000] {logging_mixin.py:190} INFO - [2025-06-28T05:08:12.561+0000] {dag.py:3239} INFO - Sync 1 DAGs
[2025-06-28T05:08:12.591+0000] {logging_mixin.py:190} INFO - [2025-06-28T05:08:12.591+0000] {dag.py:4180} INFO - Setting next_dagrun for extract_raw_data_pipeline to 2025-06-27 07:58:00+00:00, run_after=2025-06-27 07:59:00+00:00
[2025-06-28T05:08:12.634+0000] {processor.py:208} INFO - Processing /opt/airflow/dags/driven_data_pipeline.py took 0.340 seconds
[2025-06-28T05:08:42.941+0000] {processor.py:186} INFO - Started process (PID=6853) to work on /opt/airflow/dags/driven_data_pipeline.py
[2025-06-28T05:08:42.946+0000] {processor.py:914} INFO - Processing file /opt/airflow/dags/driven_data_pipeline.py for tasks to queue
[2025-06-28T05:08:42.956+0000] {logging_mixin.py:190} INFO - [2025-06-28T05:08:42.954+0000] {dagbag.py:588} INFO - Filling up the DagBag from /opt/airflow/dags/driven_data_pipeline.py
[2025-06-28T05:08:43.170+0000] {processor.py:925} INFO - DAG(s) 'extract_raw_data_pipeline' retrieved from /opt/airflow/dags/driven_data_pipeline.py
[2025-06-28T05:08:43.196+0000] {logging_mixin.py:190} INFO - [2025-06-28T05:08:43.196+0000] {dag.py:3239} INFO - Sync 1 DAGs
[2025-06-28T05:08:43.220+0000] {logging_mixin.py:190} INFO - [2025-06-28T05:08:43.219+0000] {dag.py:4180} INFO - Setting next_dagrun for extract_raw_data_pipeline to 2025-06-27 07:58:00+00:00, run_after=2025-06-27 07:59:00+00:00
[2025-06-28T05:08:43.262+0000] {processor.py:208} INFO - Processing /opt/airflow/dags/driven_data_pipeline.py took 0.361 seconds
[2025-06-28T05:09:13.386+0000] {processor.py:186} INFO - Started process (PID=6861) to work on /opt/airflow/dags/driven_data_pipeline.py
[2025-06-28T05:09:13.400+0000] {processor.py:914} INFO - Processing file /opt/airflow/dags/driven_data_pipeline.py for tasks to queue
[2025-06-28T05:09:13.404+0000] {logging_mixin.py:190} INFO - [2025-06-28T05:09:13.403+0000] {dagbag.py:588} INFO - Filling up the DagBag from /opt/airflow/dags/driven_data_pipeline.py
[2025-06-28T05:09:13.598+0000] {processor.py:925} INFO - DAG(s) 'extract_raw_data_pipeline' retrieved from /opt/airflow/dags/driven_data_pipeline.py
[2025-06-28T05:09:13.628+0000] {logging_mixin.py:190} INFO - [2025-06-28T05:09:13.628+0000] {dag.py:3239} INFO - Sync 1 DAGs
[2025-06-28T05:09:13.654+0000] {logging_mixin.py:190} INFO - [2025-06-28T05:09:13.653+0000] {dag.py:4180} INFO - Setting next_dagrun for extract_raw_data_pipeline to 2025-06-27 07:58:00+00:00, run_after=2025-06-27 07:59:00+00:00
[2025-06-28T05:09:13.693+0000] {processor.py:208} INFO - Processing /opt/airflow/dags/driven_data_pipeline.py took 0.317 seconds
[2025-06-28T05:09:44.041+0000] {processor.py:186} INFO - Started process (PID=6869) to work on /opt/airflow/dags/driven_data_pipeline.py
[2025-06-28T05:09:44.043+0000] {processor.py:914} INFO - Processing file /opt/airflow/dags/driven_data_pipeline.py for tasks to queue
[2025-06-28T05:09:44.047+0000] {logging_mixin.py:190} INFO - [2025-06-28T05:09:44.046+0000] {dagbag.py:588} INFO - Filling up the DagBag from /opt/airflow/dags/driven_data_pipeline.py
[2025-06-28T05:09:44.240+0000] {processor.py:925} INFO - DAG(s) 'extract_raw_data_pipeline' retrieved from /opt/airflow/dags/driven_data_pipeline.py
[2025-06-28T05:09:44.267+0000] {logging_mixin.py:190} INFO - [2025-06-28T05:09:44.267+0000] {dag.py:3239} INFO - Sync 1 DAGs
[2025-06-28T05:09:44.292+0000] {logging_mixin.py:190} INFO - [2025-06-28T05:09:44.292+0000] {dag.py:4180} INFO - Setting next_dagrun for extract_raw_data_pipeline to 2025-06-27 07:58:00+00:00, run_after=2025-06-27 07:59:00+00:00
[2025-06-28T05:09:44.396+0000] {processor.py:208} INFO - Processing /opt/airflow/dags/driven_data_pipeline.py took 0.373 seconds
[2025-06-28T05:10:14.868+0000] {processor.py:186} INFO - Started process (PID=6877) to work on /opt/airflow/dags/driven_data_pipeline.py
[2025-06-28T05:10:15.447+0000] {processor.py:914} INFO - Processing file /opt/airflow/dags/driven_data_pipeline.py for tasks to queue
[2025-06-28T05:10:15.459+0000] {logging_mixin.py:190} INFO - [2025-06-28T05:10:15.457+0000] {dagbag.py:588} INFO - Filling up the DagBag from /opt/airflow/dags/driven_data_pipeline.py
[2025-06-28T05:10:15.743+0000] {processor.py:925} INFO - DAG(s) 'extract_raw_data_pipeline' retrieved from /opt/airflow/dags/driven_data_pipeline.py
[2025-06-28T05:10:15.776+0000] {logging_mixin.py:190} INFO - [2025-06-28T05:10:15.775+0000] {dag.py:3239} INFO - Sync 1 DAGs
[2025-06-28T05:10:15.807+0000] {logging_mixin.py:190} INFO - [2025-06-28T05:10:15.806+0000] {dag.py:4180} INFO - Setting next_dagrun for extract_raw_data_pipeline to 2025-06-27 07:58:00+00:00, run_after=2025-06-27 07:59:00+00:00
[2025-06-28T05:10:15.848+0000] {processor.py:208} INFO - Processing /opt/airflow/dags/driven_data_pipeline.py took 1.008 seconds
[2025-06-28T05:10:46.188+0000] {processor.py:186} INFO - Started process (PID=6891) to work on /opt/airflow/dags/driven_data_pipeline.py
[2025-06-28T05:10:46.189+0000] {processor.py:914} INFO - Processing file /opt/airflow/dags/driven_data_pipeline.py for tasks to queue
[2025-06-28T05:10:46.192+0000] {logging_mixin.py:190} INFO - [2025-06-28T05:10:46.191+0000] {dagbag.py:588} INFO - Filling up the DagBag from /opt/airflow/dags/driven_data_pipeline.py
[2025-06-28T05:10:46.417+0000] {processor.py:925} INFO - DAG(s) 'extract_raw_data_pipeline' retrieved from /opt/airflow/dags/driven_data_pipeline.py
[2025-06-28T05:10:46.453+0000] {logging_mixin.py:190} INFO - [2025-06-28T05:10:46.452+0000] {dag.py:3239} INFO - Sync 1 DAGs
[2025-06-28T05:10:46.484+0000] {logging_mixin.py:190} INFO - [2025-06-28T05:10:46.484+0000] {dag.py:4180} INFO - Setting next_dagrun for extract_raw_data_pipeline to 2025-06-27 07:58:00+00:00, run_after=2025-06-27 07:59:00+00:00
[2025-06-28T05:10:46.541+0000] {processor.py:208} INFO - Processing /opt/airflow/dags/driven_data_pipeline.py took 0.364 seconds
[2025-06-28T05:11:16.917+0000] {processor.py:186} INFO - Started process (PID=6899) to work on /opt/airflow/dags/driven_data_pipeline.py
[2025-06-28T05:11:16.918+0000] {processor.py:914} INFO - Processing file /opt/airflow/dags/driven_data_pipeline.py for tasks to queue
[2025-06-28T05:11:16.921+0000] {logging_mixin.py:190} INFO - [2025-06-28T05:11:16.920+0000] {dagbag.py:588} INFO - Filling up the DagBag from /opt/airflow/dags/driven_data_pipeline.py
[2025-06-28T05:11:17.111+0000] {processor.py:925} INFO - DAG(s) 'extract_raw_data_pipeline' retrieved from /opt/airflow/dags/driven_data_pipeline.py
[2025-06-28T05:11:17.144+0000] {logging_mixin.py:190} INFO - [2025-06-28T05:11:17.144+0000] {dag.py:3239} INFO - Sync 1 DAGs
[2025-06-28T05:11:17.171+0000] {logging_mixin.py:190} INFO - [2025-06-28T05:11:17.171+0000] {dag.py:4180} INFO - Setting next_dagrun for extract_raw_data_pipeline to 2025-06-27 07:58:00+00:00, run_after=2025-06-27 07:59:00+00:00
[2025-06-28T05:11:17.206+0000] {processor.py:208} INFO - Processing /opt/airflow/dags/driven_data_pipeline.py took 0.296 seconds
[2025-06-28T05:11:47.295+0000] {processor.py:186} INFO - Started process (PID=6907) to work on /opt/airflow/dags/driven_data_pipeline.py
[2025-06-28T05:11:47.296+0000] {processor.py:914} INFO - Processing file /opt/airflow/dags/driven_data_pipeline.py for tasks to queue
[2025-06-28T05:11:47.299+0000] {logging_mixin.py:190} INFO - [2025-06-28T05:11:47.299+0000] {dagbag.py:588} INFO - Filling up the DagBag from /opt/airflow/dags/driven_data_pipeline.py
[2025-06-28T05:11:47.478+0000] {processor.py:925} INFO - DAG(s) 'extract_raw_data_pipeline' retrieved from /opt/airflow/dags/driven_data_pipeline.py
[2025-06-28T05:11:47.508+0000] {logging_mixin.py:190} INFO - [2025-06-28T05:11:47.508+0000] {dag.py:3239} INFO - Sync 1 DAGs
[2025-06-28T05:11:47.534+0000] {logging_mixin.py:190} INFO - [2025-06-28T05:11:47.533+0000] {dag.py:4180} INFO - Setting next_dagrun for extract_raw_data_pipeline to 2025-06-27 07:58:00+00:00, run_after=2025-06-27 07:59:00+00:00
[2025-06-28T05:11:47.595+0000] {processor.py:208} INFO - Processing /opt/airflow/dags/driven_data_pipeline.py took 0.309 seconds
[2025-06-28T05:12:17.950+0000] {processor.py:186} INFO - Started process (PID=6915) to work on /opt/airflow/dags/driven_data_pipeline.py
[2025-06-28T05:12:17.965+0000] {processor.py:914} INFO - Processing file /opt/airflow/dags/driven_data_pipeline.py for tasks to queue
[2025-06-28T05:12:17.969+0000] {logging_mixin.py:190} INFO - [2025-06-28T05:12:17.968+0000] {dagbag.py:588} INFO - Filling up the DagBag from /opt/airflow/dags/driven_data_pipeline.py
[2025-06-28T05:12:18.210+0000] {processor.py:925} INFO - DAG(s) 'extract_raw_data_pipeline' retrieved from /opt/airflow/dags/driven_data_pipeline.py
[2025-06-28T05:12:18.238+0000] {logging_mixin.py:190} INFO - [2025-06-28T05:12:18.238+0000] {dag.py:3239} INFO - Sync 1 DAGs
[2025-06-28T05:12:18.267+0000] {logging_mixin.py:190} INFO - [2025-06-28T05:12:18.267+0000] {dag.py:4180} INFO - Setting next_dagrun for extract_raw_data_pipeline to 2025-06-27 07:58:00+00:00, run_after=2025-06-27 07:59:00+00:00
[2025-06-28T05:12:18.304+0000] {processor.py:208} INFO - Processing /opt/airflow/dags/driven_data_pipeline.py took 0.368 seconds
[2025-06-28T05:12:48.743+0000] {processor.py:186} INFO - Started process (PID=6923) to work on /opt/airflow/dags/driven_data_pipeline.py
[2025-06-28T05:12:48.745+0000] {processor.py:914} INFO - Processing file /opt/airflow/dags/driven_data_pipeline.py for tasks to queue
[2025-06-28T05:12:48.750+0000] {logging_mixin.py:190} INFO - [2025-06-28T05:12:48.749+0000] {dagbag.py:588} INFO - Filling up the DagBag from /opt/airflow/dags/driven_data_pipeline.py
[2025-06-28T05:12:48.945+0000] {processor.py:925} INFO - DAG(s) 'extract_raw_data_pipeline' retrieved from /opt/airflow/dags/driven_data_pipeline.py
[2025-06-28T05:12:48.972+0000] {logging_mixin.py:190} INFO - [2025-06-28T05:12:48.972+0000] {dag.py:3239} INFO - Sync 1 DAGs
[2025-06-28T05:12:48.996+0000] {logging_mixin.py:190} INFO - [2025-06-28T05:12:48.996+0000] {dag.py:4180} INFO - Setting next_dagrun for extract_raw_data_pipeline to 2025-06-27 07:58:00+00:00, run_after=2025-06-27 07:59:00+00:00
[2025-06-28T05:12:49.031+0000] {processor.py:208} INFO - Processing /opt/airflow/dags/driven_data_pipeline.py took 0.305 seconds
[2025-06-28T05:13:19.098+0000] {processor.py:186} INFO - Started process (PID=6931) to work on /opt/airflow/dags/driven_data_pipeline.py
[2025-06-28T05:13:19.141+0000] {processor.py:914} INFO - Processing file /opt/airflow/dags/driven_data_pipeline.py for tasks to queue
[2025-06-28T05:13:19.144+0000] {logging_mixin.py:190} INFO - [2025-06-28T05:13:19.143+0000] {dagbag.py:588} INFO - Filling up the DagBag from /opt/airflow/dags/driven_data_pipeline.py
[2025-06-28T05:13:19.345+0000] {processor.py:925} INFO - DAG(s) 'extract_raw_data_pipeline' retrieved from /opt/airflow/dags/driven_data_pipeline.py
[2025-06-28T05:13:19.381+0000] {logging_mixin.py:190} INFO - [2025-06-28T05:13:19.380+0000] {dag.py:3239} INFO - Sync 1 DAGs
[2025-06-28T05:13:19.417+0000] {logging_mixin.py:190} INFO - [2025-06-28T05:13:19.417+0000] {dag.py:4180} INFO - Setting next_dagrun for extract_raw_data_pipeline to 2025-06-27 07:58:00+00:00, run_after=2025-06-27 07:59:00+00:00
[2025-06-28T05:13:19.453+0000] {processor.py:208} INFO - Processing /opt/airflow/dags/driven_data_pipeline.py took 0.363 seconds
[2025-06-28T05:13:49.893+0000] {processor.py:186} INFO - Started process (PID=6939) to work on /opt/airflow/dags/driven_data_pipeline.py
[2025-06-28T05:13:49.896+0000] {processor.py:914} INFO - Processing file /opt/airflow/dags/driven_data_pipeline.py for tasks to queue
[2025-06-28T05:13:49.911+0000] {logging_mixin.py:190} INFO - [2025-06-28T05:13:49.908+0000] {dagbag.py:588} INFO - Filling up the DagBag from /opt/airflow/dags/driven_data_pipeline.py
[2025-06-28T05:13:50.139+0000] {processor.py:925} INFO - DAG(s) 'extract_raw_data_pipeline' retrieved from /opt/airflow/dags/driven_data_pipeline.py
[2025-06-28T05:13:50.172+0000] {logging_mixin.py:190} INFO - [2025-06-28T05:13:50.172+0000] {dag.py:3239} INFO - Sync 1 DAGs
[2025-06-28T05:13:50.208+0000] {logging_mixin.py:190} INFO - [2025-06-28T05:13:50.208+0000] {dag.py:4180} INFO - Setting next_dagrun for extract_raw_data_pipeline to 2025-06-27 07:58:00+00:00, run_after=2025-06-27 07:59:00+00:00
[2025-06-28T05:13:50.247+0000] {processor.py:208} INFO - Processing /opt/airflow/dags/driven_data_pipeline.py took 0.392 seconds
[2025-06-28T05:14:20.738+0000] {processor.py:186} INFO - Started process (PID=6947) to work on /opt/airflow/dags/driven_data_pipeline.py
[2025-06-28T05:14:20.740+0000] {processor.py:914} INFO - Processing file /opt/airflow/dags/driven_data_pipeline.py for tasks to queue
[2025-06-28T05:14:20.748+0000] {logging_mixin.py:190} INFO - [2025-06-28T05:14:20.747+0000] {dagbag.py:588} INFO - Filling up the DagBag from /opt/airflow/dags/driven_data_pipeline.py
[2025-06-28T05:14:20.954+0000] {processor.py:925} INFO - DAG(s) 'extract_raw_data_pipeline' retrieved from /opt/airflow/dags/driven_data_pipeline.py
[2025-06-28T05:14:20.981+0000] {logging_mixin.py:190} INFO - [2025-06-28T05:14:20.980+0000] {dag.py:3239} INFO - Sync 1 DAGs
[2025-06-28T05:14:21.014+0000] {logging_mixin.py:190} INFO - [2025-06-28T05:14:21.014+0000] {dag.py:4180} INFO - Setting next_dagrun for extract_raw_data_pipeline to 2025-06-27 07:58:00+00:00, run_after=2025-06-27 07:59:00+00:00
[2025-06-28T05:14:21.060+0000] {processor.py:208} INFO - Processing /opt/airflow/dags/driven_data_pipeline.py took 0.357 seconds
[2025-06-28T05:14:51.516+0000] {processor.py:186} INFO - Started process (PID=6955) to work on /opt/airflow/dags/driven_data_pipeline.py
[2025-06-28T05:14:51.517+0000] {processor.py:914} INFO - Processing file /opt/airflow/dags/driven_data_pipeline.py for tasks to queue
[2025-06-28T05:14:51.521+0000] {logging_mixin.py:190} INFO - [2025-06-28T05:14:51.520+0000] {dagbag.py:588} INFO - Filling up the DagBag from /opt/airflow/dags/driven_data_pipeline.py
[2025-06-28T05:14:51.719+0000] {processor.py:925} INFO - DAG(s) 'extract_raw_data_pipeline' retrieved from /opt/airflow/dags/driven_data_pipeline.py
[2025-06-28T05:14:51.746+0000] {logging_mixin.py:190} INFO - [2025-06-28T05:14:51.746+0000] {dag.py:3239} INFO - Sync 1 DAGs
[2025-06-28T05:14:51.772+0000] {logging_mixin.py:190} INFO - [2025-06-28T05:14:51.771+0000] {dag.py:4180} INFO - Setting next_dagrun for extract_raw_data_pipeline to 2025-06-27 07:58:00+00:00, run_after=2025-06-27 07:59:00+00:00
[2025-06-28T05:14:51.845+0000] {processor.py:208} INFO - Processing /opt/airflow/dags/driven_data_pipeline.py took 0.351 seconds
[2025-06-28T05:15:22.242+0000] {processor.py:186} INFO - Started process (PID=6963) to work on /opt/airflow/dags/driven_data_pipeline.py
[2025-06-28T05:15:22.244+0000] {processor.py:914} INFO - Processing file /opt/airflow/dags/driven_data_pipeline.py for tasks to queue
[2025-06-28T05:15:22.249+0000] {logging_mixin.py:190} INFO - [2025-06-28T05:15:22.248+0000] {dagbag.py:588} INFO - Filling up the DagBag from /opt/airflow/dags/driven_data_pipeline.py
[2025-06-28T05:15:22.458+0000] {processor.py:925} INFO - DAG(s) 'extract_raw_data_pipeline' retrieved from /opt/airflow/dags/driven_data_pipeline.py
[2025-06-28T05:15:22.485+0000] {logging_mixin.py:190} INFO - [2025-06-28T05:15:22.485+0000] {dag.py:3239} INFO - Sync 1 DAGs
[2025-06-28T05:15:22.511+0000] {logging_mixin.py:190} INFO - [2025-06-28T05:15:22.511+0000] {dag.py:4180} INFO - Setting next_dagrun for extract_raw_data_pipeline to 2025-06-27 07:58:00+00:00, run_after=2025-06-27 07:59:00+00:00
[2025-06-28T05:15:22.546+0000] {processor.py:208} INFO - Processing /opt/airflow/dags/driven_data_pipeline.py took 0.319 seconds
[2025-06-28T05:15:52.649+0000] {processor.py:186} INFO - Started process (PID=6971) to work on /opt/airflow/dags/driven_data_pipeline.py
[2025-06-28T05:15:52.652+0000] {processor.py:914} INFO - Processing file /opt/airflow/dags/driven_data_pipeline.py for tasks to queue
[2025-06-28T05:15:52.661+0000] {logging_mixin.py:190} INFO - [2025-06-28T05:15:52.659+0000] {dagbag.py:588} INFO - Filling up the DagBag from /opt/airflow/dags/driven_data_pipeline.py
[2025-06-28T05:15:52.919+0000] {processor.py:925} INFO - DAG(s) 'extract_raw_data_pipeline' retrieved from /opt/airflow/dags/driven_data_pipeline.py
[2025-06-28T05:15:52.949+0000] {logging_mixin.py:190} INFO - [2025-06-28T05:15:52.949+0000] {dag.py:3239} INFO - Sync 1 DAGs
[2025-06-28T05:15:52.978+0000] {logging_mixin.py:190} INFO - [2025-06-28T05:15:52.978+0000] {dag.py:4180} INFO - Setting next_dagrun for extract_raw_data_pipeline to 2025-06-27 07:58:00+00:00, run_after=2025-06-27 07:59:00+00:00
[2025-06-28T05:15:53.015+0000] {processor.py:208} INFO - Processing /opt/airflow/dags/driven_data_pipeline.py took 0.401 seconds
[2025-06-28T05:16:23.280+0000] {processor.py:186} INFO - Started process (PID=6979) to work on /opt/airflow/dags/driven_data_pipeline.py
[2025-06-28T05:16:23.282+0000] {processor.py:914} INFO - Processing file /opt/airflow/dags/driven_data_pipeline.py for tasks to queue
[2025-06-28T05:16:23.287+0000] {logging_mixin.py:190} INFO - [2025-06-28T05:16:23.286+0000] {dagbag.py:588} INFO - Filling up the DagBag from /opt/airflow/dags/driven_data_pipeline.py
[2025-06-28T05:16:23.576+0000] {processor.py:925} INFO - DAG(s) 'extract_raw_data_pipeline' retrieved from /opt/airflow/dags/driven_data_pipeline.py
[2025-06-28T05:16:23.611+0000] {logging_mixin.py:190} INFO - [2025-06-28T05:16:23.611+0000] {dag.py:3239} INFO - Sync 1 DAGs
[2025-06-28T05:16:23.642+0000] {logging_mixin.py:190} INFO - [2025-06-28T05:16:23.642+0000] {dag.py:4180} INFO - Setting next_dagrun for extract_raw_data_pipeline to 2025-06-27 07:58:00+00:00, run_after=2025-06-27 07:59:00+00:00
[2025-06-28T05:16:23.693+0000] {processor.py:208} INFO - Processing /opt/airflow/dags/driven_data_pipeline.py took 0.429 seconds
[2025-06-28T05:16:53.810+0000] {processor.py:186} INFO - Started process (PID=6987) to work on /opt/airflow/dags/driven_data_pipeline.py
[2025-06-28T05:16:53.811+0000] {processor.py:914} INFO - Processing file /opt/airflow/dags/driven_data_pipeline.py for tasks to queue
[2025-06-28T05:16:53.813+0000] {logging_mixin.py:190} INFO - [2025-06-28T05:16:53.813+0000] {dagbag.py:588} INFO - Filling up the DagBag from /opt/airflow/dags/driven_data_pipeline.py
[2025-06-28T05:16:54.011+0000] {processor.py:925} INFO - DAG(s) 'extract_raw_data_pipeline' retrieved from /opt/airflow/dags/driven_data_pipeline.py
[2025-06-28T05:16:54.042+0000] {logging_mixin.py:190} INFO - [2025-06-28T05:16:54.042+0000] {dag.py:3239} INFO - Sync 1 DAGs
[2025-06-28T05:16:54.072+0000] {logging_mixin.py:190} INFO - [2025-06-28T05:16:54.072+0000] {dag.py:4180} INFO - Setting next_dagrun for extract_raw_data_pipeline to 2025-06-27 07:58:00+00:00, run_after=2025-06-27 07:59:00+00:00
[2025-06-28T05:16:54.413+0000] {processor.py:208} INFO - Processing /opt/airflow/dags/driven_data_pipeline.py took 0.609 seconds
[2025-06-28T05:17:24.504+0000] {processor.py:186} INFO - Started process (PID=6995) to work on /opt/airflow/dags/driven_data_pipeline.py
[2025-06-28T05:17:24.504+0000] {processor.py:914} INFO - Processing file /opt/airflow/dags/driven_data_pipeline.py for tasks to queue
[2025-06-28T05:17:24.508+0000] {logging_mixin.py:190} INFO - [2025-06-28T05:17:24.507+0000] {dagbag.py:588} INFO - Filling up the DagBag from /opt/airflow/dags/driven_data_pipeline.py
[2025-06-28T05:17:24.698+0000] {processor.py:925} INFO - DAG(s) 'extract_raw_data_pipeline' retrieved from /opt/airflow/dags/driven_data_pipeline.py
[2025-06-28T05:17:24.726+0000] {logging_mixin.py:190} INFO - [2025-06-28T05:17:24.725+0000] {dag.py:3239} INFO - Sync 1 DAGs
[2025-06-28T05:17:24.756+0000] {logging_mixin.py:190} INFO - [2025-06-28T05:17:24.755+0000] {dag.py:4180} INFO - Setting next_dagrun for extract_raw_data_pipeline to 2025-06-27 07:58:00+00:00, run_after=2025-06-27 07:59:00+00:00
[2025-06-28T05:17:25.304+0000] {processor.py:208} INFO - Processing /opt/airflow/dags/driven_data_pipeline.py took 0.816 seconds
[2025-06-28T05:17:55.808+0000] {processor.py:186} INFO - Started process (PID=7003) to work on /opt/airflow/dags/driven_data_pipeline.py
[2025-06-28T05:17:55.811+0000] {processor.py:914} INFO - Processing file /opt/airflow/dags/driven_data_pipeline.py for tasks to queue
[2025-06-28T05:17:55.824+0000] {logging_mixin.py:190} INFO - [2025-06-28T05:17:55.822+0000] {dagbag.py:588} INFO - Filling up the DagBag from /opt/airflow/dags/driven_data_pipeline.py
[2025-06-28T05:17:56.071+0000] {processor.py:925} INFO - DAG(s) 'extract_raw_data_pipeline' retrieved from /opt/airflow/dags/driven_data_pipeline.py
[2025-06-28T05:17:56.098+0000] {logging_mixin.py:190} INFO - [2025-06-28T05:17:56.098+0000] {dag.py:3239} INFO - Sync 1 DAGs
[2025-06-28T05:17:56.124+0000] {logging_mixin.py:190} INFO - [2025-06-28T05:17:56.123+0000] {dag.py:4180} INFO - Setting next_dagrun for extract_raw_data_pipeline to 2025-06-27 07:58:00+00:00, run_after=2025-06-27 07:59:00+00:00
[2025-06-28T05:17:56.183+0000] {processor.py:208} INFO - Processing /opt/airflow/dags/driven_data_pipeline.py took 0.411 seconds
[2025-06-28T05:18:26.610+0000] {processor.py:186} INFO - Started process (PID=7011) to work on /opt/airflow/dags/driven_data_pipeline.py
[2025-06-28T05:18:26.634+0000] {processor.py:914} INFO - Processing file /opt/airflow/dags/driven_data_pipeline.py for tasks to queue
[2025-06-28T05:18:26.645+0000] {logging_mixin.py:190} INFO - [2025-06-28T05:18:26.644+0000] {dagbag.py:588} INFO - Filling up the DagBag from /opt/airflow/dags/driven_data_pipeline.py
[2025-06-28T05:18:26.864+0000] {processor.py:925} INFO - DAG(s) 'extract_raw_data_pipeline' retrieved from /opt/airflow/dags/driven_data_pipeline.py
[2025-06-28T05:18:26.889+0000] {logging_mixin.py:190} INFO - [2025-06-28T05:18:26.889+0000] {dag.py:3239} INFO - Sync 1 DAGs
[2025-06-28T05:18:26.914+0000] {logging_mixin.py:190} INFO - [2025-06-28T05:18:26.914+0000] {dag.py:4180} INFO - Setting next_dagrun for extract_raw_data_pipeline to 2025-06-27 07:58:00+00:00, run_after=2025-06-27 07:59:00+00:00
[2025-06-28T05:18:26.949+0000] {processor.py:208} INFO - Processing /opt/airflow/dags/driven_data_pipeline.py took 0.373 seconds
[2025-06-28T05:18:57.359+0000] {processor.py:186} INFO - Started process (PID=7019) to work on /opt/airflow/dags/driven_data_pipeline.py
[2025-06-28T05:18:57.360+0000] {processor.py:914} INFO - Processing file /opt/airflow/dags/driven_data_pipeline.py for tasks to queue
[2025-06-28T05:18:57.363+0000] {logging_mixin.py:190} INFO - [2025-06-28T05:18:57.362+0000] {dagbag.py:588} INFO - Filling up the DagBag from /opt/airflow/dags/driven_data_pipeline.py
[2025-06-28T05:18:57.569+0000] {processor.py:925} INFO - DAG(s) 'extract_raw_data_pipeline' retrieved from /opt/airflow/dags/driven_data_pipeline.py
[2025-06-28T05:18:57.598+0000] {logging_mixin.py:190} INFO - [2025-06-28T05:18:57.598+0000] {dag.py:3239} INFO - Sync 1 DAGs
[2025-06-28T05:18:57.625+0000] {logging_mixin.py:190} INFO - [2025-06-28T05:18:57.624+0000] {dag.py:4180} INFO - Setting next_dagrun for extract_raw_data_pipeline to 2025-06-27 07:58:00+00:00, run_after=2025-06-27 07:59:00+00:00
[2025-06-28T05:18:57.669+0000] {processor.py:208} INFO - Processing /opt/airflow/dags/driven_data_pipeline.py took 0.316 seconds
[2025-06-28T05:19:27.868+0000] {processor.py:186} INFO - Started process (PID=7027) to work on /opt/airflow/dags/driven_data_pipeline.py
[2025-06-28T05:19:27.875+0000] {processor.py:914} INFO - Processing file /opt/airflow/dags/driven_data_pipeline.py for tasks to queue
[2025-06-28T05:19:27.879+0000] {logging_mixin.py:190} INFO - [2025-06-28T05:19:27.879+0000] {dagbag.py:588} INFO - Filling up the DagBag from /opt/airflow/dags/driven_data_pipeline.py
[2025-06-28T05:19:28.079+0000] {processor.py:925} INFO - DAG(s) 'extract_raw_data_pipeline' retrieved from /opt/airflow/dags/driven_data_pipeline.py
[2025-06-28T05:19:28.104+0000] {logging_mixin.py:190} INFO - [2025-06-28T05:19:28.103+0000] {dag.py:3239} INFO - Sync 1 DAGs
[2025-06-28T05:19:28.130+0000] {logging_mixin.py:190} INFO - [2025-06-28T05:19:28.130+0000] {dag.py:4180} INFO - Setting next_dagrun for extract_raw_data_pipeline to 2025-06-27 07:58:00+00:00, run_after=2025-06-27 07:59:00+00:00
[2025-06-28T05:19:28.161+0000] {processor.py:208} INFO - Processing /opt/airflow/dags/driven_data_pipeline.py took 0.322 seconds
[2025-06-28T05:19:58.555+0000] {processor.py:186} INFO - Started process (PID=7035) to work on /opt/airflow/dags/driven_data_pipeline.py
[2025-06-28T05:19:58.559+0000] {processor.py:914} INFO - Processing file /opt/airflow/dags/driven_data_pipeline.py for tasks to queue
[2025-06-28T05:19:58.574+0000] {logging_mixin.py:190} INFO - [2025-06-28T05:19:58.572+0000] {dagbag.py:588} INFO - Filling up the DagBag from /opt/airflow/dags/driven_data_pipeline.py
[2025-06-28T05:19:58.781+0000] {processor.py:925} INFO - DAG(s) 'extract_raw_data_pipeline' retrieved from /opt/airflow/dags/driven_data_pipeline.py
[2025-06-28T05:19:58.807+0000] {logging_mixin.py:190} INFO - [2025-06-28T05:19:58.806+0000] {dag.py:3239} INFO - Sync 1 DAGs
[2025-06-28T05:19:58.832+0000] {logging_mixin.py:190} INFO - [2025-06-28T05:19:58.832+0000] {dag.py:4180} INFO - Setting next_dagrun for extract_raw_data_pipeline to 2025-06-27 07:58:00+00:00, run_after=2025-06-27 07:59:00+00:00
[2025-06-28T05:19:58.880+0000] {processor.py:208} INFO - Processing /opt/airflow/dags/driven_data_pipeline.py took 0.371 seconds
[2025-06-28T05:20:29.359+0000] {processor.py:186} INFO - Started process (PID=7043) to work on /opt/airflow/dags/driven_data_pipeline.py
[2025-06-28T05:20:29.367+0000] {processor.py:914} INFO - Processing file /opt/airflow/dags/driven_data_pipeline.py for tasks to queue
[2025-06-28T05:20:29.378+0000] {logging_mixin.py:190} INFO - [2025-06-28T05:20:29.375+0000] {dagbag.py:588} INFO - Filling up the DagBag from /opt/airflow/dags/driven_data_pipeline.py
[2025-06-28T05:20:29.607+0000] {processor.py:925} INFO - DAG(s) 'extract_raw_data_pipeline' retrieved from /opt/airflow/dags/driven_data_pipeline.py
[2025-06-28T05:20:29.635+0000] {logging_mixin.py:190} INFO - [2025-06-28T05:20:29.635+0000] {dag.py:3239} INFO - Sync 1 DAGs
[2025-06-28T05:20:29.661+0000] {logging_mixin.py:190} INFO - [2025-06-28T05:20:29.661+0000] {dag.py:4180} INFO - Setting next_dagrun for extract_raw_data_pipeline to 2025-06-27 07:58:00+00:00, run_after=2025-06-27 07:59:00+00:00
[2025-06-28T05:20:29.713+0000] {processor.py:208} INFO - Processing /opt/airflow/dags/driven_data_pipeline.py took 0.400 seconds
[2025-06-28T05:21:00.154+0000] {processor.py:186} INFO - Started process (PID=7051) to work on /opt/airflow/dags/driven_data_pipeline.py
[2025-06-28T05:21:00.156+0000] {processor.py:914} INFO - Processing file /opt/airflow/dags/driven_data_pipeline.py for tasks to queue
[2025-06-28T05:21:00.163+0000] {logging_mixin.py:190} INFO - [2025-06-28T05:21:00.162+0000] {dagbag.py:588} INFO - Filling up the DagBag from /opt/airflow/dags/driven_data_pipeline.py
[2025-06-28T05:21:00.371+0000] {processor.py:925} INFO - DAG(s) 'extract_raw_data_pipeline' retrieved from /opt/airflow/dags/driven_data_pipeline.py
[2025-06-28T05:21:00.410+0000] {logging_mixin.py:190} INFO - [2025-06-28T05:21:00.409+0000] {dag.py:3239} INFO - Sync 1 DAGs
[2025-06-28T05:21:00.447+0000] {logging_mixin.py:190} INFO - [2025-06-28T05:21:00.447+0000] {dag.py:4180} INFO - Setting next_dagrun for extract_raw_data_pipeline to 2025-06-27 07:58:00+00:00, run_after=2025-06-27 07:59:00+00:00
[2025-06-28T05:21:00.661+0000] {processor.py:208} INFO - Processing /opt/airflow/dags/driven_data_pipeline.py took 0.521 seconds
[2025-06-28T05:21:31.109+0000] {processor.py:186} INFO - Started process (PID=7059) to work on /opt/airflow/dags/driven_data_pipeline.py
[2025-06-28T05:21:31.111+0000] {processor.py:914} INFO - Processing file /opt/airflow/dags/driven_data_pipeline.py for tasks to queue
[2025-06-28T05:21:31.114+0000] {logging_mixin.py:190} INFO - [2025-06-28T05:21:31.114+0000] {dagbag.py:588} INFO - Filling up the DagBag from /opt/airflow/dags/driven_data_pipeline.py
[2025-06-28T05:21:31.316+0000] {processor.py:925} INFO - DAG(s) 'extract_raw_data_pipeline' retrieved from /opt/airflow/dags/driven_data_pipeline.py
[2025-06-28T05:21:31.344+0000] {logging_mixin.py:190} INFO - [2025-06-28T05:21:31.344+0000] {dag.py:3239} INFO - Sync 1 DAGs
[2025-06-28T05:21:31.369+0000] {logging_mixin.py:190} INFO - [2025-06-28T05:21:31.369+0000] {dag.py:4180} INFO - Setting next_dagrun for extract_raw_data_pipeline to 2025-06-27 07:58:00+00:00, run_after=2025-06-27 07:59:00+00:00
[2025-06-28T05:21:31.418+0000] {processor.py:208} INFO - Processing /opt/airflow/dags/driven_data_pipeline.py took 0.326 seconds
[2025-06-28T05:22:01.467+0000] {processor.py:186} INFO - Started process (PID=7067) to work on /opt/airflow/dags/driven_data_pipeline.py
[2025-06-28T05:22:01.468+0000] {processor.py:914} INFO - Processing file /opt/airflow/dags/driven_data_pipeline.py for tasks to queue
[2025-06-28T05:22:01.471+0000] {logging_mixin.py:190} INFO - [2025-06-28T05:22:01.470+0000] {dagbag.py:588} INFO - Filling up the DagBag from /opt/airflow/dags/driven_data_pipeline.py
[2025-06-28T05:22:01.667+0000] {processor.py:925} INFO - DAG(s) 'extract_raw_data_pipeline' retrieved from /opt/airflow/dags/driven_data_pipeline.py
[2025-06-28T05:22:01.696+0000] {logging_mixin.py:190} INFO - [2025-06-28T05:22:01.696+0000] {dag.py:3239} INFO - Sync 1 DAGs
[2025-06-28T05:22:01.724+0000] {logging_mixin.py:190} INFO - [2025-06-28T05:22:01.724+0000] {dag.py:4180} INFO - Setting next_dagrun for extract_raw_data_pipeline to 2025-06-27 07:58:00+00:00, run_after=2025-06-27 07:59:00+00:00
[2025-06-28T05:22:01.931+0000] {processor.py:208} INFO - Processing /opt/airflow/dags/driven_data_pipeline.py took 0.472 seconds
[2025-06-28T05:22:32.230+0000] {processor.py:186} INFO - Started process (PID=7075) to work on /opt/airflow/dags/driven_data_pipeline.py
[2025-06-28T05:22:32.308+0000] {processor.py:914} INFO - Processing file /opt/airflow/dags/driven_data_pipeline.py for tasks to queue
[2025-06-28T05:22:32.311+0000] {logging_mixin.py:190} INFO - [2025-06-28T05:22:32.311+0000] {dagbag.py:588} INFO - Filling up the DagBag from /opt/airflow/dags/driven_data_pipeline.py
[2025-06-28T05:22:32.518+0000] {processor.py:925} INFO - DAG(s) 'extract_raw_data_pipeline' retrieved from /opt/airflow/dags/driven_data_pipeline.py
[2025-06-28T05:22:32.555+0000] {logging_mixin.py:190} INFO - [2025-06-28T05:22:32.554+0000] {dag.py:3239} INFO - Sync 1 DAGs
[2025-06-28T05:22:32.588+0000] {logging_mixin.py:190} INFO - [2025-06-28T05:22:32.587+0000] {dag.py:4180} INFO - Setting next_dagrun for extract_raw_data_pipeline to 2025-06-27 07:58:00+00:00, run_after=2025-06-27 07:59:00+00:00
[2025-06-28T05:22:33.731+0000] {processor.py:208} INFO - Processing /opt/airflow/dags/driven_data_pipeline.py took 1.509 seconds
[2025-06-28T05:23:04.147+0000] {processor.py:186} INFO - Started process (PID=7083) to work on /opt/airflow/dags/driven_data_pipeline.py
[2025-06-28T05:23:04.218+0000] {processor.py:914} INFO - Processing file /opt/airflow/dags/driven_data_pipeline.py for tasks to queue
[2025-06-28T05:23:04.223+0000] {logging_mixin.py:190} INFO - [2025-06-28T05:23:04.222+0000] {dagbag.py:588} INFO - Filling up the DagBag from /opt/airflow/dags/driven_data_pipeline.py
[2025-06-28T05:23:04.435+0000] {processor.py:925} INFO - DAG(s) 'extract_raw_data_pipeline' retrieved from /opt/airflow/dags/driven_data_pipeline.py
[2025-06-28T05:23:04.469+0000] {logging_mixin.py:190} INFO - [2025-06-28T05:23:04.468+0000] {dag.py:3239} INFO - Sync 1 DAGs
[2025-06-28T05:23:04.508+0000] {logging_mixin.py:190} INFO - [2025-06-28T05:23:04.507+0000] {dag.py:4180} INFO - Setting next_dagrun for extract_raw_data_pipeline to 2025-06-27 07:58:00+00:00, run_after=2025-06-27 07:59:00+00:00
[2025-06-28T05:23:04.562+0000] {processor.py:208} INFO - Processing /opt/airflow/dags/driven_data_pipeline.py took 0.422 seconds
[2025-06-28T05:23:35.020+0000] {processor.py:186} INFO - Started process (PID=7092) to work on /opt/airflow/dags/driven_data_pipeline.py
[2025-06-28T05:23:35.022+0000] {processor.py:914} INFO - Processing file /opt/airflow/dags/driven_data_pipeline.py for tasks to queue
[2025-06-28T05:23:35.027+0000] {logging_mixin.py:190} INFO - [2025-06-28T05:23:35.026+0000] {dagbag.py:588} INFO - Filling up the DagBag from /opt/airflow/dags/driven_data_pipeline.py
[2025-06-28T05:23:35.228+0000] {processor.py:925} INFO - DAG(s) 'extract_raw_data_pipeline' retrieved from /opt/airflow/dags/driven_data_pipeline.py
[2025-06-28T05:23:35.255+0000] {logging_mixin.py:190} INFO - [2025-06-28T05:23:35.255+0000] {dag.py:3239} INFO - Sync 1 DAGs
[2025-06-28T05:23:35.282+0000] {logging_mixin.py:190} INFO - [2025-06-28T05:23:35.281+0000] {dag.py:4180} INFO - Setting next_dagrun for extract_raw_data_pipeline to 2025-06-27 07:58:00+00:00, run_after=2025-06-27 07:59:00+00:00
[2025-06-28T05:23:35.332+0000] {processor.py:208} INFO - Processing /opt/airflow/dags/driven_data_pipeline.py took 0.340 seconds
[2025-06-28T05:24:05.805+0000] {processor.py:186} INFO - Started process (PID=7100) to work on /opt/airflow/dags/driven_data_pipeline.py
[2025-06-28T05:24:05.807+0000] {processor.py:914} INFO - Processing file /opt/airflow/dags/driven_data_pipeline.py for tasks to queue
[2025-06-28T05:24:05.810+0000] {logging_mixin.py:190} INFO - [2025-06-28T05:24:05.809+0000] {dagbag.py:588} INFO - Filling up the DagBag from /opt/airflow/dags/driven_data_pipeline.py
[2025-06-28T05:24:06.014+0000] {processor.py:925} INFO - DAG(s) 'extract_raw_data_pipeline' retrieved from /opt/airflow/dags/driven_data_pipeline.py
[2025-06-28T05:24:06.045+0000] {logging_mixin.py:190} INFO - [2025-06-28T05:24:06.045+0000] {dag.py:3239} INFO - Sync 1 DAGs
[2025-06-28T05:24:06.070+0000] {logging_mixin.py:190} INFO - [2025-06-28T05:24:06.069+0000] {dag.py:4180} INFO - Setting next_dagrun for extract_raw_data_pipeline to 2025-06-27 07:58:00+00:00, run_after=2025-06-27 07:59:00+00:00
[2025-06-28T05:24:07.255+0000] {processor.py:208} INFO - Processing /opt/airflow/dags/driven_data_pipeline.py took 1.464 seconds
[2025-06-28T05:24:37.690+0000] {processor.py:186} INFO - Started process (PID=7108) to work on /opt/airflow/dags/driven_data_pipeline.py
[2025-06-28T05:24:37.770+0000] {processor.py:914} INFO - Processing file /opt/airflow/dags/driven_data_pipeline.py for tasks to queue
[2025-06-28T05:24:37.781+0000] {logging_mixin.py:190} INFO - [2025-06-28T05:24:37.780+0000] {dagbag.py:588} INFO - Filling up the DagBag from /opt/airflow/dags/driven_data_pipeline.py
[2025-06-28T05:24:37.999+0000] {processor.py:925} INFO - DAG(s) 'extract_raw_data_pipeline' retrieved from /opt/airflow/dags/driven_data_pipeline.py
[2025-06-28T05:24:38.025+0000] {logging_mixin.py:190} INFO - [2025-06-28T05:24:38.025+0000] {dag.py:3239} INFO - Sync 1 DAGs
[2025-06-28T05:24:38.052+0000] {logging_mixin.py:190} INFO - [2025-06-28T05:24:38.052+0000] {dag.py:4180} INFO - Setting next_dagrun for extract_raw_data_pipeline to 2025-06-27 07:58:00+00:00, run_after=2025-06-27 07:59:00+00:00
[2025-06-28T05:24:38.657+0000] {processor.py:208} INFO - Processing /opt/airflow/dags/driven_data_pipeline.py took 0.980 seconds
[2025-06-28T05:25:09.106+0000] {processor.py:186} INFO - Started process (PID=7116) to work on /opt/airflow/dags/driven_data_pipeline.py
[2025-06-28T05:25:09.107+0000] {processor.py:914} INFO - Processing file /opt/airflow/dags/driven_data_pipeline.py for tasks to queue
[2025-06-28T05:25:09.110+0000] {logging_mixin.py:190} INFO - [2025-06-28T05:25:09.109+0000] {dagbag.py:588} INFO - Filling up the DagBag from /opt/airflow/dags/driven_data_pipeline.py
[2025-06-28T05:25:09.323+0000] {processor.py:925} INFO - DAG(s) 'extract_raw_data_pipeline' retrieved from /opt/airflow/dags/driven_data_pipeline.py
[2025-06-28T05:25:09.351+0000] {logging_mixin.py:190} INFO - [2025-06-28T05:25:09.350+0000] {dag.py:3239} INFO - Sync 1 DAGs
[2025-06-28T05:25:09.382+0000] {logging_mixin.py:190} INFO - [2025-06-28T05:25:09.382+0000] {dag.py:4180} INFO - Setting next_dagrun for extract_raw_data_pipeline to 2025-06-27 07:58:00+00:00, run_after=2025-06-27 07:59:00+00:00
[2025-06-28T05:25:09.427+0000] {processor.py:208} INFO - Processing /opt/airflow/dags/driven_data_pipeline.py took 0.330 seconds
[2025-06-28T05:25:39.547+0000] {processor.py:186} INFO - Started process (PID=7124) to work on /opt/airflow/dags/driven_data_pipeline.py
[2025-06-28T05:25:39.549+0000] {processor.py:914} INFO - Processing file /opt/airflow/dags/driven_data_pipeline.py for tasks to queue
[2025-06-28T05:25:39.552+0000] {logging_mixin.py:190} INFO - [2025-06-28T05:25:39.551+0000] {dagbag.py:588} INFO - Filling up the DagBag from /opt/airflow/dags/driven_data_pipeline.py
[2025-06-28T05:25:39.762+0000] {processor.py:925} INFO - DAG(s) 'extract_raw_data_pipeline' retrieved from /opt/airflow/dags/driven_data_pipeline.py
[2025-06-28T05:25:39.791+0000] {logging_mixin.py:190} INFO - [2025-06-28T05:25:39.791+0000] {dag.py:3239} INFO - Sync 1 DAGs
[2025-06-28T05:25:39.820+0000] {logging_mixin.py:190} INFO - [2025-06-28T05:25:39.819+0000] {dag.py:4180} INFO - Setting next_dagrun for extract_raw_data_pipeline to 2025-06-27 07:58:00+00:00, run_after=2025-06-27 07:59:00+00:00
[2025-06-28T05:25:39.852+0000] {processor.py:208} INFO - Processing /opt/airflow/dags/driven_data_pipeline.py took 0.315 seconds
[2025-06-28T05:26:10.234+0000] {processor.py:186} INFO - Started process (PID=7132) to work on /opt/airflow/dags/driven_data_pipeline.py
[2025-06-28T05:26:10.235+0000] {processor.py:914} INFO - Processing file /opt/airflow/dags/driven_data_pipeline.py for tasks to queue
[2025-06-28T05:26:10.240+0000] {logging_mixin.py:190} INFO - [2025-06-28T05:26:10.239+0000] {dagbag.py:588} INFO - Filling up the DagBag from /opt/airflow/dags/driven_data_pipeline.py
[2025-06-28T05:26:10.437+0000] {processor.py:925} INFO - DAG(s) 'extract_raw_data_pipeline' retrieved from /opt/airflow/dags/driven_data_pipeline.py
[2025-06-28T05:26:10.464+0000] {logging_mixin.py:190} INFO - [2025-06-28T05:26:10.464+0000] {dag.py:3239} INFO - Sync 1 DAGs
[2025-06-28T05:26:10.490+0000] {logging_mixin.py:190} INFO - [2025-06-28T05:26:10.490+0000] {dag.py:4180} INFO - Setting next_dagrun for extract_raw_data_pipeline to 2025-06-27 07:58:00+00:00, run_after=2025-06-27 07:59:00+00:00
[2025-06-28T05:26:10.522+0000] {processor.py:208} INFO - Processing /opt/airflow/dags/driven_data_pipeline.py took 0.306 seconds
[2025-06-28T05:26:40.627+0000] {processor.py:186} INFO - Started process (PID=7140) to work on /opt/airflow/dags/driven_data_pipeline.py
[2025-06-28T05:26:40.632+0000] {processor.py:914} INFO - Processing file /opt/airflow/dags/driven_data_pipeline.py for tasks to queue
[2025-06-28T05:26:40.641+0000] {logging_mixin.py:190} INFO - [2025-06-28T05:26:40.640+0000] {dagbag.py:588} INFO - Filling up the DagBag from /opt/airflow/dags/driven_data_pipeline.py
[2025-06-28T05:26:40.846+0000] {processor.py:925} INFO - DAG(s) 'extract_raw_data_pipeline' retrieved from /opt/airflow/dags/driven_data_pipeline.py
[2025-06-28T05:26:40.872+0000] {logging_mixin.py:190} INFO - [2025-06-28T05:26:40.871+0000] {dag.py:3239} INFO - Sync 1 DAGs
[2025-06-28T05:26:40.898+0000] {logging_mixin.py:190} INFO - [2025-06-28T05:26:40.898+0000] {dag.py:4180} INFO - Setting next_dagrun for extract_raw_data_pipeline to 2025-06-27 07:58:00+00:00, run_after=2025-06-27 07:59:00+00:00
[2025-06-28T05:26:41.194+0000] {processor.py:208} INFO - Processing /opt/airflow/dags/driven_data_pipeline.py took 0.602 seconds
[2025-06-28T05:27:11.654+0000] {processor.py:186} INFO - Started process (PID=7148) to work on /opt/airflow/dags/driven_data_pipeline.py
[2025-06-28T05:27:11.664+0000] {processor.py:914} INFO - Processing file /opt/airflow/dags/driven_data_pipeline.py for tasks to queue
[2025-06-28T05:27:11.668+0000] {logging_mixin.py:190} INFO - [2025-06-28T05:27:11.667+0000] {dagbag.py:588} INFO - Filling up the DagBag from /opt/airflow/dags/driven_data_pipeline.py
[2025-06-28T05:27:11.864+0000] {processor.py:925} INFO - DAG(s) 'extract_raw_data_pipeline' retrieved from /opt/airflow/dags/driven_data_pipeline.py
[2025-06-28T05:27:11.892+0000] {logging_mixin.py:190} INFO - [2025-06-28T05:27:11.892+0000] {dag.py:3239} INFO - Sync 1 DAGs
[2025-06-28T05:27:11.918+0000] {logging_mixin.py:190} INFO - [2025-06-28T05:27:11.918+0000] {dag.py:4180} INFO - Setting next_dagrun for extract_raw_data_pipeline to 2025-06-27 07:58:00+00:00, run_after=2025-06-27 07:59:00+00:00
[2025-06-28T05:27:11.959+0000] {processor.py:208} INFO - Processing /opt/airflow/dags/driven_data_pipeline.py took 0.340 seconds
[2025-06-28T05:27:42.425+0000] {processor.py:186} INFO - Started process (PID=7156) to work on /opt/airflow/dags/driven_data_pipeline.py
[2025-06-28T05:27:42.428+0000] {processor.py:914} INFO - Processing file /opt/airflow/dags/driven_data_pipeline.py for tasks to queue
[2025-06-28T05:27:42.439+0000] {logging_mixin.py:190} INFO - [2025-06-28T05:27:42.438+0000] {dagbag.py:588} INFO - Filling up the DagBag from /opt/airflow/dags/driven_data_pipeline.py
[2025-06-28T05:27:42.654+0000] {processor.py:925} INFO - DAG(s) 'extract_raw_data_pipeline' retrieved from /opt/airflow/dags/driven_data_pipeline.py
[2025-06-28T05:27:42.683+0000] {logging_mixin.py:190} INFO - [2025-06-28T05:27:42.682+0000] {dag.py:3239} INFO - Sync 1 DAGs
[2025-06-28T05:27:42.708+0000] {logging_mixin.py:190} INFO - [2025-06-28T05:27:42.708+0000] {dag.py:4180} INFO - Setting next_dagrun for extract_raw_data_pipeline to 2025-06-27 07:58:00+00:00, run_after=2025-06-27 07:59:00+00:00
[2025-06-28T05:27:42.756+0000] {processor.py:208} INFO - Processing /opt/airflow/dags/driven_data_pipeline.py took 0.365 seconds
[2025-06-28T05:28:13.185+0000] {processor.py:186} INFO - Started process (PID=7164) to work on /opt/airflow/dags/driven_data_pipeline.py
[2025-06-28T05:28:13.194+0000] {processor.py:914} INFO - Processing file /opt/airflow/dags/driven_data_pipeline.py for tasks to queue
[2025-06-28T05:28:13.197+0000] {logging_mixin.py:190} INFO - [2025-06-28T05:28:13.196+0000] {dagbag.py:588} INFO - Filling up the DagBag from /opt/airflow/dags/driven_data_pipeline.py
[2025-06-28T05:28:13.397+0000] {processor.py:925} INFO - DAG(s) 'extract_raw_data_pipeline' retrieved from /opt/airflow/dags/driven_data_pipeline.py
[2025-06-28T05:28:13.429+0000] {logging_mixin.py:190} INFO - [2025-06-28T05:28:13.429+0000] {dag.py:3239} INFO - Sync 1 DAGs
[2025-06-28T05:28:13.457+0000] {logging_mixin.py:190} INFO - [2025-06-28T05:28:13.456+0000] {dag.py:4180} INFO - Setting next_dagrun for extract_raw_data_pipeline to 2025-06-27 07:58:00+00:00, run_after=2025-06-27 07:59:00+00:00
[2025-06-28T05:28:13.487+0000] {processor.py:208} INFO - Processing /opt/airflow/dags/driven_data_pipeline.py took 0.314 seconds
[2025-06-28T05:28:43.579+0000] {processor.py:186} INFO - Started process (PID=7172) to work on /opt/airflow/dags/driven_data_pipeline.py
[2025-06-28T05:28:43.580+0000] {processor.py:914} INFO - Processing file /opt/airflow/dags/driven_data_pipeline.py for tasks to queue
[2025-06-28T05:28:43.583+0000] {logging_mixin.py:190} INFO - [2025-06-28T05:28:43.582+0000] {dagbag.py:588} INFO - Filling up the DagBag from /opt/airflow/dags/driven_data_pipeline.py
[2025-06-28T05:28:43.815+0000] {processor.py:925} INFO - DAG(s) 'extract_raw_data_pipeline' retrieved from /opt/airflow/dags/driven_data_pipeline.py
[2025-06-28T05:28:43.850+0000] {logging_mixin.py:190} INFO - [2025-06-28T05:28:43.849+0000] {dag.py:3239} INFO - Sync 1 DAGs
[2025-06-28T05:28:43.888+0000] {logging_mixin.py:190} INFO - [2025-06-28T05:28:43.888+0000] {dag.py:4180} INFO - Setting next_dagrun for extract_raw_data_pipeline to 2025-06-27 07:58:00+00:00, run_after=2025-06-27 07:59:00+00:00
[2025-06-28T05:28:45.107+0000] {processor.py:208} INFO - Processing /opt/airflow/dags/driven_data_pipeline.py took 1.536 seconds
[2025-06-28T05:29:15.285+0000] {processor.py:186} INFO - Started process (PID=7180) to work on /opt/airflow/dags/driven_data_pipeline.py
[2025-06-28T05:29:15.286+0000] {processor.py:914} INFO - Processing file /opt/airflow/dags/driven_data_pipeline.py for tasks to queue
[2025-06-28T05:29:15.289+0000] {logging_mixin.py:190} INFO - [2025-06-28T05:29:15.288+0000] {dagbag.py:588} INFO - Filling up the DagBag from /opt/airflow/dags/driven_data_pipeline.py
[2025-06-28T05:29:15.518+0000] {processor.py:925} INFO - DAG(s) 'extract_raw_data_pipeline' retrieved from /opt/airflow/dags/driven_data_pipeline.py
[2025-06-28T05:29:15.547+0000] {logging_mixin.py:190} INFO - [2025-06-28T05:29:15.546+0000] {dag.py:3239} INFO - Sync 1 DAGs
[2025-06-28T05:29:15.577+0000] {logging_mixin.py:190} INFO - [2025-06-28T05:29:15.577+0000] {dag.py:4180} INFO - Setting next_dagrun for extract_raw_data_pipeline to 2025-06-27 07:58:00+00:00, run_after=2025-06-27 07:59:00+00:00
[2025-06-28T05:29:15.623+0000] {processor.py:208} INFO - Processing /opt/airflow/dags/driven_data_pipeline.py took 0.345 seconds
[2025-06-28T05:29:45.965+0000] {processor.py:186} INFO - Started process (PID=7188) to work on /opt/airflow/dags/driven_data_pipeline.py
[2025-06-28T05:29:45.972+0000] {processor.py:914} INFO - Processing file /opt/airflow/dags/driven_data_pipeline.py for tasks to queue
[2025-06-28T05:29:45.977+0000] {logging_mixin.py:190} INFO - [2025-06-28T05:29:45.976+0000] {dagbag.py:588} INFO - Filling up the DagBag from /opt/airflow/dags/driven_data_pipeline.py
[2025-06-28T05:29:46.190+0000] {processor.py:925} INFO - DAG(s) 'extract_raw_data_pipeline' retrieved from /opt/airflow/dags/driven_data_pipeline.py
[2025-06-28T05:29:46.217+0000] {logging_mixin.py:190} INFO - [2025-06-28T05:29:46.216+0000] {dag.py:3239} INFO - Sync 1 DAGs
[2025-06-28T05:29:46.243+0000] {logging_mixin.py:190} INFO - [2025-06-28T05:29:46.243+0000] {dag.py:4180} INFO - Setting next_dagrun for extract_raw_data_pipeline to 2025-06-27 07:58:00+00:00, run_after=2025-06-27 07:59:00+00:00
[2025-06-28T05:29:46.278+0000] {processor.py:208} INFO - Processing /opt/airflow/dags/driven_data_pipeline.py took 0.342 seconds
[2025-06-28T05:30:16.377+0000] {processor.py:186} INFO - Started process (PID=7196) to work on /opt/airflow/dags/driven_data_pipeline.py
[2025-06-28T05:30:16.378+0000] {processor.py:914} INFO - Processing file /opt/airflow/dags/driven_data_pipeline.py for tasks to queue
[2025-06-28T05:30:16.381+0000] {logging_mixin.py:190} INFO - [2025-06-28T05:30:16.381+0000] {dagbag.py:588} INFO - Filling up the DagBag from /opt/airflow/dags/driven_data_pipeline.py
[2025-06-28T05:30:16.601+0000] {processor.py:925} INFO - DAG(s) 'extract_raw_data_pipeline' retrieved from /opt/airflow/dags/driven_data_pipeline.py
[2025-06-28T05:30:16.629+0000] {logging_mixin.py:190} INFO - [2025-06-28T05:30:16.629+0000] {dag.py:3239} INFO - Sync 1 DAGs
[2025-06-28T05:30:16.652+0000] {logging_mixin.py:190} INFO - [2025-06-28T05:30:16.652+0000] {dag.py:4180} INFO - Setting next_dagrun for extract_raw_data_pipeline to 2025-06-27 07:58:00+00:00, run_after=2025-06-27 07:59:00+00:00
[2025-06-28T05:30:16.700+0000] {processor.py:208} INFO - Processing /opt/airflow/dags/driven_data_pipeline.py took 0.333 seconds
[2025-06-28T05:30:47.055+0000] {processor.py:186} INFO - Started process (PID=7204) to work on /opt/airflow/dags/driven_data_pipeline.py
[2025-06-28T05:30:47.057+0000] {processor.py:914} INFO - Processing file /opt/airflow/dags/driven_data_pipeline.py for tasks to queue
[2025-06-28T05:30:47.063+0000] {logging_mixin.py:190} INFO - [2025-06-28T05:30:47.061+0000] {dagbag.py:588} INFO - Filling up the DagBag from /opt/airflow/dags/driven_data_pipeline.py
[2025-06-28T05:30:47.422+0000] {processor.py:925} INFO - DAG(s) 'extract_raw_data_pipeline' retrieved from /opt/airflow/dags/driven_data_pipeline.py
[2025-06-28T05:30:47.474+0000] {logging_mixin.py:190} INFO - [2025-06-28T05:30:47.474+0000] {dag.py:3239} INFO - Sync 1 DAGs
[2025-06-28T05:30:47.522+0000] {logging_mixin.py:190} INFO - [2025-06-28T05:30:47.521+0000] {dag.py:4180} INFO - Setting next_dagrun for extract_raw_data_pipeline to 2025-06-27 07:58:00+00:00, run_after=2025-06-27 07:59:00+00:00
[2025-06-28T05:30:47.576+0000] {processor.py:208} INFO - Processing /opt/airflow/dags/driven_data_pipeline.py took 0.544 seconds
[2025-06-28T05:31:18.036+0000] {processor.py:186} INFO - Started process (PID=7212) to work on /opt/airflow/dags/driven_data_pipeline.py
[2025-06-28T05:31:18.038+0000] {processor.py:914} INFO - Processing file /opt/airflow/dags/driven_data_pipeline.py for tasks to queue
[2025-06-28T05:31:18.045+0000] {logging_mixin.py:190} INFO - [2025-06-28T05:31:18.044+0000] {dagbag.py:588} INFO - Filling up the DagBag from /opt/airflow/dags/driven_data_pipeline.py
[2025-06-28T05:31:18.286+0000] {processor.py:925} INFO - DAG(s) 'extract_raw_data_pipeline' retrieved from /opt/airflow/dags/driven_data_pipeline.py
[2025-06-28T05:31:18.320+0000] {logging_mixin.py:190} INFO - [2025-06-28T05:31:18.319+0000] {dag.py:3239} INFO - Sync 1 DAGs
[2025-06-28T05:31:18.347+0000] {logging_mixin.py:190} INFO - [2025-06-28T05:31:18.346+0000] {dag.py:4180} INFO - Setting next_dagrun for extract_raw_data_pipeline to 2025-06-27 07:58:00+00:00, run_after=2025-06-27 07:59:00+00:00
[2025-06-28T05:31:18.416+0000] {processor.py:208} INFO - Processing /opt/airflow/dags/driven_data_pipeline.py took 0.400 seconds
[2025-06-28T05:31:48.841+0000] {processor.py:186} INFO - Started process (PID=7220) to work on /opt/airflow/dags/driven_data_pipeline.py
[2025-06-28T05:31:48.842+0000] {processor.py:914} INFO - Processing file /opt/airflow/dags/driven_data_pipeline.py for tasks to queue
[2025-06-28T05:31:48.845+0000] {logging_mixin.py:190} INFO - [2025-06-28T05:31:48.845+0000] {dagbag.py:588} INFO - Filling up the DagBag from /opt/airflow/dags/driven_data_pipeline.py
[2025-06-28T05:31:49.053+0000] {processor.py:925} INFO - DAG(s) 'extract_raw_data_pipeline' retrieved from /opt/airflow/dags/driven_data_pipeline.py
[2025-06-28T05:31:49.079+0000] {logging_mixin.py:190} INFO - [2025-06-28T05:31:49.079+0000] {dag.py:3239} INFO - Sync 1 DAGs
[2025-06-28T05:31:49.107+0000] {logging_mixin.py:190} INFO - [2025-06-28T05:31:49.106+0000] {dag.py:4180} INFO - Setting next_dagrun for extract_raw_data_pipeline to 2025-06-27 07:58:00+00:00, run_after=2025-06-27 07:59:00+00:00
[2025-06-28T05:31:49.167+0000] {processor.py:208} INFO - Processing /opt/airflow/dags/driven_data_pipeline.py took 0.338 seconds
[2025-06-28T05:32:19.266+0000] {processor.py:186} INFO - Started process (PID=7228) to work on /opt/airflow/dags/driven_data_pipeline.py
[2025-06-28T05:32:19.268+0000] {processor.py:914} INFO - Processing file /opt/airflow/dags/driven_data_pipeline.py for tasks to queue
[2025-06-28T05:32:19.274+0000] {logging_mixin.py:190} INFO - [2025-06-28T05:32:19.273+0000] {dagbag.py:588} INFO - Filling up the DagBag from /opt/airflow/dags/driven_data_pipeline.py
[2025-06-28T05:32:19.484+0000] {processor.py:925} INFO - DAG(s) 'extract_raw_data_pipeline' retrieved from /opt/airflow/dags/driven_data_pipeline.py
[2025-06-28T05:32:19.512+0000] {logging_mixin.py:190} INFO - [2025-06-28T05:32:19.511+0000] {dag.py:3239} INFO - Sync 1 DAGs
[2025-06-28T05:32:19.536+0000] {logging_mixin.py:190} INFO - [2025-06-28T05:32:19.536+0000] {dag.py:4180} INFO - Setting next_dagrun for extract_raw_data_pipeline to 2025-06-27 07:58:00+00:00, run_after=2025-06-27 07:59:00+00:00
[2025-06-28T05:32:19.581+0000] {processor.py:208} INFO - Processing /opt/airflow/dags/driven_data_pipeline.py took 0.329 seconds
[2025-06-28T05:32:50.054+0000] {processor.py:186} INFO - Started process (PID=7236) to work on /opt/airflow/dags/driven_data_pipeline.py
[2025-06-28T05:32:50.055+0000] {processor.py:914} INFO - Processing file /opt/airflow/dags/driven_data_pipeline.py for tasks to queue
[2025-06-28T05:32:50.060+0000] {logging_mixin.py:190} INFO - [2025-06-28T05:32:50.059+0000] {dagbag.py:588} INFO - Filling up the DagBag from /opt/airflow/dags/driven_data_pipeline.py
[2025-06-28T05:32:50.280+0000] {processor.py:925} INFO - DAG(s) 'extract_raw_data_pipeline' retrieved from /opt/airflow/dags/driven_data_pipeline.py
[2025-06-28T05:32:50.305+0000] {logging_mixin.py:190} INFO - [2025-06-28T05:32:50.305+0000] {dag.py:3239} INFO - Sync 1 DAGs
[2025-06-28T05:32:50.334+0000] {logging_mixin.py:190} INFO - [2025-06-28T05:32:50.334+0000] {dag.py:4180} INFO - Setting next_dagrun for extract_raw_data_pipeline to 2025-06-27 07:58:00+00:00, run_after=2025-06-27 07:59:00+00:00
[2025-06-28T05:32:50.372+0000] {processor.py:208} INFO - Processing /opt/airflow/dags/driven_data_pipeline.py took 0.343 seconds
[2025-06-28T05:33:20.464+0000] {processor.py:186} INFO - Started process (PID=7244) to work on /opt/airflow/dags/driven_data_pipeline.py
[2025-06-28T05:33:20.466+0000] {processor.py:914} INFO - Processing file /opt/airflow/dags/driven_data_pipeline.py for tasks to queue
[2025-06-28T05:33:20.470+0000] {logging_mixin.py:190} INFO - [2025-06-28T05:33:20.469+0000] {dagbag.py:588} INFO - Filling up the DagBag from /opt/airflow/dags/driven_data_pipeline.py
[2025-06-28T05:33:20.655+0000] {processor.py:925} INFO - DAG(s) 'extract_raw_data_pipeline' retrieved from /opt/airflow/dags/driven_data_pipeline.py
[2025-06-28T05:33:20.680+0000] {logging_mixin.py:190} INFO - [2025-06-28T05:33:20.680+0000] {dag.py:3239} INFO - Sync 1 DAGs
[2025-06-28T05:33:20.702+0000] {logging_mixin.py:190} INFO - [2025-06-28T05:33:20.702+0000] {dag.py:4180} INFO - Setting next_dagrun for extract_raw_data_pipeline to 2025-06-27 07:58:00+00:00, run_after=2025-06-27 07:59:00+00:00
[2025-06-28T05:33:20.741+0000] {processor.py:208} INFO - Processing /opt/airflow/dags/driven_data_pipeline.py took 0.289 seconds
[2025-06-28T05:33:51.070+0000] {processor.py:186} INFO - Started process (PID=7252) to work on /opt/airflow/dags/driven_data_pipeline.py
[2025-06-28T05:33:51.105+0000] {processor.py:914} INFO - Processing file /opt/airflow/dags/driven_data_pipeline.py for tasks to queue
[2025-06-28T05:33:51.113+0000] {logging_mixin.py:190} INFO - [2025-06-28T05:33:51.112+0000] {dagbag.py:588} INFO - Filling up the DagBag from /opt/airflow/dags/driven_data_pipeline.py
[2025-06-28T05:33:51.369+0000] {processor.py:925} INFO - DAG(s) 'extract_raw_data_pipeline' retrieved from /opt/airflow/dags/driven_data_pipeline.py
[2025-06-28T05:33:51.397+0000] {logging_mixin.py:190} INFO - [2025-06-28T05:33:51.397+0000] {dag.py:3239} INFO - Sync 1 DAGs
[2025-06-28T05:33:51.427+0000] {logging_mixin.py:190} INFO - [2025-06-28T05:33:51.427+0000] {dag.py:4180} INFO - Setting next_dagrun for extract_raw_data_pipeline to 2025-06-27 07:58:00+00:00, run_after=2025-06-27 07:59:00+00:00
[2025-06-28T05:33:51.486+0000] {processor.py:208} INFO - Processing /opt/airflow/dags/driven_data_pipeline.py took 0.447 seconds
[2025-06-28T05:34:21.926+0000] {processor.py:186} INFO - Started process (PID=7266) to work on /opt/airflow/dags/driven_data_pipeline.py
[2025-06-28T05:34:21.927+0000] {processor.py:914} INFO - Processing file /opt/airflow/dags/driven_data_pipeline.py for tasks to queue
[2025-06-28T05:34:21.929+0000] {logging_mixin.py:190} INFO - [2025-06-28T05:34:21.929+0000] {dagbag.py:588} INFO - Filling up the DagBag from /opt/airflow/dags/driven_data_pipeline.py
[2025-06-28T05:34:22.163+0000] {processor.py:925} INFO - DAG(s) 'extract_raw_data_pipeline' retrieved from /opt/airflow/dags/driven_data_pipeline.py
[2025-06-28T05:34:22.206+0000] {logging_mixin.py:190} INFO - [2025-06-28T05:34:22.206+0000] {dag.py:3239} INFO - Sync 1 DAGs
[2025-06-28T05:34:22.239+0000] {logging_mixin.py:190} INFO - [2025-06-28T05:34:22.239+0000] {dag.py:4180} INFO - Setting next_dagrun for extract_raw_data_pipeline to 2025-06-27 07:58:00+00:00, run_after=2025-06-27 07:59:00+00:00
[2025-06-28T05:34:22.289+0000] {processor.py:208} INFO - Processing /opt/airflow/dags/driven_data_pipeline.py took 0.370 seconds
[2025-06-28T05:34:52.388+0000] {processor.py:186} INFO - Started process (PID=7274) to work on /opt/airflow/dags/driven_data_pipeline.py
[2025-06-28T05:34:52.389+0000] {processor.py:914} INFO - Processing file /opt/airflow/dags/driven_data_pipeline.py for tasks to queue
[2025-06-28T05:34:52.394+0000] {logging_mixin.py:190} INFO - [2025-06-28T05:34:52.393+0000] {dagbag.py:588} INFO - Filling up the DagBag from /opt/airflow/dags/driven_data_pipeline.py
[2025-06-28T05:34:52.613+0000] {processor.py:925} INFO - DAG(s) 'extract_raw_data_pipeline' retrieved from /opt/airflow/dags/driven_data_pipeline.py
[2025-06-28T05:34:52.641+0000] {logging_mixin.py:190} INFO - [2025-06-28T05:34:52.641+0000] {dag.py:3239} INFO - Sync 1 DAGs
[2025-06-28T05:34:52.670+0000] {logging_mixin.py:190} INFO - [2025-06-28T05:34:52.669+0000] {dag.py:4180} INFO - Setting next_dagrun for extract_raw_data_pipeline to 2025-06-27 07:58:00+00:00, run_after=2025-06-27 07:59:00+00:00
[2025-06-28T05:34:52.702+0000] {processor.py:208} INFO - Processing /opt/airflow/dags/driven_data_pipeline.py took 0.343 seconds
[2025-06-28T05:35:23.035+0000] {processor.py:186} INFO - Started process (PID=7282) to work on /opt/airflow/dags/driven_data_pipeline.py
[2025-06-28T05:35:23.036+0000] {processor.py:914} INFO - Processing file /opt/airflow/dags/driven_data_pipeline.py for tasks to queue
[2025-06-28T05:35:23.039+0000] {logging_mixin.py:190} INFO - [2025-06-28T05:35:23.039+0000] {dagbag.py:588} INFO - Filling up the DagBag from /opt/airflow/dags/driven_data_pipeline.py
[2025-06-28T05:35:23.267+0000] {processor.py:925} INFO - DAG(s) 'extract_raw_data_pipeline' retrieved from /opt/airflow/dags/driven_data_pipeline.py
[2025-06-28T05:35:23.297+0000] {logging_mixin.py:190} INFO - [2025-06-28T05:35:23.297+0000] {dag.py:3239} INFO - Sync 1 DAGs
[2025-06-28T05:35:23.342+0000] {logging_mixin.py:190} INFO - [2025-06-28T05:35:23.342+0000] {dag.py:4180} INFO - Setting next_dagrun for extract_raw_data_pipeline to 2025-06-27 07:58:00+00:00, run_after=2025-06-27 07:59:00+00:00
[2025-06-28T05:35:23.386+0000] {processor.py:208} INFO - Processing /opt/airflow/dags/driven_data_pipeline.py took 0.361 seconds
[2025-06-28T05:35:53.763+0000] {processor.py:186} INFO - Started process (PID=7290) to work on /opt/airflow/dags/driven_data_pipeline.py
[2025-06-28T05:35:53.764+0000] {processor.py:914} INFO - Processing file /opt/airflow/dags/driven_data_pipeline.py for tasks to queue
[2025-06-28T05:35:53.767+0000] {logging_mixin.py:190} INFO - [2025-06-28T05:35:53.767+0000] {dagbag.py:588} INFO - Filling up the DagBag from /opt/airflow/dags/driven_data_pipeline.py
[2025-06-28T05:35:53.944+0000] {processor.py:925} INFO - DAG(s) 'extract_raw_data_pipeline' retrieved from /opt/airflow/dags/driven_data_pipeline.py
[2025-06-28T05:35:53.968+0000] {logging_mixin.py:190} INFO - [2025-06-28T05:35:53.968+0000] {dag.py:3239} INFO - Sync 1 DAGs
[2025-06-28T05:35:53.991+0000] {logging_mixin.py:190} INFO - [2025-06-28T05:35:53.991+0000] {dag.py:4180} INFO - Setting next_dagrun for extract_raw_data_pipeline to 2025-06-27 07:58:00+00:00, run_after=2025-06-27 07:59:00+00:00
[2025-06-28T05:35:54.028+0000] {processor.py:208} INFO - Processing /opt/airflow/dags/driven_data_pipeline.py took 0.277 seconds
[2025-06-28T05:36:24.375+0000] {processor.py:186} INFO - Started process (PID=7298) to work on /opt/airflow/dags/driven_data_pipeline.py
[2025-06-28T05:36:24.380+0000] {processor.py:914} INFO - Processing file /opt/airflow/dags/driven_data_pipeline.py for tasks to queue
[2025-06-28T05:36:24.384+0000] {logging_mixin.py:190} INFO - [2025-06-28T05:36:24.384+0000] {dagbag.py:588} INFO - Filling up the DagBag from /opt/airflow/dags/driven_data_pipeline.py
[2025-06-28T05:36:24.577+0000] {processor.py:925} INFO - DAG(s) 'extract_raw_data_pipeline' retrieved from /opt/airflow/dags/driven_data_pipeline.py
[2025-06-28T05:36:24.622+0000] {logging_mixin.py:190} INFO - [2025-06-28T05:36:24.622+0000] {dag.py:3239} INFO - Sync 1 DAGs
[2025-06-28T05:36:24.657+0000] {logging_mixin.py:190} INFO - [2025-06-28T05:36:24.657+0000] {dag.py:4180} INFO - Setting next_dagrun for extract_raw_data_pipeline to 2025-06-27 07:58:00+00:00, run_after=2025-06-27 07:59:00+00:00
[2025-06-28T05:36:24.709+0000] {processor.py:208} INFO - Processing /opt/airflow/dags/driven_data_pipeline.py took 0.347 seconds
[2025-06-28T05:36:55.026+0000] {processor.py:186} INFO - Started process (PID=7306) to work on /opt/airflow/dags/driven_data_pipeline.py
[2025-06-28T05:36:55.027+0000] {processor.py:914} INFO - Processing file /opt/airflow/dags/driven_data_pipeline.py for tasks to queue
[2025-06-28T05:36:55.030+0000] {logging_mixin.py:190} INFO - [2025-06-28T05:36:55.029+0000] {dagbag.py:588} INFO - Filling up the DagBag from /opt/airflow/dags/driven_data_pipeline.py
[2025-06-28T05:36:55.276+0000] {processor.py:925} INFO - DAG(s) 'extract_raw_data_pipeline' retrieved from /opt/airflow/dags/driven_data_pipeline.py
[2025-06-28T05:36:55.303+0000] {logging_mixin.py:190} INFO - [2025-06-28T05:36:55.303+0000] {dag.py:3239} INFO - Sync 1 DAGs
[2025-06-28T05:36:55.330+0000] {logging_mixin.py:190} INFO - [2025-06-28T05:36:55.330+0000] {dag.py:4180} INFO - Setting next_dagrun for extract_raw_data_pipeline to 2025-06-27 07:58:00+00:00, run_after=2025-06-27 07:59:00+00:00
[2025-06-28T05:36:55.365+0000] {processor.py:208} INFO - Processing /opt/airflow/dags/driven_data_pipeline.py took 0.353 seconds
[2025-06-28T05:37:25.524+0000] {processor.py:186} INFO - Started process (PID=7314) to work on /opt/airflow/dags/driven_data_pipeline.py
[2025-06-28T05:37:25.537+0000] {processor.py:914} INFO - Processing file /opt/airflow/dags/driven_data_pipeline.py for tasks to queue
[2025-06-28T05:37:25.541+0000] {logging_mixin.py:190} INFO - [2025-06-28T05:37:25.541+0000] {dagbag.py:588} INFO - Filling up the DagBag from /opt/airflow/dags/driven_data_pipeline.py
[2025-06-28T05:37:25.775+0000] {processor.py:925} INFO - DAG(s) 'extract_raw_data_pipeline' retrieved from /opt/airflow/dags/driven_data_pipeline.py
[2025-06-28T05:37:25.807+0000] {logging_mixin.py:190} INFO - [2025-06-28T05:37:25.807+0000] {dag.py:3239} INFO - Sync 1 DAGs
[2025-06-28T05:37:25.833+0000] {logging_mixin.py:190} INFO - [2025-06-28T05:37:25.833+0000] {dag.py:4180} INFO - Setting next_dagrun for extract_raw_data_pipeline to 2025-06-27 07:58:00+00:00, run_after=2025-06-27 07:59:00+00:00
[2025-06-28T05:37:26.693+0000] {processor.py:208} INFO - Processing /opt/airflow/dags/driven_data_pipeline.py took 1.182 seconds
[2025-06-28T05:37:57.068+0000] {processor.py:186} INFO - Started process (PID=7322) to work on /opt/airflow/dags/driven_data_pipeline.py
[2025-06-28T05:37:57.070+0000] {processor.py:914} INFO - Processing file /opt/airflow/dags/driven_data_pipeline.py for tasks to queue
[2025-06-28T05:37:57.079+0000] {logging_mixin.py:190} INFO - [2025-06-28T05:37:57.077+0000] {dagbag.py:588} INFO - Filling up the DagBag from /opt/airflow/dags/driven_data_pipeline.py
[2025-06-28T05:37:57.329+0000] {processor.py:925} INFO - DAG(s) 'extract_raw_data_pipeline' retrieved from /opt/airflow/dags/driven_data_pipeline.py
[2025-06-28T05:37:57.357+0000] {logging_mixin.py:190} INFO - [2025-06-28T05:37:57.357+0000] {dag.py:3239} INFO - Sync 1 DAGs
[2025-06-28T05:37:57.384+0000] {logging_mixin.py:190} INFO - [2025-06-28T05:37:57.384+0000] {dag.py:4180} INFO - Setting next_dagrun for extract_raw_data_pipeline to 2025-06-27 07:58:00+00:00, run_after=2025-06-27 07:59:00+00:00
[2025-06-28T05:37:57.802+0000] {processor.py:208} INFO - Processing /opt/airflow/dags/driven_data_pipeline.py took 0.762 seconds
[2025-06-28T05:38:28.332+0000] {processor.py:186} INFO - Started process (PID=7330) to work on /opt/airflow/dags/driven_data_pipeline.py
[2025-06-28T05:38:28.336+0000] {processor.py:914} INFO - Processing file /opt/airflow/dags/driven_data_pipeline.py for tasks to queue
[2025-06-28T05:38:28.346+0000] {logging_mixin.py:190} INFO - [2025-06-28T05:38:28.345+0000] {dagbag.py:588} INFO - Filling up the DagBag from /opt/airflow/dags/driven_data_pipeline.py
[2025-06-28T05:38:28.568+0000] {processor.py:925} INFO - DAG(s) 'extract_raw_data_pipeline' retrieved from /opt/airflow/dags/driven_data_pipeline.py
[2025-06-28T05:38:28.608+0000] {logging_mixin.py:190} INFO - [2025-06-28T05:38:28.608+0000] {dag.py:3239} INFO - Sync 1 DAGs
[2025-06-28T05:38:28.637+0000] {logging_mixin.py:190} INFO - [2025-06-28T05:38:28.636+0000] {dag.py:4180} INFO - Setting next_dagrun for extract_raw_data_pipeline to 2025-06-27 07:58:00+00:00, run_after=2025-06-27 07:59:00+00:00
[2025-06-28T05:38:28.676+0000] {processor.py:208} INFO - Processing /opt/airflow/dags/driven_data_pipeline.py took 0.385 seconds
[2025-06-28T05:38:58.899+0000] {processor.py:186} INFO - Started process (PID=7338) to work on /opt/airflow/dags/driven_data_pipeline.py
[2025-06-28T05:38:58.901+0000] {processor.py:914} INFO - Processing file /opt/airflow/dags/driven_data_pipeline.py for tasks to queue
[2025-06-28T05:38:58.907+0000] {logging_mixin.py:190} INFO - [2025-06-28T05:38:58.906+0000] {dagbag.py:588} INFO - Filling up the DagBag from /opt/airflow/dags/driven_data_pipeline.py
[2025-06-28T05:38:59.134+0000] {processor.py:925} INFO - DAG(s) 'extract_raw_data_pipeline' retrieved from /opt/airflow/dags/driven_data_pipeline.py
[2025-06-28T05:38:59.159+0000] {logging_mixin.py:190} INFO - [2025-06-28T05:38:59.159+0000] {dag.py:3239} INFO - Sync 1 DAGs
[2025-06-28T05:38:59.184+0000] {logging_mixin.py:190} INFO - [2025-06-28T05:38:59.184+0000] {dag.py:4180} INFO - Setting next_dagrun for extract_raw_data_pipeline to 2025-06-27 07:58:00+00:00, run_after=2025-06-27 07:59:00+00:00
[2025-06-28T05:38:59.225+0000] {processor.py:208} INFO - Processing /opt/airflow/dags/driven_data_pipeline.py took 0.357 seconds
[2025-06-28T05:39:29.460+0000] {processor.py:186} INFO - Started process (PID=7346) to work on /opt/airflow/dags/driven_data_pipeline.py
[2025-06-28T05:39:29.472+0000] {processor.py:914} INFO - Processing file /opt/airflow/dags/driven_data_pipeline.py for tasks to queue
[2025-06-28T05:39:29.475+0000] {logging_mixin.py:190} INFO - [2025-06-28T05:39:29.475+0000] {dagbag.py:588} INFO - Filling up the DagBag from /opt/airflow/dags/driven_data_pipeline.py
[2025-06-28T05:39:29.699+0000] {processor.py:925} INFO - DAG(s) 'extract_raw_data_pipeline' retrieved from /opt/airflow/dags/driven_data_pipeline.py
[2025-06-28T05:39:29.736+0000] {logging_mixin.py:190} INFO - [2025-06-28T05:39:29.736+0000] {dag.py:3239} INFO - Sync 1 DAGs
[2025-06-28T05:39:29.763+0000] {logging_mixin.py:190} INFO - [2025-06-28T05:39:29.763+0000] {dag.py:4180} INFO - Setting next_dagrun for extract_raw_data_pipeline to 2025-06-27 07:58:00+00:00, run_after=2025-06-27 07:59:00+00:00
[2025-06-28T05:39:29.810+0000] {processor.py:208} INFO - Processing /opt/airflow/dags/driven_data_pipeline.py took 0.357 seconds
[2025-06-28T05:40:00.131+0000] {processor.py:186} INFO - Started process (PID=7354) to work on /opt/airflow/dags/driven_data_pipeline.py
[2025-06-28T05:40:00.134+0000] {processor.py:914} INFO - Processing file /opt/airflow/dags/driven_data_pipeline.py for tasks to queue
[2025-06-28T05:40:00.145+0000] {logging_mixin.py:190} INFO - [2025-06-28T05:40:00.144+0000] {dagbag.py:588} INFO - Filling up the DagBag from /opt/airflow/dags/driven_data_pipeline.py
[2025-06-28T05:40:00.372+0000] {processor.py:925} INFO - DAG(s) 'extract_raw_data_pipeline' retrieved from /opt/airflow/dags/driven_data_pipeline.py
[2025-06-28T05:40:00.399+0000] {logging_mixin.py:190} INFO - [2025-06-28T05:40:00.399+0000] {dag.py:3239} INFO - Sync 1 DAGs
[2025-06-28T05:40:00.430+0000] {logging_mixin.py:190} INFO - [2025-06-28T05:40:00.430+0000] {dag.py:4180} INFO - Setting next_dagrun for extract_raw_data_pipeline to 2025-06-27 07:58:00+00:00, run_after=2025-06-27 07:59:00+00:00
[2025-06-28T05:40:00.477+0000] {processor.py:208} INFO - Processing /opt/airflow/dags/driven_data_pipeline.py took 0.372 seconds
[2025-06-28T05:40:30.648+0000] {processor.py:186} INFO - Started process (PID=7362) to work on /opt/airflow/dags/driven_data_pipeline.py
[2025-06-28T05:40:30.649+0000] {processor.py:914} INFO - Processing file /opt/airflow/dags/driven_data_pipeline.py for tasks to queue
[2025-06-28T05:40:30.651+0000] {logging_mixin.py:190} INFO - [2025-06-28T05:40:30.651+0000] {dagbag.py:588} INFO - Filling up the DagBag from /opt/airflow/dags/driven_data_pipeline.py
[2025-06-28T05:40:30.873+0000] {processor.py:925} INFO - DAG(s) 'extract_raw_data_pipeline' retrieved from /opt/airflow/dags/driven_data_pipeline.py
[2025-06-28T05:40:30.921+0000] {logging_mixin.py:190} INFO - [2025-06-28T05:40:30.920+0000] {dag.py:3239} INFO - Sync 1 DAGs
[2025-06-28T05:40:30.966+0000] {logging_mixin.py:190} INFO - [2025-06-28T05:40:30.966+0000] {dag.py:4180} INFO - Setting next_dagrun for extract_raw_data_pipeline to 2025-06-27 07:58:00+00:00, run_after=2025-06-27 07:59:00+00:00
[2025-06-28T05:40:31.015+0000] {processor.py:208} INFO - Processing /opt/airflow/dags/driven_data_pipeline.py took 0.375 seconds
[2025-06-28T05:41:01.292+0000] {processor.py:186} INFO - Started process (PID=7370) to work on /opt/airflow/dags/driven_data_pipeline.py
[2025-06-28T05:41:01.310+0000] {processor.py:914} INFO - Processing file /opt/airflow/dags/driven_data_pipeline.py for tasks to queue
[2025-06-28T05:41:01.314+0000] {logging_mixin.py:190} INFO - [2025-06-28T05:41:01.313+0000] {dagbag.py:588} INFO - Filling up the DagBag from /opt/airflow/dags/driven_data_pipeline.py
[2025-06-28T05:41:01.542+0000] {processor.py:925} INFO - DAG(s) 'extract_raw_data_pipeline' retrieved from /opt/airflow/dags/driven_data_pipeline.py
[2025-06-28T05:41:01.574+0000] {logging_mixin.py:190} INFO - [2025-06-28T05:41:01.573+0000] {dag.py:3239} INFO - Sync 1 DAGs
[2025-06-28T05:41:01.597+0000] {logging_mixin.py:190} INFO - [2025-06-28T05:41:01.597+0000] {dag.py:4180} INFO - Setting next_dagrun for extract_raw_data_pipeline to 2025-06-27 07:58:00+00:00, run_after=2025-06-27 07:59:00+00:00
[2025-06-28T05:41:01.660+0000] {processor.py:208} INFO - Processing /opt/airflow/dags/driven_data_pipeline.py took 0.375 seconds
[2025-06-28T05:41:32.161+0000] {processor.py:186} INFO - Started process (PID=7378) to work on /opt/airflow/dags/driven_data_pipeline.py
[2025-06-28T05:41:32.167+0000] {processor.py:914} INFO - Processing file /opt/airflow/dags/driven_data_pipeline.py for tasks to queue
[2025-06-28T05:41:32.180+0000] {logging_mixin.py:190} INFO - [2025-06-28T05:41:32.178+0000] {dagbag.py:588} INFO - Filling up the DagBag from /opt/airflow/dags/driven_data_pipeline.py
[2025-06-28T05:41:32.396+0000] {processor.py:925} INFO - DAG(s) 'extract_raw_data_pipeline' retrieved from /opt/airflow/dags/driven_data_pipeline.py
[2025-06-28T05:41:32.428+0000] {logging_mixin.py:190} INFO - [2025-06-28T05:41:32.428+0000] {dag.py:3239} INFO - Sync 1 DAGs
[2025-06-28T05:41:32.454+0000] {logging_mixin.py:190} INFO - [2025-06-28T05:41:32.453+0000] {dag.py:4180} INFO - Setting next_dagrun for extract_raw_data_pipeline to 2025-06-27 07:58:00+00:00, run_after=2025-06-27 07:59:00+00:00
[2025-06-28T05:41:32.501+0000] {processor.py:208} INFO - Processing /opt/airflow/dags/driven_data_pipeline.py took 0.380 seconds
[2025-06-28T05:42:02.955+0000] {processor.py:186} INFO - Started process (PID=7386) to work on /opt/airflow/dags/driven_data_pipeline.py
[2025-06-28T05:42:02.956+0000] {processor.py:914} INFO - Processing file /opt/airflow/dags/driven_data_pipeline.py for tasks to queue
[2025-06-28T05:42:02.960+0000] {logging_mixin.py:190} INFO - [2025-06-28T05:42:02.959+0000] {dagbag.py:588} INFO - Filling up the DagBag from /opt/airflow/dags/driven_data_pipeline.py
[2025-06-28T05:42:03.184+0000] {processor.py:925} INFO - DAG(s) 'extract_raw_data_pipeline' retrieved from /opt/airflow/dags/driven_data_pipeline.py
[2025-06-28T05:42:03.213+0000] {logging_mixin.py:190} INFO - [2025-06-28T05:42:03.213+0000] {dag.py:3239} INFO - Sync 1 DAGs
[2025-06-28T05:42:03.240+0000] {logging_mixin.py:190} INFO - [2025-06-28T05:42:03.240+0000] {dag.py:4180} INFO - Setting next_dagrun for extract_raw_data_pipeline to 2025-06-27 07:58:00+00:00, run_after=2025-06-27 07:59:00+00:00
[2025-06-28T05:42:03.283+0000] {processor.py:208} INFO - Processing /opt/airflow/dags/driven_data_pipeline.py took 0.340 seconds
[2025-06-28T05:42:33.660+0000] {processor.py:186} INFO - Started process (PID=7394) to work on /opt/airflow/dags/driven_data_pipeline.py
[2025-06-28T05:42:33.662+0000] {processor.py:914} INFO - Processing file /opt/airflow/dags/driven_data_pipeline.py for tasks to queue
[2025-06-28T05:42:33.668+0000] {logging_mixin.py:190} INFO - [2025-06-28T05:42:33.667+0000] {dagbag.py:588} INFO - Filling up the DagBag from /opt/airflow/dags/driven_data_pipeline.py
[2025-06-28T05:42:33.926+0000] {processor.py:925} INFO - DAG(s) 'extract_raw_data_pipeline' retrieved from /opt/airflow/dags/driven_data_pipeline.py
[2025-06-28T05:42:33.958+0000] {logging_mixin.py:190} INFO - [2025-06-28T05:42:33.958+0000] {dag.py:3239} INFO - Sync 1 DAGs
[2025-06-28T05:42:33.996+0000] {logging_mixin.py:190} INFO - [2025-06-28T05:42:33.996+0000] {dag.py:4180} INFO - Setting next_dagrun for extract_raw_data_pipeline to 2025-06-27 07:58:00+00:00, run_after=2025-06-27 07:59:00+00:00
[2025-06-28T05:42:34.046+0000] {processor.py:208} INFO - Processing /opt/airflow/dags/driven_data_pipeline.py took 0.403 seconds
[2025-06-28T05:43:04.522+0000] {processor.py:186} INFO - Started process (PID=7402) to work on /opt/airflow/dags/driven_data_pipeline.py
[2025-06-28T05:43:04.524+0000] {processor.py:914} INFO - Processing file /opt/airflow/dags/driven_data_pipeline.py for tasks to queue
[2025-06-28T05:43:04.528+0000] {logging_mixin.py:190} INFO - [2025-06-28T05:43:04.528+0000] {dagbag.py:588} INFO - Filling up the DagBag from /opt/airflow/dags/driven_data_pipeline.py
[2025-06-28T05:43:04.729+0000] {processor.py:925} INFO - DAG(s) 'extract_raw_data_pipeline' retrieved from /opt/airflow/dags/driven_data_pipeline.py
[2025-06-28T05:43:04.759+0000] {logging_mixin.py:190} INFO - [2025-06-28T05:43:04.758+0000] {dag.py:3239} INFO - Sync 1 DAGs
[2025-06-28T05:43:04.786+0000] {logging_mixin.py:190} INFO - [2025-06-28T05:43:04.786+0000] {dag.py:4180} INFO - Setting next_dagrun for extract_raw_data_pipeline to 2025-06-27 07:58:00+00:00, run_after=2025-06-27 07:59:00+00:00
[2025-06-28T05:43:04.829+0000] {processor.py:208} INFO - Processing /opt/airflow/dags/driven_data_pipeline.py took 0.322 seconds
[2025-06-28T05:43:34.980+0000] {processor.py:186} INFO - Started process (PID=7410) to work on /opt/airflow/dags/driven_data_pipeline.py
[2025-06-28T05:43:34.981+0000] {processor.py:914} INFO - Processing file /opt/airflow/dags/driven_data_pipeline.py for tasks to queue
[2025-06-28T05:43:34.985+0000] {logging_mixin.py:190} INFO - [2025-06-28T05:43:34.984+0000] {dagbag.py:588} INFO - Filling up the DagBag from /opt/airflow/dags/driven_data_pipeline.py
[2025-06-28T05:43:35.194+0000] {processor.py:925} INFO - DAG(s) 'extract_raw_data_pipeline' retrieved from /opt/airflow/dags/driven_data_pipeline.py
[2025-06-28T05:43:35.220+0000] {logging_mixin.py:190} INFO - [2025-06-28T05:43:35.220+0000] {dag.py:3239} INFO - Sync 1 DAGs
[2025-06-28T05:43:35.250+0000] {logging_mixin.py:190} INFO - [2025-06-28T05:43:35.250+0000] {dag.py:4180} INFO - Setting next_dagrun for extract_raw_data_pipeline to 2025-06-27 07:58:00+00:00, run_after=2025-06-27 07:59:00+00:00
[2025-06-28T05:43:35.304+0000] {processor.py:208} INFO - Processing /opt/airflow/dags/driven_data_pipeline.py took 0.337 seconds
[2025-06-28T05:44:05.653+0000] {processor.py:186} INFO - Started process (PID=7418) to work on /opt/airflow/dags/driven_data_pipeline.py
[2025-06-28T05:44:05.662+0000] {processor.py:914} INFO - Processing file /opt/airflow/dags/driven_data_pipeline.py for tasks to queue
[2025-06-28T05:44:05.666+0000] {logging_mixin.py:190} INFO - [2025-06-28T05:44:05.666+0000] {dagbag.py:588} INFO - Filling up the DagBag from /opt/airflow/dags/driven_data_pipeline.py
[2025-06-28T05:44:05.874+0000] {processor.py:925} INFO - DAG(s) 'extract_raw_data_pipeline' retrieved from /opt/airflow/dags/driven_data_pipeline.py
[2025-06-28T05:44:05.902+0000] {logging_mixin.py:190} INFO - [2025-06-28T05:44:05.902+0000] {dag.py:3239} INFO - Sync 1 DAGs
[2025-06-28T05:44:05.933+0000] {logging_mixin.py:190} INFO - [2025-06-28T05:44:05.932+0000] {dag.py:4180} INFO - Setting next_dagrun for extract_raw_data_pipeline to 2025-06-27 07:58:00+00:00, run_after=2025-06-27 07:59:00+00:00
[2025-06-28T05:44:07.050+0000] {processor.py:208} INFO - Processing /opt/airflow/dags/driven_data_pipeline.py took 1.416 seconds
[2025-06-28T05:44:37.571+0000] {processor.py:186} INFO - Started process (PID=7426) to work on /opt/airflow/dags/driven_data_pipeline.py
[2025-06-28T05:44:37.574+0000] {processor.py:914} INFO - Processing file /opt/airflow/dags/driven_data_pipeline.py for tasks to queue
[2025-06-28T05:44:37.580+0000] {logging_mixin.py:190} INFO - [2025-06-28T05:44:37.579+0000] {dagbag.py:588} INFO - Filling up the DagBag from /opt/airflow/dags/driven_data_pipeline.py
[2025-06-28T05:44:37.797+0000] {processor.py:925} INFO - DAG(s) 'extract_raw_data_pipeline' retrieved from /opt/airflow/dags/driven_data_pipeline.py
[2025-06-28T05:44:37.825+0000] {logging_mixin.py:190} INFO - [2025-06-28T05:44:37.824+0000] {dag.py:3239} INFO - Sync 1 DAGs
[2025-06-28T05:44:37.854+0000] {logging_mixin.py:190} INFO - [2025-06-28T05:44:37.854+0000] {dag.py:4180} INFO - Setting next_dagrun for extract_raw_data_pipeline to 2025-06-27 07:58:00+00:00, run_after=2025-06-27 07:59:00+00:00
[2025-06-28T05:44:38.116+0000] {processor.py:208} INFO - Processing /opt/airflow/dags/driven_data_pipeline.py took 0.580 seconds
[2025-06-28T05:45:08.499+0000] {processor.py:186} INFO - Started process (PID=7434) to work on /opt/airflow/dags/driven_data_pipeline.py
[2025-06-28T05:45:08.506+0000] {processor.py:914} INFO - Processing file /opt/airflow/dags/driven_data_pipeline.py for tasks to queue
[2025-06-28T05:45:08.509+0000] {logging_mixin.py:190} INFO - [2025-06-28T05:45:08.509+0000] {dagbag.py:588} INFO - Filling up the DagBag from /opt/airflow/dags/driven_data_pipeline.py
[2025-06-28T05:45:08.777+0000] {processor.py:925} INFO - DAG(s) 'extract_raw_data_pipeline' retrieved from /opt/airflow/dags/driven_data_pipeline.py
[2025-06-28T05:45:08.805+0000] {logging_mixin.py:190} INFO - [2025-06-28T05:45:08.805+0000] {dag.py:3239} INFO - Sync 1 DAGs
[2025-06-28T05:45:08.837+0000] {logging_mixin.py:190} INFO - [2025-06-28T05:45:08.837+0000] {dag.py:4180} INFO - Setting next_dagrun for extract_raw_data_pipeline to 2025-06-27 07:58:00+00:00, run_after=2025-06-27 07:59:00+00:00
[2025-06-28T05:45:08.875+0000] {processor.py:208} INFO - Processing /opt/airflow/dags/driven_data_pipeline.py took 0.387 seconds
[2025-06-28T05:45:39.307+0000] {processor.py:186} INFO - Started process (PID=7442) to work on /opt/airflow/dags/driven_data_pipeline.py
[2025-06-28T05:45:39.308+0000] {processor.py:914} INFO - Processing file /opt/airflow/dags/driven_data_pipeline.py for tasks to queue
[2025-06-28T05:45:39.311+0000] {logging_mixin.py:190} INFO - [2025-06-28T05:45:39.311+0000] {dagbag.py:588} INFO - Filling up the DagBag from /opt/airflow/dags/driven_data_pipeline.py
[2025-06-28T05:45:39.585+0000] {processor.py:925} INFO - DAG(s) 'extract_raw_data_pipeline' retrieved from /opt/airflow/dags/driven_data_pipeline.py
[2025-06-28T05:45:39.629+0000] {logging_mixin.py:190} INFO - [2025-06-28T05:45:39.628+0000] {dag.py:3239} INFO - Sync 1 DAGs
[2025-06-28T05:45:39.657+0000] {logging_mixin.py:190} INFO - [2025-06-28T05:45:39.657+0000] {dag.py:4180} INFO - Setting next_dagrun for extract_raw_data_pipeline to 2025-06-27 07:58:00+00:00, run_after=2025-06-27 07:59:00+00:00
[2025-06-28T05:45:39.697+0000] {processor.py:208} INFO - Processing /opt/airflow/dags/driven_data_pipeline.py took 0.401 seconds
[2025-06-28T05:46:10.134+0000] {processor.py:186} INFO - Started process (PID=7450) to work on /opt/airflow/dags/driven_data_pipeline.py
[2025-06-28T05:46:10.148+0000] {processor.py:914} INFO - Processing file /opt/airflow/dags/driven_data_pipeline.py for tasks to queue
[2025-06-28T05:46:10.150+0000] {logging_mixin.py:190} INFO - [2025-06-28T05:46:10.150+0000] {dagbag.py:588} INFO - Filling up the DagBag from /opt/airflow/dags/driven_data_pipeline.py
[2025-06-28T05:46:10.370+0000] {processor.py:925} INFO - DAG(s) 'extract_raw_data_pipeline' retrieved from /opt/airflow/dags/driven_data_pipeline.py
[2025-06-28T05:46:10.403+0000] {logging_mixin.py:190} INFO - [2025-06-28T05:46:10.403+0000] {dag.py:3239} INFO - Sync 1 DAGs
[2025-06-28T05:46:10.432+0000] {logging_mixin.py:190} INFO - [2025-06-28T05:46:10.432+0000] {dag.py:4180} INFO - Setting next_dagrun for extract_raw_data_pipeline to 2025-06-27 07:58:00+00:00, run_after=2025-06-27 07:59:00+00:00
[2025-06-28T05:46:11.651+0000] {processor.py:208} INFO - Processing /opt/airflow/dags/driven_data_pipeline.py took 1.525 seconds
[2025-06-28T05:46:42.127+0000] {processor.py:186} INFO - Started process (PID=7458) to work on /opt/airflow/dags/driven_data_pipeline.py
[2025-06-28T05:46:42.132+0000] {processor.py:914} INFO - Processing file /opt/airflow/dags/driven_data_pipeline.py for tasks to queue
[2025-06-28T05:46:42.136+0000] {logging_mixin.py:190} INFO - [2025-06-28T05:46:42.135+0000] {dagbag.py:588} INFO - Filling up the DagBag from /opt/airflow/dags/driven_data_pipeline.py
[2025-06-28T05:46:42.347+0000] {processor.py:925} INFO - DAG(s) 'extract_raw_data_pipeline' retrieved from /opt/airflow/dags/driven_data_pipeline.py
[2025-06-28T05:46:42.377+0000] {logging_mixin.py:190} INFO - [2025-06-28T05:46:42.377+0000] {dag.py:3239} INFO - Sync 1 DAGs
[2025-06-28T05:46:42.402+0000] {logging_mixin.py:190} INFO - [2025-06-28T05:46:42.402+0000] {dag.py:4180} INFO - Setting next_dagrun for extract_raw_data_pipeline to 2025-06-27 07:58:00+00:00, run_after=2025-06-27 07:59:00+00:00
[2025-06-28T05:46:42.453+0000] {processor.py:208} INFO - Processing /opt/airflow/dags/driven_data_pipeline.py took 0.351 seconds
[2025-06-28T05:47:12.589+0000] {processor.py:186} INFO - Started process (PID=7466) to work on /opt/airflow/dags/driven_data_pipeline.py
[2025-06-28T05:47:12.592+0000] {processor.py:914} INFO - Processing file /opt/airflow/dags/driven_data_pipeline.py for tasks to queue
[2025-06-28T05:47:12.596+0000] {logging_mixin.py:190} INFO - [2025-06-28T05:47:12.595+0000] {dagbag.py:588} INFO - Filling up the DagBag from /opt/airflow/dags/driven_data_pipeline.py
[2025-06-28T05:47:12.804+0000] {processor.py:925} INFO - DAG(s) 'extract_raw_data_pipeline' retrieved from /opt/airflow/dags/driven_data_pipeline.py
[2025-06-28T05:47:12.831+0000] {logging_mixin.py:190} INFO - [2025-06-28T05:47:12.831+0000] {dag.py:3239} INFO - Sync 1 DAGs
[2025-06-28T05:47:12.859+0000] {logging_mixin.py:190} INFO - [2025-06-28T05:47:12.859+0000] {dag.py:4180} INFO - Setting next_dagrun for extract_raw_data_pipeline to 2025-06-27 07:58:00+00:00, run_after=2025-06-27 07:59:00+00:00
[2025-06-28T05:47:12.896+0000] {processor.py:208} INFO - Processing /opt/airflow/dags/driven_data_pipeline.py took 0.330 seconds
[2025-06-28T05:47:43.266+0000] {processor.py:186} INFO - Started process (PID=7474) to work on /opt/airflow/dags/driven_data_pipeline.py
[2025-06-28T05:47:43.277+0000] {processor.py:914} INFO - Processing file /opt/airflow/dags/driven_data_pipeline.py for tasks to queue
[2025-06-28T05:47:43.279+0000] {logging_mixin.py:190} INFO - [2025-06-28T05:47:43.279+0000] {dagbag.py:588} INFO - Filling up the DagBag from /opt/airflow/dags/driven_data_pipeline.py
[2025-06-28T05:47:43.507+0000] {processor.py:925} INFO - DAG(s) 'extract_raw_data_pipeline' retrieved from /opt/airflow/dags/driven_data_pipeline.py
[2025-06-28T05:47:43.532+0000] {logging_mixin.py:190} INFO - [2025-06-28T05:47:43.532+0000] {dag.py:3239} INFO - Sync 1 DAGs
[2025-06-28T05:47:43.558+0000] {logging_mixin.py:190} INFO - [2025-06-28T05:47:43.558+0000] {dag.py:4180} INFO - Setting next_dagrun for extract_raw_data_pipeline to 2025-06-27 07:58:00+00:00, run_after=2025-06-27 07:59:00+00:00
[2025-06-28T05:47:43.632+0000] {processor.py:208} INFO - Processing /opt/airflow/dags/driven_data_pipeline.py took 0.378 seconds
[2025-06-28T05:48:14.101+0000] {processor.py:186} INFO - Started process (PID=7482) to work on /opt/airflow/dags/driven_data_pipeline.py
[2025-06-28T05:48:14.102+0000] {processor.py:914} INFO - Processing file /opt/airflow/dags/driven_data_pipeline.py for tasks to queue
[2025-06-28T05:48:14.105+0000] {logging_mixin.py:190} INFO - [2025-06-28T05:48:14.104+0000] {dagbag.py:588} INFO - Filling up the DagBag from /opt/airflow/dags/driven_data_pipeline.py
[2025-06-28T05:48:14.328+0000] {processor.py:925} INFO - DAG(s) 'extract_raw_data_pipeline' retrieved from /opt/airflow/dags/driven_data_pipeline.py
[2025-06-28T05:48:14.355+0000] {logging_mixin.py:190} INFO - [2025-06-28T05:48:14.355+0000] {dag.py:3239} INFO - Sync 1 DAGs
[2025-06-28T05:48:14.387+0000] {logging_mixin.py:190} INFO - [2025-06-28T05:48:14.387+0000] {dag.py:4180} INFO - Setting next_dagrun for extract_raw_data_pipeline to 2025-06-27 07:58:00+00:00, run_after=2025-06-27 07:59:00+00:00
[2025-06-28T05:48:14.437+0000] {processor.py:208} INFO - Processing /opt/airflow/dags/driven_data_pipeline.py took 0.344 seconds
[2025-06-28T05:48:44.839+0000] {processor.py:186} INFO - Started process (PID=7490) to work on /opt/airflow/dags/driven_data_pipeline.py
[2025-06-28T05:48:44.847+0000] {processor.py:914} INFO - Processing file /opt/airflow/dags/driven_data_pipeline.py for tasks to queue
[2025-06-28T05:48:44.850+0000] {logging_mixin.py:190} INFO - [2025-06-28T05:48:44.850+0000] {dagbag.py:588} INFO - Filling up the DagBag from /opt/airflow/dags/driven_data_pipeline.py
[2025-06-28T05:48:45.084+0000] {processor.py:925} INFO - DAG(s) 'extract_raw_data_pipeline' retrieved from /opt/airflow/dags/driven_data_pipeline.py
[2025-06-28T05:48:45.119+0000] {logging_mixin.py:190} INFO - [2025-06-28T05:48:45.119+0000] {dag.py:3239} INFO - Sync 1 DAGs
[2025-06-28T05:48:45.147+0000] {logging_mixin.py:190} INFO - [2025-06-28T05:48:45.146+0000] {dag.py:4180} INFO - Setting next_dagrun for extract_raw_data_pipeline to 2025-06-27 07:58:00+00:00, run_after=2025-06-27 07:59:00+00:00
[2025-06-28T05:48:45.181+0000] {processor.py:208} INFO - Processing /opt/airflow/dags/driven_data_pipeline.py took 0.352 seconds
[2025-06-28T05:49:15.278+0000] {processor.py:186} INFO - Started process (PID=7498) to work on /opt/airflow/dags/driven_data_pipeline.py
[2025-06-28T05:49:15.278+0000] {processor.py:914} INFO - Processing file /opt/airflow/dags/driven_data_pipeline.py for tasks to queue
[2025-06-28T05:49:15.281+0000] {logging_mixin.py:190} INFO - [2025-06-28T05:49:15.281+0000] {dagbag.py:588} INFO - Filling up the DagBag from /opt/airflow/dags/driven_data_pipeline.py
[2025-06-28T05:49:15.491+0000] {processor.py:925} INFO - DAG(s) 'extract_raw_data_pipeline' retrieved from /opt/airflow/dags/driven_data_pipeline.py
[2025-06-28T05:49:15.523+0000] {logging_mixin.py:190} INFO - [2025-06-28T05:49:15.523+0000] {dag.py:3239} INFO - Sync 1 DAGs
[2025-06-28T05:49:15.549+0000] {logging_mixin.py:190} INFO - [2025-06-28T05:49:15.549+0000] {dag.py:4180} INFO - Setting next_dagrun for extract_raw_data_pipeline to 2025-06-27 07:58:00+00:00, run_after=2025-06-27 07:59:00+00:00
[2025-06-28T05:49:15.590+0000] {processor.py:208} INFO - Processing /opt/airflow/dags/driven_data_pipeline.py took 0.319 seconds
[2025-06-28T05:49:46.035+0000] {processor.py:186} INFO - Started process (PID=7506) to work on /opt/airflow/dags/driven_data_pipeline.py
[2025-06-28T05:49:46.050+0000] {processor.py:914} INFO - Processing file /opt/airflow/dags/driven_data_pipeline.py for tasks to queue
[2025-06-28T05:49:46.054+0000] {logging_mixin.py:190} INFO - [2025-06-28T05:49:46.053+0000] {dagbag.py:588} INFO - Filling up the DagBag from /opt/airflow/dags/driven_data_pipeline.py
[2025-06-28T05:49:46.312+0000] {processor.py:925} INFO - DAG(s) 'extract_raw_data_pipeline' retrieved from /opt/airflow/dags/driven_data_pipeline.py
[2025-06-28T05:49:46.346+0000] {logging_mixin.py:190} INFO - [2025-06-28T05:49:46.345+0000] {dag.py:3239} INFO - Sync 1 DAGs
[2025-06-28T05:49:46.377+0000] {logging_mixin.py:190} INFO - [2025-06-28T05:49:46.376+0000] {dag.py:4180} INFO - Setting next_dagrun for extract_raw_data_pipeline to 2025-06-27 07:58:00+00:00, run_after=2025-06-27 07:59:00+00:00
[2025-06-28T05:49:46.420+0000] {processor.py:208} INFO - Processing /opt/airflow/dags/driven_data_pipeline.py took 0.417 seconds
[2025-06-28T05:50:16.915+0000] {processor.py:186} INFO - Started process (PID=7514) to work on /opt/airflow/dags/driven_data_pipeline.py
[2025-06-28T05:50:16.919+0000] {processor.py:914} INFO - Processing file /opt/airflow/dags/driven_data_pipeline.py for tasks to queue
[2025-06-28T05:50:16.927+0000] {logging_mixin.py:190} INFO - [2025-06-28T05:50:16.926+0000] {dagbag.py:588} INFO - Filling up the DagBag from /opt/airflow/dags/driven_data_pipeline.py
[2025-06-28T05:50:17.151+0000] {processor.py:925} INFO - DAG(s) 'extract_raw_data_pipeline' retrieved from /opt/airflow/dags/driven_data_pipeline.py
[2025-06-28T05:50:17.179+0000] {logging_mixin.py:190} INFO - [2025-06-28T05:50:17.179+0000] {dag.py:3239} INFO - Sync 1 DAGs
[2025-06-28T05:50:17.221+0000] {logging_mixin.py:190} INFO - [2025-06-28T05:50:17.221+0000] {dag.py:4180} INFO - Setting next_dagrun for extract_raw_data_pipeline to 2025-06-27 07:58:00+00:00, run_after=2025-06-27 07:59:00+00:00
[2025-06-28T05:50:17.265+0000] {processor.py:208} INFO - Processing /opt/airflow/dags/driven_data_pipeline.py took 0.388 seconds
[2025-06-28T05:50:47.736+0000] {processor.py:186} INFO - Started process (PID=7521) to work on /opt/airflow/dags/driven_data_pipeline.py
[2025-06-28T05:50:47.737+0000] {processor.py:914} INFO - Processing file /opt/airflow/dags/driven_data_pipeline.py for tasks to queue
[2025-06-28T05:50:47.741+0000] {logging_mixin.py:190} INFO - [2025-06-28T05:50:47.740+0000] {dagbag.py:588} INFO - Filling up the DagBag from /opt/airflow/dags/driven_data_pipeline.py
[2025-06-28T05:50:48.040+0000] {processor.py:925} INFO - DAG(s) 'extract_raw_data_pipeline' retrieved from /opt/airflow/dags/driven_data_pipeline.py
[2025-06-28T05:50:48.087+0000] {logging_mixin.py:190} INFO - [2025-06-28T05:50:48.087+0000] {dag.py:3239} INFO - Sync 1 DAGs
[2025-06-28T05:50:48.129+0000] {logging_mixin.py:190} INFO - [2025-06-28T05:50:48.129+0000] {dag.py:4180} INFO - Setting next_dagrun for extract_raw_data_pipeline to 2025-06-27 07:58:00+00:00, run_after=2025-06-27 07:59:00+00:00
[2025-06-28T05:50:48.175+0000] {processor.py:208} INFO - Processing /opt/airflow/dags/driven_data_pipeline.py took 0.455 seconds
[2025-06-28T05:51:18.244+0000] {processor.py:186} INFO - Started process (PID=7529) to work on /opt/airflow/dags/driven_data_pipeline.py
[2025-06-28T05:51:18.245+0000] {processor.py:914} INFO - Processing file /opt/airflow/dags/driven_data_pipeline.py for tasks to queue
[2025-06-28T05:51:18.249+0000] {logging_mixin.py:190} INFO - [2025-06-28T05:51:18.248+0000] {dagbag.py:588} INFO - Filling up the DagBag from /opt/airflow/dags/driven_data_pipeline.py
[2025-06-28T05:51:18.519+0000] {processor.py:925} INFO - DAG(s) 'extract_raw_data_pipeline' retrieved from /opt/airflow/dags/driven_data_pipeline.py
[2025-06-28T05:51:18.551+0000] {logging_mixin.py:190} INFO - [2025-06-28T05:51:18.550+0000] {dag.py:3239} INFO - Sync 1 DAGs
[2025-06-28T05:51:18.577+0000] {logging_mixin.py:190} INFO - [2025-06-28T05:51:18.576+0000] {dag.py:4180} INFO - Setting next_dagrun for extract_raw_data_pipeline to 2025-06-27 07:58:00+00:00, run_after=2025-06-27 07:59:00+00:00
[2025-06-28T05:51:18.628+0000] {processor.py:208} INFO - Processing /opt/airflow/dags/driven_data_pipeline.py took 0.397 seconds
[2025-06-28T05:51:49.055+0000] {processor.py:186} INFO - Started process (PID=7536) to work on /opt/airflow/dags/driven_data_pipeline.py
[2025-06-28T05:51:49.070+0000] {processor.py:914} INFO - Processing file /opt/airflow/dags/driven_data_pipeline.py for tasks to queue
[2025-06-28T05:51:49.086+0000] {logging_mixin.py:190} INFO - [2025-06-28T05:51:49.084+0000] {dagbag.py:588} INFO - Filling up the DagBag from /opt/airflow/dags/driven_data_pipeline.py
[2025-06-28T05:51:49.339+0000] {processor.py:925} INFO - DAG(s) 'extract_raw_data_pipeline' retrieved from /opt/airflow/dags/driven_data_pipeline.py
[2025-06-28T05:51:49.369+0000] {logging_mixin.py:190} INFO - [2025-06-28T05:51:49.369+0000] {dag.py:3239} INFO - Sync 1 DAGs
[2025-06-28T05:51:49.392+0000] {logging_mixin.py:190} INFO - [2025-06-28T05:51:49.392+0000] {dag.py:4180} INFO - Setting next_dagrun for extract_raw_data_pipeline to 2025-06-27 07:58:00+00:00, run_after=2025-06-27 07:59:00+00:00
[2025-06-28T05:51:50.162+0000] {processor.py:208} INFO - Processing /opt/airflow/dags/driven_data_pipeline.py took 1.144 seconds
[2025-06-28T05:52:20.426+0000] {processor.py:186} INFO - Started process (PID=7544) to work on /opt/airflow/dags/driven_data_pipeline.py
[2025-06-28T05:52:20.427+0000] {processor.py:914} INFO - Processing file /opt/airflow/dags/driven_data_pipeline.py for tasks to queue
[2025-06-28T05:52:20.431+0000] {logging_mixin.py:190} INFO - [2025-06-28T05:52:20.430+0000] {dagbag.py:588} INFO - Filling up the DagBag from /opt/airflow/dags/driven_data_pipeline.py
[2025-06-28T05:52:20.634+0000] {processor.py:925} INFO - DAG(s) 'extract_raw_data_pipeline' retrieved from /opt/airflow/dags/driven_data_pipeline.py
[2025-06-28T05:52:20.660+0000] {logging_mixin.py:190} INFO - [2025-06-28T05:52:20.659+0000] {dag.py:3239} INFO - Sync 1 DAGs
[2025-06-28T05:52:20.689+0000] {logging_mixin.py:190} INFO - [2025-06-28T05:52:20.689+0000] {dag.py:4180} INFO - Setting next_dagrun for extract_raw_data_pipeline to 2025-06-27 07:58:00+00:00, run_after=2025-06-27 07:59:00+00:00
[2025-06-28T05:52:20.729+0000] {processor.py:208} INFO - Processing /opt/airflow/dags/driven_data_pipeline.py took 0.315 seconds
[2025-06-28T05:52:51.061+0000] {processor.py:186} INFO - Started process (PID=7552) to work on /opt/airflow/dags/driven_data_pipeline.py
[2025-06-28T05:52:51.069+0000] {processor.py:914} INFO - Processing file /opt/airflow/dags/driven_data_pipeline.py for tasks to queue
[2025-06-28T05:52:51.082+0000] {logging_mixin.py:190} INFO - [2025-06-28T05:52:51.081+0000] {dagbag.py:588} INFO - Filling up the DagBag from /opt/airflow/dags/driven_data_pipeline.py
[2025-06-28T05:52:51.309+0000] {processor.py:925} INFO - DAG(s) 'extract_raw_data_pipeline' retrieved from /opt/airflow/dags/driven_data_pipeline.py
[2025-06-28T05:52:51.339+0000] {logging_mixin.py:190} INFO - [2025-06-28T05:52:51.339+0000] {dag.py:3239} INFO - Sync 1 DAGs
[2025-06-28T05:52:51.365+0000] {logging_mixin.py:190} INFO - [2025-06-28T05:52:51.365+0000] {dag.py:4180} INFO - Setting next_dagrun for extract_raw_data_pipeline to 2025-06-27 07:58:00+00:00, run_after=2025-06-27 07:59:00+00:00
[2025-06-28T05:52:52.550+0000] {processor.py:208} INFO - Processing /opt/airflow/dags/driven_data_pipeline.py took 1.531 seconds
[2025-06-28T05:53:23.052+0000] {processor.py:186} INFO - Started process (PID=7560) to work on /opt/airflow/dags/driven_data_pipeline.py
[2025-06-28T05:53:23.054+0000] {processor.py:914} INFO - Processing file /opt/airflow/dags/driven_data_pipeline.py for tasks to queue
[2025-06-28T05:53:23.057+0000] {logging_mixin.py:190} INFO - [2025-06-28T05:53:23.056+0000] {dagbag.py:588} INFO - Filling up the DagBag from /opt/airflow/dags/driven_data_pipeline.py
[2025-06-28T05:53:23.268+0000] {processor.py:925} INFO - DAG(s) 'extract_raw_data_pipeline' retrieved from /opt/airflow/dags/driven_data_pipeline.py
[2025-06-28T05:53:23.298+0000] {logging_mixin.py:190} INFO - [2025-06-28T05:53:23.298+0000] {dag.py:3239} INFO - Sync 1 DAGs
[2025-06-28T05:53:23.322+0000] {logging_mixin.py:190} INFO - [2025-06-28T05:53:23.322+0000] {dag.py:4180} INFO - Setting next_dagrun for extract_raw_data_pipeline to 2025-06-27 07:58:00+00:00, run_after=2025-06-27 07:59:00+00:00
[2025-06-28T05:53:23.396+0000] {processor.py:208} INFO - Processing /opt/airflow/dags/driven_data_pipeline.py took 0.360 seconds
[2025-06-28T05:53:53.998+0000] {processor.py:186} INFO - Started process (PID=7568) to work on /opt/airflow/dags/driven_data_pipeline.py
[2025-06-28T05:53:54.000+0000] {processor.py:914} INFO - Processing file /opt/airflow/dags/driven_data_pipeline.py for tasks to queue
[2025-06-28T05:53:54.004+0000] {logging_mixin.py:190} INFO - [2025-06-28T05:53:54.004+0000] {dagbag.py:588} INFO - Filling up the DagBag from /opt/airflow/dags/driven_data_pipeline.py
[2025-06-28T05:53:54.253+0000] {processor.py:925} INFO - DAG(s) 'extract_raw_data_pipeline' retrieved from /opt/airflow/dags/driven_data_pipeline.py
[2025-06-28T05:53:54.287+0000] {logging_mixin.py:190} INFO - [2025-06-28T05:53:54.287+0000] {dag.py:3239} INFO - Sync 1 DAGs
[2025-06-28T05:53:54.316+0000] {logging_mixin.py:190} INFO - [2025-06-28T05:53:54.316+0000] {dag.py:4180} INFO - Setting next_dagrun for extract_raw_data_pipeline to 2025-06-27 07:58:00+00:00, run_after=2025-06-27 07:59:00+00:00
[2025-06-28T05:53:54.361+0000] {processor.py:208} INFO - Processing /opt/airflow/dags/driven_data_pipeline.py took 0.395 seconds
[2025-06-28T05:54:24.568+0000] {processor.py:186} INFO - Started process (PID=7575) to work on /opt/airflow/dags/driven_data_pipeline.py
[2025-06-28T05:54:24.573+0000] {processor.py:914} INFO - Processing file /opt/airflow/dags/driven_data_pipeline.py for tasks to queue
[2025-06-28T05:54:24.582+0000] {logging_mixin.py:190} INFO - [2025-06-28T05:54:24.581+0000] {dagbag.py:588} INFO - Filling up the DagBag from /opt/airflow/dags/driven_data_pipeline.py
[2025-06-28T05:54:24.797+0000] {processor.py:925} INFO - DAG(s) 'extract_raw_data_pipeline' retrieved from /opt/airflow/dags/driven_data_pipeline.py
[2025-06-28T05:54:24.822+0000] {logging_mixin.py:190} INFO - [2025-06-28T05:54:24.822+0000] {dag.py:3239} INFO - Sync 1 DAGs
[2025-06-28T05:54:24.850+0000] {logging_mixin.py:190} INFO - [2025-06-28T05:54:24.849+0000] {dag.py:4180} INFO - Setting next_dagrun for extract_raw_data_pipeline to 2025-06-27 07:58:00+00:00, run_after=2025-06-27 07:59:00+00:00
[2025-06-28T05:54:25.580+0000] {processor.py:208} INFO - Processing /opt/airflow/dags/driven_data_pipeline.py took 1.055 seconds
[2025-06-28T05:54:56.053+0000] {processor.py:186} INFO - Started process (PID=7583) to work on /opt/airflow/dags/driven_data_pipeline.py
[2025-06-28T05:54:56.055+0000] {processor.py:914} INFO - Processing file /opt/airflow/dags/driven_data_pipeline.py for tasks to queue
[2025-06-28T05:54:56.062+0000] {logging_mixin.py:190} INFO - [2025-06-28T05:54:56.061+0000] {dagbag.py:588} INFO - Filling up the DagBag from /opt/airflow/dags/driven_data_pipeline.py
[2025-06-28T05:54:56.299+0000] {processor.py:925} INFO - DAG(s) 'extract_raw_data_pipeline' retrieved from /opt/airflow/dags/driven_data_pipeline.py
[2025-06-28T05:54:56.327+0000] {logging_mixin.py:190} INFO - [2025-06-28T05:54:56.327+0000] {dag.py:3239} INFO - Sync 1 DAGs
[2025-06-28T05:54:56.354+0000] {logging_mixin.py:190} INFO - [2025-06-28T05:54:56.354+0000] {dag.py:4180} INFO - Setting next_dagrun for extract_raw_data_pipeline to 2025-06-27 07:58:00+00:00, run_after=2025-06-27 07:59:00+00:00
[2025-06-28T05:54:56.428+0000] {processor.py:208} INFO - Processing /opt/airflow/dags/driven_data_pipeline.py took 0.396 seconds
[2025-06-28T05:55:26.972+0000] {processor.py:186} INFO - Started process (PID=7597) to work on /opt/airflow/dags/driven_data_pipeline.py
[2025-06-28T05:55:26.977+0000] {processor.py:914} INFO - Processing file /opt/airflow/dags/driven_data_pipeline.py for tasks to queue
[2025-06-28T05:55:26.990+0000] {logging_mixin.py:190} INFO - [2025-06-28T05:55:26.988+0000] {dagbag.py:588} INFO - Filling up the DagBag from /opt/airflow/dags/driven_data_pipeline.py
[2025-06-28T05:55:27.234+0000] {processor.py:925} INFO - DAG(s) 'extract_raw_data_pipeline' retrieved from /opt/airflow/dags/driven_data_pipeline.py
[2025-06-28T05:55:27.263+0000] {logging_mixin.py:190} INFO - [2025-06-28T05:55:27.262+0000] {dag.py:3239} INFO - Sync 1 DAGs
[2025-06-28T05:55:27.287+0000] {logging_mixin.py:190} INFO - [2025-06-28T05:55:27.287+0000] {dag.py:4180} INFO - Setting next_dagrun for extract_raw_data_pipeline to 2025-06-27 07:58:00+00:00, run_after=2025-06-27 07:59:00+00:00
[2025-06-28T05:55:27.330+0000] {processor.py:208} INFO - Processing /opt/airflow/dags/driven_data_pipeline.py took 0.388 seconds
[2025-06-28T05:55:57.429+0000] {processor.py:186} INFO - Started process (PID=7605) to work on /opt/airflow/dags/driven_data_pipeline.py
[2025-06-28T05:55:57.430+0000] {processor.py:914} INFO - Processing file /opt/airflow/dags/driven_data_pipeline.py for tasks to queue
[2025-06-28T05:55:57.435+0000] {logging_mixin.py:190} INFO - [2025-06-28T05:55:57.434+0000] {dagbag.py:588} INFO - Filling up the DagBag from /opt/airflow/dags/driven_data_pipeline.py
[2025-06-28T05:55:57.705+0000] {processor.py:925} INFO - DAG(s) 'extract_raw_data_pipeline' retrieved from /opt/airflow/dags/driven_data_pipeline.py
[2025-06-28T05:55:57.753+0000] {logging_mixin.py:190} INFO - [2025-06-28T05:55:57.752+0000] {dag.py:3239} INFO - Sync 1 DAGs
[2025-06-28T05:55:57.790+0000] {logging_mixin.py:190} INFO - [2025-06-28T05:55:57.790+0000] {dag.py:4180} INFO - Setting next_dagrun for extract_raw_data_pipeline to 2025-06-27 07:58:00+00:00, run_after=2025-06-27 07:59:00+00:00
[2025-06-28T05:55:58.839+0000] {processor.py:208} INFO - Processing /opt/airflow/dags/driven_data_pipeline.py took 1.422 seconds
[2025-06-28T05:56:29.185+0000] {processor.py:186} INFO - Started process (PID=7613) to work on /opt/airflow/dags/driven_data_pipeline.py
[2025-06-28T05:56:29.186+0000] {processor.py:914} INFO - Processing file /opt/airflow/dags/driven_data_pipeline.py for tasks to queue
[2025-06-28T05:56:29.189+0000] {logging_mixin.py:190} INFO - [2025-06-28T05:56:29.189+0000] {dagbag.py:588} INFO - Filling up the DagBag from /opt/airflow/dags/driven_data_pipeline.py
[2025-06-28T05:56:29.497+0000] {processor.py:925} INFO - DAG(s) 'extract_raw_data_pipeline' retrieved from /opt/airflow/dags/driven_data_pipeline.py
[2025-06-28T05:56:29.530+0000] {logging_mixin.py:190} INFO - [2025-06-28T05:56:29.530+0000] {dag.py:3239} INFO - Sync 1 DAGs
[2025-06-28T05:56:29.571+0000] {logging_mixin.py:190} INFO - [2025-06-28T05:56:29.570+0000] {dag.py:4180} INFO - Setting next_dagrun for extract_raw_data_pipeline to 2025-06-27 07:58:00+00:00, run_after=2025-06-27 07:59:00+00:00
[2025-06-28T05:56:29.610+0000] {processor.py:208} INFO - Processing /opt/airflow/dags/driven_data_pipeline.py took 0.436 seconds
[2025-06-28T05:56:59.854+0000] {processor.py:186} INFO - Started process (PID=7621) to work on /opt/airflow/dags/driven_data_pipeline.py
[2025-06-28T05:56:59.856+0000] {processor.py:914} INFO - Processing file /opt/airflow/dags/driven_data_pipeline.py for tasks to queue
[2025-06-28T05:56:59.863+0000] {logging_mixin.py:190} INFO - [2025-06-28T05:56:59.862+0000] {dagbag.py:588} INFO - Filling up the DagBag from /opt/airflow/dags/driven_data_pipeline.py
[2025-06-28T05:57:00.093+0000] {processor.py:925} INFO - DAG(s) 'extract_raw_data_pipeline' retrieved from /opt/airflow/dags/driven_data_pipeline.py
[2025-06-28T05:57:00.122+0000] {logging_mixin.py:190} INFO - [2025-06-28T05:57:00.122+0000] {dag.py:3239} INFO - Sync 1 DAGs
[2025-06-28T05:57:00.147+0000] {logging_mixin.py:190} INFO - [2025-06-28T05:57:00.147+0000] {dag.py:4180} INFO - Setting next_dagrun for extract_raw_data_pipeline to 2025-06-27 07:58:00+00:00, run_after=2025-06-27 07:59:00+00:00
[2025-06-28T05:57:00.188+0000] {processor.py:208} INFO - Processing /opt/airflow/dags/driven_data_pipeline.py took 0.364 seconds
[2025-06-28T05:57:30.592+0000] {processor.py:186} INFO - Started process (PID=7630) to work on /opt/airflow/dags/driven_data_pipeline.py
[2025-06-28T05:57:31.124+0000] {processor.py:914} INFO - Processing file /opt/airflow/dags/driven_data_pipeline.py for tasks to queue
[2025-06-28T05:57:31.143+0000] {logging_mixin.py:190} INFO - [2025-06-28T05:57:31.141+0000] {dagbag.py:588} INFO - Filling up the DagBag from /opt/airflow/dags/driven_data_pipeline.py
[2025-06-28T05:57:31.402+0000] {processor.py:925} INFO - DAG(s) 'extract_raw_data_pipeline' retrieved from /opt/airflow/dags/driven_data_pipeline.py
[2025-06-28T05:57:31.431+0000] {logging_mixin.py:190} INFO - [2025-06-28T05:57:31.431+0000] {dag.py:3239} INFO - Sync 1 DAGs
[2025-06-28T05:57:31.463+0000] {logging_mixin.py:190} INFO - [2025-06-28T05:57:31.463+0000] {dag.py:4180} INFO - Setting next_dagrun for extract_raw_data_pipeline to 2025-06-27 07:58:00+00:00, run_after=2025-06-27 07:59:00+00:00
[2025-06-28T05:57:31.502+0000] {processor.py:208} INFO - Processing /opt/airflow/dags/driven_data_pipeline.py took 0.923 seconds
[2025-06-28T05:58:02.000+0000] {processor.py:186} INFO - Started process (PID=7638) to work on /opt/airflow/dags/driven_data_pipeline.py
[2025-06-28T05:58:02.002+0000] {processor.py:914} INFO - Processing file /opt/airflow/dags/driven_data_pipeline.py for tasks to queue
[2025-06-28T05:58:02.009+0000] {logging_mixin.py:190} INFO - [2025-06-28T05:58:02.008+0000] {dagbag.py:588} INFO - Filling up the DagBag from /opt/airflow/dags/driven_data_pipeline.py
[2025-06-28T05:58:02.227+0000] {processor.py:925} INFO - DAG(s) 'extract_raw_data_pipeline' retrieved from /opt/airflow/dags/driven_data_pipeline.py
[2025-06-28T05:58:02.255+0000] {logging_mixin.py:190} INFO - [2025-06-28T05:58:02.255+0000] {dag.py:3239} INFO - Sync 1 DAGs
[2025-06-28T05:58:02.282+0000] {logging_mixin.py:190} INFO - [2025-06-28T05:58:02.282+0000] {dag.py:4180} INFO - Setting next_dagrun for extract_raw_data_pipeline to 2025-06-27 07:58:00+00:00, run_after=2025-06-27 07:59:00+00:00
[2025-06-28T05:58:02.742+0000] {processor.py:208} INFO - Processing /opt/airflow/dags/driven_data_pipeline.py took 0.760 seconds
[2025-06-28T05:58:33.270+0000] {processor.py:186} INFO - Started process (PID=7646) to work on /opt/airflow/dags/driven_data_pipeline.py
[2025-06-28T05:58:33.273+0000] {processor.py:914} INFO - Processing file /opt/airflow/dags/driven_data_pipeline.py for tasks to queue
[2025-06-28T05:58:33.277+0000] {logging_mixin.py:190} INFO - [2025-06-28T05:58:33.277+0000] {dagbag.py:588} INFO - Filling up the DagBag from /opt/airflow/dags/driven_data_pipeline.py
[2025-06-28T05:58:33.495+0000] {processor.py:925} INFO - DAG(s) 'extract_raw_data_pipeline' retrieved from /opt/airflow/dags/driven_data_pipeline.py
[2025-06-28T05:58:33.524+0000] {logging_mixin.py:190} INFO - [2025-06-28T05:58:33.523+0000] {dag.py:3239} INFO - Sync 1 DAGs
[2025-06-28T05:58:33.552+0000] {logging_mixin.py:190} INFO - [2025-06-28T05:58:33.552+0000] {dag.py:4180} INFO - Setting next_dagrun for extract_raw_data_pipeline to 2025-06-27 07:58:00+00:00, run_after=2025-06-27 07:59:00+00:00
[2025-06-28T05:58:33.620+0000] {processor.py:208} INFO - Processing /opt/airflow/dags/driven_data_pipeline.py took 0.380 seconds
[2025-06-28T05:59:03.935+0000] {processor.py:186} INFO - Started process (PID=7654) to work on /opt/airflow/dags/driven_data_pipeline.py
[2025-06-28T05:59:03.936+0000] {processor.py:914} INFO - Processing file /opt/airflow/dags/driven_data_pipeline.py for tasks to queue
[2025-06-28T05:59:03.940+0000] {logging_mixin.py:190} INFO - [2025-06-28T05:59:03.940+0000] {dagbag.py:588} INFO - Filling up the DagBag from /opt/airflow/dags/driven_data_pipeline.py
[2025-06-28T05:59:04.145+0000] {processor.py:925} INFO - DAG(s) 'extract_raw_data_pipeline' retrieved from /opt/airflow/dags/driven_data_pipeline.py
[2025-06-28T05:59:04.172+0000] {logging_mixin.py:190} INFO - [2025-06-28T05:59:04.172+0000] {dag.py:3239} INFO - Sync 1 DAGs
[2025-06-28T05:59:04.201+0000] {logging_mixin.py:190} INFO - [2025-06-28T05:59:04.201+0000] {dag.py:4180} INFO - Setting next_dagrun for extract_raw_data_pipeline to 2025-06-27 07:58:00+00:00, run_after=2025-06-27 07:59:00+00:00
[2025-06-28T05:59:04.233+0000] {processor.py:208} INFO - Processing /opt/airflow/dags/driven_data_pipeline.py took 0.329 seconds
[2025-06-28T05:59:34.508+0000] {processor.py:186} INFO - Started process (PID=7662) to work on /opt/airflow/dags/driven_data_pipeline.py
[2025-06-28T05:59:34.509+0000] {processor.py:914} INFO - Processing file /opt/airflow/dags/driven_data_pipeline.py for tasks to queue
[2025-06-28T05:59:34.513+0000] {logging_mixin.py:190} INFO - [2025-06-28T05:59:34.512+0000] {dagbag.py:588} INFO - Filling up the DagBag from /opt/airflow/dags/driven_data_pipeline.py
[2025-06-28T05:59:34.722+0000] {processor.py:925} INFO - DAG(s) 'extract_raw_data_pipeline' retrieved from /opt/airflow/dags/driven_data_pipeline.py
[2025-06-28T05:59:34.749+0000] {logging_mixin.py:190} INFO - [2025-06-28T05:59:34.749+0000] {dag.py:3239} INFO - Sync 1 DAGs
[2025-06-28T05:59:34.777+0000] {logging_mixin.py:190} INFO - [2025-06-28T05:59:34.776+0000] {dag.py:4180} INFO - Setting next_dagrun for extract_raw_data_pipeline to 2025-06-27 07:58:00+00:00, run_after=2025-06-27 07:59:00+00:00
[2025-06-28T05:59:34.822+0000] {processor.py:208} INFO - Processing /opt/airflow/dags/driven_data_pipeline.py took 0.328 seconds
[2025-06-28T06:00:05.089+0000] {processor.py:186} INFO - Started process (PID=7670) to work on /opt/airflow/dags/driven_data_pipeline.py
[2025-06-28T06:00:05.094+0000] {processor.py:914} INFO - Processing file /opt/airflow/dags/driven_data_pipeline.py for tasks to queue
[2025-06-28T06:00:05.097+0000] {logging_mixin.py:190} INFO - [2025-06-28T06:00:05.097+0000] {dagbag.py:588} INFO - Filling up the DagBag from /opt/airflow/dags/driven_data_pipeline.py
[2025-06-28T06:00:05.322+0000] {processor.py:925} INFO - DAG(s) 'extract_raw_data_pipeline' retrieved from /opt/airflow/dags/driven_data_pipeline.py
[2025-06-28T06:00:05.351+0000] {logging_mixin.py:190} INFO - [2025-06-28T06:00:05.351+0000] {dag.py:3239} INFO - Sync 1 DAGs
[2025-06-28T06:00:05.374+0000] {logging_mixin.py:190} INFO - [2025-06-28T06:00:05.374+0000] {dag.py:4180} INFO - Setting next_dagrun for extract_raw_data_pipeline to 2025-06-27 07:58:00+00:00, run_after=2025-06-27 07:59:00+00:00
[2025-06-28T06:00:05.413+0000] {processor.py:208} INFO - Processing /opt/airflow/dags/driven_data_pipeline.py took 0.335 seconds
[2025-06-28T06:00:35.705+0000] {processor.py:186} INFO - Started process (PID=7678) to work on /opt/airflow/dags/driven_data_pipeline.py
[2025-06-28T06:00:35.707+0000] {processor.py:914} INFO - Processing file /opt/airflow/dags/driven_data_pipeline.py for tasks to queue
[2025-06-28T06:00:35.713+0000] {logging_mixin.py:190} INFO - [2025-06-28T06:00:35.712+0000] {dagbag.py:588} INFO - Filling up the DagBag from /opt/airflow/dags/driven_data_pipeline.py
[2025-06-28T06:00:35.928+0000] {processor.py:925} INFO - DAG(s) 'extract_raw_data_pipeline' retrieved from /opt/airflow/dags/driven_data_pipeline.py
[2025-06-28T06:00:35.952+0000] {logging_mixin.py:190} INFO - [2025-06-28T06:00:35.952+0000] {dag.py:3239} INFO - Sync 1 DAGs
[2025-06-28T06:00:35.981+0000] {logging_mixin.py:190} INFO - [2025-06-28T06:00:35.981+0000] {dag.py:4180} INFO - Setting next_dagrun for extract_raw_data_pipeline to 2025-06-27 07:58:00+00:00, run_after=2025-06-27 07:59:00+00:00
[2025-06-28T06:00:36.021+0000] {processor.py:208} INFO - Processing /opt/airflow/dags/driven_data_pipeline.py took 0.355 seconds
[2025-06-28T06:01:06.216+0000] {processor.py:186} INFO - Started process (PID=7686) to work on /opt/airflow/dags/driven_data_pipeline.py
[2025-06-28T06:01:06.222+0000] {processor.py:914} INFO - Processing file /opt/airflow/dags/driven_data_pipeline.py for tasks to queue
[2025-06-28T06:01:06.225+0000] {logging_mixin.py:190} INFO - [2025-06-28T06:01:06.224+0000] {dagbag.py:588} INFO - Filling up the DagBag from /opt/airflow/dags/driven_data_pipeline.py
[2025-06-28T06:01:06.468+0000] {processor.py:925} INFO - DAG(s) 'extract_raw_data_pipeline' retrieved from /opt/airflow/dags/driven_data_pipeline.py
[2025-06-28T06:01:06.501+0000] {logging_mixin.py:190} INFO - [2025-06-28T06:01:06.501+0000] {dag.py:3239} INFO - Sync 1 DAGs
[2025-06-28T06:01:06.532+0000] {logging_mixin.py:190} INFO - [2025-06-28T06:01:06.532+0000] {dag.py:4180} INFO - Setting next_dagrun for extract_raw_data_pipeline to 2025-06-27 07:58:00+00:00, run_after=2025-06-27 07:59:00+00:00
[2025-06-28T06:01:06.575+0000] {processor.py:208} INFO - Processing /opt/airflow/dags/driven_data_pipeline.py took 0.368 seconds
[2025-06-28T06:01:36.917+0000] {processor.py:186} INFO - Started process (PID=7694) to work on /opt/airflow/dags/driven_data_pipeline.py
[2025-06-28T06:01:36.918+0000] {processor.py:914} INFO - Processing file /opt/airflow/dags/driven_data_pipeline.py for tasks to queue
[2025-06-28T06:01:36.921+0000] {logging_mixin.py:190} INFO - [2025-06-28T06:01:36.921+0000] {dagbag.py:588} INFO - Filling up the DagBag from /opt/airflow/dags/driven_data_pipeline.py
[2025-06-28T06:01:37.161+0000] {processor.py:925} INFO - DAG(s) 'extract_raw_data_pipeline' retrieved from /opt/airflow/dags/driven_data_pipeline.py
[2025-06-28T06:01:37.200+0000] {logging_mixin.py:190} INFO - [2025-06-28T06:01:37.200+0000] {dag.py:3239} INFO - Sync 1 DAGs
[2025-06-28T06:01:37.228+0000] {logging_mixin.py:190} INFO - [2025-06-28T06:01:37.228+0000] {dag.py:4180} INFO - Setting next_dagrun for extract_raw_data_pipeline to 2025-06-27 07:58:00+00:00, run_after=2025-06-27 07:59:00+00:00
[2025-06-28T06:01:37.307+0000] {processor.py:208} INFO - Processing /opt/airflow/dags/driven_data_pipeline.py took 0.401 seconds
[2025-06-28T06:02:07.431+0000] {processor.py:186} INFO - Started process (PID=7702) to work on /opt/airflow/dags/driven_data_pipeline.py
[2025-06-28T06:02:07.448+0000] {processor.py:914} INFO - Processing file /opt/airflow/dags/driven_data_pipeline.py for tasks to queue
[2025-06-28T06:02:07.455+0000] {logging_mixin.py:190} INFO - [2025-06-28T06:02:07.454+0000] {dagbag.py:588} INFO - Filling up the DagBag from /opt/airflow/dags/driven_data_pipeline.py
[2025-06-28T06:02:07.704+0000] {processor.py:925} INFO - DAG(s) 'extract_raw_data_pipeline' retrieved from /opt/airflow/dags/driven_data_pipeline.py
[2025-06-28T06:02:07.734+0000] {logging_mixin.py:190} INFO - [2025-06-28T06:02:07.734+0000] {dag.py:3239} INFO - Sync 1 DAGs
[2025-06-28T06:02:07.768+0000] {logging_mixin.py:190} INFO - [2025-06-28T06:02:07.767+0000] {dag.py:4180} INFO - Setting next_dagrun for extract_raw_data_pipeline to 2025-06-27 07:58:00+00:00, run_after=2025-06-27 07:59:00+00:00
[2025-06-28T06:02:07.806+0000] {processor.py:208} INFO - Processing /opt/airflow/dags/driven_data_pipeline.py took 0.397 seconds
[2025-06-28T06:02:38.187+0000] {processor.py:186} INFO - Started process (PID=7710) to work on /opt/airflow/dags/driven_data_pipeline.py
[2025-06-28T06:02:38.188+0000] {processor.py:914} INFO - Processing file /opt/airflow/dags/driven_data_pipeline.py for tasks to queue
[2025-06-28T06:02:38.193+0000] {logging_mixin.py:190} INFO - [2025-06-28T06:02:38.192+0000] {dagbag.py:588} INFO - Filling up the DagBag from /opt/airflow/dags/driven_data_pipeline.py
[2025-06-28T06:02:38.398+0000] {processor.py:925} INFO - DAG(s) 'extract_raw_data_pipeline' retrieved from /opt/airflow/dags/driven_data_pipeline.py
[2025-06-28T06:02:38.424+0000] {logging_mixin.py:190} INFO - [2025-06-28T06:02:38.423+0000] {dag.py:3239} INFO - Sync 1 DAGs
[2025-06-28T06:02:38.452+0000] {logging_mixin.py:190} INFO - [2025-06-28T06:02:38.451+0000] {dag.py:4180} INFO - Setting next_dagrun for extract_raw_data_pipeline to 2025-06-27 07:58:00+00:00, run_after=2025-06-27 07:59:00+00:00
[2025-06-28T06:02:38.497+0000] {processor.py:208} INFO - Processing /opt/airflow/dags/driven_data_pipeline.py took 0.326 seconds
[2025-06-28T06:03:08.612+0000] {processor.py:186} INFO - Started process (PID=7718) to work on /opt/airflow/dags/driven_data_pipeline.py
[2025-06-28T06:03:08.620+0000] {processor.py:914} INFO - Processing file /opt/airflow/dags/driven_data_pipeline.py for tasks to queue
[2025-06-28T06:03:08.625+0000] {logging_mixin.py:190} INFO - [2025-06-28T06:03:08.625+0000] {dagbag.py:588} INFO - Filling up the DagBag from /opt/airflow/dags/driven_data_pipeline.py
[2025-06-28T06:03:08.832+0000] {processor.py:925} INFO - DAG(s) 'extract_raw_data_pipeline' retrieved from /opt/airflow/dags/driven_data_pipeline.py
[2025-06-28T06:03:08.860+0000] {logging_mixin.py:190} INFO - [2025-06-28T06:03:08.860+0000] {dag.py:3239} INFO - Sync 1 DAGs
[2025-06-28T06:03:08.894+0000] {logging_mixin.py:190} INFO - [2025-06-28T06:03:08.894+0000] {dag.py:4180} INFO - Setting next_dagrun for extract_raw_data_pipeline to 2025-06-27 07:58:00+00:00, run_after=2025-06-27 07:59:00+00:00
[2025-06-28T06:03:08.954+0000] {processor.py:208} INFO - Processing /opt/airflow/dags/driven_data_pipeline.py took 0.353 seconds
[2025-06-28T06:03:39.272+0000] {processor.py:186} INFO - Started process (PID=7726) to work on /opt/airflow/dags/driven_data_pipeline.py
[2025-06-28T06:03:39.272+0000] {processor.py:914} INFO - Processing file /opt/airflow/dags/driven_data_pipeline.py for tasks to queue
[2025-06-28T06:03:39.275+0000] {logging_mixin.py:190} INFO - [2025-06-28T06:03:39.274+0000] {dagbag.py:588} INFO - Filling up the DagBag from /opt/airflow/dags/driven_data_pipeline.py
[2025-06-28T06:03:39.512+0000] {processor.py:925} INFO - DAG(s) 'extract_raw_data_pipeline' retrieved from /opt/airflow/dags/driven_data_pipeline.py
[2025-06-28T06:03:39.536+0000] {logging_mixin.py:190} INFO - [2025-06-28T06:03:39.536+0000] {dag.py:3239} INFO - Sync 1 DAGs
[2025-06-28T06:03:39.565+0000] {logging_mixin.py:190} INFO - [2025-06-28T06:03:39.565+0000] {dag.py:4180} INFO - Setting next_dagrun for extract_raw_data_pipeline to 2025-06-27 07:58:00+00:00, run_after=2025-06-27 07:59:00+00:00
[2025-06-28T06:03:39.608+0000] {processor.py:208} INFO - Processing /opt/airflow/dags/driven_data_pipeline.py took 0.343 seconds
[2025-06-28T06:04:09.893+0000] {processor.py:186} INFO - Started process (PID=7734) to work on /opt/airflow/dags/driven_data_pipeline.py
[2025-06-28T06:04:09.914+0000] {processor.py:914} INFO - Processing file /opt/airflow/dags/driven_data_pipeline.py for tasks to queue
[2025-06-28T06:04:09.917+0000] {logging_mixin.py:190} INFO - [2025-06-28T06:04:09.916+0000] {dagbag.py:588} INFO - Filling up the DagBag from /opt/airflow/dags/driven_data_pipeline.py
[2025-06-28T06:04:10.133+0000] {processor.py:925} INFO - DAG(s) 'extract_raw_data_pipeline' retrieved from /opt/airflow/dags/driven_data_pipeline.py
[2025-06-28T06:04:10.163+0000] {logging_mixin.py:190} INFO - [2025-06-28T06:04:10.162+0000] {dag.py:3239} INFO - Sync 1 DAGs
[2025-06-28T06:04:10.189+0000] {logging_mixin.py:190} INFO - [2025-06-28T06:04:10.189+0000] {dag.py:4180} INFO - Setting next_dagrun for extract_raw_data_pipeline to 2025-06-27 07:58:00+00:00, run_after=2025-06-27 07:59:00+00:00
[2025-06-28T06:04:10.233+0000] {processor.py:208} INFO - Processing /opt/airflow/dags/driven_data_pipeline.py took 0.359 seconds
[2025-06-28T06:04:40.366+0000] {processor.py:186} INFO - Started process (PID=7742) to work on /opt/airflow/dags/driven_data_pipeline.py
[2025-06-28T06:04:40.368+0000] {processor.py:914} INFO - Processing file /opt/airflow/dags/driven_data_pipeline.py for tasks to queue
[2025-06-28T06:04:40.372+0000] {logging_mixin.py:190} INFO - [2025-06-28T06:04:40.371+0000] {dagbag.py:588} INFO - Filling up the DagBag from /opt/airflow/dags/driven_data_pipeline.py
[2025-06-28T06:04:40.592+0000] {processor.py:925} INFO - DAG(s) 'extract_raw_data_pipeline' retrieved from /opt/airflow/dags/driven_data_pipeline.py
[2025-06-28T06:04:40.626+0000] {logging_mixin.py:190} INFO - [2025-06-28T06:04:40.625+0000] {dag.py:3239} INFO - Sync 1 DAGs
[2025-06-28T06:04:40.652+0000] {logging_mixin.py:190} INFO - [2025-06-28T06:04:40.652+0000] {dag.py:4180} INFO - Setting next_dagrun for extract_raw_data_pipeline to 2025-06-27 07:58:00+00:00, run_after=2025-06-27 07:59:00+00:00
[2025-06-28T06:04:40.688+0000] {processor.py:208} INFO - Processing /opt/airflow/dags/driven_data_pipeline.py took 0.332 seconds
[2025-06-28T06:05:11.054+0000] {processor.py:186} INFO - Started process (PID=7750) to work on /opt/airflow/dags/driven_data_pipeline.py
[2025-06-28T06:05:11.068+0000] {processor.py:914} INFO - Processing file /opt/airflow/dags/driven_data_pipeline.py for tasks to queue
[2025-06-28T06:05:11.078+0000] {logging_mixin.py:190} INFO - [2025-06-28T06:05:11.077+0000] {dagbag.py:588} INFO - Filling up the DagBag from /opt/airflow/dags/driven_data_pipeline.py
[2025-06-28T06:05:11.325+0000] {processor.py:925} INFO - DAG(s) 'extract_raw_data_pipeline' retrieved from /opt/airflow/dags/driven_data_pipeline.py
[2025-06-28T06:05:11.360+0000] {logging_mixin.py:190} INFO - [2025-06-28T06:05:11.360+0000] {dag.py:3239} INFO - Sync 1 DAGs
[2025-06-28T06:05:11.388+0000] {logging_mixin.py:190} INFO - [2025-06-28T06:05:11.388+0000] {dag.py:4180} INFO - Setting next_dagrun for extract_raw_data_pipeline to 2025-06-27 07:58:00+00:00, run_after=2025-06-27 07:59:00+00:00
[2025-06-28T06:05:11.428+0000] {processor.py:208} INFO - Processing /opt/airflow/dags/driven_data_pipeline.py took 0.400 seconds
[2025-06-28T06:05:41.564+0000] {processor.py:186} INFO - Started process (PID=7759) to work on /opt/airflow/dags/driven_data_pipeline.py
[2025-06-28T06:05:41.566+0000] {processor.py:914} INFO - Processing file /opt/airflow/dags/driven_data_pipeline.py for tasks to queue
[2025-06-28T06:05:41.572+0000] {logging_mixin.py:190} INFO - [2025-06-28T06:05:41.572+0000] {dagbag.py:588} INFO - Filling up the DagBag from /opt/airflow/dags/driven_data_pipeline.py
[2025-06-28T06:05:41.807+0000] {processor.py:925} INFO - DAG(s) 'extract_raw_data_pipeline' retrieved from /opt/airflow/dags/driven_data_pipeline.py
[2025-06-28T06:05:41.838+0000] {logging_mixin.py:190} INFO - [2025-06-28T06:05:41.837+0000] {dag.py:3239} INFO - Sync 1 DAGs
[2025-06-28T06:05:41.864+0000] {logging_mixin.py:190} INFO - [2025-06-28T06:05:41.864+0000] {dag.py:4180} INFO - Setting next_dagrun for extract_raw_data_pipeline to 2025-06-27 07:58:00+00:00, run_after=2025-06-27 07:59:00+00:00
[2025-06-28T06:05:42.898+0000] {processor.py:208} INFO - Processing /opt/airflow/dags/driven_data_pipeline.py took 1.350 seconds
[2025-06-28T06:06:13.238+0000] {processor.py:186} INFO - Started process (PID=7767) to work on /opt/airflow/dags/driven_data_pipeline.py
[2025-06-28T06:06:13.245+0000] {processor.py:914} INFO - Processing file /opt/airflow/dags/driven_data_pipeline.py for tasks to queue
[2025-06-28T06:06:13.247+0000] {logging_mixin.py:190} INFO - [2025-06-28T06:06:13.247+0000] {dagbag.py:588} INFO - Filling up the DagBag from /opt/airflow/dags/driven_data_pipeline.py
[2025-06-28T06:06:13.477+0000] {processor.py:925} INFO - DAG(s) 'extract_raw_data_pipeline' retrieved from /opt/airflow/dags/driven_data_pipeline.py
[2025-06-28T06:06:13.510+0000] {logging_mixin.py:190} INFO - [2025-06-28T06:06:13.509+0000] {dag.py:3239} INFO - Sync 1 DAGs
[2025-06-28T06:06:13.538+0000] {logging_mixin.py:190} INFO - [2025-06-28T06:06:13.537+0000] {dag.py:4180} INFO - Setting next_dagrun for extract_raw_data_pipeline to 2025-06-27 07:58:00+00:00, run_after=2025-06-27 07:59:00+00:00
[2025-06-28T06:06:13.585+0000] {processor.py:208} INFO - Processing /opt/airflow/dags/driven_data_pipeline.py took 0.354 seconds
[2025-06-28T06:06:43.715+0000] {processor.py:186} INFO - Started process (PID=7775) to work on /opt/airflow/dags/driven_data_pipeline.py
[2025-06-28T06:06:43.715+0000] {processor.py:914} INFO - Processing file /opt/airflow/dags/driven_data_pipeline.py for tasks to queue
[2025-06-28T06:06:43.719+0000] {logging_mixin.py:190} INFO - [2025-06-28T06:06:43.718+0000] {dagbag.py:588} INFO - Filling up the DagBag from /opt/airflow/dags/driven_data_pipeline.py
[2025-06-28T06:06:43.939+0000] {processor.py:925} INFO - DAG(s) 'extract_raw_data_pipeline' retrieved from /opt/airflow/dags/driven_data_pipeline.py
[2025-06-28T06:06:43.983+0000] {logging_mixin.py:190} INFO - [2025-06-28T06:06:43.983+0000] {dag.py:3239} INFO - Sync 1 DAGs
[2025-06-28T06:06:44.014+0000] {logging_mixin.py:190} INFO - [2025-06-28T06:06:44.014+0000] {dag.py:4180} INFO - Setting next_dagrun for extract_raw_data_pipeline to 2025-06-27 07:58:00+00:00, run_after=2025-06-27 07:59:00+00:00
[2025-06-28T06:06:44.064+0000] {processor.py:208} INFO - Processing /opt/airflow/dags/driven_data_pipeline.py took 0.356 seconds
[2025-06-28T06:07:14.540+0000] {processor.py:186} INFO - Started process (PID=7783) to work on /opt/airflow/dags/driven_data_pipeline.py
[2025-06-28T06:07:14.573+0000] {processor.py:914} INFO - Processing file /opt/airflow/dags/driven_data_pipeline.py for tasks to queue
[2025-06-28T06:07:14.576+0000] {logging_mixin.py:190} INFO - [2025-06-28T06:07:14.575+0000] {dagbag.py:588} INFO - Filling up the DagBag from /opt/airflow/dags/driven_data_pipeline.py
[2025-06-28T06:07:14.795+0000] {processor.py:925} INFO - DAG(s) 'extract_raw_data_pipeline' retrieved from /opt/airflow/dags/driven_data_pipeline.py
[2025-06-28T06:07:14.825+0000] {logging_mixin.py:190} INFO - [2025-06-28T06:07:14.825+0000] {dag.py:3239} INFO - Sync 1 DAGs
[2025-06-28T06:07:14.852+0000] {logging_mixin.py:190} INFO - [2025-06-28T06:07:14.851+0000] {dag.py:4180} INFO - Setting next_dagrun for extract_raw_data_pipeline to 2025-06-27 07:58:00+00:00, run_after=2025-06-27 07:59:00+00:00
[2025-06-28T06:07:14.891+0000] {processor.py:208} INFO - Processing /opt/airflow/dags/driven_data_pipeline.py took 0.364 seconds
[2025-06-28T06:07:45.023+0000] {processor.py:186} INFO - Started process (PID=7791) to work on /opt/airflow/dags/driven_data_pipeline.py
[2025-06-28T06:07:45.028+0000] {processor.py:914} INFO - Processing file /opt/airflow/dags/driven_data_pipeline.py for tasks to queue
[2025-06-28T06:07:45.042+0000] {logging_mixin.py:190} INFO - [2025-06-28T06:07:45.039+0000] {dagbag.py:588} INFO - Filling up the DagBag from /opt/airflow/dags/driven_data_pipeline.py
[2025-06-28T06:07:45.266+0000] {processor.py:925} INFO - DAG(s) 'extract_raw_data_pipeline' retrieved from /opt/airflow/dags/driven_data_pipeline.py
[2025-06-28T06:07:45.294+0000] {logging_mixin.py:190} INFO - [2025-06-28T06:07:45.294+0000] {dag.py:3239} INFO - Sync 1 DAGs
[2025-06-28T06:07:45.319+0000] {logging_mixin.py:190} INFO - [2025-06-28T06:07:45.319+0000] {dag.py:4180} INFO - Setting next_dagrun for extract_raw_data_pipeline to 2025-06-27 07:58:00+00:00, run_after=2025-06-27 07:59:00+00:00
[2025-06-28T06:07:45.350+0000] {processor.py:208} INFO - Processing /opt/airflow/dags/driven_data_pipeline.py took 0.364 seconds
[2025-06-28T06:08:15.612+0000] {processor.py:186} INFO - Started process (PID=7799) to work on /opt/airflow/dags/driven_data_pipeline.py
[2025-06-28T06:08:15.622+0000] {processor.py:914} INFO - Processing file /opt/airflow/dags/driven_data_pipeline.py for tasks to queue
[2025-06-28T06:08:15.625+0000] {logging_mixin.py:190} INFO - [2025-06-28T06:08:15.624+0000] {dagbag.py:588} INFO - Filling up the DagBag from /opt/airflow/dags/driven_data_pipeline.py
[2025-06-28T06:08:15.805+0000] {processor.py:925} INFO - DAG(s) 'extract_raw_data_pipeline' retrieved from /opt/airflow/dags/driven_data_pipeline.py
[2025-06-28T06:08:15.829+0000] {logging_mixin.py:190} INFO - [2025-06-28T06:08:15.829+0000] {dag.py:3239} INFO - Sync 1 DAGs
[2025-06-28T06:08:15.852+0000] {logging_mixin.py:190} INFO - [2025-06-28T06:08:15.851+0000] {dag.py:4180} INFO - Setting next_dagrun for extract_raw_data_pipeline to 2025-06-27 07:58:00+00:00, run_after=2025-06-27 07:59:00+00:00
[2025-06-28T06:08:15.888+0000] {processor.py:208} INFO - Processing /opt/airflow/dags/driven_data_pipeline.py took 0.284 seconds
[2025-06-28T06:08:46.017+0000] {processor.py:186} INFO - Started process (PID=7807) to work on /opt/airflow/dags/driven_data_pipeline.py
[2025-06-28T06:08:46.017+0000] {processor.py:914} INFO - Processing file /opt/airflow/dags/driven_data_pipeline.py for tasks to queue
[2025-06-28T06:08:46.021+0000] {logging_mixin.py:190} INFO - [2025-06-28T06:08:46.020+0000] {dagbag.py:588} INFO - Filling up the DagBag from /opt/airflow/dags/driven_data_pipeline.py
[2025-06-28T06:08:46.228+0000] {processor.py:925} INFO - DAG(s) 'extract_raw_data_pipeline' retrieved from /opt/airflow/dags/driven_data_pipeline.py
[2025-06-28T06:08:46.261+0000] {logging_mixin.py:190} INFO - [2025-06-28T06:08:46.261+0000] {dag.py:3239} INFO - Sync 1 DAGs
[2025-06-28T06:08:46.295+0000] {logging_mixin.py:190} INFO - [2025-06-28T06:08:46.294+0000] {dag.py:4180} INFO - Setting next_dagrun for extract_raw_data_pipeline to 2025-06-27 07:58:00+00:00, run_after=2025-06-27 07:59:00+00:00
[2025-06-28T06:08:46.421+0000] {processor.py:208} INFO - Processing /opt/airflow/dags/driven_data_pipeline.py took 0.416 seconds
[2025-06-28T19:20:48.077+0000] {processor.py:186} INFO - Started process (PID=56) to work on /opt/airflow/dags/driven_data_pipeline.py
[2025-06-28T19:20:48.099+0000] {processor.py:914} INFO - Processing file /opt/airflow/dags/driven_data_pipeline.py for tasks to queue
[2025-06-28T19:20:48.107+0000] {logging_mixin.py:190} INFO - [2025-06-28T19:20:48.105+0000] {dagbag.py:588} INFO - Filling up the DagBag from /opt/airflow/dags/driven_data_pipeline.py
[2025-06-28T19:20:51.994+0000] {processor.py:925} INFO - DAG(s) 'extract_raw_data_pipeline' retrieved from /opt/airflow/dags/driven_data_pipeline.py
[2025-06-28T19:20:52.044+0000] {logging_mixin.py:190} INFO - [2025-06-28T19:20:52.044+0000] {dag.py:3239} INFO - Sync 1 DAGs
[2025-06-28T19:20:52.170+0000] {logging_mixin.py:190} INFO - [2025-06-28T19:20:52.170+0000] {dag.py:4180} INFO - Setting next_dagrun for extract_raw_data_pipeline to 2025-06-28 07:58:00+00:00, run_after=2025-06-28 07:59:00+00:00
[2025-06-28T19:20:52.266+0000] {processor.py:208} INFO - Processing /opt/airflow/dags/driven_data_pipeline.py took 4.216 seconds
[2025-06-28T19:21:22.420+0000] {processor.py:186} INFO - Started process (PID=64) to work on /opt/airflow/dags/driven_data_pipeline.py
[2025-06-28T19:21:22.511+0000] {processor.py:914} INFO - Processing file /opt/airflow/dags/driven_data_pipeline.py for tasks to queue
[2025-06-28T19:21:22.521+0000] {logging_mixin.py:190} INFO - [2025-06-28T19:21:22.519+0000] {dagbag.py:588} INFO - Filling up the DagBag from /opt/airflow/dags/driven_data_pipeline.py
[2025-06-28T19:21:22.851+0000] {processor.py:925} INFO - DAG(s) 'extract_raw_data_pipeline' retrieved from /opt/airflow/dags/driven_data_pipeline.py
[2025-06-28T19:21:22.873+0000] {logging_mixin.py:190} INFO - [2025-06-28T19:21:22.872+0000] {dag.py:3239} INFO - Sync 1 DAGs
[2025-06-28T19:21:22.897+0000] {logging_mixin.py:190} INFO - [2025-06-28T19:21:22.897+0000] {dag.py:4180} INFO - Setting next_dagrun for extract_raw_data_pipeline to 2025-06-28 07:58:00+00:00, run_after=2025-06-28 07:59:00+00:00
[2025-06-28T19:21:23.109+0000] {processor.py:208} INFO - Processing /opt/airflow/dags/driven_data_pipeline.py took 0.700 seconds
[2025-06-28T19:21:53.488+0000] {processor.py:186} INFO - Started process (PID=72) to work on /opt/airflow/dags/driven_data_pipeline.py
[2025-06-28T19:21:54.233+0000] {processor.py:914} INFO - Processing file /opt/airflow/dags/driven_data_pipeline.py for tasks to queue
[2025-06-28T19:21:54.236+0000] {logging_mixin.py:190} INFO - [2025-06-28T19:21:54.236+0000] {dagbag.py:588} INFO - Filling up the DagBag from /opt/airflow/dags/driven_data_pipeline.py
[2025-06-28T19:21:54.589+0000] {processor.py:925} INFO - DAG(s) 'extract_raw_data_pipeline' retrieved from /opt/airflow/dags/driven_data_pipeline.py
[2025-06-28T19:21:54.614+0000] {logging_mixin.py:190} INFO - [2025-06-28T19:21:54.614+0000] {dag.py:3239} INFO - Sync 1 DAGs
[2025-06-28T19:21:54.642+0000] {logging_mixin.py:190} INFO - [2025-06-28T19:21:54.641+0000] {dag.py:4180} INFO - Setting next_dagrun for extract_raw_data_pipeline to 2025-06-28 07:58:00+00:00, run_after=2025-06-28 07:59:00+00:00
[2025-06-28T19:21:56.063+0000] {processor.py:208} INFO - Processing /opt/airflow/dags/driven_data_pipeline.py took 2.581 seconds
[2025-06-28T19:22:26.257+0000] {processor.py:186} INFO - Started process (PID=86) to work on /opt/airflow/dags/driven_data_pipeline.py
[2025-06-28T19:22:26.317+0000] {processor.py:914} INFO - Processing file /opt/airflow/dags/driven_data_pipeline.py for tasks to queue
[2025-06-28T19:22:26.320+0000] {logging_mixin.py:190} INFO - [2025-06-28T19:22:26.319+0000] {dagbag.py:588} INFO - Filling up the DagBag from /opt/airflow/dags/driven_data_pipeline.py
[2025-06-28T19:22:26.683+0000] {processor.py:925} INFO - DAG(s) 'extract_raw_data_pipeline' retrieved from /opt/airflow/dags/driven_data_pipeline.py
[2025-06-28T19:22:26.704+0000] {logging_mixin.py:190} INFO - [2025-06-28T19:22:26.703+0000] {dag.py:3239} INFO - Sync 1 DAGs
[2025-06-28T19:22:26.723+0000] {logging_mixin.py:190} INFO - [2025-06-28T19:22:26.723+0000] {dag.py:4180} INFO - Setting next_dagrun for extract_raw_data_pipeline to 2025-06-28 07:58:00+00:00, run_after=2025-06-28 07:59:00+00:00
[2025-06-28T19:22:26.759+0000] {processor.py:208} INFO - Processing /opt/airflow/dags/driven_data_pipeline.py took 0.520 seconds
[2025-06-28T19:22:57.166+0000] {processor.py:186} INFO - Started process (PID=94) to work on /opt/airflow/dags/driven_data_pipeline.py
[2025-06-28T19:22:57.831+0000] {processor.py:914} INFO - Processing file /opt/airflow/dags/driven_data_pipeline.py for tasks to queue
[2025-06-28T19:22:57.836+0000] {logging_mixin.py:190} INFO - [2025-06-28T19:22:57.835+0000] {dagbag.py:588} INFO - Filling up the DagBag from /opt/airflow/dags/driven_data_pipeline.py
[2025-06-28T19:22:58.254+0000] {processor.py:925} INFO - DAG(s) 'extract_raw_data_pipeline' retrieved from /opt/airflow/dags/driven_data_pipeline.py
[2025-06-28T19:22:58.284+0000] {logging_mixin.py:190} INFO - [2025-06-28T19:22:58.284+0000] {dag.py:3239} INFO - Sync 1 DAGs
[2025-06-28T19:22:58.324+0000] {logging_mixin.py:190} INFO - [2025-06-28T19:22:58.324+0000] {dag.py:4180} INFO - Setting next_dagrun for extract_raw_data_pipeline to 2025-06-28 07:58:00+00:00, run_after=2025-06-28 07:59:00+00:00
[2025-06-28T19:22:58.509+0000] {processor.py:208} INFO - Processing /opt/airflow/dags/driven_data_pipeline.py took 1.359 seconds
[2025-06-28T19:23:28.867+0000] {processor.py:186} INFO - Started process (PID=102) to work on /opt/airflow/dags/driven_data_pipeline.py
[2025-06-28T19:23:28.880+0000] {processor.py:914} INFO - Processing file /opt/airflow/dags/driven_data_pipeline.py for tasks to queue
[2025-06-28T19:23:28.882+0000] {logging_mixin.py:190} INFO - [2025-06-28T19:23:28.882+0000] {dagbag.py:588} INFO - Filling up the DagBag from /opt/airflow/dags/driven_data_pipeline.py
[2025-06-28T19:23:29.192+0000] {processor.py:925} INFO - DAG(s) 'extract_raw_data_pipeline' retrieved from /opt/airflow/dags/driven_data_pipeline.py
[2025-06-28T19:23:29.213+0000] {logging_mixin.py:190} INFO - [2025-06-28T19:23:29.213+0000] {dag.py:3239} INFO - Sync 1 DAGs
[2025-06-28T19:23:29.234+0000] {logging_mixin.py:190} INFO - [2025-06-28T19:23:29.234+0000] {dag.py:4180} INFO - Setting next_dagrun for extract_raw_data_pipeline to 2025-06-28 07:58:00+00:00, run_after=2025-06-28 07:59:00+00:00
[2025-06-28T19:23:30.571+0000] {processor.py:208} INFO - Processing /opt/airflow/dags/driven_data_pipeline.py took 1.711 seconds
[2025-06-28T19:24:01.006+0000] {processor.py:186} INFO - Started process (PID=110) to work on /opt/airflow/dags/driven_data_pipeline.py
[2025-06-28T19:24:01.064+0000] {processor.py:914} INFO - Processing file /opt/airflow/dags/driven_data_pipeline.py for tasks to queue
[2025-06-28T19:24:01.066+0000] {logging_mixin.py:190} INFO - [2025-06-28T19:24:01.066+0000] {dagbag.py:588} INFO - Filling up the DagBag from /opt/airflow/dags/driven_data_pipeline.py
[2025-06-28T19:24:01.296+0000] {processor.py:925} INFO - DAG(s) 'extract_raw_data_pipeline' retrieved from /opt/airflow/dags/driven_data_pipeline.py
[2025-06-28T19:24:01.324+0000] {logging_mixin.py:190} INFO - [2025-06-28T19:24:01.324+0000] {dag.py:3239} INFO - Sync 1 DAGs
[2025-06-28T19:24:01.352+0000] {logging_mixin.py:190} INFO - [2025-06-28T19:24:01.351+0000] {dag.py:4180} INFO - Setting next_dagrun for extract_raw_data_pipeline to 2025-06-28 07:58:00+00:00, run_after=2025-06-28 07:59:00+00:00
[2025-06-28T19:24:01.396+0000] {processor.py:208} INFO - Processing /opt/airflow/dags/driven_data_pipeline.py took 0.400 seconds
[2025-06-28T19:24:31.780+0000] {processor.py:186} INFO - Started process (PID=118) to work on /opt/airflow/dags/driven_data_pipeline.py
[2025-06-28T19:24:32.709+0000] {processor.py:914} INFO - Processing file /opt/airflow/dags/driven_data_pipeline.py for tasks to queue
[2025-06-28T19:24:32.711+0000] {logging_mixin.py:190} INFO - [2025-06-28T19:24:32.710+0000] {dagbag.py:588} INFO - Filling up the DagBag from /opt/airflow/dags/driven_data_pipeline.py
[2025-06-28T19:24:32.951+0000] {processor.py:925} INFO - DAG(s) 'extract_raw_data_pipeline' retrieved from /opt/airflow/dags/driven_data_pipeline.py
[2025-06-28T19:24:32.990+0000] {logging_mixin.py:190} INFO - [2025-06-28T19:24:32.990+0000] {dag.py:3239} INFO - Sync 1 DAGs
[2025-06-28T19:24:33.027+0000] {logging_mixin.py:190} INFO - [2025-06-28T19:24:33.026+0000] {dag.py:4180} INFO - Setting next_dagrun for extract_raw_data_pipeline to 2025-06-28 07:58:00+00:00, run_after=2025-06-28 07:59:00+00:00
[2025-06-28T19:24:33.066+0000] {processor.py:208} INFO - Processing /opt/airflow/dags/driven_data_pipeline.py took 1.298 seconds
[2025-06-28T19:25:03.140+0000] {processor.py:186} INFO - Started process (PID=126) to work on /opt/airflow/dags/driven_data_pipeline.py
[2025-06-28T19:25:03.152+0000] {processor.py:914} INFO - Processing file /opt/airflow/dags/driven_data_pipeline.py for tasks to queue
[2025-06-28T19:25:03.154+0000] {logging_mixin.py:190} INFO - [2025-06-28T19:25:03.154+0000] {dagbag.py:588} INFO - Filling up the DagBag from /opt/airflow/dags/driven_data_pipeline.py
[2025-06-28T19:25:03.345+0000] {processor.py:925} INFO - DAG(s) 'extract_raw_data_pipeline' retrieved from /opt/airflow/dags/driven_data_pipeline.py
[2025-06-28T19:25:03.374+0000] {logging_mixin.py:190} INFO - [2025-06-28T19:25:03.373+0000] {dag.py:3239} INFO - Sync 1 DAGs
[2025-06-28T19:25:03.398+0000] {logging_mixin.py:190} INFO - [2025-06-28T19:25:03.398+0000] {dag.py:4180} INFO - Setting next_dagrun for extract_raw_data_pipeline to 2025-06-28 07:58:00+00:00, run_after=2025-06-28 07:59:00+00:00
[2025-06-28T19:25:03.502+0000] {processor.py:208} INFO - Processing /opt/airflow/dags/driven_data_pipeline.py took 0.372 seconds
[2025-06-28T19:25:33.766+0000] {processor.py:186} INFO - Started process (PID=134) to work on /opt/airflow/dags/driven_data_pipeline.py
[2025-06-28T19:25:34.938+0000] {processor.py:914} INFO - Processing file /opt/airflow/dags/driven_data_pipeline.py for tasks to queue
[2025-06-28T19:25:34.940+0000] {logging_mixin.py:190} INFO - [2025-06-28T19:25:34.940+0000] {dagbag.py:588} INFO - Filling up the DagBag from /opt/airflow/dags/driven_data_pipeline.py
[2025-06-28T19:25:35.138+0000] {processor.py:925} INFO - DAG(s) 'extract_raw_data_pipeline' retrieved from /opt/airflow/dags/driven_data_pipeline.py
[2025-06-28T19:25:35.171+0000] {logging_mixin.py:190} INFO - [2025-06-28T19:25:35.171+0000] {dag.py:3239} INFO - Sync 1 DAGs
[2025-06-28T19:25:35.206+0000] {logging_mixin.py:190} INFO - [2025-06-28T19:25:35.205+0000] {dag.py:4180} INFO - Setting next_dagrun for extract_raw_data_pipeline to 2025-06-28 07:58:00+00:00, run_after=2025-06-28 07:59:00+00:00
[2025-06-28T19:25:35.268+0000] {processor.py:208} INFO - Processing /opt/airflow/dags/driven_data_pipeline.py took 1.508 seconds
[2025-06-28T19:26:05.660+0000] {processor.py:186} INFO - Started process (PID=142) to work on /opt/airflow/dags/driven_data_pipeline.py
[2025-06-28T19:26:05.674+0000] {processor.py:914} INFO - Processing file /opt/airflow/dags/driven_data_pipeline.py for tasks to queue
[2025-06-28T19:26:05.679+0000] {logging_mixin.py:190} INFO - [2025-06-28T19:26:05.678+0000] {dagbag.py:588} INFO - Filling up the DagBag from /opt/airflow/dags/driven_data_pipeline.py
[2025-06-28T19:26:05.880+0000] {processor.py:925} INFO - DAG(s) 'extract_raw_data_pipeline' retrieved from /opt/airflow/dags/driven_data_pipeline.py
[2025-06-28T19:26:05.905+0000] {logging_mixin.py:190} INFO - [2025-06-28T19:26:05.905+0000] {dag.py:3239} INFO - Sync 1 DAGs
[2025-06-28T19:26:05.927+0000] {logging_mixin.py:190} INFO - [2025-06-28T19:26:05.927+0000] {dag.py:4180} INFO - Setting next_dagrun for extract_raw_data_pipeline to 2025-06-28 07:58:00+00:00, run_after=2025-06-28 07:59:00+00:00
[2025-06-28T19:26:07.041+0000] {processor.py:208} INFO - Processing /opt/airflow/dags/driven_data_pipeline.py took 1.398 seconds
[2025-06-28T19:26:37.356+0000] {processor.py:186} INFO - Started process (PID=150) to work on /opt/airflow/dags/driven_data_pipeline.py
[2025-06-28T19:26:37.445+0000] {processor.py:914} INFO - Processing file /opt/airflow/dags/driven_data_pipeline.py for tasks to queue
[2025-06-28T19:26:37.455+0000] {logging_mixin.py:190} INFO - [2025-06-28T19:26:37.453+0000] {dagbag.py:588} INFO - Filling up the DagBag from /opt/airflow/dags/driven_data_pipeline.py
[2025-06-28T19:26:37.651+0000] {processor.py:925} INFO - DAG(s) 'extract_raw_data_pipeline' retrieved from /opt/airflow/dags/driven_data_pipeline.py
[2025-06-28T19:26:37.679+0000] {logging_mixin.py:190} INFO - [2025-06-28T19:26:37.679+0000] {dag.py:3239} INFO - Sync 1 DAGs
[2025-06-28T19:26:37.701+0000] {logging_mixin.py:190} INFO - [2025-06-28T19:26:37.701+0000] {dag.py:4180} INFO - Setting next_dagrun for extract_raw_data_pipeline to 2025-06-28 07:58:00+00:00, run_after=2025-06-28 07:59:00+00:00
[2025-06-28T19:26:37.909+0000] {processor.py:208} INFO - Processing /opt/airflow/dags/driven_data_pipeline.py took 0.564 seconds
[2025-06-28T19:27:08.338+0000] {processor.py:186} INFO - Started process (PID=158) to work on /opt/airflow/dags/driven_data_pipeline.py
[2025-06-28T19:27:08.348+0000] {processor.py:914} INFO - Processing file /opt/airflow/dags/driven_data_pipeline.py for tasks to queue
[2025-06-28T19:27:08.351+0000] {logging_mixin.py:190} INFO - [2025-06-28T19:27:08.351+0000] {dagbag.py:588} INFO - Filling up the DagBag from /opt/airflow/dags/driven_data_pipeline.py
[2025-06-28T19:27:08.527+0000] {processor.py:925} INFO - DAG(s) 'extract_raw_data_pipeline' retrieved from /opt/airflow/dags/driven_data_pipeline.py
[2025-06-28T19:27:08.551+0000] {logging_mixin.py:190} INFO - [2025-06-28T19:27:08.550+0000] {dag.py:3239} INFO - Sync 1 DAGs
[2025-06-28T19:27:08.572+0000] {logging_mixin.py:190} INFO - [2025-06-28T19:27:08.572+0000] {dag.py:4180} INFO - Setting next_dagrun for extract_raw_data_pipeline to 2025-06-28 07:58:00+00:00, run_after=2025-06-28 07:59:00+00:00
[2025-06-28T19:27:08.748+0000] {processor.py:208} INFO - Processing /opt/airflow/dags/driven_data_pipeline.py took 0.431 seconds
[2025-06-28T19:27:39.069+0000] {processor.py:186} INFO - Started process (PID=166) to work on /opt/airflow/dags/driven_data_pipeline.py
[2025-06-28T19:27:39.084+0000] {processor.py:914} INFO - Processing file /opt/airflow/dags/driven_data_pipeline.py for tasks to queue
[2025-06-28T19:27:39.089+0000] {logging_mixin.py:190} INFO - [2025-06-28T19:27:39.088+0000] {dagbag.py:588} INFO - Filling up the DagBag from /opt/airflow/dags/driven_data_pipeline.py
[2025-06-28T19:27:39.271+0000] {processor.py:925} INFO - DAG(s) 'extract_raw_data_pipeline' retrieved from /opt/airflow/dags/driven_data_pipeline.py
[2025-06-28T19:27:39.295+0000] {logging_mixin.py:190} INFO - [2025-06-28T19:27:39.295+0000] {dag.py:3239} INFO - Sync 1 DAGs
[2025-06-28T19:27:39.319+0000] {logging_mixin.py:190} INFO - [2025-06-28T19:27:39.318+0000] {dag.py:4180} INFO - Setting next_dagrun for extract_raw_data_pipeline to 2025-06-28 07:58:00+00:00, run_after=2025-06-28 07:59:00+00:00
[2025-06-28T19:27:39.355+0000] {processor.py:208} INFO - Processing /opt/airflow/dags/driven_data_pipeline.py took 0.316 seconds
[2025-06-28T19:28:09.745+0000] {processor.py:186} INFO - Started process (PID=174) to work on /opt/airflow/dags/driven_data_pipeline.py
[2025-06-28T19:28:09.750+0000] {processor.py:914} INFO - Processing file /opt/airflow/dags/driven_data_pipeline.py for tasks to queue
[2025-06-28T19:28:09.755+0000] {logging_mixin.py:190} INFO - [2025-06-28T19:28:09.754+0000] {dagbag.py:588} INFO - Filling up the DagBag from /opt/airflow/dags/driven_data_pipeline.py
[2025-06-28T19:28:09.933+0000] {processor.py:925} INFO - DAG(s) 'extract_raw_data_pipeline' retrieved from /opt/airflow/dags/driven_data_pipeline.py
[2025-06-28T19:28:09.958+0000] {logging_mixin.py:190} INFO - [2025-06-28T19:28:09.958+0000] {dag.py:3239} INFO - Sync 1 DAGs
[2025-06-28T19:28:09.981+0000] {logging_mixin.py:190} INFO - [2025-06-28T19:28:09.980+0000] {dag.py:4180} INFO - Setting next_dagrun for extract_raw_data_pipeline to 2025-06-28 07:58:00+00:00, run_after=2025-06-28 07:59:00+00:00
[2025-06-28T19:28:10.039+0000] {processor.py:208} INFO - Processing /opt/airflow/dags/driven_data_pipeline.py took 0.307 seconds
[2025-06-28T19:28:40.112+0000] {processor.py:186} INFO - Started process (PID=182) to work on /opt/airflow/dags/driven_data_pipeline.py
[2025-06-28T19:28:40.121+0000] {processor.py:914} INFO - Processing file /opt/airflow/dags/driven_data_pipeline.py for tasks to queue
[2025-06-28T19:28:40.124+0000] {logging_mixin.py:190} INFO - [2025-06-28T19:28:40.124+0000] {dagbag.py:588} INFO - Filling up the DagBag from /opt/airflow/dags/driven_data_pipeline.py
[2025-06-28T19:28:40.303+0000] {processor.py:925} INFO - DAG(s) 'extract_raw_data_pipeline' retrieved from /opt/airflow/dags/driven_data_pipeline.py
[2025-06-28T19:28:40.328+0000] {logging_mixin.py:190} INFO - [2025-06-28T19:28:40.328+0000] {dag.py:3239} INFO - Sync 1 DAGs
[2025-06-28T19:28:40.358+0000] {logging_mixin.py:190} INFO - [2025-06-28T19:28:40.357+0000] {dag.py:4180} INFO - Setting next_dagrun for extract_raw_data_pipeline to 2025-06-28 07:58:00+00:00, run_after=2025-06-28 07:59:00+00:00
[2025-06-28T19:28:40.393+0000] {processor.py:208} INFO - Processing /opt/airflow/dags/driven_data_pipeline.py took 0.292 seconds
[2025-06-28T19:29:10.767+0000] {processor.py:186} INFO - Started process (PID=190) to work on /opt/airflow/dags/driven_data_pipeline.py
[2025-06-28T19:29:10.774+0000] {processor.py:914} INFO - Processing file /opt/airflow/dags/driven_data_pipeline.py for tasks to queue
[2025-06-28T19:29:10.777+0000] {logging_mixin.py:190} INFO - [2025-06-28T19:29:10.777+0000] {dagbag.py:588} INFO - Filling up the DagBag from /opt/airflow/dags/driven_data_pipeline.py
[2025-06-28T19:29:10.964+0000] {processor.py:925} INFO - DAG(s) 'extract_raw_data_pipeline' retrieved from /opt/airflow/dags/driven_data_pipeline.py
[2025-06-28T19:29:10.988+0000] {logging_mixin.py:190} INFO - [2025-06-28T19:29:10.988+0000] {dag.py:3239} INFO - Sync 1 DAGs
[2025-06-28T19:29:11.012+0000] {logging_mixin.py:190} INFO - [2025-06-28T19:29:11.011+0000] {dag.py:4180} INFO - Setting next_dagrun for extract_raw_data_pipeline to 2025-06-28 07:58:00+00:00, run_after=2025-06-28 07:59:00+00:00
[2025-06-28T19:29:11.049+0000] {processor.py:208} INFO - Processing /opt/airflow/dags/driven_data_pipeline.py took 0.305 seconds
[2025-06-28T19:29:41.147+0000] {processor.py:186} INFO - Started process (PID=198) to work on /opt/airflow/dags/driven_data_pipeline.py
[2025-06-28T19:29:41.162+0000] {processor.py:914} INFO - Processing file /opt/airflow/dags/driven_data_pipeline.py for tasks to queue
[2025-06-28T19:29:41.165+0000] {logging_mixin.py:190} INFO - [2025-06-28T19:29:41.165+0000] {dagbag.py:588} INFO - Filling up the DagBag from /opt/airflow/dags/driven_data_pipeline.py
[2025-06-28T19:29:41.385+0000] {processor.py:925} INFO - DAG(s) 'extract_raw_data_pipeline' retrieved from /opt/airflow/dags/driven_data_pipeline.py
[2025-06-28T19:29:41.414+0000] {logging_mixin.py:190} INFO - [2025-06-28T19:29:41.414+0000] {dag.py:3239} INFO - Sync 1 DAGs
[2025-06-28T19:29:41.443+0000] {logging_mixin.py:190} INFO - [2025-06-28T19:29:41.443+0000] {dag.py:4180} INFO - Setting next_dagrun for extract_raw_data_pipeline to 2025-06-28 07:58:00+00:00, run_after=2025-06-28 07:59:00+00:00
[2025-06-28T19:29:41.485+0000] {processor.py:208} INFO - Processing /opt/airflow/dags/driven_data_pipeline.py took 0.349 seconds
[2025-06-28T19:30:11.737+0000] {processor.py:186} INFO - Started process (PID=206) to work on /opt/airflow/dags/driven_data_pipeline.py
[2025-06-28T19:30:11.912+0000] {processor.py:914} INFO - Processing file /opt/airflow/dags/driven_data_pipeline.py for tasks to queue
[2025-06-28T19:30:11.914+0000] {logging_mixin.py:190} INFO - [2025-06-28T19:30:11.914+0000] {dagbag.py:588} INFO - Filling up the DagBag from /opt/airflow/dags/driven_data_pipeline.py
[2025-06-28T19:30:12.101+0000] {processor.py:925} INFO - DAG(s) 'extract_raw_data_pipeline' retrieved from /opt/airflow/dags/driven_data_pipeline.py
[2025-06-28T19:30:12.132+0000] {logging_mixin.py:190} INFO - [2025-06-28T19:30:12.132+0000] {dag.py:3239} INFO - Sync 1 DAGs
[2025-06-28T19:30:12.157+0000] {logging_mixin.py:190} INFO - [2025-06-28T19:30:12.157+0000] {dag.py:4180} INFO - Setting next_dagrun for extract_raw_data_pipeline to 2025-06-28 07:58:00+00:00, run_after=2025-06-28 07:59:00+00:00
[2025-06-28T19:30:12.186+0000] {processor.py:208} INFO - Processing /opt/airflow/dags/driven_data_pipeline.py took 0.456 seconds
[2025-06-28T19:30:42.607+0000] {processor.py:186} INFO - Started process (PID=214) to work on /opt/airflow/dags/driven_data_pipeline.py
[2025-06-28T19:30:42.609+0000] {processor.py:914} INFO - Processing file /opt/airflow/dags/driven_data_pipeline.py for tasks to queue
[2025-06-28T19:30:42.612+0000] {logging_mixin.py:190} INFO - [2025-06-28T19:30:42.611+0000] {dagbag.py:588} INFO - Filling up the DagBag from /opt/airflow/dags/driven_data_pipeline.py
[2025-06-28T19:30:42.826+0000] {processor.py:925} INFO - DAG(s) 'extract_raw_data_pipeline' retrieved from /opt/airflow/dags/driven_data_pipeline.py
[2025-06-28T19:30:42.857+0000] {logging_mixin.py:190} INFO - [2025-06-28T19:30:42.857+0000] {dag.py:3239} INFO - Sync 1 DAGs
[2025-06-28T19:30:42.882+0000] {logging_mixin.py:190} INFO - [2025-06-28T19:30:42.882+0000] {dag.py:4180} INFO - Setting next_dagrun for extract_raw_data_pipeline to 2025-06-28 07:58:00+00:00, run_after=2025-06-28 07:59:00+00:00
[2025-06-28T19:30:42.920+0000] {processor.py:208} INFO - Processing /opt/airflow/dags/driven_data_pipeline.py took 0.327 seconds
[2025-06-28T19:31:13.332+0000] {processor.py:186} INFO - Started process (PID=223) to work on /opt/airflow/dags/driven_data_pipeline.py
[2025-06-28T19:31:13.340+0000] {processor.py:914} INFO - Processing file /opt/airflow/dags/driven_data_pipeline.py for tasks to queue
[2025-06-28T19:31:13.348+0000] {logging_mixin.py:190} INFO - [2025-06-28T19:31:13.347+0000] {dagbag.py:588} INFO - Filling up the DagBag from /opt/airflow/dags/driven_data_pipeline.py
[2025-06-28T19:31:13.537+0000] {processor.py:925} INFO - DAG(s) 'extract_raw_data_pipeline' retrieved from /opt/airflow/dags/driven_data_pipeline.py
[2025-06-28T19:31:13.576+0000] {logging_mixin.py:190} INFO - [2025-06-28T19:31:13.576+0000] {dag.py:3239} INFO - Sync 1 DAGs
[2025-06-28T19:31:13.610+0000] {logging_mixin.py:190} INFO - [2025-06-28T19:31:13.610+0000] {dag.py:4180} INFO - Setting next_dagrun for extract_raw_data_pipeline to 2025-06-28 07:58:00+00:00, run_after=2025-06-28 07:59:00+00:00
[2025-06-28T19:31:14.694+0000] {processor.py:208} INFO - Processing /opt/airflow/dags/driven_data_pipeline.py took 1.368 seconds
[2025-06-28T19:31:45.062+0000] {processor.py:186} INFO - Started process (PID=231) to work on /opt/airflow/dags/driven_data_pipeline.py
[2025-06-28T19:31:45.615+0000] {processor.py:914} INFO - Processing file /opt/airflow/dags/driven_data_pipeline.py for tasks to queue
[2025-06-28T19:31:45.620+0000] {logging_mixin.py:190} INFO - [2025-06-28T19:31:45.620+0000] {dagbag.py:588} INFO - Filling up the DagBag from /opt/airflow/dags/driven_data_pipeline.py
[2025-06-28T19:31:45.790+0000] {processor.py:925} INFO - DAG(s) 'extract_raw_data_pipeline' retrieved from /opt/airflow/dags/driven_data_pipeline.py
[2025-06-28T19:31:45.814+0000] {logging_mixin.py:190} INFO - [2025-06-28T19:31:45.813+0000] {dag.py:3239} INFO - Sync 1 DAGs
[2025-06-28T19:31:45.837+0000] {logging_mixin.py:190} INFO - [2025-06-28T19:31:45.837+0000] {dag.py:4180} INFO - Setting next_dagrun for extract_raw_data_pipeline to 2025-06-28 07:58:00+00:00, run_after=2025-06-28 07:59:00+00:00
[2025-06-28T19:31:45.879+0000] {processor.py:208} INFO - Processing /opt/airflow/dags/driven_data_pipeline.py took 0.833 seconds
[2025-06-28T19:32:15.965+0000] {processor.py:186} INFO - Started process (PID=239) to work on /opt/airflow/dags/driven_data_pipeline.py
[2025-06-28T19:32:15.966+0000] {processor.py:914} INFO - Processing file /opt/airflow/dags/driven_data_pipeline.py for tasks to queue
[2025-06-28T19:32:15.969+0000] {logging_mixin.py:190} INFO - [2025-06-28T19:32:15.969+0000] {dagbag.py:588} INFO - Filling up the DagBag from /opt/airflow/dags/driven_data_pipeline.py
[2025-06-28T19:32:16.186+0000] {processor.py:925} INFO - DAG(s) 'extract_raw_data_pipeline' retrieved from /opt/airflow/dags/driven_data_pipeline.py
[2025-06-28T19:32:16.215+0000] {logging_mixin.py:190} INFO - [2025-06-28T19:32:16.215+0000] {dag.py:3239} INFO - Sync 1 DAGs
[2025-06-28T19:32:16.241+0000] {logging_mixin.py:190} INFO - [2025-06-28T19:32:16.241+0000] {dag.py:4180} INFO - Setting next_dagrun for extract_raw_data_pipeline to 2025-06-28 07:58:00+00:00, run_after=2025-06-28 07:59:00+00:00
[2025-06-28T19:32:17.125+0000] {processor.py:208} INFO - Processing /opt/airflow/dags/driven_data_pipeline.py took 1.168 seconds
[2025-06-28T19:32:47.284+0000] {processor.py:186} INFO - Started process (PID=247) to work on /opt/airflow/dags/driven_data_pipeline.py
[2025-06-28T19:32:47.297+0000] {processor.py:914} INFO - Processing file /opt/airflow/dags/driven_data_pipeline.py for tasks to queue
[2025-06-28T19:32:47.299+0000] {logging_mixin.py:190} INFO - [2025-06-28T19:32:47.299+0000] {dagbag.py:588} INFO - Filling up the DagBag from /opt/airflow/dags/driven_data_pipeline.py
[2025-06-28T19:32:47.480+0000] {processor.py:925} INFO - DAG(s) 'extract_raw_data_pipeline' retrieved from /opt/airflow/dags/driven_data_pipeline.py
[2025-06-28T19:32:47.504+0000] {logging_mixin.py:190} INFO - [2025-06-28T19:32:47.504+0000] {dag.py:3239} INFO - Sync 1 DAGs
[2025-06-28T19:32:47.526+0000] {logging_mixin.py:190} INFO - [2025-06-28T19:32:47.526+0000] {dag.py:4180} INFO - Setting next_dagrun for extract_raw_data_pipeline to 2025-06-28 07:58:00+00:00, run_after=2025-06-28 07:59:00+00:00
[2025-06-28T19:32:48.745+0000] {processor.py:208} INFO - Processing /opt/airflow/dags/driven_data_pipeline.py took 1.468 seconds
[2025-06-28T19:33:19.108+0000] {processor.py:186} INFO - Started process (PID=255) to work on /opt/airflow/dags/driven_data_pipeline.py
[2025-06-28T19:33:19.110+0000] {processor.py:914} INFO - Processing file /opt/airflow/dags/driven_data_pipeline.py for tasks to queue
[2025-06-28T19:33:19.114+0000] {logging_mixin.py:190} INFO - [2025-06-28T19:33:19.113+0000] {dagbag.py:588} INFO - Filling up the DagBag from /opt/airflow/dags/driven_data_pipeline.py
[2025-06-28T19:33:19.326+0000] {processor.py:925} INFO - DAG(s) 'extract_raw_data_pipeline' retrieved from /opt/airflow/dags/driven_data_pipeline.py
[2025-06-28T19:33:19.360+0000] {logging_mixin.py:190} INFO - [2025-06-28T19:33:19.360+0000] {dag.py:3239} INFO - Sync 1 DAGs
[2025-06-28T19:33:19.391+0000] {logging_mixin.py:190} INFO - [2025-06-28T19:33:19.391+0000] {dag.py:4180} INFO - Setting next_dagrun for extract_raw_data_pipeline to 2025-06-28 07:58:00+00:00, run_after=2025-06-28 07:59:00+00:00
[2025-06-28T19:33:19.427+0000] {processor.py:208} INFO - Processing /opt/airflow/dags/driven_data_pipeline.py took 0.332 seconds
[2025-06-28T19:33:49.761+0000] {processor.py:186} INFO - Started process (PID=263) to work on /opt/airflow/dags/driven_data_pipeline.py
[2025-06-28T19:33:49.761+0000] {processor.py:914} INFO - Processing file /opt/airflow/dags/driven_data_pipeline.py for tasks to queue
[2025-06-28T19:33:49.764+0000] {logging_mixin.py:190} INFO - [2025-06-28T19:33:49.763+0000] {dagbag.py:588} INFO - Filling up the DagBag from /opt/airflow/dags/driven_data_pipeline.py
[2025-06-28T19:33:49.932+0000] {processor.py:925} INFO - DAG(s) 'extract_raw_data_pipeline' retrieved from /opt/airflow/dags/driven_data_pipeline.py
[2025-06-28T19:33:49.956+0000] {logging_mixin.py:190} INFO - [2025-06-28T19:33:49.955+0000] {dag.py:3239} INFO - Sync 1 DAGs
[2025-06-28T19:33:49.979+0000] {logging_mixin.py:190} INFO - [2025-06-28T19:33:49.979+0000] {dag.py:4180} INFO - Setting next_dagrun for extract_raw_data_pipeline to 2025-06-28 07:58:00+00:00, run_after=2025-06-28 07:59:00+00:00
[2025-06-28T19:33:50.018+0000] {processor.py:208} INFO - Processing /opt/airflow/dags/driven_data_pipeline.py took 0.263 seconds
[2025-06-28T19:34:20.342+0000] {processor.py:186} INFO - Started process (PID=271) to work on /opt/airflow/dags/driven_data_pipeline.py
[2025-06-28T19:34:20.348+0000] {processor.py:914} INFO - Processing file /opt/airflow/dags/driven_data_pipeline.py for tasks to queue
[2025-06-28T19:34:20.350+0000] {logging_mixin.py:190} INFO - [2025-06-28T19:34:20.350+0000] {dagbag.py:588} INFO - Filling up the DagBag from /opt/airflow/dags/driven_data_pipeline.py
[2025-06-28T19:34:20.518+0000] {processor.py:925} INFO - DAG(s) 'extract_raw_data_pipeline' retrieved from /opt/airflow/dags/driven_data_pipeline.py
[2025-06-28T19:34:20.544+0000] {logging_mixin.py:190} INFO - [2025-06-28T19:34:20.543+0000] {dag.py:3239} INFO - Sync 1 DAGs
[2025-06-28T19:34:20.566+0000] {logging_mixin.py:190} INFO - [2025-06-28T19:34:20.565+0000] {dag.py:4180} INFO - Setting next_dagrun for extract_raw_data_pipeline to 2025-06-28 07:58:00+00:00, run_after=2025-06-28 07:59:00+00:00
[2025-06-28T19:34:20.599+0000] {processor.py:208} INFO - Processing /opt/airflow/dags/driven_data_pipeline.py took 0.263 seconds
[2025-06-28T19:34:50.684+0000] {processor.py:186} INFO - Started process (PID=279) to work on /opt/airflow/dags/driven_data_pipeline.py
[2025-06-28T19:34:50.685+0000] {processor.py:914} INFO - Processing file /opt/airflow/dags/driven_data_pipeline.py for tasks to queue
[2025-06-28T19:34:50.689+0000] {logging_mixin.py:190} INFO - [2025-06-28T19:34:50.688+0000] {dagbag.py:588} INFO - Filling up the DagBag from /opt/airflow/dags/driven_data_pipeline.py
[2025-06-28T19:34:50.987+0000] {processor.py:925} INFO - DAG(s) 'extract_raw_data_pipeline' retrieved from /opt/airflow/dags/driven_data_pipeline.py
[2025-06-28T19:34:51.031+0000] {logging_mixin.py:190} INFO - [2025-06-28T19:34:51.030+0000] {dag.py:3239} INFO - Sync 1 DAGs
[2025-06-28T19:34:51.070+0000] {logging_mixin.py:190} INFO - [2025-06-28T19:34:51.069+0000] {dag.py:4180} INFO - Setting next_dagrun for extract_raw_data_pipeline to 2025-06-28 07:58:00+00:00, run_after=2025-06-28 07:59:00+00:00
[2025-06-28T19:34:51.433+0000] {processor.py:208} INFO - Processing /opt/airflow/dags/driven_data_pipeline.py took 0.759 seconds
[2025-06-28T19:35:21.695+0000] {processor.py:186} INFO - Started process (PID=287) to work on /opt/airflow/dags/driven_data_pipeline.py
[2025-06-28T19:35:21.696+0000] {processor.py:914} INFO - Processing file /opt/airflow/dags/driven_data_pipeline.py for tasks to queue
[2025-06-28T19:35:21.699+0000] {logging_mixin.py:190} INFO - [2025-06-28T19:35:21.698+0000] {dagbag.py:588} INFO - Filling up the DagBag from /opt/airflow/dags/driven_data_pipeline.py
[2025-06-28T19:35:21.924+0000] {processor.py:925} INFO - DAG(s) 'extract_raw_data_pipeline' retrieved from /opt/airflow/dags/driven_data_pipeline.py
[2025-06-28T19:35:21.949+0000] {logging_mixin.py:190} INFO - [2025-06-28T19:35:21.948+0000] {dag.py:3239} INFO - Sync 1 DAGs
[2025-06-28T19:35:21.971+0000] {logging_mixin.py:190} INFO - [2025-06-28T19:35:21.971+0000] {dag.py:4180} INFO - Setting next_dagrun for extract_raw_data_pipeline to 2025-06-28 07:58:00+00:00, run_after=2025-06-28 07:59:00+00:00
[2025-06-28T19:35:22.946+0000] {processor.py:208} INFO - Processing /opt/airflow/dags/driven_data_pipeline.py took 1.257 seconds
[2025-06-28T19:35:53.028+0000] {processor.py:186} INFO - Started process (PID=295) to work on /opt/airflow/dags/driven_data_pipeline.py
[2025-06-28T19:35:53.354+0000] {processor.py:914} INFO - Processing file /opt/airflow/dags/driven_data_pipeline.py for tasks to queue
[2025-06-28T19:35:53.357+0000] {logging_mixin.py:190} INFO - [2025-06-28T19:35:53.356+0000] {dagbag.py:588} INFO - Filling up the DagBag from /opt/airflow/dags/driven_data_pipeline.py
[2025-06-28T19:35:53.589+0000] {processor.py:925} INFO - DAG(s) 'extract_raw_data_pipeline' retrieved from /opt/airflow/dags/driven_data_pipeline.py
[2025-06-28T19:35:53.618+0000] {logging_mixin.py:190} INFO - [2025-06-28T19:35:53.618+0000] {dag.py:3239} INFO - Sync 1 DAGs
[2025-06-28T19:35:53.648+0000] {logging_mixin.py:190} INFO - [2025-06-28T19:35:53.648+0000] {dag.py:4180} INFO - Setting next_dagrun for extract_raw_data_pipeline to 2025-06-28 07:58:00+00:00, run_after=2025-06-28 07:59:00+00:00
[2025-06-28T19:35:53.694+0000] {processor.py:208} INFO - Processing /opt/airflow/dags/driven_data_pipeline.py took 0.677 seconds
[2025-06-28T19:36:23.967+0000] {processor.py:186} INFO - Started process (PID=303) to work on /opt/airflow/dags/driven_data_pipeline.py
[2025-06-28T19:36:23.968+0000] {processor.py:914} INFO - Processing file /opt/airflow/dags/driven_data_pipeline.py for tasks to queue
[2025-06-28T19:36:23.970+0000] {logging_mixin.py:190} INFO - [2025-06-28T19:36:23.970+0000] {dagbag.py:588} INFO - Filling up the DagBag from /opt/airflow/dags/driven_data_pipeline.py
[2025-06-28T19:36:24.140+0000] {processor.py:925} INFO - DAG(s) 'extract_raw_data_pipeline' retrieved from /opt/airflow/dags/driven_data_pipeline.py
[2025-06-28T19:36:24.168+0000] {logging_mixin.py:190} INFO - [2025-06-28T19:36:24.168+0000] {dag.py:3239} INFO - Sync 1 DAGs
[2025-06-28T19:36:24.194+0000] {logging_mixin.py:190} INFO - [2025-06-28T19:36:24.193+0000] {dag.py:4180} INFO - Setting next_dagrun for extract_raw_data_pipeline to 2025-06-28 07:58:00+00:00, run_after=2025-06-28 07:59:00+00:00
[2025-06-28T19:36:25.179+0000] {processor.py:208} INFO - Processing /opt/airflow/dags/driven_data_pipeline.py took 1.218 seconds
[2025-06-28T19:36:55.273+0000] {processor.py:186} INFO - Started process (PID=311) to work on /opt/airflow/dags/driven_data_pipeline.py
[2025-06-28T19:36:55.283+0000] {processor.py:914} INFO - Processing file /opt/airflow/dags/driven_data_pipeline.py for tasks to queue
[2025-06-28T19:36:55.287+0000] {logging_mixin.py:190} INFO - [2025-06-28T19:36:55.286+0000] {dagbag.py:588} INFO - Filling up the DagBag from /opt/airflow/dags/driven_data_pipeline.py
[2025-06-28T19:36:55.535+0000] {processor.py:925} INFO - DAG(s) 'extract_raw_data_pipeline' retrieved from /opt/airflow/dags/driven_data_pipeline.py
[2025-06-28T19:36:55.573+0000] {logging_mixin.py:190} INFO - [2025-06-28T19:36:55.573+0000] {dag.py:3239} INFO - Sync 1 DAGs
[2025-06-28T19:36:55.610+0000] {logging_mixin.py:190} INFO - [2025-06-28T19:36:55.610+0000] {dag.py:4180} INFO - Setting next_dagrun for extract_raw_data_pipeline to 2025-06-28 07:58:00+00:00, run_after=2025-06-28 07:59:00+00:00
[2025-06-28T19:36:55.666+0000] {processor.py:208} INFO - Processing /opt/airflow/dags/driven_data_pipeline.py took 0.400 seconds
[2025-06-28T19:37:25.820+0000] {processor.py:186} INFO - Started process (PID=319) to work on /opt/airflow/dags/driven_data_pipeline.py
[2025-06-28T19:37:25.822+0000] {processor.py:914} INFO - Processing file /opt/airflow/dags/driven_data_pipeline.py for tasks to queue
[2025-06-28T19:37:25.827+0000] {logging_mixin.py:190} INFO - [2025-06-28T19:37:25.826+0000] {dagbag.py:588} INFO - Filling up the DagBag from /opt/airflow/dags/driven_data_pipeline.py
[2025-06-28T19:37:26.050+0000] {processor.py:925} INFO - DAG(s) 'extract_raw_data_pipeline' retrieved from /opt/airflow/dags/driven_data_pipeline.py
[2025-06-28T19:37:26.077+0000] {logging_mixin.py:190} INFO - [2025-06-28T19:37:26.077+0000] {dag.py:3239} INFO - Sync 1 DAGs
[2025-06-28T19:37:26.101+0000] {logging_mixin.py:190} INFO - [2025-06-28T19:37:26.101+0000] {dag.py:4180} INFO - Setting next_dagrun for extract_raw_data_pipeline to 2025-06-28 07:58:00+00:00, run_after=2025-06-28 07:59:00+00:00
[2025-06-28T19:37:26.148+0000] {processor.py:208} INFO - Processing /opt/airflow/dags/driven_data_pipeline.py took 0.347 seconds
[2025-06-28T19:37:56.341+0000] {processor.py:186} INFO - Started process (PID=327) to work on /opt/airflow/dags/driven_data_pipeline.py
[2025-06-28T19:37:56.386+0000] {processor.py:914} INFO - Processing file /opt/airflow/dags/driven_data_pipeline.py for tasks to queue
[2025-06-28T19:37:56.401+0000] {logging_mixin.py:190} INFO - [2025-06-28T19:37:56.398+0000] {dagbag.py:588} INFO - Filling up the DagBag from /opt/airflow/dags/driven_data_pipeline.py
[2025-06-28T19:37:56.584+0000] {processor.py:925} INFO - DAG(s) 'extract_raw_data_pipeline' retrieved from /opt/airflow/dags/driven_data_pipeline.py
[2025-06-28T19:37:56.608+0000] {logging_mixin.py:190} INFO - [2025-06-28T19:37:56.608+0000] {dag.py:3239} INFO - Sync 1 DAGs
[2025-06-28T19:37:56.631+0000] {logging_mixin.py:190} INFO - [2025-06-28T19:37:56.631+0000] {dag.py:4180} INFO - Setting next_dagrun for extract_raw_data_pipeline to 2025-06-28 07:58:00+00:00, run_after=2025-06-28 07:59:00+00:00
[2025-06-28T19:37:56.670+0000] {processor.py:208} INFO - Processing /opt/airflow/dags/driven_data_pipeline.py took 0.341 seconds
[2025-06-28T19:38:26.815+0000] {processor.py:186} INFO - Started process (PID=335) to work on /opt/airflow/dags/driven_data_pipeline.py
[2025-06-28T19:38:26.817+0000] {processor.py:914} INFO - Processing file /opt/airflow/dags/driven_data_pipeline.py for tasks to queue
[2025-06-28T19:38:26.821+0000] {logging_mixin.py:190} INFO - [2025-06-28T19:38:26.820+0000] {dagbag.py:588} INFO - Filling up the DagBag from /opt/airflow/dags/driven_data_pipeline.py
[2025-06-28T19:38:26.998+0000] {processor.py:925} INFO - DAG(s) 'extract_raw_data_pipeline' retrieved from /opt/airflow/dags/driven_data_pipeline.py
[2025-06-28T19:38:27.023+0000] {logging_mixin.py:190} INFO - [2025-06-28T19:38:27.023+0000] {dag.py:3239} INFO - Sync 1 DAGs
[2025-06-28T19:38:27.046+0000] {logging_mixin.py:190} INFO - [2025-06-28T19:38:27.046+0000] {dag.py:4180} INFO - Setting next_dagrun for extract_raw_data_pipeline to 2025-06-28 07:58:00+00:00, run_after=2025-06-28 07:59:00+00:00
[2025-06-28T19:38:27.089+0000] {processor.py:208} INFO - Processing /opt/airflow/dags/driven_data_pipeline.py took 0.288 seconds
[2025-06-28T19:38:57.306+0000] {processor.py:186} INFO - Started process (PID=343) to work on /opt/airflow/dags/driven_data_pipeline.py
[2025-06-28T19:38:57.313+0000] {processor.py:914} INFO - Processing file /opt/airflow/dags/driven_data_pipeline.py for tasks to queue
[2025-06-28T19:38:57.316+0000] {logging_mixin.py:190} INFO - [2025-06-28T19:38:57.316+0000] {dagbag.py:588} INFO - Filling up the DagBag from /opt/airflow/dags/driven_data_pipeline.py
[2025-06-28T19:38:57.497+0000] {processor.py:925} INFO - DAG(s) 'extract_raw_data_pipeline' retrieved from /opt/airflow/dags/driven_data_pipeline.py
[2025-06-28T19:38:57.521+0000] {logging_mixin.py:190} INFO - [2025-06-28T19:38:57.521+0000] {dag.py:3239} INFO - Sync 1 DAGs
[2025-06-28T19:38:57.544+0000] {logging_mixin.py:190} INFO - [2025-06-28T19:38:57.543+0000] {dag.py:4180} INFO - Setting next_dagrun for extract_raw_data_pipeline to 2025-06-28 07:58:00+00:00, run_after=2025-06-28 07:59:00+00:00
[2025-06-28T19:38:57.576+0000] {processor.py:208} INFO - Processing /opt/airflow/dags/driven_data_pipeline.py took 0.277 seconds
[2025-06-28T19:39:27.762+0000] {processor.py:186} INFO - Started process (PID=351) to work on /opt/airflow/dags/driven_data_pipeline.py
[2025-06-28T19:39:27.764+0000] {processor.py:914} INFO - Processing file /opt/airflow/dags/driven_data_pipeline.py for tasks to queue
[2025-06-28T19:39:27.768+0000] {logging_mixin.py:190} INFO - [2025-06-28T19:39:27.767+0000] {dagbag.py:588} INFO - Filling up the DagBag from /opt/airflow/dags/driven_data_pipeline.py
[2025-06-28T19:39:27.962+0000] {processor.py:925} INFO - DAG(s) 'extract_raw_data_pipeline' retrieved from /opt/airflow/dags/driven_data_pipeline.py
[2025-06-28T19:39:27.995+0000] {logging_mixin.py:190} INFO - [2025-06-28T19:39:27.995+0000] {dag.py:3239} INFO - Sync 1 DAGs
[2025-06-28T19:39:28.020+0000] {logging_mixin.py:190} INFO - [2025-06-28T19:39:28.020+0000] {dag.py:4180} INFO - Setting next_dagrun for extract_raw_data_pipeline to 2025-06-28 07:58:00+00:00, run_after=2025-06-28 07:59:00+00:00
[2025-06-28T19:39:28.053+0000] {processor.py:208} INFO - Processing /opt/airflow/dags/driven_data_pipeline.py took 0.304 seconds
[2025-06-28T19:39:58.252+0000] {processor.py:186} INFO - Started process (PID=359) to work on /opt/airflow/dags/driven_data_pipeline.py
[2025-06-28T19:39:58.255+0000] {processor.py:914} INFO - Processing file /opt/airflow/dags/driven_data_pipeline.py for tasks to queue
[2025-06-28T19:39:58.265+0000] {logging_mixin.py:190} INFO - [2025-06-28T19:39:58.263+0000] {dagbag.py:588} INFO - Filling up the DagBag from /opt/airflow/dags/driven_data_pipeline.py
[2025-06-28T19:39:58.450+0000] {processor.py:925} INFO - DAG(s) 'extract_raw_data_pipeline' retrieved from /opt/airflow/dags/driven_data_pipeline.py
[2025-06-28T19:39:58.474+0000] {logging_mixin.py:190} INFO - [2025-06-28T19:39:58.474+0000] {dag.py:3239} INFO - Sync 1 DAGs
[2025-06-28T19:39:58.497+0000] {logging_mixin.py:190} INFO - [2025-06-28T19:39:58.497+0000] {dag.py:4180} INFO - Setting next_dagrun for extract_raw_data_pipeline to 2025-06-28 07:58:00+00:00, run_after=2025-06-28 07:59:00+00:00
[2025-06-28T19:39:58.554+0000] {processor.py:208} INFO - Processing /opt/airflow/dags/driven_data_pipeline.py took 0.308 seconds
[2025-06-28T19:40:28.674+0000] {processor.py:186} INFO - Started process (PID=367) to work on /opt/airflow/dags/driven_data_pipeline.py
[2025-06-28T19:40:28.675+0000] {processor.py:914} INFO - Processing file /opt/airflow/dags/driven_data_pipeline.py for tasks to queue
[2025-06-28T19:40:28.677+0000] {logging_mixin.py:190} INFO - [2025-06-28T19:40:28.677+0000] {dagbag.py:588} INFO - Filling up the DagBag from /opt/airflow/dags/driven_data_pipeline.py
[2025-06-28T19:40:28.901+0000] {processor.py:925} INFO - DAG(s) 'extract_raw_data_pipeline' retrieved from /opt/airflow/dags/driven_data_pipeline.py
[2025-06-28T19:40:28.934+0000] {logging_mixin.py:190} INFO - [2025-06-28T19:40:28.934+0000] {dag.py:3239} INFO - Sync 1 DAGs
[2025-06-28T19:40:28.964+0000] {logging_mixin.py:190} INFO - [2025-06-28T19:40:28.964+0000] {dag.py:4180} INFO - Setting next_dagrun for extract_raw_data_pipeline to 2025-06-28 07:58:00+00:00, run_after=2025-06-28 07:59:00+00:00
[2025-06-28T19:40:29.038+0000] {processor.py:208} INFO - Processing /opt/airflow/dags/driven_data_pipeline.py took 0.370 seconds
[2025-06-28T19:40:59.262+0000] {processor.py:186} INFO - Started process (PID=375) to work on /opt/airflow/dags/driven_data_pipeline.py
[2025-06-28T19:40:59.271+0000] {processor.py:914} INFO - Processing file /opt/airflow/dags/driven_data_pipeline.py for tasks to queue
[2025-06-28T19:40:59.281+0000] {logging_mixin.py:190} INFO - [2025-06-28T19:40:59.280+0000] {dagbag.py:588} INFO - Filling up the DagBag from /opt/airflow/dags/driven_data_pipeline.py
[2025-06-28T19:40:59.487+0000] {processor.py:925} INFO - DAG(s) 'extract_raw_data_pipeline' retrieved from /opt/airflow/dags/driven_data_pipeline.py
[2025-06-28T19:40:59.510+0000] {logging_mixin.py:190} INFO - [2025-06-28T19:40:59.510+0000] {dag.py:3239} INFO - Sync 1 DAGs
[2025-06-28T19:40:59.532+0000] {logging_mixin.py:190} INFO - [2025-06-28T19:40:59.532+0000] {dag.py:4180} INFO - Setting next_dagrun for extract_raw_data_pipeline to 2025-06-28 07:58:00+00:00, run_after=2025-06-28 07:59:00+00:00
[2025-06-28T19:40:59.572+0000] {processor.py:208} INFO - Processing /opt/airflow/dags/driven_data_pipeline.py took 0.344 seconds
[2025-06-28T19:41:29.772+0000] {processor.py:186} INFO - Started process (PID=389) to work on /opt/airflow/dags/driven_data_pipeline.py
[2025-06-28T19:41:29.773+0000] {processor.py:914} INFO - Processing file /opt/airflow/dags/driven_data_pipeline.py for tasks to queue
[2025-06-28T19:41:29.779+0000] {logging_mixin.py:190} INFO - [2025-06-28T19:41:29.778+0000] {dagbag.py:588} INFO - Filling up the DagBag from /opt/airflow/dags/driven_data_pipeline.py
[2025-06-28T19:41:29.954+0000] {processor.py:925} INFO - DAG(s) 'extract_raw_data_pipeline' retrieved from /opt/airflow/dags/driven_data_pipeline.py
[2025-06-28T19:41:29.978+0000] {logging_mixin.py:190} INFO - [2025-06-28T19:41:29.977+0000] {dag.py:3239} INFO - Sync 1 DAGs
[2025-06-28T19:41:29.999+0000] {logging_mixin.py:190} INFO - [2025-06-28T19:41:29.999+0000] {dag.py:4180} INFO - Setting next_dagrun for extract_raw_data_pipeline to 2025-06-28 07:58:00+00:00, run_after=2025-06-28 07:59:00+00:00
[2025-06-28T19:41:30.928+0000] {processor.py:208} INFO - Processing /opt/airflow/dags/driven_data_pipeline.py took 1.174 seconds
[2025-06-28T19:42:01.210+0000] {processor.py:186} INFO - Started process (PID=397) to work on /opt/airflow/dags/driven_data_pipeline.py
[2025-06-28T19:42:01.211+0000] {processor.py:914} INFO - Processing file /opt/airflow/dags/driven_data_pipeline.py for tasks to queue
[2025-06-28T19:42:01.214+0000] {logging_mixin.py:190} INFO - [2025-06-28T19:42:01.213+0000] {dagbag.py:588} INFO - Filling up the DagBag from /opt/airflow/dags/driven_data_pipeline.py
[2025-06-28T19:42:01.409+0000] {processor.py:925} INFO - DAG(s) 'extract_raw_data_pipeline' retrieved from /opt/airflow/dags/driven_data_pipeline.py
[2025-06-28T19:42:01.436+0000] {logging_mixin.py:190} INFO - [2025-06-28T19:42:01.435+0000] {dag.py:3239} INFO - Sync 1 DAGs
[2025-06-28T19:42:01.462+0000] {logging_mixin.py:190} INFO - [2025-06-28T19:42:01.462+0000] {dag.py:4180} INFO - Setting next_dagrun for extract_raw_data_pipeline to 2025-06-28 07:58:00+00:00, run_after=2025-06-28 07:59:00+00:00
[2025-06-28T19:42:01.497+0000] {processor.py:208} INFO - Processing /opt/airflow/dags/driven_data_pipeline.py took 0.293 seconds
[2025-06-28T19:42:31.630+0000] {processor.py:186} INFO - Started process (PID=405) to work on /opt/airflow/dags/driven_data_pipeline.py
[2025-06-28T19:42:31.642+0000] {processor.py:914} INFO - Processing file /opt/airflow/dags/driven_data_pipeline.py for tasks to queue
[2025-06-28T19:42:31.645+0000] {logging_mixin.py:190} INFO - [2025-06-28T19:42:31.644+0000] {dagbag.py:588} INFO - Filling up the DagBag from /opt/airflow/dags/driven_data_pipeline.py
[2025-06-28T19:42:31.854+0000] {processor.py:925} INFO - DAG(s) 'extract_raw_data_pipeline' retrieved from /opt/airflow/dags/driven_data_pipeline.py
[2025-06-28T19:42:31.891+0000] {logging_mixin.py:190} INFO - [2025-06-28T19:42:31.890+0000] {dag.py:3239} INFO - Sync 1 DAGs
[2025-06-28T19:42:31.928+0000] {logging_mixin.py:190} INFO - [2025-06-28T19:42:31.928+0000] {dag.py:4180} INFO - Setting next_dagrun for extract_raw_data_pipeline to 2025-06-28 07:58:00+00:00, run_after=2025-06-28 07:59:00+00:00
[2025-06-28T19:42:31.976+0000] {processor.py:208} INFO - Processing /opt/airflow/dags/driven_data_pipeline.py took 0.352 seconds
[2025-06-28T19:43:02.328+0000] {processor.py:186} INFO - Started process (PID=413) to work on /opt/airflow/dags/driven_data_pipeline.py
[2025-06-28T19:43:02.331+0000] {processor.py:914} INFO - Processing file /opt/airflow/dags/driven_data_pipeline.py for tasks to queue
[2025-06-28T19:43:02.334+0000] {logging_mixin.py:190} INFO - [2025-06-28T19:43:02.333+0000] {dagbag.py:588} INFO - Filling up the DagBag from /opt/airflow/dags/driven_data_pipeline.py
[2025-06-28T19:43:02.572+0000] {processor.py:925} INFO - DAG(s) 'extract_raw_data_pipeline' retrieved from /opt/airflow/dags/driven_data_pipeline.py
[2025-06-28T19:43:02.601+0000] {logging_mixin.py:190} INFO - [2025-06-28T19:43:02.600+0000] {dag.py:3239} INFO - Sync 1 DAGs
[2025-06-28T19:43:02.625+0000] {logging_mixin.py:190} INFO - [2025-06-28T19:43:02.625+0000] {dag.py:4180} INFO - Setting next_dagrun for extract_raw_data_pipeline to 2025-06-28 07:58:00+00:00, run_after=2025-06-28 07:59:00+00:00
[2025-06-28T19:43:02.663+0000] {processor.py:208} INFO - Processing /opt/airflow/dags/driven_data_pipeline.py took 0.353 seconds
[2025-06-28T19:43:33.006+0000] {processor.py:186} INFO - Started process (PID=421) to work on /opt/airflow/dags/driven_data_pipeline.py
[2025-06-28T19:43:33.007+0000] {processor.py:914} INFO - Processing file /opt/airflow/dags/driven_data_pipeline.py for tasks to queue
[2025-06-28T19:43:33.010+0000] {logging_mixin.py:190} INFO - [2025-06-28T19:43:33.009+0000] {dagbag.py:588} INFO - Filling up the DagBag from /opt/airflow/dags/driven_data_pipeline.py
[2025-06-28T19:43:33.309+0000] {processor.py:925} INFO - DAG(s) 'extract_raw_data_pipeline' retrieved from /opt/airflow/dags/driven_data_pipeline.py
[2025-06-28T19:43:33.346+0000] {logging_mixin.py:190} INFO - [2025-06-28T19:43:33.346+0000] {dag.py:3239} INFO - Sync 1 DAGs
[2025-06-28T19:43:33.380+0000] {logging_mixin.py:190} INFO - [2025-06-28T19:43:33.380+0000] {dag.py:4180} INFO - Setting next_dagrun for extract_raw_data_pipeline to 2025-06-28 07:58:00+00:00, run_after=2025-06-28 07:59:00+00:00
[2025-06-28T19:43:33.424+0000] {processor.py:208} INFO - Processing /opt/airflow/dags/driven_data_pipeline.py took 0.431 seconds
[2025-06-28T19:44:03.729+0000] {processor.py:186} INFO - Started process (PID=429) to work on /opt/airflow/dags/driven_data_pipeline.py
[2025-06-28T19:44:03.730+0000] {processor.py:914} INFO - Processing file /opt/airflow/dags/driven_data_pipeline.py for tasks to queue
[2025-06-28T19:44:03.733+0000] {logging_mixin.py:190} INFO - [2025-06-28T19:44:03.733+0000] {dagbag.py:588} INFO - Filling up the DagBag from /opt/airflow/dags/driven_data_pipeline.py
[2025-06-28T19:44:03.932+0000] {processor.py:925} INFO - DAG(s) 'extract_raw_data_pipeline' retrieved from /opt/airflow/dags/driven_data_pipeline.py
[2025-06-28T19:44:03.959+0000] {logging_mixin.py:190} INFO - [2025-06-28T19:44:03.959+0000] {dag.py:3239} INFO - Sync 1 DAGs
[2025-06-28T19:44:03.987+0000] {logging_mixin.py:190} INFO - [2025-06-28T19:44:03.987+0000] {dag.py:4180} INFO - Setting next_dagrun for extract_raw_data_pipeline to 2025-06-28 07:58:00+00:00, run_after=2025-06-28 07:59:00+00:00
[2025-06-28T19:44:04.075+0000] {processor.py:208} INFO - Processing /opt/airflow/dags/driven_data_pipeline.py took 0.354 seconds
[2025-06-28T19:44:34.341+0000] {processor.py:186} INFO - Started process (PID=437) to work on /opt/airflow/dags/driven_data_pipeline.py
[2025-06-28T19:44:34.341+0000] {processor.py:914} INFO - Processing file /opt/airflow/dags/driven_data_pipeline.py for tasks to queue
[2025-06-28T19:44:34.345+0000] {logging_mixin.py:190} INFO - [2025-06-28T19:44:34.345+0000] {dagbag.py:588} INFO - Filling up the DagBag from /opt/airflow/dags/driven_data_pipeline.py
[2025-06-28T19:44:34.621+0000] {processor.py:925} INFO - DAG(s) 'extract_raw_data_pipeline' retrieved from /opt/airflow/dags/driven_data_pipeline.py
[2025-06-28T19:44:34.664+0000] {logging_mixin.py:190} INFO - [2025-06-28T19:44:34.663+0000] {dag.py:3239} INFO - Sync 1 DAGs
[2025-06-28T19:44:34.704+0000] {logging_mixin.py:190} INFO - [2025-06-28T19:44:34.704+0000] {dag.py:4180} INFO - Setting next_dagrun for extract_raw_data_pipeline to 2025-06-28 07:58:00+00:00, run_after=2025-06-28 07:59:00+00:00
[2025-06-28T19:44:35.237+0000] {processor.py:208} INFO - Processing /opt/airflow/dags/driven_data_pipeline.py took 0.905 seconds
[2025-06-28T19:45:05.408+0000] {processor.py:186} INFO - Started process (PID=445) to work on /opt/airflow/dags/driven_data_pipeline.py
[2025-06-28T19:45:05.411+0000] {processor.py:914} INFO - Processing file /opt/airflow/dags/driven_data_pipeline.py for tasks to queue
[2025-06-28T19:45:05.421+0000] {logging_mixin.py:190} INFO - [2025-06-28T19:45:05.420+0000] {dagbag.py:588} INFO - Filling up the DagBag from /opt/airflow/dags/driven_data_pipeline.py
[2025-06-28T19:45:05.677+0000] {processor.py:925} INFO - DAG(s) 'extract_raw_data_pipeline' retrieved from /opt/airflow/dags/driven_data_pipeline.py
[2025-06-28T19:45:05.706+0000] {logging_mixin.py:190} INFO - [2025-06-28T19:45:05.706+0000] {dag.py:3239} INFO - Sync 1 DAGs
[2025-06-28T19:45:05.733+0000] {logging_mixin.py:190} INFO - [2025-06-28T19:45:05.733+0000] {dag.py:4180} INFO - Setting next_dagrun for extract_raw_data_pipeline to 2025-06-28 07:58:00+00:00, run_after=2025-06-28 07:59:00+00:00
[2025-06-28T19:45:06.768+0000] {processor.py:208} INFO - Processing /opt/airflow/dags/driven_data_pipeline.py took 1.405 seconds
[2025-06-28T19:45:37.074+0000] {processor.py:186} INFO - Started process (PID=453) to work on /opt/airflow/dags/driven_data_pipeline.py
[2025-06-28T19:45:37.076+0000] {processor.py:914} INFO - Processing file /opt/airflow/dags/driven_data_pipeline.py for tasks to queue
[2025-06-28T19:45:37.081+0000] {logging_mixin.py:190} INFO - [2025-06-28T19:45:37.080+0000] {dagbag.py:588} INFO - Filling up the DagBag from /opt/airflow/dags/driven_data_pipeline.py
[2025-06-28T19:45:37.311+0000] {processor.py:925} INFO - DAG(s) 'extract_raw_data_pipeline' retrieved from /opt/airflow/dags/driven_data_pipeline.py
[2025-06-28T19:45:37.338+0000] {logging_mixin.py:190} INFO - [2025-06-28T19:45:37.338+0000] {dag.py:3239} INFO - Sync 1 DAGs
[2025-06-28T19:45:37.365+0000] {logging_mixin.py:190} INFO - [2025-06-28T19:45:37.365+0000] {dag.py:4180} INFO - Setting next_dagrun for extract_raw_data_pipeline to 2025-06-28 07:58:00+00:00, run_after=2025-06-28 07:59:00+00:00
[2025-06-28T19:45:37.618+0000] {processor.py:208} INFO - Processing /opt/airflow/dags/driven_data_pipeline.py took 0.565 seconds
[2025-06-28T19:46:08.053+0000] {processor.py:186} INFO - Started process (PID=460) to work on /opt/airflow/dags/driven_data_pipeline.py
[2025-06-28T19:46:08.062+0000] {processor.py:914} INFO - Processing file /opt/airflow/dags/driven_data_pipeline.py for tasks to queue
[2025-06-28T19:46:08.065+0000] {logging_mixin.py:190} INFO - [2025-06-28T19:46:08.065+0000] {dagbag.py:588} INFO - Filling up the DagBag from /opt/airflow/dags/driven_data_pipeline.py
[2025-06-28T19:46:08.291+0000] {processor.py:925} INFO - DAG(s) 'extract_raw_data_pipeline' retrieved from /opt/airflow/dags/driven_data_pipeline.py
[2025-06-28T19:46:08.327+0000] {logging_mixin.py:190} INFO - [2025-06-28T19:46:08.326+0000] {dag.py:3239} INFO - Sync 1 DAGs
[2025-06-28T19:46:08.360+0000] {logging_mixin.py:190} INFO - [2025-06-28T19:46:08.360+0000] {dag.py:4180} INFO - Setting next_dagrun for extract_raw_data_pipeline to 2025-06-28 07:58:00+00:00, run_after=2025-06-28 07:59:00+00:00
[2025-06-28T19:46:08.403+0000] {processor.py:208} INFO - Processing /opt/airflow/dags/driven_data_pipeline.py took 0.360 seconds
[2025-06-28T19:46:38.781+0000] {processor.py:186} INFO - Started process (PID=468) to work on /opt/airflow/dags/driven_data_pipeline.py
[2025-06-28T19:46:38.790+0000] {processor.py:914} INFO - Processing file /opt/airflow/dags/driven_data_pipeline.py for tasks to queue
[2025-06-28T19:46:38.792+0000] {logging_mixin.py:190} INFO - [2025-06-28T19:46:38.792+0000] {dagbag.py:588} INFO - Filling up the DagBag from /opt/airflow/dags/driven_data_pipeline.py
[2025-06-28T19:46:39.017+0000] {processor.py:925} INFO - DAG(s) 'extract_raw_data_pipeline' retrieved from /opt/airflow/dags/driven_data_pipeline.py
[2025-06-28T19:46:39.051+0000] {logging_mixin.py:190} INFO - [2025-06-28T19:46:39.051+0000] {dag.py:3239} INFO - Sync 1 DAGs
[2025-06-28T19:46:39.084+0000] {logging_mixin.py:190} INFO - [2025-06-28T19:46:39.084+0000] {dag.py:4180} INFO - Setting next_dagrun for extract_raw_data_pipeline to 2025-06-28 07:58:00+00:00, run_after=2025-06-28 07:59:00+00:00
[2025-06-28T19:46:39.131+0000] {processor.py:208} INFO - Processing /opt/airflow/dags/driven_data_pipeline.py took 0.357 seconds
[2025-06-28T19:47:09.461+0000] {processor.py:186} INFO - Started process (PID=476) to work on /opt/airflow/dags/driven_data_pipeline.py
[2025-06-28T19:47:09.482+0000] {processor.py:914} INFO - Processing file /opt/airflow/dags/driven_data_pipeline.py for tasks to queue
[2025-06-28T19:47:09.484+0000] {logging_mixin.py:190} INFO - [2025-06-28T19:47:09.484+0000] {dagbag.py:588} INFO - Filling up the DagBag from /opt/airflow/dags/driven_data_pipeline.py
[2025-06-28T19:47:09.711+0000] {processor.py:925} INFO - DAG(s) 'extract_raw_data_pipeline' retrieved from /opt/airflow/dags/driven_data_pipeline.py
[2025-06-28T19:47:09.744+0000] {logging_mixin.py:190} INFO - [2025-06-28T19:47:09.744+0000] {dag.py:3239} INFO - Sync 1 DAGs
[2025-06-28T19:47:09.780+0000] {logging_mixin.py:190} INFO - [2025-06-28T19:47:09.780+0000] {dag.py:4180} INFO - Setting next_dagrun for extract_raw_data_pipeline to 2025-06-28 07:58:00+00:00, run_after=2025-06-28 07:59:00+00:00
[2025-06-28T19:47:09.818+0000] {processor.py:208} INFO - Processing /opt/airflow/dags/driven_data_pipeline.py took 0.364 seconds
[2025-06-28T19:47:39.865+0000] {processor.py:186} INFO - Started process (PID=484) to work on /opt/airflow/dags/driven_data_pipeline.py
[2025-06-28T19:47:39.867+0000] {processor.py:914} INFO - Processing file /opt/airflow/dags/driven_data_pipeline.py for tasks to queue
[2025-06-28T19:47:39.871+0000] {logging_mixin.py:190} INFO - [2025-06-28T19:47:39.870+0000] {dagbag.py:588} INFO - Filling up the DagBag from /opt/airflow/dags/driven_data_pipeline.py
[2025-06-28T19:47:40.077+0000] {processor.py:925} INFO - DAG(s) 'extract_raw_data_pipeline' retrieved from /opt/airflow/dags/driven_data_pipeline.py
[2025-06-28T19:47:40.107+0000] {logging_mixin.py:190} INFO - [2025-06-28T19:47:40.107+0000] {dag.py:3239} INFO - Sync 1 DAGs
[2025-06-28T19:47:40.138+0000] {logging_mixin.py:190} INFO - [2025-06-28T19:47:40.138+0000] {dag.py:4180} INFO - Setting next_dagrun for extract_raw_data_pipeline to 2025-06-28 07:58:00+00:00, run_after=2025-06-28 07:59:00+00:00
[2025-06-28T19:47:40.176+0000] {processor.py:208} INFO - Processing /opt/airflow/dags/driven_data_pipeline.py took 0.317 seconds
[2025-06-28T19:48:10.652+0000] {processor.py:186} INFO - Started process (PID=492) to work on /opt/airflow/dags/driven_data_pipeline.py
[2025-06-28T19:48:10.654+0000] {processor.py:914} INFO - Processing file /opt/airflow/dags/driven_data_pipeline.py for tasks to queue
[2025-06-28T19:48:10.659+0000] {logging_mixin.py:190} INFO - [2025-06-28T19:48:10.658+0000] {dagbag.py:588} INFO - Filling up the DagBag from /opt/airflow/dags/driven_data_pipeline.py
[2025-06-28T19:48:10.869+0000] {processor.py:925} INFO - DAG(s) 'extract_raw_data_pipeline' retrieved from /opt/airflow/dags/driven_data_pipeline.py
[2025-06-28T19:48:10.897+0000] {logging_mixin.py:190} INFO - [2025-06-28T19:48:10.896+0000] {dag.py:3239} INFO - Sync 1 DAGs
[2025-06-28T19:48:10.924+0000] {logging_mixin.py:190} INFO - [2025-06-28T19:48:10.924+0000] {dag.py:4180} INFO - Setting next_dagrun for extract_raw_data_pipeline to 2025-06-28 07:58:00+00:00, run_after=2025-06-28 07:59:00+00:00
[2025-06-28T19:48:10.982+0000] {processor.py:208} INFO - Processing /opt/airflow/dags/driven_data_pipeline.py took 0.361 seconds
[2025-06-28T19:48:41.057+0000] {processor.py:186} INFO - Started process (PID=500) to work on /opt/airflow/dags/driven_data_pipeline.py
[2025-06-28T19:48:41.058+0000] {processor.py:914} INFO - Processing file /opt/airflow/dags/driven_data_pipeline.py for tasks to queue
[2025-06-28T19:48:41.061+0000] {logging_mixin.py:190} INFO - [2025-06-28T19:48:41.060+0000] {dagbag.py:588} INFO - Filling up the DagBag from /opt/airflow/dags/driven_data_pipeline.py
[2025-06-28T19:48:41.271+0000] {processor.py:925} INFO - DAG(s) 'extract_raw_data_pipeline' retrieved from /opt/airflow/dags/driven_data_pipeline.py
[2025-06-28T19:48:41.301+0000] {logging_mixin.py:190} INFO - [2025-06-28T19:48:41.301+0000] {dag.py:3239} INFO - Sync 1 DAGs
[2025-06-28T19:48:41.329+0000] {logging_mixin.py:190} INFO - [2025-06-28T19:48:41.329+0000] {dag.py:4180} INFO - Setting next_dagrun for extract_raw_data_pipeline to 2025-06-28 07:58:00+00:00, run_after=2025-06-28 07:59:00+00:00
[2025-06-28T19:48:41.372+0000] {processor.py:208} INFO - Processing /opt/airflow/dags/driven_data_pipeline.py took 0.323 seconds
[2025-06-28T19:49:11.809+0000] {processor.py:186} INFO - Started process (PID=508) to work on /opt/airflow/dags/driven_data_pipeline.py
[2025-06-28T19:49:11.818+0000] {processor.py:914} INFO - Processing file /opt/airflow/dags/driven_data_pipeline.py for tasks to queue
[2025-06-28T19:49:11.824+0000] {logging_mixin.py:190} INFO - [2025-06-28T19:49:11.823+0000] {dagbag.py:588} INFO - Filling up the DagBag from /opt/airflow/dags/driven_data_pipeline.py
[2025-06-28T19:49:12.044+0000] {processor.py:925} INFO - DAG(s) 'extract_raw_data_pipeline' retrieved from /opt/airflow/dags/driven_data_pipeline.py
[2025-06-28T19:49:12.069+0000] {logging_mixin.py:190} INFO - [2025-06-28T19:49:12.069+0000] {dag.py:3239} INFO - Sync 1 DAGs
[2025-06-28T19:49:12.094+0000] {logging_mixin.py:190} INFO - [2025-06-28T19:49:12.094+0000] {dag.py:4180} INFO - Setting next_dagrun for extract_raw_data_pipeline to 2025-06-28 07:58:00+00:00, run_after=2025-06-28 07:59:00+00:00
[2025-06-28T19:49:12.146+0000] {processor.py:208} INFO - Processing /opt/airflow/dags/driven_data_pipeline.py took 0.371 seconds
[2025-06-28T19:49:42.559+0000] {processor.py:186} INFO - Started process (PID=516) to work on /opt/airflow/dags/driven_data_pipeline.py
[2025-06-28T19:49:42.562+0000] {processor.py:914} INFO - Processing file /opt/airflow/dags/driven_data_pipeline.py for tasks to queue
[2025-06-28T19:49:42.574+0000] {logging_mixin.py:190} INFO - [2025-06-28T19:49:42.572+0000] {dagbag.py:588} INFO - Filling up the DagBag from /opt/airflow/dags/driven_data_pipeline.py
[2025-06-28T19:49:42.820+0000] {processor.py:925} INFO - DAG(s) 'extract_raw_data_pipeline' retrieved from /opt/airflow/dags/driven_data_pipeline.py
[2025-06-28T19:49:42.851+0000] {logging_mixin.py:190} INFO - [2025-06-28T19:49:42.851+0000] {dag.py:3239} INFO - Sync 1 DAGs
[2025-06-28T19:49:42.880+0000] {logging_mixin.py:190} INFO - [2025-06-28T19:49:42.880+0000] {dag.py:4180} INFO - Setting next_dagrun for extract_raw_data_pipeline to 2025-06-28 07:58:00+00:00, run_after=2025-06-28 07:59:00+00:00
[2025-06-28T19:49:42.920+0000] {processor.py:208} INFO - Processing /opt/airflow/dags/driven_data_pipeline.py took 0.387 seconds
[2025-06-28T19:50:13.352+0000] {processor.py:186} INFO - Started process (PID=524) to work on /opt/airflow/dags/driven_data_pipeline.py
[2025-06-28T19:50:13.356+0000] {processor.py:914} INFO - Processing file /opt/airflow/dags/driven_data_pipeline.py for tasks to queue
[2025-06-28T19:50:13.360+0000] {logging_mixin.py:190} INFO - [2025-06-28T19:50:13.359+0000] {dagbag.py:588} INFO - Filling up the DagBag from /opt/airflow/dags/driven_data_pipeline.py
[2025-06-28T19:50:13.644+0000] {processor.py:925} INFO - DAG(s) 'extract_raw_data_pipeline' retrieved from /opt/airflow/dags/driven_data_pipeline.py
[2025-06-28T19:50:13.673+0000] {logging_mixin.py:190} INFO - [2025-06-28T19:50:13.673+0000] {dag.py:3239} INFO - Sync 1 DAGs
[2025-06-28T19:50:13.707+0000] {logging_mixin.py:190} INFO - [2025-06-28T19:50:13.706+0000] {dag.py:4180} INFO - Setting next_dagrun for extract_raw_data_pipeline to 2025-06-28 07:58:00+00:00, run_after=2025-06-28 07:59:00+00:00
[2025-06-28T19:50:13.745+0000] {processor.py:208} INFO - Processing /opt/airflow/dags/driven_data_pipeline.py took 0.407 seconds
[2025-06-28T19:50:44.185+0000] {processor.py:186} INFO - Started process (PID=532) to work on /opt/airflow/dags/driven_data_pipeline.py
[2025-06-28T19:50:44.186+0000] {processor.py:914} INFO - Processing file /opt/airflow/dags/driven_data_pipeline.py for tasks to queue
[2025-06-28T19:50:44.190+0000] {logging_mixin.py:190} INFO - [2025-06-28T19:50:44.189+0000] {dagbag.py:588} INFO - Filling up the DagBag from /opt/airflow/dags/driven_data_pipeline.py
[2025-06-28T19:50:44.387+0000] {processor.py:925} INFO - DAG(s) 'extract_raw_data_pipeline' retrieved from /opt/airflow/dags/driven_data_pipeline.py
[2025-06-28T19:50:44.415+0000] {logging_mixin.py:190} INFO - [2025-06-28T19:50:44.414+0000] {dag.py:3239} INFO - Sync 1 DAGs
[2025-06-28T19:50:44.445+0000] {logging_mixin.py:190} INFO - [2025-06-28T19:50:44.445+0000] {dag.py:4180} INFO - Setting next_dagrun for extract_raw_data_pipeline to 2025-06-28 07:58:00+00:00, run_after=2025-06-28 07:59:00+00:00
[2025-06-28T19:50:44.907+0000] {processor.py:208} INFO - Processing /opt/airflow/dags/driven_data_pipeline.py took 0.732 seconds
[2025-06-28T19:51:15.245+0000] {processor.py:186} INFO - Started process (PID=540) to work on /opt/airflow/dags/driven_data_pipeline.py
[2025-06-28T19:51:15.249+0000] {processor.py:914} INFO - Processing file /opt/airflow/dags/driven_data_pipeline.py for tasks to queue
[2025-06-28T19:51:15.261+0000] {logging_mixin.py:190} INFO - [2025-06-28T19:51:15.258+0000] {dagbag.py:588} INFO - Filling up the DagBag from /opt/airflow/dags/driven_data_pipeline.py
[2025-06-28T19:51:15.511+0000] {processor.py:925} INFO - DAG(s) 'extract_raw_data_pipeline' retrieved from /opt/airflow/dags/driven_data_pipeline.py
[2025-06-28T19:51:15.537+0000] {logging_mixin.py:190} INFO - [2025-06-28T19:51:15.537+0000] {dag.py:3239} INFO - Sync 1 DAGs
[2025-06-28T19:51:15.565+0000] {logging_mixin.py:190} INFO - [2025-06-28T19:51:15.565+0000] {dag.py:4180} INFO - Setting next_dagrun for extract_raw_data_pipeline to 2025-06-28 07:58:00+00:00, run_after=2025-06-28 07:59:00+00:00
[2025-06-28T19:51:15.604+0000] {processor.py:208} INFO - Processing /opt/airflow/dags/driven_data_pipeline.py took 0.397 seconds
[2025-06-28T19:51:45.722+0000] {processor.py:186} INFO - Started process (PID=548) to work on /opt/airflow/dags/driven_data_pipeline.py
[2025-06-28T19:51:45.724+0000] {processor.py:914} INFO - Processing file /opt/airflow/dags/driven_data_pipeline.py for tasks to queue
[2025-06-28T19:51:45.728+0000] {logging_mixin.py:190} INFO - [2025-06-28T19:51:45.727+0000] {dagbag.py:588} INFO - Filling up the DagBag from /opt/airflow/dags/driven_data_pipeline.py
[2025-06-28T19:51:45.951+0000] {processor.py:925} INFO - DAG(s) 'extract_raw_data_pipeline' retrieved from /opt/airflow/dags/driven_data_pipeline.py
[2025-06-28T19:51:45.980+0000] {logging_mixin.py:190} INFO - [2025-06-28T19:51:45.979+0000] {dag.py:3239} INFO - Sync 1 DAGs
[2025-06-28T19:51:46.008+0000] {logging_mixin.py:190} INFO - [2025-06-28T19:51:46.008+0000] {dag.py:4180} INFO - Setting next_dagrun for extract_raw_data_pipeline to 2025-06-28 07:58:00+00:00, run_after=2025-06-28 07:59:00+00:00
[2025-06-28T19:51:46.059+0000] {processor.py:208} INFO - Processing /opt/airflow/dags/driven_data_pipeline.py took 0.351 seconds
[2025-06-28T19:52:16.392+0000] {processor.py:186} INFO - Started process (PID=556) to work on /opt/airflow/dags/driven_data_pipeline.py
[2025-06-28T19:52:16.395+0000] {processor.py:914} INFO - Processing file /opt/airflow/dags/driven_data_pipeline.py for tasks to queue
[2025-06-28T19:52:16.406+0000] {logging_mixin.py:190} INFO - [2025-06-28T19:52:16.405+0000] {dagbag.py:588} INFO - Filling up the DagBag from /opt/airflow/dags/driven_data_pipeline.py
[2025-06-28T19:52:16.632+0000] {processor.py:925} INFO - DAG(s) 'extract_raw_data_pipeline' retrieved from /opt/airflow/dags/driven_data_pipeline.py
[2025-06-28T19:52:16.660+0000] {logging_mixin.py:190} INFO - [2025-06-28T19:52:16.659+0000] {dag.py:3239} INFO - Sync 1 DAGs
[2025-06-28T19:52:16.690+0000] {logging_mixin.py:190} INFO - [2025-06-28T19:52:16.689+0000] {dag.py:4180} INFO - Setting next_dagrun for extract_raw_data_pipeline to 2025-06-28 07:58:00+00:00, run_after=2025-06-28 07:59:00+00:00
[2025-06-28T19:52:16.836+0000] {processor.py:208} INFO - Processing /opt/airflow/dags/driven_data_pipeline.py took 0.477 seconds
[2025-06-28T19:52:47.276+0000] {processor.py:186} INFO - Started process (PID=564) to work on /opt/airflow/dags/driven_data_pipeline.py
[2025-06-28T19:52:47.277+0000] {processor.py:914} INFO - Processing file /opt/airflow/dags/driven_data_pipeline.py for tasks to queue
[2025-06-28T19:52:47.283+0000] {logging_mixin.py:190} INFO - [2025-06-28T19:52:47.282+0000] {dagbag.py:588} INFO - Filling up the DagBag from /opt/airflow/dags/driven_data_pipeline.py
[2025-06-28T19:52:47.613+0000] {processor.py:925} INFO - DAG(s) 'extract_raw_data_pipeline' retrieved from /opt/airflow/dags/driven_data_pipeline.py
[2025-06-28T19:52:47.674+0000] {logging_mixin.py:190} INFO - [2025-06-28T19:52:47.673+0000] {dag.py:3239} INFO - Sync 1 DAGs
[2025-06-28T19:52:47.733+0000] {logging_mixin.py:190} INFO - [2025-06-28T19:52:47.732+0000] {dag.py:4180} INFO - Setting next_dagrun for extract_raw_data_pipeline to 2025-06-28 07:58:00+00:00, run_after=2025-06-28 07:59:00+00:00
[2025-06-28T19:52:47.798+0000] {processor.py:208} INFO - Processing /opt/airflow/dags/driven_data_pipeline.py took 0.533 seconds
[2025-06-28T19:53:18.329+0000] {processor.py:186} INFO - Started process (PID=572) to work on /opt/airflow/dags/driven_data_pipeline.py
[2025-06-28T19:53:18.332+0000] {processor.py:914} INFO - Processing file /opt/airflow/dags/driven_data_pipeline.py for tasks to queue
[2025-06-28T19:53:18.340+0000] {logging_mixin.py:190} INFO - [2025-06-28T19:53:18.338+0000] {dagbag.py:588} INFO - Filling up the DagBag from /opt/airflow/dags/driven_data_pipeline.py
[2025-06-28T19:53:18.560+0000] {processor.py:925} INFO - DAG(s) 'extract_raw_data_pipeline' retrieved from /opt/airflow/dags/driven_data_pipeline.py
[2025-06-28T19:53:18.593+0000] {logging_mixin.py:190} INFO - [2025-06-28T19:53:18.593+0000] {dag.py:3239} INFO - Sync 1 DAGs
[2025-06-28T19:53:18.619+0000] {logging_mixin.py:190} INFO - [2025-06-28T19:53:18.619+0000] {dag.py:4180} INFO - Setting next_dagrun for extract_raw_data_pipeline to 2025-06-28 07:58:00+00:00, run_after=2025-06-28 07:59:00+00:00
[2025-06-28T19:53:19.302+0000] {processor.py:208} INFO - Processing /opt/airflow/dags/driven_data_pipeline.py took 1.005 seconds
[2025-06-28T19:53:49.748+0000] {processor.py:186} INFO - Started process (PID=580) to work on /opt/airflow/dags/driven_data_pipeline.py
[2025-06-28T19:53:49.751+0000] {processor.py:914} INFO - Processing file /opt/airflow/dags/driven_data_pipeline.py for tasks to queue
[2025-06-28T19:53:49.762+0000] {logging_mixin.py:190} INFO - [2025-06-28T19:53:49.760+0000] {dagbag.py:588} INFO - Filling up the DagBag from /opt/airflow/dags/driven_data_pipeline.py
[2025-06-28T19:53:50.005+0000] {processor.py:925} INFO - DAG(s) 'extract_raw_data_pipeline' retrieved from /opt/airflow/dags/driven_data_pipeline.py
[2025-06-28T19:53:50.031+0000] {logging_mixin.py:190} INFO - [2025-06-28T19:53:50.031+0000] {dag.py:3239} INFO - Sync 1 DAGs
[2025-06-28T19:53:50.058+0000] {logging_mixin.py:190} INFO - [2025-06-28T19:53:50.058+0000] {dag.py:4180} INFO - Setting next_dagrun for extract_raw_data_pipeline to 2025-06-28 07:58:00+00:00, run_after=2025-06-28 07:59:00+00:00
[2025-06-28T19:53:50.096+0000] {processor.py:208} INFO - Processing /opt/airflow/dags/driven_data_pipeline.py took 0.376 seconds
[2025-06-28T19:54:20.501+0000] {processor.py:186} INFO - Started process (PID=588) to work on /opt/airflow/dags/driven_data_pipeline.py
[2025-06-28T19:54:20.503+0000] {processor.py:914} INFO - Processing file /opt/airflow/dags/driven_data_pipeline.py for tasks to queue
[2025-06-28T19:54:20.507+0000] {logging_mixin.py:190} INFO - [2025-06-28T19:54:20.507+0000] {dagbag.py:588} INFO - Filling up the DagBag from /opt/airflow/dags/driven_data_pipeline.py
[2025-06-28T19:54:20.719+0000] {processor.py:925} INFO - DAG(s) 'extract_raw_data_pipeline' retrieved from /opt/airflow/dags/driven_data_pipeline.py
[2025-06-28T19:54:20.747+0000] {logging_mixin.py:190} INFO - [2025-06-28T19:54:20.747+0000] {dag.py:3239} INFO - Sync 1 DAGs
[2025-06-28T19:54:20.779+0000] {logging_mixin.py:190} INFO - [2025-06-28T19:54:20.779+0000] {dag.py:4180} INFO - Setting next_dagrun for extract_raw_data_pipeline to 2025-06-28 07:58:00+00:00, run_after=2025-06-28 07:59:00+00:00
[2025-06-28T19:54:20.818+0000] {processor.py:208} INFO - Processing /opt/airflow/dags/driven_data_pipeline.py took 0.346 seconds
[2025-06-28T19:54:51.301+0000] {processor.py:186} INFO - Started process (PID=596) to work on /opt/airflow/dags/driven_data_pipeline.py
[2025-06-28T19:54:51.304+0000] {processor.py:914} INFO - Processing file /opt/airflow/dags/driven_data_pipeline.py for tasks to queue
[2025-06-28T19:54:51.307+0000] {logging_mixin.py:190} INFO - [2025-06-28T19:54:51.307+0000] {dagbag.py:588} INFO - Filling up the DagBag from /opt/airflow/dags/driven_data_pipeline.py
[2025-06-28T19:54:51.519+0000] {processor.py:925} INFO - DAG(s) 'extract_raw_data_pipeline' retrieved from /opt/airflow/dags/driven_data_pipeline.py
[2025-06-28T19:54:51.547+0000] {logging_mixin.py:190} INFO - [2025-06-28T19:54:51.547+0000] {dag.py:3239} INFO - Sync 1 DAGs
[2025-06-28T19:54:51.573+0000] {logging_mixin.py:190} INFO - [2025-06-28T19:54:51.573+0000] {dag.py:4180} INFO - Setting next_dagrun for extract_raw_data_pipeline to 2025-06-28 07:58:00+00:00, run_after=2025-06-28 07:59:00+00:00
[2025-06-28T19:54:51.615+0000] {processor.py:208} INFO - Processing /opt/airflow/dags/driven_data_pipeline.py took 0.337 seconds
[2025-06-28T19:55:21.726+0000] {processor.py:186} INFO - Started process (PID=604) to work on /opt/airflow/dags/driven_data_pipeline.py
[2025-06-28T19:55:21.729+0000] {processor.py:914} INFO - Processing file /opt/airflow/dags/driven_data_pipeline.py for tasks to queue
[2025-06-28T19:55:21.739+0000] {logging_mixin.py:190} INFO - [2025-06-28T19:55:21.737+0000] {dagbag.py:588} INFO - Filling up the DagBag from /opt/airflow/dags/driven_data_pipeline.py
[2025-06-28T19:55:21.966+0000] {processor.py:925} INFO - DAG(s) 'extract_raw_data_pipeline' retrieved from /opt/airflow/dags/driven_data_pipeline.py
[2025-06-28T19:55:21.993+0000] {logging_mixin.py:190} INFO - [2025-06-28T19:55:21.993+0000] {dag.py:3239} INFO - Sync 1 DAGs
[2025-06-28T19:55:22.019+0000] {logging_mixin.py:190} INFO - [2025-06-28T19:55:22.019+0000] {dag.py:4180} INFO - Setting next_dagrun for extract_raw_data_pipeline to 2025-06-28 07:58:00+00:00, run_after=2025-06-28 07:59:00+00:00
[2025-06-28T19:55:22.055+0000] {processor.py:208} INFO - Processing /opt/airflow/dags/driven_data_pipeline.py took 0.361 seconds
[2025-06-28T19:55:52.441+0000] {processor.py:186} INFO - Started process (PID=612) to work on /opt/airflow/dags/driven_data_pipeline.py
[2025-06-28T19:55:52.442+0000] {processor.py:914} INFO - Processing file /opt/airflow/dags/driven_data_pipeline.py for tasks to queue
[2025-06-28T19:55:52.447+0000] {logging_mixin.py:190} INFO - [2025-06-28T19:55:52.446+0000] {dagbag.py:588} INFO - Filling up the DagBag from /opt/airflow/dags/driven_data_pipeline.py
[2025-06-28T19:55:52.667+0000] {processor.py:925} INFO - DAG(s) 'extract_raw_data_pipeline' retrieved from /opt/airflow/dags/driven_data_pipeline.py
[2025-06-28T19:55:52.697+0000] {logging_mixin.py:190} INFO - [2025-06-28T19:55:52.697+0000] {dag.py:3239} INFO - Sync 1 DAGs
[2025-06-28T19:55:52.725+0000] {logging_mixin.py:190} INFO - [2025-06-28T19:55:52.724+0000] {dag.py:4180} INFO - Setting next_dagrun for extract_raw_data_pipeline to 2025-06-28 07:58:00+00:00, run_after=2025-06-28 07:59:00+00:00
[2025-06-28T19:55:52.763+0000] {processor.py:208} INFO - Processing /opt/airflow/dags/driven_data_pipeline.py took 0.331 seconds
[2025-06-28T19:56:22.919+0000] {processor.py:186} INFO - Started process (PID=620) to work on /opt/airflow/dags/driven_data_pipeline.py
[2025-06-28T19:56:22.921+0000] {processor.py:914} INFO - Processing file /opt/airflow/dags/driven_data_pipeline.py for tasks to queue
[2025-06-28T19:56:22.926+0000] {logging_mixin.py:190} INFO - [2025-06-28T19:56:22.925+0000] {dagbag.py:588} INFO - Filling up the DagBag from /opt/airflow/dags/driven_data_pipeline.py
[2025-06-28T19:56:23.143+0000] {processor.py:925} INFO - DAG(s) 'extract_raw_data_pipeline' retrieved from /opt/airflow/dags/driven_data_pipeline.py
[2025-06-28T19:56:23.173+0000] {logging_mixin.py:190} INFO - [2025-06-28T19:56:23.173+0000] {dag.py:3239} INFO - Sync 1 DAGs
[2025-06-28T19:56:23.201+0000] {logging_mixin.py:190} INFO - [2025-06-28T19:56:23.201+0000] {dag.py:4180} INFO - Setting next_dagrun for extract_raw_data_pipeline to 2025-06-28 07:58:00+00:00, run_after=2025-06-28 07:59:00+00:00
[2025-06-28T19:56:23.250+0000] {processor.py:208} INFO - Processing /opt/airflow/dags/driven_data_pipeline.py took 0.361 seconds
[2025-06-28T19:56:53.564+0000] {processor.py:186} INFO - Started process (PID=628) to work on /opt/airflow/dags/driven_data_pipeline.py
[2025-06-28T19:56:53.709+0000] {processor.py:914} INFO - Processing file /opt/airflow/dags/driven_data_pipeline.py for tasks to queue
[2025-06-28T19:56:53.714+0000] {logging_mixin.py:190} INFO - [2025-06-28T19:56:53.713+0000] {dagbag.py:588} INFO - Filling up the DagBag from /opt/airflow/dags/driven_data_pipeline.py
[2025-06-28T19:56:53.974+0000] {processor.py:925} INFO - DAG(s) 'extract_raw_data_pipeline' retrieved from /opt/airflow/dags/driven_data_pipeline.py
[2025-06-28T19:56:54.002+0000] {logging_mixin.py:190} INFO - [2025-06-28T19:56:54.002+0000] {dag.py:3239} INFO - Sync 1 DAGs
[2025-06-28T19:56:54.031+0000] {logging_mixin.py:190} INFO - [2025-06-28T19:56:54.031+0000] {dag.py:4180} INFO - Setting next_dagrun for extract_raw_data_pipeline to 2025-06-28 07:58:00+00:00, run_after=2025-06-28 07:59:00+00:00
[2025-06-28T19:56:54.259+0000] {processor.py:208} INFO - Processing /opt/airflow/dags/driven_data_pipeline.py took 0.711 seconds
[2025-06-28T19:57:24.804+0000] {processor.py:186} INFO - Started process (PID=636) to work on /opt/airflow/dags/driven_data_pipeline.py
[2025-06-28T19:57:24.808+0000] {processor.py:914} INFO - Processing file /opt/airflow/dags/driven_data_pipeline.py for tasks to queue
[2025-06-28T19:57:24.821+0000] {logging_mixin.py:190} INFO - [2025-06-28T19:57:24.819+0000] {dagbag.py:588} INFO - Filling up the DagBag from /opt/airflow/dags/driven_data_pipeline.py
[2025-06-28T19:57:25.050+0000] {processor.py:925} INFO - DAG(s) 'extract_raw_data_pipeline' retrieved from /opt/airflow/dags/driven_data_pipeline.py
[2025-06-28T19:57:25.077+0000] {logging_mixin.py:190} INFO - [2025-06-28T19:57:25.077+0000] {dag.py:3239} INFO - Sync 1 DAGs
[2025-06-28T19:57:25.103+0000] {logging_mixin.py:190} INFO - [2025-06-28T19:57:25.102+0000] {dag.py:4180} INFO - Setting next_dagrun for extract_raw_data_pipeline to 2025-06-28 07:58:00+00:00, run_after=2025-06-28 07:59:00+00:00
[2025-06-28T19:57:25.140+0000] {processor.py:208} INFO - Processing /opt/airflow/dags/driven_data_pipeline.py took 0.373 seconds
[2025-06-28T19:57:55.404+0000] {processor.py:186} INFO - Started process (PID=644) to work on /opt/airflow/dags/driven_data_pipeline.py
[2025-06-28T19:57:55.414+0000] {processor.py:914} INFO - Processing file /opt/airflow/dags/driven_data_pipeline.py for tasks to queue
[2025-06-28T19:57:55.416+0000] {logging_mixin.py:190} INFO - [2025-06-28T19:57:55.416+0000] {dagbag.py:588} INFO - Filling up the DagBag from /opt/airflow/dags/driven_data_pipeline.py
[2025-06-28T19:57:55.645+0000] {processor.py:925} INFO - DAG(s) 'extract_raw_data_pipeline' retrieved from /opt/airflow/dags/driven_data_pipeline.py
[2025-06-28T19:57:55.677+0000] {logging_mixin.py:190} INFO - [2025-06-28T19:57:55.677+0000] {dag.py:3239} INFO - Sync 1 DAGs
[2025-06-28T19:57:55.705+0000] {logging_mixin.py:190} INFO - [2025-06-28T19:57:55.705+0000] {dag.py:4180} INFO - Setting next_dagrun for extract_raw_data_pipeline to 2025-06-28 07:58:00+00:00, run_after=2025-06-28 07:59:00+00:00
[2025-06-28T19:57:55.754+0000] {processor.py:208} INFO - Processing /opt/airflow/dags/driven_data_pipeline.py took 0.356 seconds
[2025-06-28T19:58:26.010+0000] {processor.py:186} INFO - Started process (PID=652) to work on /opt/airflow/dags/driven_data_pipeline.py
[2025-06-28T19:58:26.012+0000] {processor.py:914} INFO - Processing file /opt/airflow/dags/driven_data_pipeline.py for tasks to queue
[2025-06-28T19:58:26.017+0000] {logging_mixin.py:190} INFO - [2025-06-28T19:58:26.017+0000] {dagbag.py:588} INFO - Filling up the DagBag from /opt/airflow/dags/driven_data_pipeline.py
[2025-06-28T19:58:26.261+0000] {processor.py:925} INFO - DAG(s) 'extract_raw_data_pipeline' retrieved from /opt/airflow/dags/driven_data_pipeline.py
[2025-06-28T19:58:26.290+0000] {logging_mixin.py:190} INFO - [2025-06-28T19:58:26.290+0000] {dag.py:3239} INFO - Sync 1 DAGs
[2025-06-28T19:58:26.321+0000] {logging_mixin.py:190} INFO - [2025-06-28T19:58:26.321+0000] {dag.py:4180} INFO - Setting next_dagrun for extract_raw_data_pipeline to 2025-06-28 07:58:00+00:00, run_after=2025-06-28 07:59:00+00:00
[2025-06-28T19:58:26.597+0000] {processor.py:208} INFO - Processing /opt/airflow/dags/driven_data_pipeline.py took 0.604 seconds
[2025-06-28T19:58:57.004+0000] {processor.py:186} INFO - Started process (PID=660) to work on /opt/airflow/dags/driven_data_pipeline.py
[2025-06-28T19:58:57.011+0000] {processor.py:914} INFO - Processing file /opt/airflow/dags/driven_data_pipeline.py for tasks to queue
[2025-06-28T19:58:57.016+0000] {logging_mixin.py:190} INFO - [2025-06-28T19:58:57.015+0000] {dagbag.py:588} INFO - Filling up the DagBag from /opt/airflow/dags/driven_data_pipeline.py
[2025-06-28T19:58:57.261+0000] {processor.py:925} INFO - DAG(s) 'extract_raw_data_pipeline' retrieved from /opt/airflow/dags/driven_data_pipeline.py
[2025-06-28T19:58:57.287+0000] {logging_mixin.py:190} INFO - [2025-06-28T19:58:57.287+0000] {dag.py:3239} INFO - Sync 1 DAGs
[2025-06-28T19:58:57.316+0000] {logging_mixin.py:190} INFO - [2025-06-28T19:58:57.316+0000] {dag.py:4180} INFO - Setting next_dagrun for extract_raw_data_pipeline to 2025-06-28 07:58:00+00:00, run_after=2025-06-28 07:59:00+00:00
[2025-06-28T19:58:57.354+0000] {processor.py:208} INFO - Processing /opt/airflow/dags/driven_data_pipeline.py took 0.366 seconds
[2025-06-28T19:59:27.752+0000] {processor.py:186} INFO - Started process (PID=668) to work on /opt/airflow/dags/driven_data_pipeline.py
[2025-06-28T19:59:27.754+0000] {processor.py:914} INFO - Processing file /opt/airflow/dags/driven_data_pipeline.py for tasks to queue
[2025-06-28T19:59:27.762+0000] {logging_mixin.py:190} INFO - [2025-06-28T19:59:27.761+0000] {dagbag.py:588} INFO - Filling up the DagBag from /opt/airflow/dags/driven_data_pipeline.py
[2025-06-28T19:59:28.014+0000] {processor.py:925} INFO - DAG(s) 'extract_raw_data_pipeline' retrieved from /opt/airflow/dags/driven_data_pipeline.py
[2025-06-28T19:59:28.048+0000] {logging_mixin.py:190} INFO - [2025-06-28T19:59:28.048+0000] {dag.py:3239} INFO - Sync 1 DAGs
[2025-06-28T19:59:28.074+0000] {logging_mixin.py:190} INFO - [2025-06-28T19:59:28.074+0000] {dag.py:4180} INFO - Setting next_dagrun for extract_raw_data_pipeline to 2025-06-28 07:58:00+00:00, run_after=2025-06-28 07:59:00+00:00
[2025-06-28T19:59:28.107+0000] {processor.py:208} INFO - Processing /opt/airflow/dags/driven_data_pipeline.py took 0.378 seconds
[2025-06-28T19:59:58.500+0000] {processor.py:186} INFO - Started process (PID=676) to work on /opt/airflow/dags/driven_data_pipeline.py
[2025-06-28T19:59:58.513+0000] {processor.py:914} INFO - Processing file /opt/airflow/dags/driven_data_pipeline.py for tasks to queue
[2025-06-28T19:59:58.519+0000] {logging_mixin.py:190} INFO - [2025-06-28T19:59:58.518+0000] {dagbag.py:588} INFO - Filling up the DagBag from /opt/airflow/dags/driven_data_pipeline.py
[2025-06-28T19:59:58.770+0000] {processor.py:925} INFO - DAG(s) 'extract_raw_data_pipeline' retrieved from /opt/airflow/dags/driven_data_pipeline.py
[2025-06-28T19:59:58.800+0000] {logging_mixin.py:190} INFO - [2025-06-28T19:59:58.800+0000] {dag.py:3239} INFO - Sync 1 DAGs
[2025-06-28T19:59:58.823+0000] {logging_mixin.py:190} INFO - [2025-06-28T19:59:58.823+0000] {dag.py:4180} INFO - Setting next_dagrun for extract_raw_data_pipeline to 2025-06-28 07:58:00+00:00, run_after=2025-06-28 07:59:00+00:00
[2025-06-28T19:59:58.862+0000] {processor.py:208} INFO - Processing /opt/airflow/dags/driven_data_pipeline.py took 0.379 seconds
[2025-06-28T20:00:29.265+0000] {processor.py:186} INFO - Started process (PID=684) to work on /opt/airflow/dags/driven_data_pipeline.py
[2025-06-28T20:00:29.267+0000] {processor.py:914} INFO - Processing file /opt/airflow/dags/driven_data_pipeline.py for tasks to queue
[2025-06-28T20:00:29.271+0000] {logging_mixin.py:190} INFO - [2025-06-28T20:00:29.270+0000] {dagbag.py:588} INFO - Filling up the DagBag from /opt/airflow/dags/driven_data_pipeline.py
[2025-06-28T20:00:29.447+0000] {processor.py:925} INFO - DAG(s) 'extract_raw_data_pipeline' retrieved from /opt/airflow/dags/driven_data_pipeline.py
[2025-06-28T20:00:29.471+0000] {logging_mixin.py:190} INFO - [2025-06-28T20:00:29.471+0000] {dag.py:3239} INFO - Sync 1 DAGs
[2025-06-28T20:00:29.495+0000] {logging_mixin.py:190} INFO - [2025-06-28T20:00:29.495+0000] {dag.py:4180} INFO - Setting next_dagrun for extract_raw_data_pipeline to 2025-06-28 07:58:00+00:00, run_after=2025-06-28 07:59:00+00:00
[2025-06-28T20:00:29.526+0000] {processor.py:208} INFO - Processing /opt/airflow/dags/driven_data_pipeline.py took 0.273 seconds
[2025-06-28T20:00:59.918+0000] {processor.py:186} INFO - Started process (PID=692) to work on /opt/airflow/dags/driven_data_pipeline.py
[2025-06-28T20:00:59.927+0000] {processor.py:914} INFO - Processing file /opt/airflow/dags/driven_data_pipeline.py for tasks to queue
[2025-06-28T20:00:59.931+0000] {logging_mixin.py:190} INFO - [2025-06-28T20:00:59.931+0000] {dagbag.py:588} INFO - Filling up the DagBag from /opt/airflow/dags/driven_data_pipeline.py
[2025-06-28T20:01:00.159+0000] {processor.py:925} INFO - DAG(s) 'extract_raw_data_pipeline' retrieved from /opt/airflow/dags/driven_data_pipeline.py
[2025-06-28T20:01:00.186+0000] {logging_mixin.py:190} INFO - [2025-06-28T20:01:00.186+0000] {dag.py:3239} INFO - Sync 1 DAGs
[2025-06-28T20:01:00.215+0000] {logging_mixin.py:190} INFO - [2025-06-28T20:01:00.215+0000] {dag.py:4180} INFO - Setting next_dagrun for extract_raw_data_pipeline to 2025-06-28 07:58:00+00:00, run_after=2025-06-28 07:59:00+00:00
[2025-06-28T20:01:00.252+0000] {processor.py:208} INFO - Processing /opt/airflow/dags/driven_data_pipeline.py took 0.367 seconds
[2025-06-28T20:01:30.289+0000] {processor.py:186} INFO - Started process (PID=700) to work on /opt/airflow/dags/driven_data_pipeline.py
[2025-06-28T20:01:30.291+0000] {processor.py:914} INFO - Processing file /opt/airflow/dags/driven_data_pipeline.py for tasks to queue
[2025-06-28T20:01:30.293+0000] {logging_mixin.py:190} INFO - [2025-06-28T20:01:30.293+0000] {dagbag.py:588} INFO - Filling up the DagBag from /opt/airflow/dags/driven_data_pipeline.py
[2025-06-28T20:01:30.541+0000] {processor.py:925} INFO - DAG(s) 'extract_raw_data_pipeline' retrieved from /opt/airflow/dags/driven_data_pipeline.py
[2025-06-28T20:01:30.570+0000] {logging_mixin.py:190} INFO - [2025-06-28T20:01:30.570+0000] {dag.py:3239} INFO - Sync 1 DAGs
[2025-06-28T20:01:30.597+0000] {logging_mixin.py:190} INFO - [2025-06-28T20:01:30.596+0000] {dag.py:4180} INFO - Setting next_dagrun for extract_raw_data_pipeline to 2025-06-28 07:58:00+00:00, run_after=2025-06-28 07:59:00+00:00
[2025-06-28T20:01:30.638+0000] {processor.py:208} INFO - Processing /opt/airflow/dags/driven_data_pipeline.py took 0.356 seconds
[2025-06-28T20:02:01.180+0000] {processor.py:186} INFO - Started process (PID=708) to work on /opt/airflow/dags/driven_data_pipeline.py
[2025-06-28T20:02:01.188+0000] {processor.py:914} INFO - Processing file /opt/airflow/dags/driven_data_pipeline.py for tasks to queue
[2025-06-28T20:02:01.192+0000] {logging_mixin.py:190} INFO - [2025-06-28T20:02:01.191+0000] {dagbag.py:588} INFO - Filling up the DagBag from /opt/airflow/dags/driven_data_pipeline.py
[2025-06-28T20:02:01.419+0000] {processor.py:925} INFO - DAG(s) 'extract_raw_data_pipeline' retrieved from /opt/airflow/dags/driven_data_pipeline.py
[2025-06-28T20:02:01.451+0000] {logging_mixin.py:190} INFO - [2025-06-28T20:02:01.451+0000] {dag.py:3239} INFO - Sync 1 DAGs
[2025-06-28T20:02:01.481+0000] {logging_mixin.py:190} INFO - [2025-06-28T20:02:01.480+0000] {dag.py:4180} INFO - Setting next_dagrun for extract_raw_data_pipeline to 2025-06-28 07:58:00+00:00, run_after=2025-06-28 07:59:00+00:00
[2025-06-28T20:02:01.530+0000] {processor.py:208} INFO - Processing /opt/airflow/dags/driven_data_pipeline.py took 0.370 seconds
[2025-06-28T20:02:31.989+0000] {processor.py:186} INFO - Started process (PID=716) to work on /opt/airflow/dags/driven_data_pipeline.py
[2025-06-28T20:02:32.002+0000] {processor.py:914} INFO - Processing file /opt/airflow/dags/driven_data_pipeline.py for tasks to queue
[2025-06-28T20:02:32.006+0000] {logging_mixin.py:190} INFO - [2025-06-28T20:02:32.005+0000] {dagbag.py:588} INFO - Filling up the DagBag from /opt/airflow/dags/driven_data_pipeline.py
[2025-06-28T20:02:32.218+0000] {processor.py:925} INFO - DAG(s) 'extract_raw_data_pipeline' retrieved from /opt/airflow/dags/driven_data_pipeline.py
[2025-06-28T20:02:32.246+0000] {logging_mixin.py:190} INFO - [2025-06-28T20:02:32.246+0000] {dag.py:3239} INFO - Sync 1 DAGs
[2025-06-28T20:02:32.276+0000] {logging_mixin.py:190} INFO - [2025-06-28T20:02:32.276+0000] {dag.py:4180} INFO - Setting next_dagrun for extract_raw_data_pipeline to 2025-06-28 07:58:00+00:00, run_after=2025-06-28 07:59:00+00:00
[2025-06-28T20:02:32.317+0000] {processor.py:208} INFO - Processing /opt/airflow/dags/driven_data_pipeline.py took 0.355 seconds
[2025-06-28T20:03:02.656+0000] {processor.py:186} INFO - Started process (PID=724) to work on /opt/airflow/dags/driven_data_pipeline.py
[2025-06-28T20:03:02.664+0000] {processor.py:914} INFO - Processing file /opt/airflow/dags/driven_data_pipeline.py for tasks to queue
[2025-06-28T20:03:02.667+0000] {logging_mixin.py:190} INFO - [2025-06-28T20:03:02.666+0000] {dagbag.py:588} INFO - Filling up the DagBag from /opt/airflow/dags/driven_data_pipeline.py
[2025-06-28T20:03:02.858+0000] {processor.py:925} INFO - DAG(s) 'extract_raw_data_pipeline' retrieved from /opt/airflow/dags/driven_data_pipeline.py
[2025-06-28T20:03:02.882+0000] {logging_mixin.py:190} INFO - [2025-06-28T20:03:02.881+0000] {dag.py:3239} INFO - Sync 1 DAGs
[2025-06-28T20:03:02.905+0000] {logging_mixin.py:190} INFO - [2025-06-28T20:03:02.905+0000] {dag.py:4180} INFO - Setting next_dagrun for extract_raw_data_pipeline to 2025-06-28 07:58:00+00:00, run_after=2025-06-28 07:59:00+00:00
[2025-06-28T20:03:02.947+0000] {processor.py:208} INFO - Processing /opt/airflow/dags/driven_data_pipeline.py took 0.299 seconds
[2025-06-28T20:03:32.988+0000] {processor.py:186} INFO - Started process (PID=732) to work on /opt/airflow/dags/driven_data_pipeline.py
[2025-06-28T20:03:32.992+0000] {processor.py:914} INFO - Processing file /opt/airflow/dags/driven_data_pipeline.py for tasks to queue
[2025-06-28T20:03:32.994+0000] {logging_mixin.py:190} INFO - [2025-06-28T20:03:32.994+0000] {dagbag.py:588} INFO - Filling up the DagBag from /opt/airflow/dags/driven_data_pipeline.py
[2025-06-28T20:03:33.178+0000] {processor.py:925} INFO - DAG(s) 'extract_raw_data_pipeline' retrieved from /opt/airflow/dags/driven_data_pipeline.py
[2025-06-28T20:03:33.206+0000] {logging_mixin.py:190} INFO - [2025-06-28T20:03:33.205+0000] {dag.py:3239} INFO - Sync 1 DAGs
[2025-06-28T20:03:33.230+0000] {logging_mixin.py:190} INFO - [2025-06-28T20:03:33.230+0000] {dag.py:4180} INFO - Setting next_dagrun for extract_raw_data_pipeline to 2025-06-28 07:58:00+00:00, run_after=2025-06-28 07:59:00+00:00
[2025-06-28T20:03:33.266+0000] {processor.py:208} INFO - Processing /opt/airflow/dags/driven_data_pipeline.py took 0.285 seconds
[2025-06-28T20:04:03.562+0000] {processor.py:186} INFO - Started process (PID=740) to work on /opt/airflow/dags/driven_data_pipeline.py
[2025-06-28T20:04:03.571+0000] {processor.py:914} INFO - Processing file /opt/airflow/dags/driven_data_pipeline.py for tasks to queue
[2025-06-28T20:04:03.574+0000] {logging_mixin.py:190} INFO - [2025-06-28T20:04:03.573+0000] {dagbag.py:588} INFO - Filling up the DagBag from /opt/airflow/dags/driven_data_pipeline.py
[2025-06-28T20:04:03.767+0000] {processor.py:925} INFO - DAG(s) 'extract_raw_data_pipeline' retrieved from /opt/airflow/dags/driven_data_pipeline.py
[2025-06-28T20:04:03.790+0000] {logging_mixin.py:190} INFO - [2025-06-28T20:04:03.790+0000] {dag.py:3239} INFO - Sync 1 DAGs
[2025-06-28T20:04:03.813+0000] {logging_mixin.py:190} INFO - [2025-06-28T20:04:03.812+0000] {dag.py:4180} INFO - Setting next_dagrun for extract_raw_data_pipeline to 2025-06-28 07:58:00+00:00, run_after=2025-06-28 07:59:00+00:00
[2025-06-28T20:04:03.853+0000] {processor.py:208} INFO - Processing /opt/airflow/dags/driven_data_pipeline.py took 0.300 seconds
[2025-06-28T20:04:34.177+0000] {processor.py:186} INFO - Started process (PID=748) to work on /opt/airflow/dags/driven_data_pipeline.py
[2025-06-28T20:04:34.178+0000] {processor.py:914} INFO - Processing file /opt/airflow/dags/driven_data_pipeline.py for tasks to queue
[2025-06-28T20:04:34.181+0000] {logging_mixin.py:190} INFO - [2025-06-28T20:04:34.181+0000] {dagbag.py:588} INFO - Filling up the DagBag from /opt/airflow/dags/driven_data_pipeline.py
[2025-06-28T20:04:34.353+0000] {processor.py:925} INFO - DAG(s) 'extract_raw_data_pipeline' retrieved from /opt/airflow/dags/driven_data_pipeline.py
[2025-06-28T20:04:34.378+0000] {logging_mixin.py:190} INFO - [2025-06-28T20:04:34.377+0000] {dag.py:3239} INFO - Sync 1 DAGs
[2025-06-28T20:04:34.402+0000] {logging_mixin.py:190} INFO - [2025-06-28T20:04:34.402+0000] {dag.py:4180} INFO - Setting next_dagrun for extract_raw_data_pipeline to 2025-06-28 07:58:00+00:00, run_after=2025-06-28 07:59:00+00:00
[2025-06-28T20:04:34.442+0000] {processor.py:208} INFO - Processing /opt/airflow/dags/driven_data_pipeline.py took 0.273 seconds
[2025-06-28T20:05:04.599+0000] {processor.py:186} INFO - Started process (PID=756) to work on /opt/airflow/dags/driven_data_pipeline.py
[2025-06-28T20:05:04.601+0000] {processor.py:914} INFO - Processing file /opt/airflow/dags/driven_data_pipeline.py for tasks to queue
[2025-06-28T20:05:04.603+0000] {logging_mixin.py:190} INFO - [2025-06-28T20:05:04.603+0000] {dagbag.py:588} INFO - Filling up the DagBag from /opt/airflow/dags/driven_data_pipeline.py
[2025-06-28T20:05:04.855+0000] {processor.py:925} INFO - DAG(s) 'extract_raw_data_pipeline' retrieved from /opt/airflow/dags/driven_data_pipeline.py
[2025-06-28T20:05:04.884+0000] {logging_mixin.py:190} INFO - [2025-06-28T20:05:04.883+0000] {dag.py:3239} INFO - Sync 1 DAGs
[2025-06-28T20:05:04.912+0000] {logging_mixin.py:190} INFO - [2025-06-28T20:05:04.912+0000] {dag.py:4180} INFO - Setting next_dagrun for extract_raw_data_pipeline to 2025-06-28 07:58:00+00:00, run_after=2025-06-28 07:59:00+00:00
[2025-06-28T20:05:04.954+0000] {processor.py:208} INFO - Processing /opt/airflow/dags/driven_data_pipeline.py took 0.370 seconds
[2025-06-28T20:05:35.189+0000] {processor.py:186} INFO - Started process (PID=764) to work on /opt/airflow/dags/driven_data_pipeline.py
[2025-06-28T20:05:35.193+0000] {processor.py:914} INFO - Processing file /opt/airflow/dags/driven_data_pipeline.py for tasks to queue
[2025-06-28T20:05:35.200+0000] {logging_mixin.py:190} INFO - [2025-06-28T20:05:35.198+0000] {dagbag.py:588} INFO - Filling up the DagBag from /opt/airflow/dags/driven_data_pipeline.py
[2025-06-28T20:05:35.475+0000] {processor.py:925} INFO - DAG(s) 'extract_raw_data_pipeline' retrieved from /opt/airflow/dags/driven_data_pipeline.py
[2025-06-28T20:05:35.503+0000] {logging_mixin.py:190} INFO - [2025-06-28T20:05:35.503+0000] {dag.py:3239} INFO - Sync 1 DAGs
[2025-06-28T20:05:35.529+0000] {logging_mixin.py:190} INFO - [2025-06-28T20:05:35.529+0000] {dag.py:4180} INFO - Setting next_dagrun for extract_raw_data_pipeline to 2025-06-28 07:58:00+00:00, run_after=2025-06-28 07:59:00+00:00
[2025-06-28T20:05:35.574+0000] {processor.py:208} INFO - Processing /opt/airflow/dags/driven_data_pipeline.py took 0.412 seconds
[2025-06-28T20:06:05.758+0000] {processor.py:186} INFO - Started process (PID=778) to work on /opt/airflow/dags/driven_data_pipeline.py
[2025-06-28T20:06:05.760+0000] {processor.py:914} INFO - Processing file /opt/airflow/dags/driven_data_pipeline.py for tasks to queue
[2025-06-28T20:06:05.764+0000] {logging_mixin.py:190} INFO - [2025-06-28T20:06:05.764+0000] {dagbag.py:588} INFO - Filling up the DagBag from /opt/airflow/dags/driven_data_pipeline.py
[2025-06-28T20:06:05.974+0000] {processor.py:925} INFO - DAG(s) 'extract_raw_data_pipeline' retrieved from /opt/airflow/dags/driven_data_pipeline.py
[2025-06-28T20:06:06.001+0000] {logging_mixin.py:190} INFO - [2025-06-28T20:06:06.001+0000] {dag.py:3239} INFO - Sync 1 DAGs
[2025-06-28T20:06:06.029+0000] {logging_mixin.py:190} INFO - [2025-06-28T20:06:06.029+0000] {dag.py:4180} INFO - Setting next_dagrun for extract_raw_data_pipeline to 2025-06-28 07:58:00+00:00, run_after=2025-06-28 07:59:00+00:00
[2025-06-28T20:06:06.067+0000] {processor.py:208} INFO - Processing /opt/airflow/dags/driven_data_pipeline.py took 0.325 seconds
[2025-06-28T20:06:36.298+0000] {processor.py:186} INFO - Started process (PID=786) to work on /opt/airflow/dags/driven_data_pipeline.py
[2025-06-28T20:06:36.321+0000] {processor.py:914} INFO - Processing file /opt/airflow/dags/driven_data_pipeline.py for tasks to queue
[2025-06-28T20:06:36.324+0000] {logging_mixin.py:190} INFO - [2025-06-28T20:06:36.323+0000] {dagbag.py:588} INFO - Filling up the DagBag from /opt/airflow/dags/driven_data_pipeline.py
[2025-06-28T20:06:36.494+0000] {processor.py:925} INFO - DAG(s) 'extract_raw_data_pipeline' retrieved from /opt/airflow/dags/driven_data_pipeline.py
[2025-06-28T20:06:36.517+0000] {logging_mixin.py:190} INFO - [2025-06-28T20:06:36.517+0000] {dag.py:3239} INFO - Sync 1 DAGs
[2025-06-28T20:06:36.541+0000] {logging_mixin.py:190} INFO - [2025-06-28T20:06:36.541+0000] {dag.py:4180} INFO - Setting next_dagrun for extract_raw_data_pipeline to 2025-06-28 07:58:00+00:00, run_after=2025-06-28 07:59:00+00:00
[2025-06-28T20:06:36.577+0000] {processor.py:208} INFO - Processing /opt/airflow/dags/driven_data_pipeline.py took 0.286 seconds
[2025-06-28T20:07:06.795+0000] {processor.py:186} INFO - Started process (PID=794) to work on /opt/airflow/dags/driven_data_pipeline.py
[2025-06-28T20:07:06.798+0000] {processor.py:914} INFO - Processing file /opt/airflow/dags/driven_data_pipeline.py for tasks to queue
[2025-06-28T20:07:06.803+0000] {logging_mixin.py:190} INFO - [2025-06-28T20:07:06.802+0000] {dagbag.py:588} INFO - Filling up the DagBag from /opt/airflow/dags/driven_data_pipeline.py
[2025-06-28T20:07:06.976+0000] {processor.py:925} INFO - DAG(s) 'extract_raw_data_pipeline' retrieved from /opt/airflow/dags/driven_data_pipeline.py
[2025-06-28T20:07:07.000+0000] {logging_mixin.py:190} INFO - [2025-06-28T20:07:07.000+0000] {dag.py:3239} INFO - Sync 1 DAGs
[2025-06-28T20:07:07.024+0000] {logging_mixin.py:190} INFO - [2025-06-28T20:07:07.023+0000] {dag.py:4180} INFO - Setting next_dagrun for extract_raw_data_pipeline to 2025-06-28 07:58:00+00:00, run_after=2025-06-28 07:59:00+00:00
[2025-06-28T20:07:07.063+0000] {processor.py:208} INFO - Processing /opt/airflow/dags/driven_data_pipeline.py took 0.288 seconds
[2025-06-28T20:07:37.231+0000] {processor.py:186} INFO - Started process (PID=802) to work on /opt/airflow/dags/driven_data_pipeline.py
[2025-06-28T20:07:37.238+0000] {processor.py:914} INFO - Processing file /opt/airflow/dags/driven_data_pipeline.py for tasks to queue
[2025-06-28T20:07:37.241+0000] {logging_mixin.py:190} INFO - [2025-06-28T20:07:37.240+0000] {dagbag.py:588} INFO - Filling up the DagBag from /opt/airflow/dags/driven_data_pipeline.py
[2025-06-28T20:07:37.422+0000] {processor.py:925} INFO - DAG(s) 'extract_raw_data_pipeline' retrieved from /opt/airflow/dags/driven_data_pipeline.py
[2025-06-28T20:07:37.451+0000] {logging_mixin.py:190} INFO - [2025-06-28T20:07:37.451+0000] {dag.py:3239} INFO - Sync 1 DAGs
[2025-06-28T20:07:37.476+0000] {logging_mixin.py:190} INFO - [2025-06-28T20:07:37.476+0000] {dag.py:4180} INFO - Setting next_dagrun for extract_raw_data_pipeline to 2025-06-28 07:58:00+00:00, run_after=2025-06-28 07:59:00+00:00
[2025-06-28T20:07:37.516+0000] {processor.py:208} INFO - Processing /opt/airflow/dags/driven_data_pipeline.py took 0.292 seconds
[2025-06-28T20:08:07.768+0000] {processor.py:186} INFO - Started process (PID=810) to work on /opt/airflow/dags/driven_data_pipeline.py
[2025-06-28T20:08:07.772+0000] {processor.py:914} INFO - Processing file /opt/airflow/dags/driven_data_pipeline.py for tasks to queue
[2025-06-28T20:08:07.774+0000] {logging_mixin.py:190} INFO - [2025-06-28T20:08:07.774+0000] {dagbag.py:588} INFO - Filling up the DagBag from /opt/airflow/dags/driven_data_pipeline.py
[2025-06-28T20:08:07.948+0000] {processor.py:925} INFO - DAG(s) 'extract_raw_data_pipeline' retrieved from /opt/airflow/dags/driven_data_pipeline.py
[2025-06-28T20:08:07.972+0000] {logging_mixin.py:190} INFO - [2025-06-28T20:08:07.972+0000] {dag.py:3239} INFO - Sync 1 DAGs
[2025-06-28T20:08:07.994+0000] {logging_mixin.py:190} INFO - [2025-06-28T20:08:07.993+0000] {dag.py:4180} INFO - Setting next_dagrun for extract_raw_data_pipeline to 2025-06-28 07:58:00+00:00, run_after=2025-06-28 07:59:00+00:00
[2025-06-28T20:08:08.031+0000] {processor.py:208} INFO - Processing /opt/airflow/dags/driven_data_pipeline.py took 0.269 seconds
[2025-06-28T20:08:38.153+0000] {processor.py:186} INFO - Started process (PID=818) to work on /opt/airflow/dags/driven_data_pipeline.py
[2025-06-28T20:08:38.165+0000] {processor.py:914} INFO - Processing file /opt/airflow/dags/driven_data_pipeline.py for tasks to queue
[2025-06-28T20:08:38.168+0000] {logging_mixin.py:190} INFO - [2025-06-28T20:08:38.167+0000] {dagbag.py:588} INFO - Filling up the DagBag from /opt/airflow/dags/driven_data_pipeline.py
[2025-06-28T20:08:38.343+0000] {processor.py:925} INFO - DAG(s) 'extract_raw_data_pipeline' retrieved from /opt/airflow/dags/driven_data_pipeline.py
[2025-06-28T20:08:38.368+0000] {logging_mixin.py:190} INFO - [2025-06-28T20:08:38.368+0000] {dag.py:3239} INFO - Sync 1 DAGs
[2025-06-28T20:08:38.391+0000] {logging_mixin.py:190} INFO - [2025-06-28T20:08:38.391+0000] {dag.py:4180} INFO - Setting next_dagrun for extract_raw_data_pipeline to 2025-06-28 07:58:00+00:00, run_after=2025-06-28 07:59:00+00:00
[2025-06-28T20:08:38.423+0000] {processor.py:208} INFO - Processing /opt/airflow/dags/driven_data_pipeline.py took 0.278 seconds
[2025-06-28T20:09:08.732+0000] {processor.py:186} INFO - Started process (PID=826) to work on /opt/airflow/dags/driven_data_pipeline.py
[2025-06-28T20:09:08.742+0000] {processor.py:914} INFO - Processing file /opt/airflow/dags/driven_data_pipeline.py for tasks to queue
[2025-06-28T20:09:08.745+0000] {logging_mixin.py:190} INFO - [2025-06-28T20:09:08.744+0000] {dagbag.py:588} INFO - Filling up the DagBag from /opt/airflow/dags/driven_data_pipeline.py
[2025-06-28T20:09:08.925+0000] {processor.py:925} INFO - DAG(s) 'extract_raw_data_pipeline' retrieved from /opt/airflow/dags/driven_data_pipeline.py
[2025-06-28T20:09:08.957+0000] {logging_mixin.py:190} INFO - [2025-06-28T20:09:08.957+0000] {dag.py:3239} INFO - Sync 1 DAGs
[2025-06-28T20:09:08.984+0000] {logging_mixin.py:190} INFO - [2025-06-28T20:09:08.983+0000] {dag.py:4180} INFO - Setting next_dagrun for extract_raw_data_pipeline to 2025-06-28 07:58:00+00:00, run_after=2025-06-28 07:59:00+00:00
[2025-06-28T20:09:09.024+0000] {processor.py:208} INFO - Processing /opt/airflow/dags/driven_data_pipeline.py took 0.300 seconds
[2025-06-28T20:09:39.391+0000] {processor.py:186} INFO - Started process (PID=834) to work on /opt/airflow/dags/driven_data_pipeline.py
[2025-06-28T20:09:39.395+0000] {processor.py:914} INFO - Processing file /opt/airflow/dags/driven_data_pipeline.py for tasks to queue
[2025-06-28T20:09:39.397+0000] {logging_mixin.py:190} INFO - [2025-06-28T20:09:39.397+0000] {dagbag.py:588} INFO - Filling up the DagBag from /opt/airflow/dags/driven_data_pipeline.py
[2025-06-28T20:09:39.566+0000] {processor.py:925} INFO - DAG(s) 'extract_raw_data_pipeline' retrieved from /opt/airflow/dags/driven_data_pipeline.py
[2025-06-28T20:09:39.591+0000] {logging_mixin.py:190} INFO - [2025-06-28T20:09:39.590+0000] {dag.py:3239} INFO - Sync 1 DAGs
[2025-06-28T20:09:39.613+0000] {logging_mixin.py:190} INFO - [2025-06-28T20:09:39.613+0000] {dag.py:4180} INFO - Setting next_dagrun for extract_raw_data_pipeline to 2025-06-28 07:58:00+00:00, run_after=2025-06-28 07:59:00+00:00
[2025-06-28T20:09:39.652+0000] {processor.py:208} INFO - Processing /opt/airflow/dags/driven_data_pipeline.py took 0.268 seconds
[2025-06-28T20:10:09.715+0000] {processor.py:186} INFO - Started process (PID=842) to work on /opt/airflow/dags/driven_data_pipeline.py
[2025-06-28T20:10:09.726+0000] {processor.py:914} INFO - Processing file /opt/airflow/dags/driven_data_pipeline.py for tasks to queue
[2025-06-28T20:10:09.728+0000] {logging_mixin.py:190} INFO - [2025-06-28T20:10:09.728+0000] {dagbag.py:588} INFO - Filling up the DagBag from /opt/airflow/dags/driven_data_pipeline.py
[2025-06-28T20:10:09.903+0000] {processor.py:925} INFO - DAG(s) 'extract_raw_data_pipeline' retrieved from /opt/airflow/dags/driven_data_pipeline.py
[2025-06-28T20:10:09.928+0000] {logging_mixin.py:190} INFO - [2025-06-28T20:10:09.928+0000] {dag.py:3239} INFO - Sync 1 DAGs
[2025-06-28T20:10:09.950+0000] {logging_mixin.py:190} INFO - [2025-06-28T20:10:09.950+0000] {dag.py:4180} INFO - Setting next_dagrun for extract_raw_data_pipeline to 2025-06-28 07:58:00+00:00, run_after=2025-06-28 07:59:00+00:00
[2025-06-28T20:10:09.982+0000] {processor.py:208} INFO - Processing /opt/airflow/dags/driven_data_pipeline.py took 0.274 seconds
[2025-06-28T20:10:40.285+0000] {processor.py:186} INFO - Started process (PID=850) to work on /opt/airflow/dags/driven_data_pipeline.py
[2025-06-28T20:10:40.301+0000] {processor.py:914} INFO - Processing file /opt/airflow/dags/driven_data_pipeline.py for tasks to queue
[2025-06-28T20:10:40.303+0000] {logging_mixin.py:190} INFO - [2025-06-28T20:10:40.303+0000] {dagbag.py:588} INFO - Filling up the DagBag from /opt/airflow/dags/driven_data_pipeline.py
[2025-06-28T20:10:40.476+0000] {processor.py:925} INFO - DAG(s) 'extract_raw_data_pipeline' retrieved from /opt/airflow/dags/driven_data_pipeline.py
[2025-06-28T20:10:40.500+0000] {logging_mixin.py:190} INFO - [2025-06-28T20:10:40.500+0000] {dag.py:3239} INFO - Sync 1 DAGs
[2025-06-28T20:10:40.524+0000] {logging_mixin.py:190} INFO - [2025-06-28T20:10:40.524+0000] {dag.py:4180} INFO - Setting next_dagrun for extract_raw_data_pipeline to 2025-06-28 07:58:00+00:00, run_after=2025-06-28 07:59:00+00:00
[2025-06-28T20:10:40.668+0000] {processor.py:208} INFO - Processing /opt/airflow/dags/driven_data_pipeline.py took 0.389 seconds
[2025-06-28T20:11:11.077+0000] {processor.py:186} INFO - Started process (PID=858) to work on /opt/airflow/dags/driven_data_pipeline.py
[2025-06-28T20:11:11.100+0000] {processor.py:914} INFO - Processing file /opt/airflow/dags/driven_data_pipeline.py for tasks to queue
[2025-06-28T20:11:11.105+0000] {logging_mixin.py:190} INFO - [2025-06-28T20:11:11.104+0000] {dagbag.py:588} INFO - Filling up the DagBag from /opt/airflow/dags/driven_data_pipeline.py
[2025-06-28T20:11:11.297+0000] {processor.py:925} INFO - DAG(s) 'extract_raw_data_pipeline' retrieved from /opt/airflow/dags/driven_data_pipeline.py
[2025-06-28T20:11:11.320+0000] {logging_mixin.py:190} INFO - [2025-06-28T20:11:11.320+0000] {dag.py:3239} INFO - Sync 1 DAGs
[2025-06-28T20:11:11.343+0000] {logging_mixin.py:190} INFO - [2025-06-28T20:11:11.343+0000] {dag.py:4180} INFO - Setting next_dagrun for extract_raw_data_pipeline to 2025-06-28 07:58:00+00:00, run_after=2025-06-28 07:59:00+00:00
[2025-06-28T20:11:11.371+0000] {processor.py:208} INFO - Processing /opt/airflow/dags/driven_data_pipeline.py took 0.304 seconds
[2025-06-28T20:11:41.728+0000] {processor.py:186} INFO - Started process (PID=866) to work on /opt/airflow/dags/driven_data_pipeline.py
[2025-06-28T20:11:41.741+0000] {processor.py:914} INFO - Processing file /opt/airflow/dags/driven_data_pipeline.py for tasks to queue
[2025-06-28T20:11:41.745+0000] {logging_mixin.py:190} INFO - [2025-06-28T20:11:41.744+0000] {dagbag.py:588} INFO - Filling up the DagBag from /opt/airflow/dags/driven_data_pipeline.py
[2025-06-28T20:11:41.922+0000] {processor.py:925} INFO - DAG(s) 'extract_raw_data_pipeline' retrieved from /opt/airflow/dags/driven_data_pipeline.py
[2025-06-28T20:11:41.946+0000] {logging_mixin.py:190} INFO - [2025-06-28T20:11:41.946+0000] {dag.py:3239} INFO - Sync 1 DAGs
[2025-06-28T20:11:41.968+0000] {logging_mixin.py:190} INFO - [2025-06-28T20:11:41.968+0000] {dag.py:4180} INFO - Setting next_dagrun for extract_raw_data_pipeline to 2025-06-28 07:58:00+00:00, run_after=2025-06-28 07:59:00+00:00
[2025-06-28T20:11:42.600+0000] {processor.py:208} INFO - Processing /opt/airflow/dags/driven_data_pipeline.py took 0.882 seconds
[2025-06-28T20:12:12.721+0000] {processor.py:186} INFO - Started process (PID=874) to work on /opt/airflow/dags/driven_data_pipeline.py
[2025-06-28T20:12:12.733+0000] {processor.py:914} INFO - Processing file /opt/airflow/dags/driven_data_pipeline.py for tasks to queue
[2025-06-28T20:12:12.737+0000] {logging_mixin.py:190} INFO - [2025-06-28T20:12:12.736+0000] {dagbag.py:588} INFO - Filling up the DagBag from /opt/airflow/dags/driven_data_pipeline.py
[2025-06-28T20:12:12.916+0000] {processor.py:925} INFO - DAG(s) 'extract_raw_data_pipeline' retrieved from /opt/airflow/dags/driven_data_pipeline.py
[2025-06-28T20:12:12.939+0000] {logging_mixin.py:190} INFO - [2025-06-28T20:12:12.939+0000] {dag.py:3239} INFO - Sync 1 DAGs
[2025-06-28T20:12:12.962+0000] {logging_mixin.py:190} INFO - [2025-06-28T20:12:12.961+0000] {dag.py:4180} INFO - Setting next_dagrun for extract_raw_data_pipeline to 2025-06-28 07:58:00+00:00, run_after=2025-06-28 07:59:00+00:00
[2025-06-28T20:12:12.993+0000] {processor.py:208} INFO - Processing /opt/airflow/dags/driven_data_pipeline.py took 0.283 seconds
[2025-06-28T20:12:43.273+0000] {processor.py:186} INFO - Started process (PID=882) to work on /opt/airflow/dags/driven_data_pipeline.py
[2025-06-28T20:12:43.280+0000] {processor.py:914} INFO - Processing file /opt/airflow/dags/driven_data_pipeline.py for tasks to queue
[2025-06-28T20:12:43.289+0000] {logging_mixin.py:190} INFO - [2025-06-28T20:12:43.288+0000] {dagbag.py:588} INFO - Filling up the DagBag from /opt/airflow/dags/driven_data_pipeline.py
[2025-06-28T20:12:43.469+0000] {processor.py:925} INFO - DAG(s) 'extract_raw_data_pipeline' retrieved from /opt/airflow/dags/driven_data_pipeline.py
[2025-06-28T20:12:43.492+0000] {logging_mixin.py:190} INFO - [2025-06-28T20:12:43.492+0000] {dag.py:3239} INFO - Sync 1 DAGs
[2025-06-28T20:12:43.516+0000] {logging_mixin.py:190} INFO - [2025-06-28T20:12:43.516+0000] {dag.py:4180} INFO - Setting next_dagrun for extract_raw_data_pipeline to 2025-06-28 07:58:00+00:00, run_after=2025-06-28 07:59:00+00:00
[2025-06-28T20:12:43.552+0000] {processor.py:208} INFO - Processing /opt/airflow/dags/driven_data_pipeline.py took 0.285 seconds
[2025-06-28T20:13:13.638+0000] {processor.py:186} INFO - Started process (PID=890) to work on /opt/airflow/dags/driven_data_pipeline.py
[2025-06-28T20:13:13.646+0000] {processor.py:914} INFO - Processing file /opt/airflow/dags/driven_data_pipeline.py for tasks to queue
[2025-06-28T20:13:13.649+0000] {logging_mixin.py:190} INFO - [2025-06-28T20:13:13.649+0000] {dagbag.py:588} INFO - Filling up the DagBag from /opt/airflow/dags/driven_data_pipeline.py
[2025-06-28T20:13:13.825+0000] {processor.py:925} INFO - DAG(s) 'extract_raw_data_pipeline' retrieved from /opt/airflow/dags/driven_data_pipeline.py
[2025-06-28T20:13:13.849+0000] {logging_mixin.py:190} INFO - [2025-06-28T20:13:13.849+0000] {dag.py:3239} INFO - Sync 1 DAGs
[2025-06-28T20:13:13.874+0000] {logging_mixin.py:190} INFO - [2025-06-28T20:13:13.874+0000] {dag.py:4180} INFO - Setting next_dagrun for extract_raw_data_pipeline to 2025-06-28 07:58:00+00:00, run_after=2025-06-28 07:59:00+00:00
[2025-06-28T20:13:13.908+0000] {processor.py:208} INFO - Processing /opt/airflow/dags/driven_data_pipeline.py took 0.282 seconds
[2025-06-28T20:13:44.201+0000] {processor.py:186} INFO - Started process (PID=898) to work on /opt/airflow/dags/driven_data_pipeline.py
[2025-06-28T20:13:44.203+0000] {processor.py:914} INFO - Processing file /opt/airflow/dags/driven_data_pipeline.py for tasks to queue
[2025-06-28T20:13:44.205+0000] {logging_mixin.py:190} INFO - [2025-06-28T20:13:44.205+0000] {dagbag.py:588} INFO - Filling up the DagBag from /opt/airflow/dags/driven_data_pipeline.py
[2025-06-28T20:13:44.402+0000] {processor.py:925} INFO - DAG(s) 'extract_raw_data_pipeline' retrieved from /opt/airflow/dags/driven_data_pipeline.py
[2025-06-28T20:13:44.425+0000] {logging_mixin.py:190} INFO - [2025-06-28T20:13:44.425+0000] {dag.py:3239} INFO - Sync 1 DAGs
[2025-06-28T20:13:44.447+0000] {logging_mixin.py:190} INFO - [2025-06-28T20:13:44.447+0000] {dag.py:4180} INFO - Setting next_dagrun for extract_raw_data_pipeline to 2025-06-28 07:58:00+00:00, run_after=2025-06-28 07:59:00+00:00
[2025-06-28T20:13:44.485+0000] {processor.py:208} INFO - Processing /opt/airflow/dags/driven_data_pipeline.py took 0.292 seconds
[2025-06-28T20:14:14.556+0000] {processor.py:186} INFO - Started process (PID=906) to work on /opt/airflow/dags/driven_data_pipeline.py
[2025-06-28T20:14:14.564+0000] {processor.py:914} INFO - Processing file /opt/airflow/dags/driven_data_pipeline.py for tasks to queue
[2025-06-28T20:14:14.567+0000] {logging_mixin.py:190} INFO - [2025-06-28T20:14:14.566+0000] {dagbag.py:588} INFO - Filling up the DagBag from /opt/airflow/dags/driven_data_pipeline.py
[2025-06-28T20:14:14.749+0000] {processor.py:925} INFO - DAG(s) 'extract_raw_data_pipeline' retrieved from /opt/airflow/dags/driven_data_pipeline.py
[2025-06-28T20:14:14.774+0000] {logging_mixin.py:190} INFO - [2025-06-28T20:14:14.774+0000] {dag.py:3239} INFO - Sync 1 DAGs
[2025-06-28T20:14:14.797+0000] {logging_mixin.py:190} INFO - [2025-06-28T20:14:14.797+0000] {dag.py:4180} INFO - Setting next_dagrun for extract_raw_data_pipeline to 2025-06-28 07:58:00+00:00, run_after=2025-06-28 07:59:00+00:00
[2025-06-28T20:14:15.977+0000] {processor.py:208} INFO - Processing /opt/airflow/dags/driven_data_pipeline.py took 1.427 seconds
[2025-06-28T20:14:46.260+0000] {processor.py:186} INFO - Started process (PID=914) to work on /opt/airflow/dags/driven_data_pipeline.py
[2025-06-28T20:14:46.261+0000] {processor.py:914} INFO - Processing file /opt/airflow/dags/driven_data_pipeline.py for tasks to queue
[2025-06-28T20:14:46.265+0000] {logging_mixin.py:190} INFO - [2025-06-28T20:14:46.264+0000] {dagbag.py:588} INFO - Filling up the DagBag from /opt/airflow/dags/driven_data_pipeline.py
[2025-06-28T20:14:46.526+0000] {processor.py:925} INFO - DAG(s) 'extract_raw_data_pipeline' retrieved from /opt/airflow/dags/driven_data_pipeline.py
[2025-06-28T20:14:46.561+0000] {logging_mixin.py:190} INFO - [2025-06-28T20:14:46.560+0000] {dag.py:3239} INFO - Sync 1 DAGs
[2025-06-28T20:14:46.594+0000] {logging_mixin.py:190} INFO - [2025-06-28T20:14:46.593+0000] {dag.py:4180} INFO - Setting next_dagrun for extract_raw_data_pipeline to 2025-06-28 07:58:00+00:00, run_after=2025-06-28 07:59:00+00:00
[2025-06-28T20:14:46.634+0000] {processor.py:208} INFO - Processing /opt/airflow/dags/driven_data_pipeline.py took 0.386 seconds
[2025-06-28T20:15:16.853+0000] {processor.py:186} INFO - Started process (PID=922) to work on /opt/airflow/dags/driven_data_pipeline.py
[2025-06-28T20:15:16.862+0000] {processor.py:914} INFO - Processing file /opt/airflow/dags/driven_data_pipeline.py for tasks to queue
[2025-06-28T20:15:16.866+0000] {logging_mixin.py:190} INFO - [2025-06-28T20:15:16.866+0000] {dagbag.py:588} INFO - Filling up the DagBag from /opt/airflow/dags/driven_data_pipeline.py
[2025-06-28T20:15:17.134+0000] {processor.py:925} INFO - DAG(s) 'extract_raw_data_pipeline' retrieved from /opt/airflow/dags/driven_data_pipeline.py
[2025-06-28T20:15:17.172+0000] {logging_mixin.py:190} INFO - [2025-06-28T20:15:17.172+0000] {dag.py:3239} INFO - Sync 1 DAGs
[2025-06-28T20:15:17.217+0000] {logging_mixin.py:190} INFO - [2025-06-28T20:15:17.217+0000] {dag.py:4180} INFO - Setting next_dagrun for extract_raw_data_pipeline to 2025-06-28 07:58:00+00:00, run_after=2025-06-28 07:59:00+00:00
[2025-06-28T20:15:17.258+0000] {processor.py:208} INFO - Processing /opt/airflow/dags/driven_data_pipeline.py took 0.412 seconds
[2025-06-28T20:15:47.412+0000] {processor.py:186} INFO - Started process (PID=930) to work on /opt/airflow/dags/driven_data_pipeline.py
[2025-06-28T20:15:47.414+0000] {processor.py:914} INFO - Processing file /opt/airflow/dags/driven_data_pipeline.py for tasks to queue
[2025-06-28T20:15:47.419+0000] {logging_mixin.py:190} INFO - [2025-06-28T20:15:47.418+0000] {dagbag.py:588} INFO - Filling up the DagBag from /opt/airflow/dags/driven_data_pipeline.py
[2025-06-28T20:15:47.633+0000] {processor.py:925} INFO - DAG(s) 'extract_raw_data_pipeline' retrieved from /opt/airflow/dags/driven_data_pipeline.py
[2025-06-28T20:15:47.663+0000] {logging_mixin.py:190} INFO - [2025-06-28T20:15:47.663+0000] {dag.py:3239} INFO - Sync 1 DAGs
[2025-06-28T20:15:47.686+0000] {logging_mixin.py:190} INFO - [2025-06-28T20:15:47.685+0000] {dag.py:4180} INFO - Setting next_dagrun for extract_raw_data_pipeline to 2025-06-28 07:58:00+00:00, run_after=2025-06-28 07:59:00+00:00
[2025-06-28T20:15:47.721+0000] {processor.py:208} INFO - Processing /opt/airflow/dags/driven_data_pipeline.py took 0.327 seconds
[2025-06-28T20:16:18.116+0000] {processor.py:186} INFO - Started process (PID=938) to work on /opt/airflow/dags/driven_data_pipeline.py
[2025-06-28T20:16:18.127+0000] {processor.py:914} INFO - Processing file /opt/airflow/dags/driven_data_pipeline.py for tasks to queue
[2025-06-28T20:16:18.130+0000] {logging_mixin.py:190} INFO - [2025-06-28T20:16:18.129+0000] {dagbag.py:588} INFO - Filling up the DagBag from /opt/airflow/dags/driven_data_pipeline.py
[2025-06-28T20:16:18.332+0000] {processor.py:925} INFO - DAG(s) 'extract_raw_data_pipeline' retrieved from /opt/airflow/dags/driven_data_pipeline.py
[2025-06-28T20:16:18.361+0000] {logging_mixin.py:190} INFO - [2025-06-28T20:16:18.360+0000] {dag.py:3239} INFO - Sync 1 DAGs
[2025-06-28T20:16:18.384+0000] {logging_mixin.py:190} INFO - [2025-06-28T20:16:18.384+0000] {dag.py:4180} INFO - Setting next_dagrun for extract_raw_data_pipeline to 2025-06-28 07:58:00+00:00, run_after=2025-06-28 07:59:00+00:00
[2025-06-28T20:16:18.419+0000] {processor.py:208} INFO - Processing /opt/airflow/dags/driven_data_pipeline.py took 0.312 seconds
[2025-06-28T20:16:48.572+0000] {processor.py:186} INFO - Started process (PID=946) to work on /opt/airflow/dags/driven_data_pipeline.py
[2025-06-28T20:16:48.577+0000] {processor.py:914} INFO - Processing file /opt/airflow/dags/driven_data_pipeline.py for tasks to queue
[2025-06-28T20:16:48.586+0000] {logging_mixin.py:190} INFO - [2025-06-28T20:16:48.584+0000] {dagbag.py:588} INFO - Filling up the DagBag from /opt/airflow/dags/driven_data_pipeline.py
[2025-06-28T20:16:48.806+0000] {processor.py:925} INFO - DAG(s) 'extract_raw_data_pipeline' retrieved from /opt/airflow/dags/driven_data_pipeline.py
[2025-06-28T20:16:48.831+0000] {logging_mixin.py:190} INFO - [2025-06-28T20:16:48.831+0000] {dag.py:3239} INFO - Sync 1 DAGs
[2025-06-28T20:16:48.859+0000] {logging_mixin.py:190} INFO - [2025-06-28T20:16:48.859+0000] {dag.py:4180} INFO - Setting next_dagrun for extract_raw_data_pipeline to 2025-06-28 07:58:00+00:00, run_after=2025-06-28 07:59:00+00:00
[2025-06-28T20:16:48.901+0000] {processor.py:208} INFO - Processing /opt/airflow/dags/driven_data_pipeline.py took 0.369 seconds
[2025-06-28T20:17:19.287+0000] {processor.py:186} INFO - Started process (PID=954) to work on /opt/airflow/dags/driven_data_pipeline.py
[2025-06-28T20:17:19.299+0000] {processor.py:914} INFO - Processing file /opt/airflow/dags/driven_data_pipeline.py for tasks to queue
[2025-06-28T20:17:19.306+0000] {logging_mixin.py:190} INFO - [2025-06-28T20:17:19.305+0000] {dagbag.py:588} INFO - Filling up the DagBag from /opt/airflow/dags/driven_data_pipeline.py
[2025-06-28T20:17:19.527+0000] {processor.py:925} INFO - DAG(s) 'extract_raw_data_pipeline' retrieved from /opt/airflow/dags/driven_data_pipeline.py
[2025-06-28T20:17:19.551+0000] {logging_mixin.py:190} INFO - [2025-06-28T20:17:19.551+0000] {dag.py:3239} INFO - Sync 1 DAGs
[2025-06-28T20:17:19.581+0000] {logging_mixin.py:190} INFO - [2025-06-28T20:17:19.581+0000] {dag.py:4180} INFO - Setting next_dagrun for extract_raw_data_pipeline to 2025-06-28 07:58:00+00:00, run_after=2025-06-28 07:59:00+00:00
[2025-06-28T20:17:19.615+0000] {processor.py:208} INFO - Processing /opt/airflow/dags/driven_data_pipeline.py took 0.365 seconds
[2025-06-28T20:17:49.752+0000] {processor.py:186} INFO - Started process (PID=962) to work on /opt/airflow/dags/driven_data_pipeline.py
[2025-06-28T20:17:49.754+0000] {processor.py:914} INFO - Processing file /opt/airflow/dags/driven_data_pipeline.py for tasks to queue
[2025-06-28T20:17:49.759+0000] {logging_mixin.py:190} INFO - [2025-06-28T20:17:49.758+0000] {dagbag.py:588} INFO - Filling up the DagBag from /opt/airflow/dags/driven_data_pipeline.py
[2025-06-28T20:17:49.956+0000] {processor.py:925} INFO - DAG(s) 'extract_raw_data_pipeline' retrieved from /opt/airflow/dags/driven_data_pipeline.py
[2025-06-28T20:17:49.983+0000] {logging_mixin.py:190} INFO - [2025-06-28T20:17:49.983+0000] {dag.py:3239} INFO - Sync 1 DAGs
[2025-06-28T20:17:50.011+0000] {logging_mixin.py:190} INFO - [2025-06-28T20:17:50.011+0000] {dag.py:4180} INFO - Setting next_dagrun for extract_raw_data_pipeline to 2025-06-28 07:58:00+00:00, run_after=2025-06-28 07:59:00+00:00
[2025-06-28T20:17:50.052+0000] {processor.py:208} INFO - Processing /opt/airflow/dags/driven_data_pipeline.py took 0.320 seconds
[2025-06-28T20:18:20.452+0000] {processor.py:186} INFO - Started process (PID=970) to work on /opt/airflow/dags/driven_data_pipeline.py
[2025-06-28T20:18:20.454+0000] {processor.py:914} INFO - Processing file /opt/airflow/dags/driven_data_pipeline.py for tasks to queue
[2025-06-28T20:18:20.458+0000] {logging_mixin.py:190} INFO - [2025-06-28T20:18:20.457+0000] {dagbag.py:588} INFO - Filling up the DagBag from /opt/airflow/dags/driven_data_pipeline.py
[2025-06-28T20:18:20.664+0000] {processor.py:925} INFO - DAG(s) 'extract_raw_data_pipeline' retrieved from /opt/airflow/dags/driven_data_pipeline.py
[2025-06-28T20:18:20.691+0000] {logging_mixin.py:190} INFO - [2025-06-28T20:18:20.691+0000] {dag.py:3239} INFO - Sync 1 DAGs
[2025-06-28T20:18:20.717+0000] {logging_mixin.py:190} INFO - [2025-06-28T20:18:20.716+0000] {dag.py:4180} INFO - Setting next_dagrun for extract_raw_data_pipeline to 2025-06-28 07:58:00+00:00, run_after=2025-06-28 07:59:00+00:00
[2025-06-28T20:18:20.757+0000] {processor.py:208} INFO - Processing /opt/airflow/dags/driven_data_pipeline.py took 0.317 seconds
[2025-06-28T20:18:50.909+0000] {processor.py:186} INFO - Started process (PID=978) to work on /opt/airflow/dags/driven_data_pipeline.py
[2025-06-28T20:18:50.920+0000] {processor.py:914} INFO - Processing file /opt/airflow/dags/driven_data_pipeline.py for tasks to queue
[2025-06-28T20:18:50.930+0000] {logging_mixin.py:190} INFO - [2025-06-28T20:18:50.929+0000] {dagbag.py:588} INFO - Filling up the DagBag from /opt/airflow/dags/driven_data_pipeline.py
[2025-06-28T20:18:51.180+0000] {processor.py:925} INFO - DAG(s) 'extract_raw_data_pipeline' retrieved from /opt/airflow/dags/driven_data_pipeline.py
[2025-06-28T20:18:51.209+0000] {logging_mixin.py:190} INFO - [2025-06-28T20:18:51.209+0000] {dag.py:3239} INFO - Sync 1 DAGs
[2025-06-28T20:18:51.241+0000] {logging_mixin.py:190} INFO - [2025-06-28T20:18:51.241+0000] {dag.py:4180} INFO - Setting next_dagrun for extract_raw_data_pipeline to 2025-06-28 07:58:00+00:00, run_after=2025-06-28 07:59:00+00:00
[2025-06-28T20:18:51.288+0000] {processor.py:208} INFO - Processing /opt/airflow/dags/driven_data_pipeline.py took 0.408 seconds
[2025-06-28T20:19:21.575+0000] {processor.py:186} INFO - Started process (PID=986) to work on /opt/airflow/dags/driven_data_pipeline.py
[2025-06-28T20:19:21.576+0000] {processor.py:914} INFO - Processing file /opt/airflow/dags/driven_data_pipeline.py for tasks to queue
[2025-06-28T20:19:21.579+0000] {logging_mixin.py:190} INFO - [2025-06-28T20:19:21.579+0000] {dagbag.py:588} INFO - Filling up the DagBag from /opt/airflow/dags/driven_data_pipeline.py
[2025-06-28T20:19:21.812+0000] {processor.py:925} INFO - DAG(s) 'extract_raw_data_pipeline' retrieved from /opt/airflow/dags/driven_data_pipeline.py
[2025-06-28T20:19:21.844+0000] {logging_mixin.py:190} INFO - [2025-06-28T20:19:21.844+0000] {dag.py:3239} INFO - Sync 1 DAGs
[2025-06-28T20:19:21.883+0000] {logging_mixin.py:190} INFO - [2025-06-28T20:19:21.882+0000] {dag.py:4180} INFO - Setting next_dagrun for extract_raw_data_pipeline to 2025-06-28 07:58:00+00:00, run_after=2025-06-28 07:59:00+00:00
[2025-06-28T20:19:21.926+0000] {processor.py:208} INFO - Processing /opt/airflow/dags/driven_data_pipeline.py took 0.361 seconds
[2025-06-28T20:19:52.135+0000] {processor.py:186} INFO - Started process (PID=994) to work on /opt/airflow/dags/driven_data_pipeline.py
[2025-06-28T20:19:52.144+0000] {processor.py:914} INFO - Processing file /opt/airflow/dags/driven_data_pipeline.py for tasks to queue
[2025-06-28T20:19:52.147+0000] {logging_mixin.py:190} INFO - [2025-06-28T20:19:52.146+0000] {dagbag.py:588} INFO - Filling up the DagBag from /opt/airflow/dags/driven_data_pipeline.py
[2025-06-28T20:19:52.402+0000] {processor.py:925} INFO - DAG(s) 'extract_raw_data_pipeline' retrieved from /opt/airflow/dags/driven_data_pipeline.py
[2025-06-28T20:19:52.442+0000] {logging_mixin.py:190} INFO - [2025-06-28T20:19:52.442+0000] {dag.py:3239} INFO - Sync 1 DAGs
[2025-06-28T20:19:52.474+0000] {logging_mixin.py:190} INFO - [2025-06-28T20:19:52.474+0000] {dag.py:4180} INFO - Setting next_dagrun for extract_raw_data_pipeline to 2025-06-28 07:58:00+00:00, run_after=2025-06-28 07:59:00+00:00
[2025-06-28T20:19:52.509+0000] {processor.py:208} INFO - Processing /opt/airflow/dags/driven_data_pipeline.py took 0.384 seconds
[2025-06-28T20:20:22.835+0000] {processor.py:186} INFO - Started process (PID=1001) to work on /opt/airflow/dags/driven_data_pipeline.py
[2025-06-28T20:20:22.837+0000] {processor.py:914} INFO - Processing file /opt/airflow/dags/driven_data_pipeline.py for tasks to queue
[2025-06-28T20:20:22.840+0000] {logging_mixin.py:190} INFO - [2025-06-28T20:20:22.839+0000] {dagbag.py:588} INFO - Filling up the DagBag from /opt/airflow/dags/driven_data_pipeline.py
[2025-06-28T20:20:23.033+0000] {processor.py:925} INFO - DAG(s) 'extract_raw_data_pipeline' retrieved from /opt/airflow/dags/driven_data_pipeline.py
[2025-06-28T20:20:23.056+0000] {logging_mixin.py:190} INFO - [2025-06-28T20:20:23.056+0000] {dag.py:3239} INFO - Sync 1 DAGs
[2025-06-28T20:20:23.079+0000] {logging_mixin.py:190} INFO - [2025-06-28T20:20:23.078+0000] {dag.py:4180} INFO - Setting next_dagrun for extract_raw_data_pipeline to 2025-06-28 07:58:00+00:00, run_after=2025-06-28 07:59:00+00:00
[2025-06-28T20:20:23.110+0000] {processor.py:208} INFO - Processing /opt/airflow/dags/driven_data_pipeline.py took 0.293 seconds
[2025-06-28T20:20:53.294+0000] {processor.py:186} INFO - Started process (PID=1009) to work on /opt/airflow/dags/driven_data_pipeline.py
[2025-06-28T20:20:53.298+0000] {processor.py:914} INFO - Processing file /opt/airflow/dags/driven_data_pipeline.py for tasks to queue
[2025-06-28T20:20:53.300+0000] {logging_mixin.py:190} INFO - [2025-06-28T20:20:53.299+0000] {dagbag.py:588} INFO - Filling up the DagBag from /opt/airflow/dags/driven_data_pipeline.py
[2025-06-28T20:20:53.469+0000] {processor.py:925} INFO - DAG(s) 'extract_raw_data_pipeline' retrieved from /opt/airflow/dags/driven_data_pipeline.py
[2025-06-28T20:20:53.492+0000] {logging_mixin.py:190} INFO - [2025-06-28T20:20:53.492+0000] {dag.py:3239} INFO - Sync 1 DAGs
[2025-06-28T20:20:53.516+0000] {logging_mixin.py:190} INFO - [2025-06-28T20:20:53.516+0000] {dag.py:4180} INFO - Setting next_dagrun for extract_raw_data_pipeline to 2025-06-28 07:58:00+00:00, run_after=2025-06-28 07:59:00+00:00
[2025-06-28T20:20:53.550+0000] {processor.py:208} INFO - Processing /opt/airflow/dags/driven_data_pipeline.py took 0.262 seconds
[2025-06-28T20:21:23.837+0000] {processor.py:186} INFO - Started process (PID=1017) to work on /opt/airflow/dags/driven_data_pipeline.py
[2025-06-28T20:21:23.838+0000] {processor.py:914} INFO - Processing file /opt/airflow/dags/driven_data_pipeline.py for tasks to queue
[2025-06-28T20:21:23.842+0000] {logging_mixin.py:190} INFO - [2025-06-28T20:21:23.841+0000] {dagbag.py:588} INFO - Filling up the DagBag from /opt/airflow/dags/driven_data_pipeline.py
[2025-06-28T20:21:24.016+0000] {processor.py:925} INFO - DAG(s) 'extract_raw_data_pipeline' retrieved from /opt/airflow/dags/driven_data_pipeline.py
[2025-06-28T20:21:24.040+0000] {logging_mixin.py:190} INFO - [2025-06-28T20:21:24.040+0000] {dag.py:3239} INFO - Sync 1 DAGs
[2025-06-28T20:21:24.063+0000] {logging_mixin.py:190} INFO - [2025-06-28T20:21:24.063+0000] {dag.py:4180} INFO - Setting next_dagrun for extract_raw_data_pipeline to 2025-06-28 07:58:00+00:00, run_after=2025-06-28 07:59:00+00:00
[2025-06-28T20:21:24.104+0000] {processor.py:208} INFO - Processing /opt/airflow/dags/driven_data_pipeline.py took 0.277 seconds
[2025-06-28T20:21:54.223+0000] {processor.py:186} INFO - Started process (PID=1025) to work on /opt/airflow/dags/driven_data_pipeline.py
[2025-06-28T20:21:54.243+0000] {processor.py:914} INFO - Processing file /opt/airflow/dags/driven_data_pipeline.py for tasks to queue
[2025-06-28T20:21:54.246+0000] {logging_mixin.py:190} INFO - [2025-06-28T20:21:54.245+0000] {dagbag.py:588} INFO - Filling up the DagBag from /opt/airflow/dags/driven_data_pipeline.py
[2025-06-28T20:21:54.418+0000] {processor.py:925} INFO - DAG(s) 'extract_raw_data_pipeline' retrieved from /opt/airflow/dags/driven_data_pipeline.py
[2025-06-28T20:21:54.444+0000] {logging_mixin.py:190} INFO - [2025-06-28T20:21:54.443+0000] {dag.py:3239} INFO - Sync 1 DAGs
[2025-06-28T20:21:54.473+0000] {logging_mixin.py:190} INFO - [2025-06-28T20:21:54.473+0000] {dag.py:4180} INFO - Setting next_dagrun for extract_raw_data_pipeline to 2025-06-28 07:58:00+00:00, run_after=2025-06-28 07:59:00+00:00
[2025-06-28T20:21:54.520+0000] {processor.py:208} INFO - Processing /opt/airflow/dags/driven_data_pipeline.py took 0.303 seconds
[2025-06-28T20:22:24.758+0000] {processor.py:186} INFO - Started process (PID=1033) to work on /opt/airflow/dags/driven_data_pipeline.py
[2025-06-28T20:22:24.759+0000] {processor.py:914} INFO - Processing file /opt/airflow/dags/driven_data_pipeline.py for tasks to queue
[2025-06-28T20:22:24.762+0000] {logging_mixin.py:190} INFO - [2025-06-28T20:22:24.761+0000] {dagbag.py:588} INFO - Filling up the DagBag from /opt/airflow/dags/driven_data_pipeline.py
[2025-06-28T20:22:24.935+0000] {processor.py:925} INFO - DAG(s) 'extract_raw_data_pipeline' retrieved from /opt/airflow/dags/driven_data_pipeline.py
[2025-06-28T20:22:24.959+0000] {logging_mixin.py:190} INFO - [2025-06-28T20:22:24.959+0000] {dag.py:3239} INFO - Sync 1 DAGs
[2025-06-28T20:22:24.981+0000] {logging_mixin.py:190} INFO - [2025-06-28T20:22:24.981+0000] {dag.py:4180} INFO - Setting next_dagrun for extract_raw_data_pipeline to 2025-06-28 07:58:00+00:00, run_after=2025-06-28 07:59:00+00:00
[2025-06-28T20:22:25.022+0000] {processor.py:208} INFO - Processing /opt/airflow/dags/driven_data_pipeline.py took 0.272 seconds
[2025-06-28T20:22:55.227+0000] {processor.py:186} INFO - Started process (PID=1041) to work on /opt/airflow/dags/driven_data_pipeline.py
[2025-06-28T20:22:55.233+0000] {processor.py:914} INFO - Processing file /opt/airflow/dags/driven_data_pipeline.py for tasks to queue
[2025-06-28T20:22:55.242+0000] {logging_mixin.py:190} INFO - [2025-06-28T20:22:55.240+0000] {dagbag.py:588} INFO - Filling up the DagBag from /opt/airflow/dags/driven_data_pipeline.py
[2025-06-28T20:22:55.429+0000] {processor.py:925} INFO - DAG(s) 'extract_raw_data_pipeline' retrieved from /opt/airflow/dags/driven_data_pipeline.py
[2025-06-28T20:22:55.453+0000] {logging_mixin.py:190} INFO - [2025-06-28T20:22:55.452+0000] {dag.py:3239} INFO - Sync 1 DAGs
[2025-06-28T20:22:55.476+0000] {logging_mixin.py:190} INFO - [2025-06-28T20:22:55.476+0000] {dag.py:4180} INFO - Setting next_dagrun for extract_raw_data_pipeline to 2025-06-28 07:58:00+00:00, run_after=2025-06-28 07:59:00+00:00
[2025-06-28T20:22:55.515+0000] {processor.py:208} INFO - Processing /opt/airflow/dags/driven_data_pipeline.py took 0.299 seconds
[2025-06-28T20:23:25.709+0000] {processor.py:186} INFO - Started process (PID=1048) to work on /opt/airflow/dags/driven_data_pipeline.py
[2025-06-28T20:23:25.709+0000] {processor.py:914} INFO - Processing file /opt/airflow/dags/driven_data_pipeline.py for tasks to queue
[2025-06-28T20:23:25.711+0000] {logging_mixin.py:190} INFO - [2025-06-28T20:23:25.711+0000] {dagbag.py:588} INFO - Filling up the DagBag from /opt/airflow/dags/driven_data_pipeline.py
[2025-06-28T20:23:25.882+0000] {processor.py:925} INFO - DAG(s) 'extract_raw_data_pipeline' retrieved from /opt/airflow/dags/driven_data_pipeline.py
[2025-06-28T20:23:25.905+0000] {logging_mixin.py:190} INFO - [2025-06-28T20:23:25.905+0000] {dag.py:3239} INFO - Sync 1 DAGs
[2025-06-28T20:23:25.928+0000] {logging_mixin.py:190} INFO - [2025-06-28T20:23:25.928+0000] {dag.py:4180} INFO - Setting next_dagrun for extract_raw_data_pipeline to 2025-06-28 07:58:00+00:00, run_after=2025-06-28 07:59:00+00:00
[2025-06-28T20:23:25.966+0000] {processor.py:208} INFO - Processing /opt/airflow/dags/driven_data_pipeline.py took 0.264 seconds
[2025-06-28T20:23:56.213+0000] {processor.py:186} INFO - Started process (PID=1056) to work on /opt/airflow/dags/driven_data_pipeline.py
[2025-06-28T20:23:56.218+0000] {processor.py:914} INFO - Processing file /opt/airflow/dags/driven_data_pipeline.py for tasks to queue
[2025-06-28T20:23:56.228+0000] {logging_mixin.py:190} INFO - [2025-06-28T20:23:56.226+0000] {dagbag.py:588} INFO - Filling up the DagBag from /opt/airflow/dags/driven_data_pipeline.py
[2025-06-28T20:23:56.412+0000] {processor.py:925} INFO - DAG(s) 'extract_raw_data_pipeline' retrieved from /opt/airflow/dags/driven_data_pipeline.py
[2025-06-28T20:23:56.436+0000] {logging_mixin.py:190} INFO - [2025-06-28T20:23:56.436+0000] {dag.py:3239} INFO - Sync 1 DAGs
[2025-06-28T20:23:56.458+0000] {logging_mixin.py:190} INFO - [2025-06-28T20:23:56.457+0000] {dag.py:4180} INFO - Setting next_dagrun for extract_raw_data_pipeline to 2025-06-28 07:58:00+00:00, run_after=2025-06-28 07:59:00+00:00
[2025-06-28T20:23:56.499+0000] {processor.py:208} INFO - Processing /opt/airflow/dags/driven_data_pipeline.py took 0.292 seconds
[2025-06-28T20:24:26.691+0000] {processor.py:186} INFO - Started process (PID=1064) to work on /opt/airflow/dags/driven_data_pipeline.py
[2025-06-28T20:24:26.693+0000] {processor.py:914} INFO - Processing file /opt/airflow/dags/driven_data_pipeline.py for tasks to queue
[2025-06-28T20:24:26.697+0000] {logging_mixin.py:190} INFO - [2025-06-28T20:24:26.696+0000] {dagbag.py:588} INFO - Filling up the DagBag from /opt/airflow/dags/driven_data_pipeline.py
[2025-06-28T20:24:26.873+0000] {processor.py:925} INFO - DAG(s) 'extract_raw_data_pipeline' retrieved from /opt/airflow/dags/driven_data_pipeline.py
[2025-06-28T20:24:26.897+0000] {logging_mixin.py:190} INFO - [2025-06-28T20:24:26.896+0000] {dag.py:3239} INFO - Sync 1 DAGs
[2025-06-28T20:24:26.919+0000] {logging_mixin.py:190} INFO - [2025-06-28T20:24:26.919+0000] {dag.py:4180} INFO - Setting next_dagrun for extract_raw_data_pipeline to 2025-06-28 07:58:00+00:00, run_after=2025-06-28 07:59:00+00:00
[2025-06-28T20:24:26.955+0000] {processor.py:208} INFO - Processing /opt/airflow/dags/driven_data_pipeline.py took 0.275 seconds
[2025-06-28T20:24:57.227+0000] {processor.py:186} INFO - Started process (PID=1072) to work on /opt/airflow/dags/driven_data_pipeline.py
[2025-06-28T20:24:57.239+0000] {processor.py:914} INFO - Processing file /opt/airflow/dags/driven_data_pipeline.py for tasks to queue
[2025-06-28T20:24:57.241+0000] {logging_mixin.py:190} INFO - [2025-06-28T20:24:57.241+0000] {dagbag.py:588} INFO - Filling up the DagBag from /opt/airflow/dags/driven_data_pipeline.py
[2025-06-28T20:24:57.417+0000] {processor.py:925} INFO - DAG(s) 'extract_raw_data_pipeline' retrieved from /opt/airflow/dags/driven_data_pipeline.py
[2025-06-28T20:24:57.440+0000] {logging_mixin.py:190} INFO - [2025-06-28T20:24:57.440+0000] {dag.py:3239} INFO - Sync 1 DAGs
[2025-06-28T20:24:57.463+0000] {logging_mixin.py:190} INFO - [2025-06-28T20:24:57.463+0000] {dag.py:4180} INFO - Setting next_dagrun for extract_raw_data_pipeline to 2025-06-28 07:58:00+00:00, run_after=2025-06-28 07:59:00+00:00
[2025-06-28T20:24:57.499+0000] {processor.py:208} INFO - Processing /opt/airflow/dags/driven_data_pipeline.py took 0.282 seconds
[2025-06-28T20:25:27.714+0000] {processor.py:186} INFO - Started process (PID=1080) to work on /opt/airflow/dags/driven_data_pipeline.py
[2025-06-28T20:25:27.716+0000] {processor.py:914} INFO - Processing file /opt/airflow/dags/driven_data_pipeline.py for tasks to queue
[2025-06-28T20:25:27.719+0000] {logging_mixin.py:190} INFO - [2025-06-28T20:25:27.719+0000] {dagbag.py:588} INFO - Filling up the DagBag from /opt/airflow/dags/driven_data_pipeline.py
[2025-06-28T20:25:27.899+0000] {processor.py:925} INFO - DAG(s) 'extract_raw_data_pipeline' retrieved from /opt/airflow/dags/driven_data_pipeline.py
[2025-06-28T20:25:27.928+0000] {logging_mixin.py:190} INFO - [2025-06-28T20:25:27.928+0000] {dag.py:3239} INFO - Sync 1 DAGs
[2025-06-28T20:25:27.957+0000] {logging_mixin.py:190} INFO - [2025-06-28T20:25:27.957+0000] {dag.py:4180} INFO - Setting next_dagrun for extract_raw_data_pipeline to 2025-06-28 07:58:00+00:00, run_after=2025-06-28 07:59:00+00:00
[2025-06-28T20:25:28.007+0000] {processor.py:208} INFO - Processing /opt/airflow/dags/driven_data_pipeline.py took 0.305 seconds
[2025-06-28T20:25:58.226+0000] {processor.py:186} INFO - Started process (PID=1088) to work on /opt/airflow/dags/driven_data_pipeline.py
[2025-06-28T20:25:58.359+0000] {processor.py:914} INFO - Processing file /opt/airflow/dags/driven_data_pipeline.py for tasks to queue
[2025-06-28T20:25:58.361+0000] {logging_mixin.py:190} INFO - [2025-06-28T20:25:58.361+0000] {dagbag.py:588} INFO - Filling up the DagBag from /opt/airflow/dags/driven_data_pipeline.py
[2025-06-28T20:25:58.542+0000] {processor.py:925} INFO - DAG(s) 'extract_raw_data_pipeline' retrieved from /opt/airflow/dags/driven_data_pipeline.py
[2025-06-28T20:25:58.573+0000] {logging_mixin.py:190} INFO - [2025-06-28T20:25:58.573+0000] {dag.py:3239} INFO - Sync 1 DAGs
[2025-06-28T20:25:58.596+0000] {logging_mixin.py:190} INFO - [2025-06-28T20:25:58.596+0000] {dag.py:4180} INFO - Setting next_dagrun for extract_raw_data_pipeline to 2025-06-28 07:58:00+00:00, run_after=2025-06-28 07:59:00+00:00
[2025-06-28T20:25:58.634+0000] {processor.py:208} INFO - Processing /opt/airflow/dags/driven_data_pipeline.py took 0.415 seconds
[2025-06-28T20:26:28.751+0000] {processor.py:186} INFO - Started process (PID=1096) to work on /opt/airflow/dags/driven_data_pipeline.py
[2025-06-28T20:26:28.752+0000] {processor.py:914} INFO - Processing file /opt/airflow/dags/driven_data_pipeline.py for tasks to queue
[2025-06-28T20:26:28.754+0000] {logging_mixin.py:190} INFO - [2025-06-28T20:26:28.754+0000] {dagbag.py:588} INFO - Filling up the DagBag from /opt/airflow/dags/driven_data_pipeline.py
[2025-06-28T20:26:28.926+0000] {processor.py:925} INFO - DAG(s) 'extract_raw_data_pipeline' retrieved from /opt/airflow/dags/driven_data_pipeline.py
[2025-06-28T20:26:28.950+0000] {logging_mixin.py:190} INFO - [2025-06-28T20:26:28.950+0000] {dag.py:3239} INFO - Sync 1 DAGs
[2025-06-28T20:26:28.972+0000] {logging_mixin.py:190} INFO - [2025-06-28T20:26:28.972+0000] {dag.py:4180} INFO - Setting next_dagrun for extract_raw_data_pipeline to 2025-06-28 07:58:00+00:00, run_after=2025-06-28 07:59:00+00:00
[2025-06-28T20:26:30.362+0000] {processor.py:208} INFO - Processing /opt/airflow/dags/driven_data_pipeline.py took 1.619 seconds
[2025-06-28T20:27:00.714+0000] {processor.py:186} INFO - Started process (PID=1104) to work on /opt/airflow/dags/driven_data_pipeline.py
[2025-06-28T20:27:00.715+0000] {processor.py:914} INFO - Processing file /opt/airflow/dags/driven_data_pipeline.py for tasks to queue
[2025-06-28T20:27:00.717+0000] {logging_mixin.py:190} INFO - [2025-06-28T20:27:00.717+0000] {dagbag.py:588} INFO - Filling up the DagBag from /opt/airflow/dags/driven_data_pipeline.py
[2025-06-28T20:27:00.886+0000] {processor.py:925} INFO - DAG(s) 'extract_raw_data_pipeline' retrieved from /opt/airflow/dags/driven_data_pipeline.py
[2025-06-28T20:27:00.910+0000] {logging_mixin.py:190} INFO - [2025-06-28T20:27:00.910+0000] {dag.py:3239} INFO - Sync 1 DAGs
[2025-06-28T20:27:00.934+0000] {logging_mixin.py:190} INFO - [2025-06-28T20:27:00.934+0000] {dag.py:4180} INFO - Setting next_dagrun for extract_raw_data_pipeline to 2025-06-28 07:58:00+00:00, run_after=2025-06-28 07:59:00+00:00
[2025-06-28T20:27:01.134+0000] {processor.py:208} INFO - Processing /opt/airflow/dags/driven_data_pipeline.py took 0.430 seconds
[2025-06-28T20:27:31.566+0000] {processor.py:186} INFO - Started process (PID=1112) to work on /opt/airflow/dags/driven_data_pipeline.py
[2025-06-28T20:27:31.580+0000] {processor.py:914} INFO - Processing file /opt/airflow/dags/driven_data_pipeline.py for tasks to queue
[2025-06-28T20:27:31.584+0000] {logging_mixin.py:190} INFO - [2025-06-28T20:27:31.583+0000] {dagbag.py:588} INFO - Filling up the DagBag from /opt/airflow/dags/driven_data_pipeline.py
[2025-06-28T20:27:31.763+0000] {processor.py:925} INFO - DAG(s) 'extract_raw_data_pipeline' retrieved from /opt/airflow/dags/driven_data_pipeline.py
[2025-06-28T20:27:31.800+0000] {logging_mixin.py:190} INFO - [2025-06-28T20:27:31.800+0000] {dag.py:3239} INFO - Sync 1 DAGs
[2025-06-28T20:27:31.839+0000] {logging_mixin.py:190} INFO - [2025-06-28T20:27:31.839+0000] {dag.py:4180} INFO - Setting next_dagrun for extract_raw_data_pipeline to 2025-06-28 07:58:00+00:00, run_after=2025-06-28 07:59:00+00:00
[2025-06-28T20:27:32.107+0000] {processor.py:208} INFO - Processing /opt/airflow/dags/driven_data_pipeline.py took 0.551 seconds
[2025-06-28T20:28:02.455+0000] {processor.py:186} INFO - Started process (PID=1120) to work on /opt/airflow/dags/driven_data_pipeline.py
[2025-06-28T20:28:02.474+0000] {processor.py:914} INFO - Processing file /opt/airflow/dags/driven_data_pipeline.py for tasks to queue
[2025-06-28T20:28:02.476+0000] {logging_mixin.py:190} INFO - [2025-06-28T20:28:02.476+0000] {dagbag.py:588} INFO - Filling up the DagBag from /opt/airflow/dags/driven_data_pipeline.py
[2025-06-28T20:28:02.649+0000] {processor.py:925} INFO - DAG(s) 'extract_raw_data_pipeline' retrieved from /opt/airflow/dags/driven_data_pipeline.py
[2025-06-28T20:28:02.673+0000] {logging_mixin.py:190} INFO - [2025-06-28T20:28:02.672+0000] {dag.py:3239} INFO - Sync 1 DAGs
[2025-06-28T20:28:02.695+0000] {logging_mixin.py:190} INFO - [2025-06-28T20:28:02.694+0000] {dag.py:4180} INFO - Setting next_dagrun for extract_raw_data_pipeline to 2025-06-28 07:58:00+00:00, run_after=2025-06-28 07:59:00+00:00
[2025-06-28T20:28:02.730+0000] {processor.py:208} INFO - Processing /opt/airflow/dags/driven_data_pipeline.py took 0.283 seconds
[2025-06-28T20:28:32.886+0000] {processor.py:186} INFO - Started process (PID=1128) to work on /opt/airflow/dags/driven_data_pipeline.py
[2025-06-28T20:28:32.893+0000] {processor.py:914} INFO - Processing file /opt/airflow/dags/driven_data_pipeline.py for tasks to queue
[2025-06-28T20:28:32.896+0000] {logging_mixin.py:190} INFO - [2025-06-28T20:28:32.896+0000] {dagbag.py:588} INFO - Filling up the DagBag from /opt/airflow/dags/driven_data_pipeline.py
[2025-06-28T20:28:33.072+0000] {processor.py:925} INFO - DAG(s) 'extract_raw_data_pipeline' retrieved from /opt/airflow/dags/driven_data_pipeline.py
[2025-06-28T20:28:33.097+0000] {logging_mixin.py:190} INFO - [2025-06-28T20:28:33.097+0000] {dag.py:3239} INFO - Sync 1 DAGs
[2025-06-28T20:28:33.119+0000] {logging_mixin.py:190} INFO - [2025-06-28T20:28:33.119+0000] {dag.py:4180} INFO - Setting next_dagrun for extract_raw_data_pipeline to 2025-06-28 07:58:00+00:00, run_after=2025-06-28 07:59:00+00:00
[2025-06-28T20:28:33.156+0000] {processor.py:208} INFO - Processing /opt/airflow/dags/driven_data_pipeline.py took 0.280 seconds
[2025-06-28T20:29:03.483+0000] {processor.py:186} INFO - Started process (PID=1136) to work on /opt/airflow/dags/driven_data_pipeline.py
[2025-06-28T20:29:03.888+0000] {processor.py:914} INFO - Processing file /opt/airflow/dags/driven_data_pipeline.py for tasks to queue
[2025-06-28T20:29:03.890+0000] {logging_mixin.py:190} INFO - [2025-06-28T20:29:03.890+0000] {dagbag.py:588} INFO - Filling up the DagBag from /opt/airflow/dags/driven_data_pipeline.py
[2025-06-28T20:29:04.067+0000] {processor.py:925} INFO - DAG(s) 'extract_raw_data_pipeline' retrieved from /opt/airflow/dags/driven_data_pipeline.py
[2025-06-28T20:29:04.090+0000] {logging_mixin.py:190} INFO - [2025-06-28T20:29:04.090+0000] {dag.py:3239} INFO - Sync 1 DAGs
[2025-06-28T20:29:04.113+0000] {logging_mixin.py:190} INFO - [2025-06-28T20:29:04.113+0000] {dag.py:4180} INFO - Setting next_dagrun for extract_raw_data_pipeline to 2025-06-28 07:58:00+00:00, run_after=2025-06-28 07:59:00+00:00
[2025-06-28T20:29:04.153+0000] {processor.py:208} INFO - Processing /opt/airflow/dags/driven_data_pipeline.py took 0.686 seconds
[2025-06-28T20:29:34.539+0000] {processor.py:186} INFO - Started process (PID=1144) to work on /opt/airflow/dags/driven_data_pipeline.py
[2025-06-28T20:29:34.552+0000] {processor.py:914} INFO - Processing file /opt/airflow/dags/driven_data_pipeline.py for tasks to queue
[2025-06-28T20:29:34.555+0000] {logging_mixin.py:190} INFO - [2025-06-28T20:29:34.555+0000] {dagbag.py:588} INFO - Filling up the DagBag from /opt/airflow/dags/driven_data_pipeline.py
[2025-06-28T20:29:34.731+0000] {processor.py:925} INFO - DAG(s) 'extract_raw_data_pipeline' retrieved from /opt/airflow/dags/driven_data_pipeline.py
[2025-06-28T20:29:34.755+0000] {logging_mixin.py:190} INFO - [2025-06-28T20:29:34.755+0000] {dag.py:3239} INFO - Sync 1 DAGs
[2025-06-28T20:29:34.779+0000] {logging_mixin.py:190} INFO - [2025-06-28T20:29:34.778+0000] {dag.py:4180} INFO - Setting next_dagrun for extract_raw_data_pipeline to 2025-06-28 07:58:00+00:00, run_after=2025-06-28 07:59:00+00:00
[2025-06-28T20:29:34.815+0000] {processor.py:208} INFO - Processing /opt/airflow/dags/driven_data_pipeline.py took 0.285 seconds
[2025-06-28T20:30:05.223+0000] {processor.py:186} INFO - Started process (PID=1152) to work on /opt/airflow/dags/driven_data_pipeline.py
[2025-06-28T20:30:05.237+0000] {processor.py:914} INFO - Processing file /opt/airflow/dags/driven_data_pipeline.py for tasks to queue
[2025-06-28T20:30:05.240+0000] {logging_mixin.py:190} INFO - [2025-06-28T20:30:05.239+0000] {dagbag.py:588} INFO - Filling up the DagBag from /opt/airflow/dags/driven_data_pipeline.py
[2025-06-28T20:30:05.412+0000] {processor.py:925} INFO - DAG(s) 'extract_raw_data_pipeline' retrieved from /opt/airflow/dags/driven_data_pipeline.py
[2025-06-28T20:30:05.435+0000] {logging_mixin.py:190} INFO - [2025-06-28T20:30:05.435+0000] {dag.py:3239} INFO - Sync 1 DAGs
[2025-06-28T20:30:05.457+0000] {logging_mixin.py:190} INFO - [2025-06-28T20:30:05.457+0000] {dag.py:4180} INFO - Setting next_dagrun for extract_raw_data_pipeline to 2025-06-28 07:58:00+00:00, run_after=2025-06-28 07:59:00+00:00
[2025-06-28T20:30:05.488+0000] {processor.py:208} INFO - Processing /opt/airflow/dags/driven_data_pipeline.py took 0.274 seconds
[2025-06-28T20:30:35.561+0000] {processor.py:186} INFO - Started process (PID=1160) to work on /opt/airflow/dags/driven_data_pipeline.py
[2025-06-28T20:30:35.573+0000] {processor.py:914} INFO - Processing file /opt/airflow/dags/driven_data_pipeline.py for tasks to queue
[2025-06-28T20:30:35.575+0000] {logging_mixin.py:190} INFO - [2025-06-28T20:30:35.575+0000] {dagbag.py:588} INFO - Filling up the DagBag from /opt/airflow/dags/driven_data_pipeline.py
[2025-06-28T20:30:35.746+0000] {processor.py:925} INFO - DAG(s) 'extract_raw_data_pipeline' retrieved from /opt/airflow/dags/driven_data_pipeline.py
[2025-06-28T20:30:35.771+0000] {logging_mixin.py:190} INFO - [2025-06-28T20:30:35.771+0000] {dag.py:3239} INFO - Sync 1 DAGs
[2025-06-28T20:30:35.793+0000] {logging_mixin.py:190} INFO - [2025-06-28T20:30:35.793+0000] {dag.py:4180} INFO - Setting next_dagrun for extract_raw_data_pipeline to 2025-06-28 07:58:00+00:00, run_after=2025-06-28 07:59:00+00:00
[2025-06-28T20:30:35.838+0000] {processor.py:208} INFO - Processing /opt/airflow/dags/driven_data_pipeline.py took 0.283 seconds
[2025-06-28T20:31:06.220+0000] {processor.py:186} INFO - Started process (PID=1168) to work on /opt/airflow/dags/driven_data_pipeline.py
[2025-06-28T20:31:06.231+0000] {processor.py:914} INFO - Processing file /opt/airflow/dags/driven_data_pipeline.py for tasks to queue
[2025-06-28T20:31:06.233+0000] {logging_mixin.py:190} INFO - [2025-06-28T20:31:06.233+0000] {dagbag.py:588} INFO - Filling up the DagBag from /opt/airflow/dags/driven_data_pipeline.py
[2025-06-28T20:31:06.402+0000] {processor.py:925} INFO - DAG(s) 'extract_raw_data_pipeline' retrieved from /opt/airflow/dags/driven_data_pipeline.py
[2025-06-28T20:31:06.426+0000] {logging_mixin.py:190} INFO - [2025-06-28T20:31:06.426+0000] {dag.py:3239} INFO - Sync 1 DAGs
[2025-06-28T20:31:06.449+0000] {logging_mixin.py:190} INFO - [2025-06-28T20:31:06.449+0000] {dag.py:4180} INFO - Setting next_dagrun for extract_raw_data_pipeline to 2025-06-28 07:58:00+00:00, run_after=2025-06-28 07:59:00+00:00
[2025-06-28T20:31:06.508+0000] {processor.py:208} INFO - Processing /opt/airflow/dags/driven_data_pipeline.py took 0.295 seconds
[2025-06-28T20:31:36.571+0000] {processor.py:186} INFO - Started process (PID=1176) to work on /opt/airflow/dags/driven_data_pipeline.py
[2025-06-28T20:31:36.574+0000] {processor.py:914} INFO - Processing file /opt/airflow/dags/driven_data_pipeline.py for tasks to queue
[2025-06-28T20:31:36.577+0000] {logging_mixin.py:190} INFO - [2025-06-28T20:31:36.576+0000] {dagbag.py:588} INFO - Filling up the DagBag from /opt/airflow/dags/driven_data_pipeline.py
[2025-06-28T20:31:36.769+0000] {processor.py:925} INFO - DAG(s) 'extract_raw_data_pipeline' retrieved from /opt/airflow/dags/driven_data_pipeline.py
[2025-06-28T20:31:36.794+0000] {logging_mixin.py:190} INFO - [2025-06-28T20:31:36.793+0000] {dag.py:3239} INFO - Sync 1 DAGs
[2025-06-28T20:31:36.817+0000] {logging_mixin.py:190} INFO - [2025-06-28T20:31:36.817+0000] {dag.py:4180} INFO - Setting next_dagrun for extract_raw_data_pipeline to 2025-06-28 07:58:00+00:00, run_after=2025-06-28 07:59:00+00:00
[2025-06-28T20:31:36.850+0000] {processor.py:208} INFO - Processing /opt/airflow/dags/driven_data_pipeline.py took 0.287 seconds
[2025-06-28T20:32:06.947+0000] {processor.py:186} INFO - Started process (PID=1184) to work on /opt/airflow/dags/driven_data_pipeline.py
[2025-06-28T20:32:06.948+0000] {processor.py:914} INFO - Processing file /opt/airflow/dags/driven_data_pipeline.py for tasks to queue
[2025-06-28T20:32:06.951+0000] {logging_mixin.py:190} INFO - [2025-06-28T20:32:06.950+0000] {dagbag.py:588} INFO - Filling up the DagBag from /opt/airflow/dags/driven_data_pipeline.py
[2025-06-28T20:32:07.232+0000] {processor.py:925} INFO - DAG(s) 'extract_raw_data_pipeline' retrieved from /opt/airflow/dags/driven_data_pipeline.py
[2025-06-28T20:32:07.271+0000] {logging_mixin.py:190} INFO - [2025-06-28T20:32:07.271+0000] {dag.py:3239} INFO - Sync 1 DAGs
[2025-06-28T20:32:07.309+0000] {logging_mixin.py:190} INFO - [2025-06-28T20:32:07.308+0000] {dag.py:4180} INFO - Setting next_dagrun for extract_raw_data_pipeline to 2025-06-28 07:58:00+00:00, run_after=2025-06-28 07:59:00+00:00
[2025-06-28T20:32:07.347+0000] {processor.py:208} INFO - Processing /opt/airflow/dags/driven_data_pipeline.py took 0.409 seconds
[2025-06-28T20:32:37.627+0000] {processor.py:186} INFO - Started process (PID=1192) to work on /opt/airflow/dags/driven_data_pipeline.py
[2025-06-28T20:32:37.635+0000] {processor.py:914} INFO - Processing file /opt/airflow/dags/driven_data_pipeline.py for tasks to queue
[2025-06-28T20:32:37.637+0000] {logging_mixin.py:190} INFO - [2025-06-28T20:32:37.637+0000] {dagbag.py:588} INFO - Filling up the DagBag from /opt/airflow/dags/driven_data_pipeline.py
[2025-06-28T20:32:37.818+0000] {processor.py:925} INFO - DAG(s) 'extract_raw_data_pipeline' retrieved from /opt/airflow/dags/driven_data_pipeline.py
[2025-06-28T20:32:37.842+0000] {logging_mixin.py:190} INFO - [2025-06-28T20:32:37.842+0000] {dag.py:3239} INFO - Sync 1 DAGs
[2025-06-28T20:32:37.866+0000] {logging_mixin.py:190} INFO - [2025-06-28T20:32:37.866+0000] {dag.py:4180} INFO - Setting next_dagrun for extract_raw_data_pipeline to 2025-06-28 07:58:00+00:00, run_after=2025-06-28 07:59:00+00:00
[2025-06-28T20:32:37.904+0000] {processor.py:208} INFO - Processing /opt/airflow/dags/driven_data_pipeline.py took 0.283 seconds
[2025-06-28T20:33:08.113+0000] {processor.py:186} INFO - Started process (PID=1200) to work on /opt/airflow/dags/driven_data_pipeline.py
[2025-06-28T20:33:08.114+0000] {processor.py:914} INFO - Processing file /opt/airflow/dags/driven_data_pipeline.py for tasks to queue
[2025-06-28T20:33:08.119+0000] {logging_mixin.py:190} INFO - [2025-06-28T20:33:08.118+0000] {dagbag.py:588} INFO - Filling up the DagBag from /opt/airflow/dags/driven_data_pipeline.py
[2025-06-28T20:33:08.294+0000] {processor.py:925} INFO - DAG(s) 'extract_raw_data_pipeline' retrieved from /opt/airflow/dags/driven_data_pipeline.py
[2025-06-28T20:33:08.318+0000] {logging_mixin.py:190} INFO - [2025-06-28T20:33:08.318+0000] {dag.py:3239} INFO - Sync 1 DAGs
[2025-06-28T20:33:08.342+0000] {logging_mixin.py:190} INFO - [2025-06-28T20:33:08.341+0000] {dag.py:4180} INFO - Setting next_dagrun for extract_raw_data_pipeline to 2025-06-28 07:58:00+00:00, run_after=2025-06-28 07:59:00+00:00
[2025-06-28T20:33:08.394+0000] {processor.py:208} INFO - Processing /opt/airflow/dags/driven_data_pipeline.py took 0.294 seconds
[2025-06-28T20:33:38.632+0000] {processor.py:186} INFO - Started process (PID=1208) to work on /opt/airflow/dags/driven_data_pipeline.py
[2025-06-28T20:33:38.867+0000] {processor.py:914} INFO - Processing file /opt/airflow/dags/driven_data_pipeline.py for tasks to queue
[2025-06-28T20:33:38.877+0000] {logging_mixin.py:190} INFO - [2025-06-28T20:33:38.875+0000] {dagbag.py:588} INFO - Filling up the DagBag from /opt/airflow/dags/driven_data_pipeline.py
[2025-06-28T20:33:39.072+0000] {processor.py:925} INFO - DAG(s) 'extract_raw_data_pipeline' retrieved from /opt/airflow/dags/driven_data_pipeline.py
[2025-06-28T20:33:39.095+0000] {logging_mixin.py:190} INFO - [2025-06-28T20:33:39.095+0000] {dag.py:3239} INFO - Sync 1 DAGs
[2025-06-28T20:33:39.119+0000] {logging_mixin.py:190} INFO - [2025-06-28T20:33:39.119+0000] {dag.py:4180} INFO - Setting next_dagrun for extract_raw_data_pipeline to 2025-06-28 07:58:00+00:00, run_after=2025-06-28 07:59:00+00:00
[2025-06-28T20:33:39.469+0000] {processor.py:208} INFO - Processing /opt/airflow/dags/driven_data_pipeline.py took 0.848 seconds
[2025-06-28T20:34:09.870+0000] {processor.py:186} INFO - Started process (PID=1216) to work on /opt/airflow/dags/driven_data_pipeline.py
[2025-06-28T20:34:09.872+0000] {processor.py:914} INFO - Processing file /opt/airflow/dags/driven_data_pipeline.py for tasks to queue
[2025-06-28T20:34:09.876+0000] {logging_mixin.py:190} INFO - [2025-06-28T20:34:09.875+0000] {dagbag.py:588} INFO - Filling up the DagBag from /opt/airflow/dags/driven_data_pipeline.py
[2025-06-28T20:34:10.052+0000] {processor.py:925} INFO - DAG(s) 'extract_raw_data_pipeline' retrieved from /opt/airflow/dags/driven_data_pipeline.py
[2025-06-28T20:34:10.076+0000] {logging_mixin.py:190} INFO - [2025-06-28T20:34:10.076+0000] {dag.py:3239} INFO - Sync 1 DAGs
[2025-06-28T20:34:10.098+0000] {logging_mixin.py:190} INFO - [2025-06-28T20:34:10.098+0000] {dag.py:4180} INFO - Setting next_dagrun for extract_raw_data_pipeline to 2025-06-28 07:58:00+00:00, run_after=2025-06-28 07:59:00+00:00
[2025-06-28T20:34:10.138+0000] {processor.py:208} INFO - Processing /opt/airflow/dags/driven_data_pipeline.py took 0.278 seconds
[2025-06-28T20:34:40.424+0000] {processor.py:186} INFO - Started process (PID=1224) to work on /opt/airflow/dags/driven_data_pipeline.py
[2025-06-28T20:34:40.426+0000] {processor.py:914} INFO - Processing file /opt/airflow/dags/driven_data_pipeline.py for tasks to queue
[2025-06-28T20:34:40.428+0000] {logging_mixin.py:190} INFO - [2025-06-28T20:34:40.428+0000] {dagbag.py:588} INFO - Filling up the DagBag from /opt/airflow/dags/driven_data_pipeline.py
[2025-06-28T20:34:40.600+0000] {processor.py:925} INFO - DAG(s) 'extract_raw_data_pipeline' retrieved from /opt/airflow/dags/driven_data_pipeline.py
[2025-06-28T20:34:40.628+0000] {logging_mixin.py:190} INFO - [2025-06-28T20:34:40.628+0000] {dag.py:3239} INFO - Sync 1 DAGs
[2025-06-28T20:34:40.651+0000] {logging_mixin.py:190} INFO - [2025-06-28T20:34:40.651+0000] {dag.py:4180} INFO - Setting next_dagrun for extract_raw_data_pipeline to 2025-06-28 07:58:00+00:00, run_after=2025-06-28 07:59:00+00:00
[2025-06-28T20:34:41.052+0000] {processor.py:208} INFO - Processing /opt/airflow/dags/driven_data_pipeline.py took 0.633 seconds
[2025-06-28T20:35:11.490+0000] {processor.py:186} INFO - Started process (PID=1238) to work on /opt/airflow/dags/driven_data_pipeline.py
[2025-06-28T20:35:11.491+0000] {processor.py:914} INFO - Processing file /opt/airflow/dags/driven_data_pipeline.py for tasks to queue
[2025-06-28T20:35:11.494+0000] {logging_mixin.py:190} INFO - [2025-06-28T20:35:11.494+0000] {dagbag.py:588} INFO - Filling up the DagBag from /opt/airflow/dags/driven_data_pipeline.py
[2025-06-28T20:35:11.666+0000] {processor.py:925} INFO - DAG(s) 'extract_raw_data_pipeline' retrieved from /opt/airflow/dags/driven_data_pipeline.py
[2025-06-28T20:35:11.690+0000] {logging_mixin.py:190} INFO - [2025-06-28T20:35:11.690+0000] {dag.py:3239} INFO - Sync 1 DAGs
[2025-06-28T20:35:11.713+0000] {logging_mixin.py:190} INFO - [2025-06-28T20:35:11.713+0000] {dag.py:4180} INFO - Setting next_dagrun for extract_raw_data_pipeline to 2025-06-28 07:58:00+00:00, run_after=2025-06-28 07:59:00+00:00
[2025-06-28T20:35:11.746+0000] {processor.py:208} INFO - Processing /opt/airflow/dags/driven_data_pipeline.py took 0.265 seconds
[2025-06-28T20:35:41.851+0000] {processor.py:186} INFO - Started process (PID=1246) to work on /opt/airflow/dags/driven_data_pipeline.py
[2025-06-28T20:35:41.852+0000] {processor.py:914} INFO - Processing file /opt/airflow/dags/driven_data_pipeline.py for tasks to queue
[2025-06-28T20:35:41.855+0000] {logging_mixin.py:190} INFO - [2025-06-28T20:35:41.855+0000] {dagbag.py:588} INFO - Filling up the DagBag from /opt/airflow/dags/driven_data_pipeline.py
[2025-06-28T20:35:42.032+0000] {processor.py:925} INFO - DAG(s) 'extract_raw_data_pipeline' retrieved from /opt/airflow/dags/driven_data_pipeline.py
[2025-06-28T20:35:42.056+0000] {logging_mixin.py:190} INFO - [2025-06-28T20:35:42.056+0000] {dag.py:3239} INFO - Sync 1 DAGs
[2025-06-28T20:35:42.082+0000] {logging_mixin.py:190} INFO - [2025-06-28T20:35:42.081+0000] {dag.py:4180} INFO - Setting next_dagrun for extract_raw_data_pipeline to 2025-06-28 07:58:00+00:00, run_after=2025-06-28 07:59:00+00:00
[2025-06-28T20:35:42.122+0000] {processor.py:208} INFO - Processing /opt/airflow/dags/driven_data_pipeline.py took 0.282 seconds
[2025-06-28T20:36:12.583+0000] {processor.py:186} INFO - Started process (PID=1254) to work on /opt/airflow/dags/driven_data_pipeline.py
[2025-06-28T20:36:12.589+0000] {processor.py:914} INFO - Processing file /opt/airflow/dags/driven_data_pipeline.py for tasks to queue
[2025-06-28T20:36:12.592+0000] {logging_mixin.py:190} INFO - [2025-06-28T20:36:12.592+0000] {dagbag.py:588} INFO - Filling up the DagBag from /opt/airflow/dags/driven_data_pipeline.py
[2025-06-28T20:36:12.802+0000] {processor.py:925} INFO - DAG(s) 'extract_raw_data_pipeline' retrieved from /opt/airflow/dags/driven_data_pipeline.py
[2025-06-28T20:36:12.828+0000] {logging_mixin.py:190} INFO - [2025-06-28T20:36:12.828+0000] {dag.py:3239} INFO - Sync 1 DAGs
[2025-06-28T20:36:12.856+0000] {logging_mixin.py:190} INFO - [2025-06-28T20:36:12.856+0000] {dag.py:4180} INFO - Setting next_dagrun for extract_raw_data_pipeline to 2025-06-28 07:58:00+00:00, run_after=2025-06-28 07:59:00+00:00
[2025-06-28T20:36:13.358+0000] {processor.py:208} INFO - Processing /opt/airflow/dags/driven_data_pipeline.py took 0.796 seconds
[2025-06-28T20:36:43.904+0000] {processor.py:186} INFO - Started process (PID=1262) to work on /opt/airflow/dags/driven_data_pipeline.py
[2025-06-28T20:36:43.906+0000] {processor.py:914} INFO - Processing file /opt/airflow/dags/driven_data_pipeline.py for tasks to queue
[2025-06-28T20:36:43.911+0000] {logging_mixin.py:190} INFO - [2025-06-28T20:36:43.910+0000] {dagbag.py:588} INFO - Filling up the DagBag from /opt/airflow/dags/driven_data_pipeline.py
[2025-06-28T20:36:44.125+0000] {processor.py:925} INFO - DAG(s) 'extract_raw_data_pipeline' retrieved from /opt/airflow/dags/driven_data_pipeline.py
[2025-06-28T20:36:44.152+0000] {logging_mixin.py:190} INFO - [2025-06-28T20:36:44.151+0000] {dag.py:3239} INFO - Sync 1 DAGs
[2025-06-28T20:36:44.179+0000] {logging_mixin.py:190} INFO - [2025-06-28T20:36:44.179+0000] {dag.py:4180} INFO - Setting next_dagrun for extract_raw_data_pipeline to 2025-06-28 07:58:00+00:00, run_after=2025-06-28 07:59:00+00:00
[2025-06-28T20:36:45.425+0000] {processor.py:208} INFO - Processing /opt/airflow/dags/driven_data_pipeline.py took 1.555 seconds
[2025-06-28T20:37:15.834+0000] {processor.py:186} INFO - Started process (PID=1270) to work on /opt/airflow/dags/driven_data_pipeline.py
[2025-06-28T20:37:15.838+0000] {processor.py:914} INFO - Processing file /opt/airflow/dags/driven_data_pipeline.py for tasks to queue
[2025-06-28T20:37:15.842+0000] {logging_mixin.py:190} INFO - [2025-06-28T20:37:15.841+0000] {dagbag.py:588} INFO - Filling up the DagBag from /opt/airflow/dags/driven_data_pipeline.py
[2025-06-28T20:37:16.017+0000] {processor.py:925} INFO - DAG(s) 'extract_raw_data_pipeline' retrieved from /opt/airflow/dags/driven_data_pipeline.py
[2025-06-28T20:37:16.041+0000] {logging_mixin.py:190} INFO - [2025-06-28T20:37:16.041+0000] {dag.py:3239} INFO - Sync 1 DAGs
[2025-06-28T20:37:16.065+0000] {logging_mixin.py:190} INFO - [2025-06-28T20:37:16.064+0000] {dag.py:4180} INFO - Setting next_dagrun for extract_raw_data_pipeline to 2025-06-28 07:58:00+00:00, run_after=2025-06-28 07:59:00+00:00
[2025-06-28T20:37:16.526+0000] {processor.py:208} INFO - Processing /opt/airflow/dags/driven_data_pipeline.py took 0.704 seconds
