[2025-07-03T00:00:13.835+0000] {processor.py:186} INFO - Started process (PID=12438) to work on /opt/airflow/dags/driven_data_pipeline.py
[2025-07-03T00:00:13.836+0000] {processor.py:914} INFO - Processing file /opt/airflow/dags/driven_data_pipeline.py for tasks to queue
[2025-07-03T00:00:13.838+0000] {logging_mixin.py:190} INFO - [2025-07-03T00:00:13.838+0000] {dagbag.py:588} INFO - Filling up the DagBag from /opt/airflow/dags/driven_data_pipeline.py
[2025-07-03T00:00:14.086+0000] {processor.py:925} INFO - DAG(s) 'extract_raw_data_pipeline' retrieved from /opt/airflow/dags/driven_data_pipeline.py
[2025-07-03T00:00:14.124+0000] {logging_mixin.py:190} INFO - [2025-07-03T00:00:14.124+0000] {dag.py:3239} INFO - Sync 1 DAGs
[2025-07-03T00:00:14.165+0000] {logging_mixin.py:190} INFO - [2025-07-03T00:00:14.164+0000] {dag.py:4180} INFO - Setting next_dagrun for extract_raw_data_pipeline to 2025-07-02 07:59:00+00:00, run_after=2025-07-03 07:00:00+00:00
[2025-07-03T00:00:14.242+0000] {processor.py:208} INFO - Processing /opt/airflow/dags/driven_data_pipeline.py took 0.416 seconds
[2025-07-03T00:00:44.597+0000] {processor.py:186} INFO - Started process (PID=12446) to work on /opt/airflow/dags/driven_data_pipeline.py
[2025-07-03T00:00:44.712+0000] {processor.py:914} INFO - Processing file /opt/airflow/dags/driven_data_pipeline.py for tasks to queue
[2025-07-03T00:00:44.715+0000] {logging_mixin.py:190} INFO - [2025-07-03T00:00:44.715+0000] {dagbag.py:588} INFO - Filling up the DagBag from /opt/airflow/dags/driven_data_pipeline.py
[2025-07-03T00:00:44.925+0000] {processor.py:925} INFO - DAG(s) 'extract_raw_data_pipeline' retrieved from /opt/airflow/dags/driven_data_pipeline.py
[2025-07-03T00:00:44.956+0000] {logging_mixin.py:190} INFO - [2025-07-03T00:00:44.955+0000] {dag.py:3239} INFO - Sync 1 DAGs
[2025-07-03T00:00:44.984+0000] {logging_mixin.py:190} INFO - [2025-07-03T00:00:44.984+0000] {dag.py:4180} INFO - Setting next_dagrun for extract_raw_data_pipeline to 2025-07-02 07:59:00+00:00, run_after=2025-07-03 07:00:00+00:00
[2025-07-03T00:00:45.743+0000] {processor.py:208} INFO - Processing /opt/airflow/dags/driven_data_pipeline.py took 1.152 seconds
[2025-07-03T00:01:16.016+0000] {processor.py:186} INFO - Started process (PID=12454) to work on /opt/airflow/dags/driven_data_pipeline.py
[2025-07-03T00:01:16.021+0000] {processor.py:914} INFO - Processing file /opt/airflow/dags/driven_data_pipeline.py for tasks to queue
[2025-07-03T00:01:16.025+0000] {logging_mixin.py:190} INFO - [2025-07-03T00:01:16.024+0000] {dagbag.py:588} INFO - Filling up the DagBag from /opt/airflow/dags/driven_data_pipeline.py
[2025-07-03T00:01:16.247+0000] {processor.py:925} INFO - DAG(s) 'extract_raw_data_pipeline' retrieved from /opt/airflow/dags/driven_data_pipeline.py
[2025-07-03T00:01:16.275+0000] {logging_mixin.py:190} INFO - [2025-07-03T00:01:16.274+0000] {dag.py:3239} INFO - Sync 1 DAGs
[2025-07-03T00:01:16.305+0000] {logging_mixin.py:190} INFO - [2025-07-03T00:01:16.305+0000] {dag.py:4180} INFO - Setting next_dagrun for extract_raw_data_pipeline to 2025-07-02 07:59:00+00:00, run_after=2025-07-03 07:00:00+00:00
[2025-07-03T00:01:16.609+0000] {processor.py:208} INFO - Processing /opt/airflow/dags/driven_data_pipeline.py took 0.603 seconds
[2025-07-03T00:01:47.026+0000] {processor.py:186} INFO - Started process (PID=12462) to work on /opt/airflow/dags/driven_data_pipeline.py
[2025-07-03T00:01:47.031+0000] {processor.py:914} INFO - Processing file /opt/airflow/dags/driven_data_pipeline.py for tasks to queue
[2025-07-03T00:01:47.035+0000] {logging_mixin.py:190} INFO - [2025-07-03T00:01:47.034+0000] {dagbag.py:588} INFO - Filling up the DagBag from /opt/airflow/dags/driven_data_pipeline.py
[2025-07-03T00:01:47.217+0000] {processor.py:925} INFO - DAG(s) 'extract_raw_data_pipeline' retrieved from /opt/airflow/dags/driven_data_pipeline.py
[2025-07-03T00:01:47.243+0000] {logging_mixin.py:190} INFO - [2025-07-03T00:01:47.242+0000] {dag.py:3239} INFO - Sync 1 DAGs
[2025-07-03T00:01:47.267+0000] {logging_mixin.py:190} INFO - [2025-07-03T00:01:47.267+0000] {dag.py:4180} INFO - Setting next_dagrun for extract_raw_data_pipeline to 2025-07-02 07:59:00+00:00, run_after=2025-07-03 07:00:00+00:00
[2025-07-03T00:01:47.950+0000] {processor.py:208} INFO - Processing /opt/airflow/dags/driven_data_pipeline.py took 0.948 seconds
[2025-07-03T00:02:18.289+0000] {processor.py:186} INFO - Started process (PID=12470) to work on /opt/airflow/dags/driven_data_pipeline.py
[2025-07-03T00:02:18.299+0000] {processor.py:914} INFO - Processing file /opt/airflow/dags/driven_data_pipeline.py for tasks to queue
[2025-07-03T00:02:18.302+0000] {logging_mixin.py:190} INFO - [2025-07-03T00:02:18.302+0000] {dagbag.py:588} INFO - Filling up the DagBag from /opt/airflow/dags/driven_data_pipeline.py
[2025-07-03T00:02:18.481+0000] {processor.py:925} INFO - DAG(s) 'extract_raw_data_pipeline' retrieved from /opt/airflow/dags/driven_data_pipeline.py
[2025-07-03T00:02:18.507+0000] {logging_mixin.py:190} INFO - [2025-07-03T00:02:18.507+0000] {dag.py:3239} INFO - Sync 1 DAGs
[2025-07-03T00:02:18.530+0000] {logging_mixin.py:190} INFO - [2025-07-03T00:02:18.530+0000] {dag.py:4180} INFO - Setting next_dagrun for extract_raw_data_pipeline to 2025-07-02 07:59:00+00:00, run_after=2025-07-03 07:00:00+00:00
[2025-07-03T00:02:18.569+0000] {processor.py:208} INFO - Processing /opt/airflow/dags/driven_data_pipeline.py took 0.286 seconds
[2025-07-03T00:02:48.618+0000] {processor.py:186} INFO - Started process (PID=12478) to work on /opt/airflow/dags/driven_data_pipeline.py
[2025-07-03T00:02:48.627+0000] {processor.py:914} INFO - Processing file /opt/airflow/dags/driven_data_pipeline.py for tasks to queue
[2025-07-03T00:02:48.630+0000] {logging_mixin.py:190} INFO - [2025-07-03T00:02:48.630+0000] {dagbag.py:588} INFO - Filling up the DagBag from /opt/airflow/dags/driven_data_pipeline.py
[2025-07-03T00:02:48.810+0000] {processor.py:925} INFO - DAG(s) 'extract_raw_data_pipeline' retrieved from /opt/airflow/dags/driven_data_pipeline.py
[2025-07-03T00:02:48.835+0000] {logging_mixin.py:190} INFO - [2025-07-03T00:02:48.835+0000] {dag.py:3239} INFO - Sync 1 DAGs
[2025-07-03T00:02:48.858+0000] {logging_mixin.py:190} INFO - [2025-07-03T00:02:48.858+0000] {dag.py:4180} INFO - Setting next_dagrun for extract_raw_data_pipeline to 2025-07-02 07:59:00+00:00, run_after=2025-07-03 07:00:00+00:00
[2025-07-03T00:02:49.892+0000] {processor.py:208} INFO - Processing /opt/airflow/dags/driven_data_pipeline.py took 1.280 seconds
[2025-07-03T00:03:20.269+0000] {processor.py:186} INFO - Started process (PID=12486) to work on /opt/airflow/dags/driven_data_pipeline.py
[2025-07-03T00:03:20.281+0000] {processor.py:914} INFO - Processing file /opt/airflow/dags/driven_data_pipeline.py for tasks to queue
[2025-07-03T00:03:20.284+0000] {logging_mixin.py:190} INFO - [2025-07-03T00:03:20.283+0000] {dagbag.py:588} INFO - Filling up the DagBag from /opt/airflow/dags/driven_data_pipeline.py
[2025-07-03T00:03:20.460+0000] {processor.py:925} INFO - DAG(s) 'extract_raw_data_pipeline' retrieved from /opt/airflow/dags/driven_data_pipeline.py
[2025-07-03T00:03:20.484+0000] {logging_mixin.py:190} INFO - [2025-07-03T00:03:20.484+0000] {dag.py:3239} INFO - Sync 1 DAGs
[2025-07-03T00:03:20.507+0000] {logging_mixin.py:190} INFO - [2025-07-03T00:03:20.507+0000] {dag.py:4180} INFO - Setting next_dagrun for extract_raw_data_pipeline to 2025-07-02 07:59:00+00:00, run_after=2025-07-03 07:00:00+00:00
[2025-07-03T00:03:20.540+0000] {processor.py:208} INFO - Processing /opt/airflow/dags/driven_data_pipeline.py took 0.280 seconds
[2025-07-03T00:03:50.656+0000] {processor.py:186} INFO - Started process (PID=12494) to work on /opt/airflow/dags/driven_data_pipeline.py
[2025-07-03T00:03:50.663+0000] {processor.py:914} INFO - Processing file /opt/airflow/dags/driven_data_pipeline.py for tasks to queue
[2025-07-03T00:03:50.667+0000] {logging_mixin.py:190} INFO - [2025-07-03T00:03:50.666+0000] {dagbag.py:588} INFO - Filling up the DagBag from /opt/airflow/dags/driven_data_pipeline.py
[2025-07-03T00:03:50.850+0000] {processor.py:925} INFO - DAG(s) 'extract_raw_data_pipeline' retrieved from /opt/airflow/dags/driven_data_pipeline.py
[2025-07-03T00:03:50.875+0000] {logging_mixin.py:190} INFO - [2025-07-03T00:03:50.875+0000] {dag.py:3239} INFO - Sync 1 DAGs
[2025-07-03T00:03:50.900+0000] {logging_mixin.py:190} INFO - [2025-07-03T00:03:50.900+0000] {dag.py:4180} INFO - Setting next_dagrun for extract_raw_data_pipeline to 2025-07-02 07:59:00+00:00, run_after=2025-07-03 07:00:00+00:00
[2025-07-03T00:03:50.932+0000] {processor.py:208} INFO - Processing /opt/airflow/dags/driven_data_pipeline.py took 0.286 seconds
[2025-07-03T00:04:21.205+0000] {processor.py:186} INFO - Started process (PID=12502) to work on /opt/airflow/dags/driven_data_pipeline.py
[2025-07-03T00:04:21.207+0000] {processor.py:914} INFO - Processing file /opt/airflow/dags/driven_data_pipeline.py for tasks to queue
[2025-07-03T00:04:21.210+0000] {logging_mixin.py:190} INFO - [2025-07-03T00:04:21.210+0000] {dagbag.py:588} INFO - Filling up the DagBag from /opt/airflow/dags/driven_data_pipeline.py
[2025-07-03T00:04:21.387+0000] {processor.py:925} INFO - DAG(s) 'extract_raw_data_pipeline' retrieved from /opt/airflow/dags/driven_data_pipeline.py
[2025-07-03T00:04:21.412+0000] {logging_mixin.py:190} INFO - [2025-07-03T00:04:21.412+0000] {dag.py:3239} INFO - Sync 1 DAGs
[2025-07-03T00:04:21.435+0000] {logging_mixin.py:190} INFO - [2025-07-03T00:04:21.435+0000] {dag.py:4180} INFO - Setting next_dagrun for extract_raw_data_pipeline to 2025-07-02 07:59:00+00:00, run_after=2025-07-03 07:00:00+00:00
[2025-07-03T00:04:21.472+0000] {processor.py:208} INFO - Processing /opt/airflow/dags/driven_data_pipeline.py took 0.277 seconds
[2025-07-03T00:04:51.582+0000] {processor.py:186} INFO - Started process (PID=12510) to work on /opt/airflow/dags/driven_data_pipeline.py
[2025-07-03T00:04:51.611+0000] {processor.py:914} INFO - Processing file /opt/airflow/dags/driven_data_pipeline.py for tasks to queue
[2025-07-03T00:04:51.614+0000] {logging_mixin.py:190} INFO - [2025-07-03T00:04:51.613+0000] {dagbag.py:588} INFO - Filling up the DagBag from /opt/airflow/dags/driven_data_pipeline.py
[2025-07-03T00:04:51.794+0000] {processor.py:925} INFO - DAG(s) 'extract_raw_data_pipeline' retrieved from /opt/airflow/dags/driven_data_pipeline.py
[2025-07-03T00:04:51.818+0000] {logging_mixin.py:190} INFO - [2025-07-03T00:04:51.818+0000] {dag.py:3239} INFO - Sync 1 DAGs
[2025-07-03T00:04:51.841+0000] {logging_mixin.py:190} INFO - [2025-07-03T00:04:51.840+0000] {dag.py:4180} INFO - Setting next_dagrun for extract_raw_data_pipeline to 2025-07-02 07:59:00+00:00, run_after=2025-07-03 07:00:00+00:00
[2025-07-03T00:04:51.873+0000] {processor.py:208} INFO - Processing /opt/airflow/dags/driven_data_pipeline.py took 0.301 seconds
[2025-07-03T00:05:22.175+0000] {processor.py:186} INFO - Started process (PID=12518) to work on /opt/airflow/dags/driven_data_pipeline.py
[2025-07-03T00:05:22.176+0000] {processor.py:914} INFO - Processing file /opt/airflow/dags/driven_data_pipeline.py for tasks to queue
[2025-07-03T00:05:22.178+0000] {logging_mixin.py:190} INFO - [2025-07-03T00:05:22.178+0000] {dagbag.py:588} INFO - Filling up the DagBag from /opt/airflow/dags/driven_data_pipeline.py
[2025-07-03T00:05:22.359+0000] {processor.py:925} INFO - DAG(s) 'extract_raw_data_pipeline' retrieved from /opt/airflow/dags/driven_data_pipeline.py
[2025-07-03T00:05:22.383+0000] {logging_mixin.py:190} INFO - [2025-07-03T00:05:22.383+0000] {dag.py:3239} INFO - Sync 1 DAGs
[2025-07-03T00:05:22.407+0000] {logging_mixin.py:190} INFO - [2025-07-03T00:05:22.406+0000] {dag.py:4180} INFO - Setting next_dagrun for extract_raw_data_pipeline to 2025-07-02 07:59:00+00:00, run_after=2025-07-03 07:00:00+00:00
[2025-07-03T00:05:22.446+0000] {processor.py:208} INFO - Processing /opt/airflow/dags/driven_data_pipeline.py took 0.280 seconds
[2025-07-03T00:05:52.556+0000] {processor.py:186} INFO - Started process (PID=12526) to work on /opt/airflow/dags/driven_data_pipeline.py
[2025-07-03T00:05:52.557+0000] {processor.py:914} INFO - Processing file /opt/airflow/dags/driven_data_pipeline.py for tasks to queue
[2025-07-03T00:05:52.561+0000] {logging_mixin.py:190} INFO - [2025-07-03T00:05:52.560+0000] {dagbag.py:588} INFO - Filling up the DagBag from /opt/airflow/dags/driven_data_pipeline.py
[2025-07-03T00:05:52.739+0000] {processor.py:925} INFO - DAG(s) 'extract_raw_data_pipeline' retrieved from /opt/airflow/dags/driven_data_pipeline.py
[2025-07-03T00:05:52.764+0000] {logging_mixin.py:190} INFO - [2025-07-03T00:05:52.763+0000] {dag.py:3239} INFO - Sync 1 DAGs
[2025-07-03T00:05:52.788+0000] {logging_mixin.py:190} INFO - [2025-07-03T00:05:52.788+0000] {dag.py:4180} INFO - Setting next_dagrun for extract_raw_data_pipeline to 2025-07-02 07:59:00+00:00, run_after=2025-07-03 07:00:00+00:00
[2025-07-03T00:05:52.828+0000] {processor.py:208} INFO - Processing /opt/airflow/dags/driven_data_pipeline.py took 0.285 seconds
[2025-07-03T00:06:23.105+0000] {processor.py:186} INFO - Started process (PID=12534) to work on /opt/airflow/dags/driven_data_pipeline.py
[2025-07-03T00:06:23.110+0000] {processor.py:914} INFO - Processing file /opt/airflow/dags/driven_data_pipeline.py for tasks to queue
[2025-07-03T00:06:23.112+0000] {logging_mixin.py:190} INFO - [2025-07-03T00:06:23.112+0000] {dagbag.py:588} INFO - Filling up the DagBag from /opt/airflow/dags/driven_data_pipeline.py
[2025-07-03T00:06:23.325+0000] {processor.py:925} INFO - DAG(s) 'extract_raw_data_pipeline' retrieved from /opt/airflow/dags/driven_data_pipeline.py
[2025-07-03T00:06:23.358+0000] {logging_mixin.py:190} INFO - [2025-07-03T00:06:23.357+0000] {dag.py:3239} INFO - Sync 1 DAGs
[2025-07-03T00:06:23.390+0000] {logging_mixin.py:190} INFO - [2025-07-03T00:06:23.390+0000] {dag.py:4180} INFO - Setting next_dagrun for extract_raw_data_pipeline to 2025-07-02 07:59:00+00:00, run_after=2025-07-03 07:00:00+00:00
[2025-07-03T00:06:23.435+0000] {processor.py:208} INFO - Processing /opt/airflow/dags/driven_data_pipeline.py took 0.337 seconds
[2025-07-03T00:06:53.530+0000] {processor.py:186} INFO - Started process (PID=12542) to work on /opt/airflow/dags/driven_data_pipeline.py
[2025-07-03T00:06:53.531+0000] {processor.py:914} INFO - Processing file /opt/airflow/dags/driven_data_pipeline.py for tasks to queue
[2025-07-03T00:06:53.534+0000] {logging_mixin.py:190} INFO - [2025-07-03T00:06:53.533+0000] {dagbag.py:588} INFO - Filling up the DagBag from /opt/airflow/dags/driven_data_pipeline.py
[2025-07-03T00:06:53.739+0000] {processor.py:925} INFO - DAG(s) 'extract_raw_data_pipeline' retrieved from /opt/airflow/dags/driven_data_pipeline.py
[2025-07-03T00:06:53.766+0000] {logging_mixin.py:190} INFO - [2025-07-03T00:06:53.766+0000] {dag.py:3239} INFO - Sync 1 DAGs
[2025-07-03T00:06:53.796+0000] {logging_mixin.py:190} INFO - [2025-07-03T00:06:53.795+0000] {dag.py:4180} INFO - Setting next_dagrun for extract_raw_data_pipeline to 2025-07-02 07:59:00+00:00, run_after=2025-07-03 07:00:00+00:00
[2025-07-03T00:06:53.833+0000] {processor.py:208} INFO - Processing /opt/airflow/dags/driven_data_pipeline.py took 0.310 seconds
[2025-07-03T00:07:24.246+0000] {processor.py:186} INFO - Started process (PID=12550) to work on /opt/airflow/dags/driven_data_pipeline.py
[2025-07-03T00:07:24.256+0000] {processor.py:914} INFO - Processing file /opt/airflow/dags/driven_data_pipeline.py for tasks to queue
[2025-07-03T00:07:24.258+0000] {logging_mixin.py:190} INFO - [2025-07-03T00:07:24.257+0000] {dagbag.py:588} INFO - Filling up the DagBag from /opt/airflow/dags/driven_data_pipeline.py
[2025-07-03T00:07:24.461+0000] {processor.py:925} INFO - DAG(s) 'extract_raw_data_pipeline' retrieved from /opt/airflow/dags/driven_data_pipeline.py
[2025-07-03T00:07:24.490+0000] {logging_mixin.py:190} INFO - [2025-07-03T00:07:24.489+0000] {dag.py:3239} INFO - Sync 1 DAGs
[2025-07-03T00:07:24.519+0000] {logging_mixin.py:190} INFO - [2025-07-03T00:07:24.518+0000] {dag.py:4180} INFO - Setting next_dagrun for extract_raw_data_pipeline to 2025-07-02 07:59:00+00:00, run_after=2025-07-03 07:00:00+00:00
[2025-07-03T00:07:24.550+0000] {processor.py:208} INFO - Processing /opt/airflow/dags/driven_data_pipeline.py took 0.312 seconds
[2025-07-03T00:07:54.660+0000] {processor.py:186} INFO - Started process (PID=12558) to work on /opt/airflow/dags/driven_data_pipeline.py
[2025-07-03T00:07:54.662+0000] {processor.py:914} INFO - Processing file /opt/airflow/dags/driven_data_pipeline.py for tasks to queue
[2025-07-03T00:07:54.666+0000] {logging_mixin.py:190} INFO - [2025-07-03T00:07:54.666+0000] {dagbag.py:588} INFO - Filling up the DagBag from /opt/airflow/dags/driven_data_pipeline.py
[2025-07-03T00:07:54.847+0000] {processor.py:925} INFO - DAG(s) 'extract_raw_data_pipeline' retrieved from /opt/airflow/dags/driven_data_pipeline.py
[2025-07-03T00:07:54.871+0000] {logging_mixin.py:190} INFO - [2025-07-03T00:07:54.871+0000] {dag.py:3239} INFO - Sync 1 DAGs
[2025-07-03T00:07:54.903+0000] {logging_mixin.py:190} INFO - [2025-07-03T00:07:54.902+0000] {dag.py:4180} INFO - Setting next_dagrun for extract_raw_data_pipeline to 2025-07-02 07:59:00+00:00, run_after=2025-07-03 07:00:00+00:00
[2025-07-03T00:07:54.941+0000] {processor.py:208} INFO - Processing /opt/airflow/dags/driven_data_pipeline.py took 0.293 seconds
[2025-07-03T00:08:25.334+0000] {processor.py:186} INFO - Started process (PID=12566) to work on /opt/airflow/dags/driven_data_pipeline.py
[2025-07-03T00:08:25.346+0000] {processor.py:914} INFO - Processing file /opt/airflow/dags/driven_data_pipeline.py for tasks to queue
[2025-07-03T00:08:25.349+0000] {logging_mixin.py:190} INFO - [2025-07-03T00:08:25.348+0000] {dagbag.py:588} INFO - Filling up the DagBag from /opt/airflow/dags/driven_data_pipeline.py
[2025-07-03T00:08:25.536+0000] {processor.py:925} INFO - DAG(s) 'extract_raw_data_pipeline' retrieved from /opt/airflow/dags/driven_data_pipeline.py
[2025-07-03T00:08:25.561+0000] {logging_mixin.py:190} INFO - [2025-07-03T00:08:25.561+0000] {dag.py:3239} INFO - Sync 1 DAGs
[2025-07-03T00:08:25.585+0000] {logging_mixin.py:190} INFO - [2025-07-03T00:08:25.585+0000] {dag.py:4180} INFO - Setting next_dagrun for extract_raw_data_pipeline to 2025-07-02 07:59:00+00:00, run_after=2025-07-03 07:00:00+00:00
[2025-07-03T00:08:25.630+0000] {processor.py:208} INFO - Processing /opt/airflow/dags/driven_data_pipeline.py took 0.306 seconds
[2025-07-03T00:08:55.710+0000] {processor.py:186} INFO - Started process (PID=12574) to work on /opt/airflow/dags/driven_data_pipeline.py
[2025-07-03T00:08:55.712+0000] {processor.py:914} INFO - Processing file /opt/airflow/dags/driven_data_pipeline.py for tasks to queue
[2025-07-03T00:08:55.716+0000] {logging_mixin.py:190} INFO - [2025-07-03T00:08:55.715+0000] {dagbag.py:588} INFO - Filling up the DagBag from /opt/airflow/dags/driven_data_pipeline.py
[2025-07-03T00:08:55.896+0000] {processor.py:925} INFO - DAG(s) 'extract_raw_data_pipeline' retrieved from /opt/airflow/dags/driven_data_pipeline.py
[2025-07-03T00:08:55.921+0000] {logging_mixin.py:190} INFO - [2025-07-03T00:08:55.921+0000] {dag.py:3239} INFO - Sync 1 DAGs
[2025-07-03T00:08:55.944+0000] {logging_mixin.py:190} INFO - [2025-07-03T00:08:55.943+0000] {dag.py:4180} INFO - Setting next_dagrun for extract_raw_data_pipeline to 2025-07-02 07:59:00+00:00, run_after=2025-07-03 07:00:00+00:00
[2025-07-03T00:08:55.983+0000] {processor.py:208} INFO - Processing /opt/airflow/dags/driven_data_pipeline.py took 0.283 seconds
[2025-07-03T00:09:26.352+0000] {processor.py:186} INFO - Started process (PID=12582) to work on /opt/airflow/dags/driven_data_pipeline.py
[2025-07-03T00:09:26.363+0000] {processor.py:914} INFO - Processing file /opt/airflow/dags/driven_data_pipeline.py for tasks to queue
[2025-07-03T00:09:26.368+0000] {logging_mixin.py:190} INFO - [2025-07-03T00:09:26.367+0000] {dagbag.py:588} INFO - Filling up the DagBag from /opt/airflow/dags/driven_data_pipeline.py
[2025-07-03T00:09:26.544+0000] {processor.py:925} INFO - DAG(s) 'extract_raw_data_pipeline' retrieved from /opt/airflow/dags/driven_data_pipeline.py
[2025-07-03T00:09:26.571+0000] {logging_mixin.py:190} INFO - [2025-07-03T00:09:26.571+0000] {dag.py:3239} INFO - Sync 1 DAGs
[2025-07-03T00:09:26.601+0000] {logging_mixin.py:190} INFO - [2025-07-03T00:09:26.601+0000] {dag.py:4180} INFO - Setting next_dagrun for extract_raw_data_pipeline to 2025-07-02 07:59:00+00:00, run_after=2025-07-03 07:00:00+00:00
[2025-07-03T00:09:26.633+0000] {processor.py:208} INFO - Processing /opt/airflow/dags/driven_data_pipeline.py took 0.291 seconds
[2025-07-03T00:09:56.747+0000] {processor.py:186} INFO - Started process (PID=12590) to work on /opt/airflow/dags/driven_data_pipeline.py
[2025-07-03T00:09:56.748+0000] {processor.py:914} INFO - Processing file /opt/airflow/dags/driven_data_pipeline.py for tasks to queue
[2025-07-03T00:09:56.752+0000] {logging_mixin.py:190} INFO - [2025-07-03T00:09:56.752+0000] {dagbag.py:588} INFO - Filling up the DagBag from /opt/airflow/dags/driven_data_pipeline.py
[2025-07-03T00:09:56.931+0000] {processor.py:925} INFO - DAG(s) 'extract_raw_data_pipeline' retrieved from /opt/airflow/dags/driven_data_pipeline.py
[2025-07-03T00:09:56.958+0000] {logging_mixin.py:190} INFO - [2025-07-03T00:09:56.958+0000] {dag.py:3239} INFO - Sync 1 DAGs
[2025-07-03T00:09:56.990+0000] {logging_mixin.py:190} INFO - [2025-07-03T00:09:56.990+0000] {dag.py:4180} INFO - Setting next_dagrun for extract_raw_data_pipeline to 2025-07-02 07:59:00+00:00, run_after=2025-07-03 07:00:00+00:00
[2025-07-03T00:09:57.034+0000] {processor.py:208} INFO - Processing /opt/airflow/dags/driven_data_pipeline.py took 0.297 seconds
[2025-07-03T00:10:27.355+0000] {processor.py:186} INFO - Started process (PID=12598) to work on /opt/airflow/dags/driven_data_pipeline.py
[2025-07-03T00:10:27.487+0000] {processor.py:914} INFO - Processing file /opt/airflow/dags/driven_data_pipeline.py for tasks to queue
[2025-07-03T00:10:27.500+0000] {logging_mixin.py:190} INFO - [2025-07-03T00:10:27.497+0000] {dagbag.py:588} INFO - Filling up the DagBag from /opt/airflow/dags/driven_data_pipeline.py
[2025-07-03T00:10:27.718+0000] {processor.py:925} INFO - DAG(s) 'extract_raw_data_pipeline' retrieved from /opt/airflow/dags/driven_data_pipeline.py
[2025-07-03T00:10:27.746+0000] {logging_mixin.py:190} INFO - [2025-07-03T00:10:27.746+0000] {dag.py:3239} INFO - Sync 1 DAGs
[2025-07-03T00:10:27.770+0000] {logging_mixin.py:190} INFO - [2025-07-03T00:10:27.770+0000] {dag.py:4180} INFO - Setting next_dagrun for extract_raw_data_pipeline to 2025-07-02 07:59:00+00:00, run_after=2025-07-03 07:00:00+00:00
[2025-07-03T00:10:27.822+0000] {processor.py:208} INFO - Processing /opt/airflow/dags/driven_data_pipeline.py took 0.477 seconds
[2025-07-03T00:10:58.194+0000] {processor.py:186} INFO - Started process (PID=12606) to work on /opt/airflow/dags/driven_data_pipeline.py
[2025-07-03T00:10:58.196+0000] {processor.py:914} INFO - Processing file /opt/airflow/dags/driven_data_pipeline.py for tasks to queue
[2025-07-03T00:10:58.200+0000] {logging_mixin.py:190} INFO - [2025-07-03T00:10:58.199+0000] {dagbag.py:588} INFO - Filling up the DagBag from /opt/airflow/dags/driven_data_pipeline.py
[2025-07-03T00:10:58.390+0000] {processor.py:925} INFO - DAG(s) 'extract_raw_data_pipeline' retrieved from /opt/airflow/dags/driven_data_pipeline.py
[2025-07-03T00:10:58.414+0000] {logging_mixin.py:190} INFO - [2025-07-03T00:10:58.414+0000] {dag.py:3239} INFO - Sync 1 DAGs
[2025-07-03T00:10:58.437+0000] {logging_mixin.py:190} INFO - [2025-07-03T00:10:58.437+0000] {dag.py:4180} INFO - Setting next_dagrun for extract_raw_data_pipeline to 2025-07-02 07:59:00+00:00, run_after=2025-07-03 07:00:00+00:00
[2025-07-03T00:10:58.472+0000] {processor.py:208} INFO - Processing /opt/airflow/dags/driven_data_pipeline.py took 0.290 seconds
[2025-07-03T00:11:28.608+0000] {processor.py:186} INFO - Started process (PID=12614) to work on /opt/airflow/dags/driven_data_pipeline.py
[2025-07-03T00:11:28.616+0000] {processor.py:914} INFO - Processing file /opt/airflow/dags/driven_data_pipeline.py for tasks to queue
[2025-07-03T00:11:28.620+0000] {logging_mixin.py:190} INFO - [2025-07-03T00:11:28.619+0000] {dagbag.py:588} INFO - Filling up the DagBag from /opt/airflow/dags/driven_data_pipeline.py
[2025-07-03T00:11:28.800+0000] {processor.py:925} INFO - DAG(s) 'extract_raw_data_pipeline' retrieved from /opt/airflow/dags/driven_data_pipeline.py
[2025-07-03T00:11:28.825+0000] {logging_mixin.py:190} INFO - [2025-07-03T00:11:28.825+0000] {dag.py:3239} INFO - Sync 1 DAGs
[2025-07-03T00:11:28.848+0000] {logging_mixin.py:190} INFO - [2025-07-03T00:11:28.848+0000] {dag.py:4180} INFO - Setting next_dagrun for extract_raw_data_pipeline to 2025-07-02 07:59:00+00:00, run_after=2025-07-03 07:00:00+00:00
[2025-07-03T00:11:28.884+0000] {processor.py:208} INFO - Processing /opt/airflow/dags/driven_data_pipeline.py took 0.289 seconds
[2025-07-03T00:11:59.158+0000] {processor.py:186} INFO - Started process (PID=12622) to work on /opt/airflow/dags/driven_data_pipeline.py
[2025-07-03T00:11:59.159+0000] {processor.py:914} INFO - Processing file /opt/airflow/dags/driven_data_pipeline.py for tasks to queue
[2025-07-03T00:11:59.163+0000] {logging_mixin.py:190} INFO - [2025-07-03T00:11:59.162+0000] {dagbag.py:588} INFO - Filling up the DagBag from /opt/airflow/dags/driven_data_pipeline.py
[2025-07-03T00:11:59.370+0000] {processor.py:925} INFO - DAG(s) 'extract_raw_data_pipeline' retrieved from /opt/airflow/dags/driven_data_pipeline.py
[2025-07-03T00:11:59.400+0000] {logging_mixin.py:190} INFO - [2025-07-03T00:11:59.400+0000] {dag.py:3239} INFO - Sync 1 DAGs
[2025-07-03T00:11:59.433+0000] {logging_mixin.py:190} INFO - [2025-07-03T00:11:59.433+0000] {dag.py:4180} INFO - Setting next_dagrun for extract_raw_data_pipeline to 2025-07-02 07:59:00+00:00, run_after=2025-07-03 07:00:00+00:00
[2025-07-03T00:11:59.478+0000] {processor.py:208} INFO - Processing /opt/airflow/dags/driven_data_pipeline.py took 0.332 seconds
[2025-07-03T00:12:29.596+0000] {processor.py:186} INFO - Started process (PID=12630) to work on /opt/airflow/dags/driven_data_pipeline.py
[2025-07-03T00:12:29.597+0000] {processor.py:914} INFO - Processing file /opt/airflow/dags/driven_data_pipeline.py for tasks to queue
[2025-07-03T00:12:29.601+0000] {logging_mixin.py:190} INFO - [2025-07-03T00:12:29.600+0000] {dagbag.py:588} INFO - Filling up the DagBag from /opt/airflow/dags/driven_data_pipeline.py
[2025-07-03T00:12:29.806+0000] {processor.py:925} INFO - DAG(s) 'extract_raw_data_pipeline' retrieved from /opt/airflow/dags/driven_data_pipeline.py
[2025-07-03T00:12:29.836+0000] {logging_mixin.py:190} INFO - [2025-07-03T00:12:29.836+0000] {dag.py:3239} INFO - Sync 1 DAGs
[2025-07-03T00:12:29.862+0000] {logging_mixin.py:190} INFO - [2025-07-03T00:12:29.861+0000] {dag.py:4180} INFO - Setting next_dagrun for extract_raw_data_pipeline to 2025-07-02 07:59:00+00:00, run_after=2025-07-03 07:00:00+00:00
[2025-07-03T00:12:29.900+0000] {processor.py:208} INFO - Processing /opt/airflow/dags/driven_data_pipeline.py took 0.315 seconds
[2025-07-03T00:13:00.223+0000] {processor.py:186} INFO - Started process (PID=12638) to work on /opt/airflow/dags/driven_data_pipeline.py
[2025-07-03T00:13:00.235+0000] {processor.py:914} INFO - Processing file /opt/airflow/dags/driven_data_pipeline.py for tasks to queue
[2025-07-03T00:13:00.238+0000] {logging_mixin.py:190} INFO - [2025-07-03T00:13:00.237+0000] {dagbag.py:588} INFO - Filling up the DagBag from /opt/airflow/dags/driven_data_pipeline.py
[2025-07-03T00:13:00.437+0000] {processor.py:925} INFO - DAG(s) 'extract_raw_data_pipeline' retrieved from /opt/airflow/dags/driven_data_pipeline.py
[2025-07-03T00:13:00.470+0000] {logging_mixin.py:190} INFO - [2025-07-03T00:13:00.469+0000] {dag.py:3239} INFO - Sync 1 DAGs
[2025-07-03T00:13:00.501+0000] {logging_mixin.py:190} INFO - [2025-07-03T00:13:00.501+0000] {dag.py:4180} INFO - Setting next_dagrun for extract_raw_data_pipeline to 2025-07-02 07:59:00+00:00, run_after=2025-07-03 07:00:00+00:00
[2025-07-03T00:13:00.540+0000] {processor.py:208} INFO - Processing /opt/airflow/dags/driven_data_pipeline.py took 0.325 seconds
[2025-07-03T00:13:30.676+0000] {processor.py:186} INFO - Started process (PID=12646) to work on /opt/airflow/dags/driven_data_pipeline.py
[2025-07-03T00:13:30.677+0000] {processor.py:914} INFO - Processing file /opt/airflow/dags/driven_data_pipeline.py for tasks to queue
[2025-07-03T00:13:30.681+0000] {logging_mixin.py:190} INFO - [2025-07-03T00:13:30.680+0000] {dagbag.py:588} INFO - Filling up the DagBag from /opt/airflow/dags/driven_data_pipeline.py
[2025-07-03T00:13:30.858+0000] {processor.py:925} INFO - DAG(s) 'extract_raw_data_pipeline' retrieved from /opt/airflow/dags/driven_data_pipeline.py
[2025-07-03T00:13:30.882+0000] {logging_mixin.py:190} INFO - [2025-07-03T00:13:30.882+0000] {dag.py:3239} INFO - Sync 1 DAGs
[2025-07-03T00:13:30.906+0000] {logging_mixin.py:190} INFO - [2025-07-03T00:13:30.906+0000] {dag.py:4180} INFO - Setting next_dagrun for extract_raw_data_pipeline to 2025-07-02 07:59:00+00:00, run_after=2025-07-03 07:00:00+00:00
[2025-07-03T00:13:30.971+0000] {processor.py:208} INFO - Processing /opt/airflow/dags/driven_data_pipeline.py took 0.305 seconds
[2025-07-03T00:14:01.323+0000] {processor.py:186} INFO - Started process (PID=12654) to work on /opt/airflow/dags/driven_data_pipeline.py
[2025-07-03T00:14:01.328+0000] {processor.py:914} INFO - Processing file /opt/airflow/dags/driven_data_pipeline.py for tasks to queue
[2025-07-03T00:14:01.333+0000] {logging_mixin.py:190} INFO - [2025-07-03T00:14:01.331+0000] {dagbag.py:588} INFO - Filling up the DagBag from /opt/airflow/dags/driven_data_pipeline.py
[2025-07-03T00:14:01.549+0000] {processor.py:925} INFO - DAG(s) 'extract_raw_data_pipeline' retrieved from /opt/airflow/dags/driven_data_pipeline.py
[2025-07-03T00:14:01.573+0000] {logging_mixin.py:190} INFO - [2025-07-03T00:14:01.573+0000] {dag.py:3239} INFO - Sync 1 DAGs
[2025-07-03T00:14:01.598+0000] {logging_mixin.py:190} INFO - [2025-07-03T00:14:01.598+0000] {dag.py:4180} INFO - Setting next_dagrun for extract_raw_data_pipeline to 2025-07-02 07:59:00+00:00, run_after=2025-07-03 07:00:00+00:00
[2025-07-03T00:14:01.635+0000] {processor.py:208} INFO - Processing /opt/airflow/dags/driven_data_pipeline.py took 0.339 seconds
[2025-07-03T00:14:31.718+0000] {processor.py:186} INFO - Started process (PID=12662) to work on /opt/airflow/dags/driven_data_pipeline.py
[2025-07-03T00:14:31.719+0000] {processor.py:914} INFO - Processing file /opt/airflow/dags/driven_data_pipeline.py for tasks to queue
[2025-07-03T00:14:31.723+0000] {logging_mixin.py:190} INFO - [2025-07-03T00:14:31.723+0000] {dagbag.py:588} INFO - Filling up the DagBag from /opt/airflow/dags/driven_data_pipeline.py
[2025-07-03T00:14:31.905+0000] {processor.py:925} INFO - DAG(s) 'extract_raw_data_pipeline' retrieved from /opt/airflow/dags/driven_data_pipeline.py
[2025-07-03T00:14:31.931+0000] {logging_mixin.py:190} INFO - [2025-07-03T00:14:31.930+0000] {dag.py:3239} INFO - Sync 1 DAGs
[2025-07-03T00:14:31.954+0000] {logging_mixin.py:190} INFO - [2025-07-03T00:14:31.954+0000] {dag.py:4180} INFO - Setting next_dagrun for extract_raw_data_pipeline to 2025-07-02 07:59:00+00:00, run_after=2025-07-03 07:00:00+00:00
[2025-07-03T00:14:31.997+0000] {processor.py:208} INFO - Processing /opt/airflow/dags/driven_data_pipeline.py took 0.289 seconds
[2025-07-03T00:15:02.390+0000] {processor.py:186} INFO - Started process (PID=12670) to work on /opt/airflow/dags/driven_data_pipeline.py
[2025-07-03T00:15:02.403+0000] {processor.py:914} INFO - Processing file /opt/airflow/dags/driven_data_pipeline.py for tasks to queue
[2025-07-03T00:15:02.406+0000] {logging_mixin.py:190} INFO - [2025-07-03T00:15:02.405+0000] {dagbag.py:588} INFO - Filling up the DagBag from /opt/airflow/dags/driven_data_pipeline.py
[2025-07-03T00:15:02.581+0000] {processor.py:925} INFO - DAG(s) 'extract_raw_data_pipeline' retrieved from /opt/airflow/dags/driven_data_pipeline.py
[2025-07-03T00:15:02.604+0000] {logging_mixin.py:190} INFO - [2025-07-03T00:15:02.604+0000] {dag.py:3239} INFO - Sync 1 DAGs
[2025-07-03T00:15:02.627+0000] {logging_mixin.py:190} INFO - [2025-07-03T00:15:02.627+0000] {dag.py:4180} INFO - Setting next_dagrun for extract_raw_data_pipeline to 2025-07-02 07:59:00+00:00, run_after=2025-07-03 07:00:00+00:00
[2025-07-03T00:15:02.657+0000] {processor.py:208} INFO - Processing /opt/airflow/dags/driven_data_pipeline.py took 0.275 seconds
[2025-07-03T00:15:32.774+0000] {processor.py:186} INFO - Started process (PID=12678) to work on /opt/airflow/dags/driven_data_pipeline.py
[2025-07-03T00:15:32.775+0000] {processor.py:914} INFO - Processing file /opt/airflow/dags/driven_data_pipeline.py for tasks to queue
[2025-07-03T00:15:32.777+0000] {logging_mixin.py:190} INFO - [2025-07-03T00:15:32.777+0000] {dagbag.py:588} INFO - Filling up the DagBag from /opt/airflow/dags/driven_data_pipeline.py
[2025-07-03T00:15:32.954+0000] {processor.py:925} INFO - DAG(s) 'extract_raw_data_pipeline' retrieved from /opt/airflow/dags/driven_data_pipeline.py
[2025-07-03T00:15:32.978+0000] {logging_mixin.py:190} INFO - [2025-07-03T00:15:32.978+0000] {dag.py:3239} INFO - Sync 1 DAGs
[2025-07-03T00:15:33.001+0000] {logging_mixin.py:190} INFO - [2025-07-03T00:15:33.000+0000] {dag.py:4180} INFO - Setting next_dagrun for extract_raw_data_pipeline to 2025-07-02 07:59:00+00:00, run_after=2025-07-03 07:00:00+00:00
[2025-07-03T00:15:33.039+0000] {processor.py:208} INFO - Processing /opt/airflow/dags/driven_data_pipeline.py took 0.274 seconds
[2025-07-03T00:16:03.333+0000] {processor.py:186} INFO - Started process (PID=12686) to work on /opt/airflow/dags/driven_data_pipeline.py
[2025-07-03T00:16:03.344+0000] {processor.py:914} INFO - Processing file /opt/airflow/dags/driven_data_pipeline.py for tasks to queue
[2025-07-03T00:16:03.347+0000] {logging_mixin.py:190} INFO - [2025-07-03T00:16:03.347+0000] {dagbag.py:588} INFO - Filling up the DagBag from /opt/airflow/dags/driven_data_pipeline.py
[2025-07-03T00:16:03.530+0000] {processor.py:925} INFO - DAG(s) 'extract_raw_data_pipeline' retrieved from /opt/airflow/dags/driven_data_pipeline.py
[2025-07-03T00:16:03.555+0000] {logging_mixin.py:190} INFO - [2025-07-03T00:16:03.555+0000] {dag.py:3239} INFO - Sync 1 DAGs
[2025-07-03T00:16:03.579+0000] {logging_mixin.py:190} INFO - [2025-07-03T00:16:03.579+0000] {dag.py:4180} INFO - Setting next_dagrun for extract_raw_data_pipeline to 2025-07-02 07:59:00+00:00, run_after=2025-07-03 07:00:00+00:00
[2025-07-03T00:16:03.616+0000] {processor.py:208} INFO - Processing /opt/airflow/dags/driven_data_pipeline.py took 0.293 seconds
[2025-07-03T00:16:33.719+0000] {processor.py:186} INFO - Started process (PID=12694) to work on /opt/airflow/dags/driven_data_pipeline.py
[2025-07-03T00:16:33.721+0000] {processor.py:914} INFO - Processing file /opt/airflow/dags/driven_data_pipeline.py for tasks to queue
[2025-07-03T00:16:33.724+0000] {logging_mixin.py:190} INFO - [2025-07-03T00:16:33.723+0000] {dagbag.py:588} INFO - Filling up the DagBag from /opt/airflow/dags/driven_data_pipeline.py
[2025-07-03T00:16:33.903+0000] {processor.py:925} INFO - DAG(s) 'extract_raw_data_pipeline' retrieved from /opt/airflow/dags/driven_data_pipeline.py
[2025-07-03T00:16:33.929+0000] {logging_mixin.py:190} INFO - [2025-07-03T00:16:33.929+0000] {dag.py:3239} INFO - Sync 1 DAGs
[2025-07-03T00:16:33.954+0000] {logging_mixin.py:190} INFO - [2025-07-03T00:16:33.954+0000] {dag.py:4180} INFO - Setting next_dagrun for extract_raw_data_pipeline to 2025-07-02 07:59:00+00:00, run_after=2025-07-03 07:00:00+00:00
[2025-07-03T00:16:33.993+0000] {processor.py:208} INFO - Processing /opt/airflow/dags/driven_data_pipeline.py took 0.284 seconds
[2025-07-03T00:17:04.349+0000] {processor.py:186} INFO - Started process (PID=12702) to work on /opt/airflow/dags/driven_data_pipeline.py
[2025-07-03T00:17:04.361+0000] {processor.py:914} INFO - Processing file /opt/airflow/dags/driven_data_pipeline.py for tasks to queue
[2025-07-03T00:17:04.364+0000] {logging_mixin.py:190} INFO - [2025-07-03T00:17:04.364+0000] {dagbag.py:588} INFO - Filling up the DagBag from /opt/airflow/dags/driven_data_pipeline.py
[2025-07-03T00:17:04.543+0000] {processor.py:925} INFO - DAG(s) 'extract_raw_data_pipeline' retrieved from /opt/airflow/dags/driven_data_pipeline.py
[2025-07-03T00:17:04.568+0000] {logging_mixin.py:190} INFO - [2025-07-03T00:17:04.567+0000] {dag.py:3239} INFO - Sync 1 DAGs
[2025-07-03T00:17:04.590+0000] {logging_mixin.py:190} INFO - [2025-07-03T00:17:04.590+0000] {dag.py:4180} INFO - Setting next_dagrun for extract_raw_data_pipeline to 2025-07-02 07:59:00+00:00, run_after=2025-07-03 07:00:00+00:00
[2025-07-03T00:17:04.630+0000] {processor.py:208} INFO - Processing /opt/airflow/dags/driven_data_pipeline.py took 0.292 seconds
[2025-07-03T00:17:34.746+0000] {processor.py:186} INFO - Started process (PID=12710) to work on /opt/airflow/dags/driven_data_pipeline.py
[2025-07-03T00:17:34.747+0000] {processor.py:914} INFO - Processing file /opt/airflow/dags/driven_data_pipeline.py for tasks to queue
[2025-07-03T00:17:34.751+0000] {logging_mixin.py:190} INFO - [2025-07-03T00:17:34.750+0000] {dagbag.py:588} INFO - Filling up the DagBag from /opt/airflow/dags/driven_data_pipeline.py
[2025-07-03T00:17:34.932+0000] {processor.py:925} INFO - DAG(s) 'extract_raw_data_pipeline' retrieved from /opt/airflow/dags/driven_data_pipeline.py
[2025-07-03T00:17:34.957+0000] {logging_mixin.py:190} INFO - [2025-07-03T00:17:34.957+0000] {dag.py:3239} INFO - Sync 1 DAGs
[2025-07-03T00:17:34.981+0000] {logging_mixin.py:190} INFO - [2025-07-03T00:17:34.980+0000] {dag.py:4180} INFO - Setting next_dagrun for extract_raw_data_pipeline to 2025-07-02 07:59:00+00:00, run_after=2025-07-03 07:00:00+00:00
[2025-07-03T00:17:35.009+0000] {processor.py:208} INFO - Processing /opt/airflow/dags/driven_data_pipeline.py took 0.275 seconds
[2025-07-03T00:18:05.369+0000] {processor.py:186} INFO - Started process (PID=12718) to work on /opt/airflow/dags/driven_data_pipeline.py
[2025-07-03T00:18:05.380+0000] {processor.py:914} INFO - Processing file /opt/airflow/dags/driven_data_pipeline.py for tasks to queue
[2025-07-03T00:18:05.383+0000] {logging_mixin.py:190} INFO - [2025-07-03T00:18:05.382+0000] {dagbag.py:588} INFO - Filling up the DagBag from /opt/airflow/dags/driven_data_pipeline.py
[2025-07-03T00:18:05.613+0000] {processor.py:925} INFO - DAG(s) 'extract_raw_data_pipeline' retrieved from /opt/airflow/dags/driven_data_pipeline.py
[2025-07-03T00:18:05.641+0000] {logging_mixin.py:190} INFO - [2025-07-03T00:18:05.641+0000] {dag.py:3239} INFO - Sync 1 DAGs
[2025-07-03T00:18:05.669+0000] {logging_mixin.py:190} INFO - [2025-07-03T00:18:05.669+0000] {dag.py:4180} INFO - Setting next_dagrun for extract_raw_data_pipeline to 2025-07-02 07:59:00+00:00, run_after=2025-07-03 07:00:00+00:00
[2025-07-03T00:18:05.708+0000] {processor.py:208} INFO - Processing /opt/airflow/dags/driven_data_pipeline.py took 0.348 seconds
[2025-07-03T00:18:35.775+0000] {processor.py:186} INFO - Started process (PID=12726) to work on /opt/airflow/dags/driven_data_pipeline.py
[2025-07-03T00:18:35.776+0000] {processor.py:914} INFO - Processing file /opt/airflow/dags/driven_data_pipeline.py for tasks to queue
[2025-07-03T00:18:35.779+0000] {logging_mixin.py:190} INFO - [2025-07-03T00:18:35.779+0000] {dagbag.py:588} INFO - Filling up the DagBag from /opt/airflow/dags/driven_data_pipeline.py
[2025-07-03T00:18:36.065+0000] {processor.py:925} INFO - DAG(s) 'extract_raw_data_pipeline' retrieved from /opt/airflow/dags/driven_data_pipeline.py
[2025-07-03T00:18:36.105+0000] {logging_mixin.py:190} INFO - [2025-07-03T00:18:36.105+0000] {dag.py:3239} INFO - Sync 1 DAGs
[2025-07-03T00:18:36.142+0000] {logging_mixin.py:190} INFO - [2025-07-03T00:18:36.141+0000] {dag.py:4180} INFO - Setting next_dagrun for extract_raw_data_pipeline to 2025-07-02 07:59:00+00:00, run_after=2025-07-03 07:00:00+00:00
[2025-07-03T00:18:36.174+0000] {processor.py:208} INFO - Processing /opt/airflow/dags/driven_data_pipeline.py took 0.409 seconds
[2025-07-03T00:19:06.457+0000] {processor.py:186} INFO - Started process (PID=12734) to work on /opt/airflow/dags/driven_data_pipeline.py
[2025-07-03T00:19:06.470+0000] {processor.py:914} INFO - Processing file /opt/airflow/dags/driven_data_pipeline.py for tasks to queue
[2025-07-03T00:19:06.472+0000] {logging_mixin.py:190} INFO - [2025-07-03T00:19:06.472+0000] {dagbag.py:588} INFO - Filling up the DagBag from /opt/airflow/dags/driven_data_pipeline.py
[2025-07-03T00:19:06.648+0000] {processor.py:925} INFO - DAG(s) 'extract_raw_data_pipeline' retrieved from /opt/airflow/dags/driven_data_pipeline.py
[2025-07-03T00:19:06.673+0000] {logging_mixin.py:190} INFO - [2025-07-03T00:19:06.672+0000] {dag.py:3239} INFO - Sync 1 DAGs
[2025-07-03T00:19:06.696+0000] {logging_mixin.py:190} INFO - [2025-07-03T00:19:06.696+0000] {dag.py:4180} INFO - Setting next_dagrun for extract_raw_data_pipeline to 2025-07-02 07:59:00+00:00, run_after=2025-07-03 07:00:00+00:00
[2025-07-03T00:19:06.739+0000] {processor.py:208} INFO - Processing /opt/airflow/dags/driven_data_pipeline.py took 0.290 seconds
[2025-07-03T00:19:36.919+0000] {processor.py:186} INFO - Started process (PID=12748) to work on /opt/airflow/dags/driven_data_pipeline.py
[2025-07-03T00:19:36.920+0000] {processor.py:914} INFO - Processing file /opt/airflow/dags/driven_data_pipeline.py for tasks to queue
[2025-07-03T00:19:36.923+0000] {logging_mixin.py:190} INFO - [2025-07-03T00:19:36.922+0000] {dagbag.py:588} INFO - Filling up the DagBag from /opt/airflow/dags/driven_data_pipeline.py
[2025-07-03T00:19:37.098+0000] {processor.py:925} INFO - DAG(s) 'extract_raw_data_pipeline' retrieved from /opt/airflow/dags/driven_data_pipeline.py
[2025-07-03T00:19:37.123+0000] {logging_mixin.py:190} INFO - [2025-07-03T00:19:37.122+0000] {dag.py:3239} INFO - Sync 1 DAGs
[2025-07-03T00:19:37.146+0000] {logging_mixin.py:190} INFO - [2025-07-03T00:19:37.146+0000] {dag.py:4180} INFO - Setting next_dagrun for extract_raw_data_pipeline to 2025-07-02 07:59:00+00:00, run_after=2025-07-03 07:00:00+00:00
[2025-07-03T00:19:37.500+0000] {processor.py:208} INFO - Processing /opt/airflow/dags/driven_data_pipeline.py took 0.592 seconds
[2025-07-03T00:20:07.581+0000] {processor.py:186} INFO - Started process (PID=12756) to work on /opt/airflow/dags/driven_data_pipeline.py
[2025-07-03T00:20:07.582+0000] {processor.py:914} INFO - Processing file /opt/airflow/dags/driven_data_pipeline.py for tasks to queue
[2025-07-03T00:20:07.586+0000] {logging_mixin.py:190} INFO - [2025-07-03T00:20:07.585+0000] {dagbag.py:588} INFO - Filling up the DagBag from /opt/airflow/dags/driven_data_pipeline.py
[2025-07-03T00:20:07.771+0000] {processor.py:925} INFO - DAG(s) 'extract_raw_data_pipeline' retrieved from /opt/airflow/dags/driven_data_pipeline.py
[2025-07-03T00:20:07.796+0000] {logging_mixin.py:190} INFO - [2025-07-03T00:20:07.795+0000] {dag.py:3239} INFO - Sync 1 DAGs
[2025-07-03T00:20:07.820+0000] {logging_mixin.py:190} INFO - [2025-07-03T00:20:07.820+0000] {dag.py:4180} INFO - Setting next_dagrun for extract_raw_data_pipeline to 2025-07-02 07:59:00+00:00, run_after=2025-07-03 07:00:00+00:00
[2025-07-03T00:20:07.853+0000] {processor.py:208} INFO - Processing /opt/airflow/dags/driven_data_pipeline.py took 0.284 seconds
[2025-07-03T00:20:37.942+0000] {processor.py:186} INFO - Started process (PID=12764) to work on /opt/airflow/dags/driven_data_pipeline.py
[2025-07-03T00:20:37.952+0000] {processor.py:914} INFO - Processing file /opt/airflow/dags/driven_data_pipeline.py for tasks to queue
[2025-07-03T00:20:37.955+0000] {logging_mixin.py:190} INFO - [2025-07-03T00:20:37.955+0000] {dagbag.py:588} INFO - Filling up the DagBag from /opt/airflow/dags/driven_data_pipeline.py
[2025-07-03T00:20:38.174+0000] {processor.py:925} INFO - DAG(s) 'extract_raw_data_pipeline' retrieved from /opt/airflow/dags/driven_data_pipeline.py
[2025-07-03T00:20:38.201+0000] {logging_mixin.py:190} INFO - [2025-07-03T00:20:38.201+0000] {dag.py:3239} INFO - Sync 1 DAGs
[2025-07-03T00:20:38.227+0000] {logging_mixin.py:190} INFO - [2025-07-03T00:20:38.227+0000] {dag.py:4180} INFO - Setting next_dagrun for extract_raw_data_pipeline to 2025-07-02 07:59:00+00:00, run_after=2025-07-03 07:00:00+00:00
[2025-07-03T00:20:39.540+0000] {processor.py:208} INFO - Processing /opt/airflow/dags/driven_data_pipeline.py took 1.607 seconds
[2025-07-03T00:21:09.624+0000] {processor.py:186} INFO - Started process (PID=12772) to work on /opt/airflow/dags/driven_data_pipeline.py
[2025-07-03T00:21:09.626+0000] {processor.py:914} INFO - Processing file /opt/airflow/dags/driven_data_pipeline.py for tasks to queue
[2025-07-03T00:21:09.628+0000] {logging_mixin.py:190} INFO - [2025-07-03T00:21:09.628+0000] {dagbag.py:588} INFO - Filling up the DagBag from /opt/airflow/dags/driven_data_pipeline.py
[2025-07-03T00:21:09.812+0000] {processor.py:925} INFO - DAG(s) 'extract_raw_data_pipeline' retrieved from /opt/airflow/dags/driven_data_pipeline.py
[2025-07-03T00:21:09.837+0000] {logging_mixin.py:190} INFO - [2025-07-03T00:21:09.837+0000] {dag.py:3239} INFO - Sync 1 DAGs
[2025-07-03T00:21:09.862+0000] {logging_mixin.py:190} INFO - [2025-07-03T00:21:09.861+0000] {dag.py:4180} INFO - Setting next_dagrun for extract_raw_data_pipeline to 2025-07-02 07:59:00+00:00, run_after=2025-07-03 07:00:00+00:00
[2025-07-03T00:21:09.910+0000] {processor.py:208} INFO - Processing /opt/airflow/dags/driven_data_pipeline.py took 0.293 seconds
[2025-07-03T00:21:40.292+0000] {processor.py:186} INFO - Started process (PID=12780) to work on /opt/airflow/dags/driven_data_pipeline.py
[2025-07-03T00:21:40.292+0000] {processor.py:914} INFO - Processing file /opt/airflow/dags/driven_data_pipeline.py for tasks to queue
[2025-07-03T00:21:40.295+0000] {logging_mixin.py:190} INFO - [2025-07-03T00:21:40.295+0000] {dagbag.py:588} INFO - Filling up the DagBag from /opt/airflow/dags/driven_data_pipeline.py
[2025-07-03T00:21:40.468+0000] {processor.py:925} INFO - DAG(s) 'extract_raw_data_pipeline' retrieved from /opt/airflow/dags/driven_data_pipeline.py
[2025-07-03T00:21:40.493+0000] {logging_mixin.py:190} INFO - [2025-07-03T00:21:40.492+0000] {dag.py:3239} INFO - Sync 1 DAGs
[2025-07-03T00:21:40.516+0000] {logging_mixin.py:190} INFO - [2025-07-03T00:21:40.515+0000] {dag.py:4180} INFO - Setting next_dagrun for extract_raw_data_pipeline to 2025-07-02 07:59:00+00:00, run_after=2025-07-03 07:00:00+00:00
[2025-07-03T00:21:40.550+0000] {processor.py:208} INFO - Processing /opt/airflow/dags/driven_data_pipeline.py took 0.268 seconds
[2025-07-03T00:22:10.674+0000] {processor.py:186} INFO - Started process (PID=12788) to work on /opt/airflow/dags/driven_data_pipeline.py
[2025-07-03T00:22:10.682+0000] {processor.py:914} INFO - Processing file /opt/airflow/dags/driven_data_pipeline.py for tasks to queue
[2025-07-03T00:22:10.685+0000] {logging_mixin.py:190} INFO - [2025-07-03T00:22:10.685+0000] {dagbag.py:588} INFO - Filling up the DagBag from /opt/airflow/dags/driven_data_pipeline.py
[2025-07-03T00:22:10.866+0000] {processor.py:925} INFO - DAG(s) 'extract_raw_data_pipeline' retrieved from /opt/airflow/dags/driven_data_pipeline.py
[2025-07-03T00:22:10.892+0000] {logging_mixin.py:190} INFO - [2025-07-03T00:22:10.891+0000] {dag.py:3239} INFO - Sync 1 DAGs
[2025-07-03T00:22:10.916+0000] {logging_mixin.py:190} INFO - [2025-07-03T00:22:10.915+0000] {dag.py:4180} INFO - Setting next_dagrun for extract_raw_data_pipeline to 2025-07-02 07:59:00+00:00, run_after=2025-07-03 07:00:00+00:00
[2025-07-03T00:22:10.960+0000] {processor.py:208} INFO - Processing /opt/airflow/dags/driven_data_pipeline.py took 0.296 seconds
[2025-07-03T00:22:41.307+0000] {processor.py:186} INFO - Started process (PID=12796) to work on /opt/airflow/dags/driven_data_pipeline.py
[2025-07-03T00:22:41.308+0000] {processor.py:914} INFO - Processing file /opt/airflow/dags/driven_data_pipeline.py for tasks to queue
[2025-07-03T00:22:41.310+0000] {logging_mixin.py:190} INFO - [2025-07-03T00:22:41.310+0000] {dagbag.py:588} INFO - Filling up the DagBag from /opt/airflow/dags/driven_data_pipeline.py
[2025-07-03T00:22:41.484+0000] {processor.py:925} INFO - DAG(s) 'extract_raw_data_pipeline' retrieved from /opt/airflow/dags/driven_data_pipeline.py
[2025-07-03T00:22:41.509+0000] {logging_mixin.py:190} INFO - [2025-07-03T00:22:41.509+0000] {dag.py:3239} INFO - Sync 1 DAGs
[2025-07-03T00:22:41.534+0000] {logging_mixin.py:190} INFO - [2025-07-03T00:22:41.534+0000] {dag.py:4180} INFO - Setting next_dagrun for extract_raw_data_pipeline to 2025-07-02 07:59:00+00:00, run_after=2025-07-03 07:00:00+00:00
[2025-07-03T00:22:41.573+0000] {processor.py:208} INFO - Processing /opt/airflow/dags/driven_data_pipeline.py took 0.278 seconds
[2025-07-03T00:23:11.729+0000] {processor.py:186} INFO - Started process (PID=12804) to work on /opt/airflow/dags/driven_data_pipeline.py
[2025-07-03T00:23:11.740+0000] {processor.py:914} INFO - Processing file /opt/airflow/dags/driven_data_pipeline.py for tasks to queue
[2025-07-03T00:23:11.744+0000] {logging_mixin.py:190} INFO - [2025-07-03T00:23:11.743+0000] {dagbag.py:588} INFO - Filling up the DagBag from /opt/airflow/dags/driven_data_pipeline.py
[2025-07-03T00:23:11.925+0000] {processor.py:925} INFO - DAG(s) 'extract_raw_data_pipeline' retrieved from /opt/airflow/dags/driven_data_pipeline.py
[2025-07-03T00:23:11.950+0000] {logging_mixin.py:190} INFO - [2025-07-03T00:23:11.950+0000] {dag.py:3239} INFO - Sync 1 DAGs
[2025-07-03T00:23:11.973+0000] {logging_mixin.py:190} INFO - [2025-07-03T00:23:11.972+0000] {dag.py:4180} INFO - Setting next_dagrun for extract_raw_data_pipeline to 2025-07-02 07:59:00+00:00, run_after=2025-07-03 07:00:00+00:00
[2025-07-03T00:23:12.004+0000] {processor.py:208} INFO - Processing /opt/airflow/dags/driven_data_pipeline.py took 0.286 seconds
[2025-07-03T00:23:42.373+0000] {processor.py:186} INFO - Started process (PID=12812) to work on /opt/airflow/dags/driven_data_pipeline.py
[2025-07-03T00:23:42.374+0000] {processor.py:914} INFO - Processing file /opt/airflow/dags/driven_data_pipeline.py for tasks to queue
[2025-07-03T00:23:42.378+0000] {logging_mixin.py:190} INFO - [2025-07-03T00:23:42.377+0000] {dagbag.py:588} INFO - Filling up the DagBag from /opt/airflow/dags/driven_data_pipeline.py
[2025-07-03T00:23:42.557+0000] {processor.py:925} INFO - DAG(s) 'extract_raw_data_pipeline' retrieved from /opt/airflow/dags/driven_data_pipeline.py
[2025-07-03T00:23:42.583+0000] {logging_mixin.py:190} INFO - [2025-07-03T00:23:42.583+0000] {dag.py:3239} INFO - Sync 1 DAGs
[2025-07-03T00:23:42.607+0000] {logging_mixin.py:190} INFO - [2025-07-03T00:23:42.607+0000] {dag.py:4180} INFO - Setting next_dagrun for extract_raw_data_pipeline to 2025-07-02 07:59:00+00:00, run_after=2025-07-03 07:00:00+00:00
[2025-07-03T00:23:42.644+0000] {processor.py:208} INFO - Processing /opt/airflow/dags/driven_data_pipeline.py took 0.290 seconds
[2025-07-03T00:24:12.763+0000] {processor.py:186} INFO - Started process (PID=12820) to work on /opt/airflow/dags/driven_data_pipeline.py
[2025-07-03T00:24:12.775+0000] {processor.py:914} INFO - Processing file /opt/airflow/dags/driven_data_pipeline.py for tasks to queue
[2025-07-03T00:24:12.778+0000] {logging_mixin.py:190} INFO - [2025-07-03T00:24:12.777+0000] {dagbag.py:588} INFO - Filling up the DagBag from /opt/airflow/dags/driven_data_pipeline.py
[2025-07-03T00:24:13.064+0000] {processor.py:925} INFO - DAG(s) 'extract_raw_data_pipeline' retrieved from /opt/airflow/dags/driven_data_pipeline.py
[2025-07-03T00:24:13.100+0000] {logging_mixin.py:190} INFO - [2025-07-03T00:24:13.100+0000] {dag.py:3239} INFO - Sync 1 DAGs
[2025-07-03T00:24:13.140+0000] {logging_mixin.py:190} INFO - [2025-07-03T00:24:13.139+0000] {dag.py:4180} INFO - Setting next_dagrun for extract_raw_data_pipeline to 2025-07-02 07:59:00+00:00, run_after=2025-07-03 07:00:00+00:00
[2025-07-03T00:24:13.186+0000] {processor.py:208} INFO - Processing /opt/airflow/dags/driven_data_pipeline.py took 0.433 seconds
[2025-07-03T00:24:43.341+0000] {processor.py:186} INFO - Started process (PID=12828) to work on /opt/airflow/dags/driven_data_pipeline.py
[2025-07-03T00:24:43.342+0000] {processor.py:914} INFO - Processing file /opt/airflow/dags/driven_data_pipeline.py for tasks to queue
[2025-07-03T00:24:43.344+0000] {logging_mixin.py:190} INFO - [2025-07-03T00:24:43.344+0000] {dagbag.py:588} INFO - Filling up the DagBag from /opt/airflow/dags/driven_data_pipeline.py
[2025-07-03T00:24:43.520+0000] {processor.py:925} INFO - DAG(s) 'extract_raw_data_pipeline' retrieved from /opt/airflow/dags/driven_data_pipeline.py
[2025-07-03T00:24:43.545+0000] {logging_mixin.py:190} INFO - [2025-07-03T00:24:43.545+0000] {dag.py:3239} INFO - Sync 1 DAGs
[2025-07-03T00:24:43.568+0000] {logging_mixin.py:190} INFO - [2025-07-03T00:24:43.568+0000] {dag.py:4180} INFO - Setting next_dagrun for extract_raw_data_pipeline to 2025-07-02 07:59:00+00:00, run_after=2025-07-03 07:00:00+00:00
[2025-07-03T00:24:43.608+0000] {processor.py:208} INFO - Processing /opt/airflow/dags/driven_data_pipeline.py took 0.272 seconds
[2025-07-03T00:25:14.015+0000] {processor.py:186} INFO - Started process (PID=12836) to work on /opt/airflow/dags/driven_data_pipeline.py
[2025-07-03T00:25:14.025+0000] {processor.py:914} INFO - Processing file /opt/airflow/dags/driven_data_pipeline.py for tasks to queue
[2025-07-03T00:25:14.027+0000] {logging_mixin.py:190} INFO - [2025-07-03T00:25:14.026+0000] {dagbag.py:588} INFO - Filling up the DagBag from /opt/airflow/dags/driven_data_pipeline.py
[2025-07-03T00:25:14.207+0000] {processor.py:925} INFO - DAG(s) 'extract_raw_data_pipeline' retrieved from /opt/airflow/dags/driven_data_pipeline.py
[2025-07-03T00:25:14.232+0000] {logging_mixin.py:190} INFO - [2025-07-03T00:25:14.232+0000] {dag.py:3239} INFO - Sync 1 DAGs
[2025-07-03T00:25:14.256+0000] {logging_mixin.py:190} INFO - [2025-07-03T00:25:14.255+0000] {dag.py:4180} INFO - Setting next_dagrun for extract_raw_data_pipeline to 2025-07-02 07:59:00+00:00, run_after=2025-07-03 07:00:00+00:00
[2025-07-03T00:25:14.287+0000] {processor.py:208} INFO - Processing /opt/airflow/dags/driven_data_pipeline.py took 0.280 seconds
[2025-07-03T00:25:44.421+0000] {processor.py:186} INFO - Started process (PID=12844) to work on /opt/airflow/dags/driven_data_pipeline.py
[2025-07-03T00:25:44.421+0000] {processor.py:914} INFO - Processing file /opt/airflow/dags/driven_data_pipeline.py for tasks to queue
[2025-07-03T00:25:44.424+0000] {logging_mixin.py:190} INFO - [2025-07-03T00:25:44.424+0000] {dagbag.py:588} INFO - Filling up the DagBag from /opt/airflow/dags/driven_data_pipeline.py
[2025-07-03T00:25:44.599+0000] {processor.py:925} INFO - DAG(s) 'extract_raw_data_pipeline' retrieved from /opt/airflow/dags/driven_data_pipeline.py
[2025-07-03T00:25:44.624+0000] {logging_mixin.py:190} INFO - [2025-07-03T00:25:44.624+0000] {dag.py:3239} INFO - Sync 1 DAGs
[2025-07-03T00:25:44.647+0000] {logging_mixin.py:190} INFO - [2025-07-03T00:25:44.647+0000] {dag.py:4180} INFO - Setting next_dagrun for extract_raw_data_pipeline to 2025-07-02 07:59:00+00:00, run_after=2025-07-03 07:00:00+00:00
[2025-07-03T00:25:44.683+0000] {processor.py:208} INFO - Processing /opt/airflow/dags/driven_data_pipeline.py took 0.271 seconds
[2025-07-03T00:26:15.020+0000] {processor.py:186} INFO - Started process (PID=12852) to work on /opt/airflow/dags/driven_data_pipeline.py
[2025-07-03T00:26:15.027+0000] {processor.py:914} INFO - Processing file /opt/airflow/dags/driven_data_pipeline.py for tasks to queue
[2025-07-03T00:26:15.030+0000] {logging_mixin.py:190} INFO - [2025-07-03T00:26:15.029+0000] {dagbag.py:588} INFO - Filling up the DagBag from /opt/airflow/dags/driven_data_pipeline.py
[2025-07-03T00:26:15.208+0000] {processor.py:925} INFO - DAG(s) 'extract_raw_data_pipeline' retrieved from /opt/airflow/dags/driven_data_pipeline.py
[2025-07-03T00:26:15.232+0000] {logging_mixin.py:190} INFO - [2025-07-03T00:26:15.232+0000] {dag.py:3239} INFO - Sync 1 DAGs
[2025-07-03T00:26:15.257+0000] {logging_mixin.py:190} INFO - [2025-07-03T00:26:15.256+0000] {dag.py:4180} INFO - Setting next_dagrun for extract_raw_data_pipeline to 2025-07-02 07:59:00+00:00, run_after=2025-07-03 07:00:00+00:00
[2025-07-03T00:26:15.297+0000] {processor.py:208} INFO - Processing /opt/airflow/dags/driven_data_pipeline.py took 0.289 seconds
[2025-07-03T00:26:45.383+0000] {processor.py:186} INFO - Started process (PID=12860) to work on /opt/airflow/dags/driven_data_pipeline.py
[2025-07-03T00:26:45.384+0000] {processor.py:914} INFO - Processing file /opt/airflow/dags/driven_data_pipeline.py for tasks to queue
[2025-07-03T00:26:45.389+0000] {logging_mixin.py:190} INFO - [2025-07-03T00:26:45.388+0000] {dagbag.py:588} INFO - Filling up the DagBag from /opt/airflow/dags/driven_data_pipeline.py
[2025-07-03T00:26:45.567+0000] {processor.py:925} INFO - DAG(s) 'extract_raw_data_pipeline' retrieved from /opt/airflow/dags/driven_data_pipeline.py
[2025-07-03T00:26:45.592+0000] {logging_mixin.py:190} INFO - [2025-07-03T00:26:45.592+0000] {dag.py:3239} INFO - Sync 1 DAGs
[2025-07-03T00:26:45.616+0000] {logging_mixin.py:190} INFO - [2025-07-03T00:26:45.616+0000] {dag.py:4180} INFO - Setting next_dagrun for extract_raw_data_pipeline to 2025-07-02 07:59:00+00:00, run_after=2025-07-03 07:00:00+00:00
[2025-07-03T00:26:45.655+0000] {processor.py:208} INFO - Processing /opt/airflow/dags/driven_data_pipeline.py took 0.283 seconds
[2025-07-03T00:27:16.006+0000] {processor.py:186} INFO - Started process (PID=12868) to work on /opt/airflow/dags/driven_data_pipeline.py
[2025-07-03T00:27:16.010+0000] {processor.py:914} INFO - Processing file /opt/airflow/dags/driven_data_pipeline.py for tasks to queue
[2025-07-03T00:27:16.012+0000] {logging_mixin.py:190} INFO - [2025-07-03T00:27:16.012+0000] {dagbag.py:588} INFO - Filling up the DagBag from /opt/airflow/dags/driven_data_pipeline.py
[2025-07-03T00:27:16.188+0000] {processor.py:925} INFO - DAG(s) 'extract_raw_data_pipeline' retrieved from /opt/airflow/dags/driven_data_pipeline.py
[2025-07-03T00:27:16.214+0000] {logging_mixin.py:190} INFO - [2025-07-03T00:27:16.213+0000] {dag.py:3239} INFO - Sync 1 DAGs
[2025-07-03T00:27:16.236+0000] {logging_mixin.py:190} INFO - [2025-07-03T00:27:16.236+0000] {dag.py:4180} INFO - Setting next_dagrun for extract_raw_data_pipeline to 2025-07-02 07:59:00+00:00, run_after=2025-07-03 07:00:00+00:00
[2025-07-03T00:27:16.270+0000] {processor.py:208} INFO - Processing /opt/airflow/dags/driven_data_pipeline.py took 0.274 seconds
[2025-07-03T00:27:46.391+0000] {processor.py:186} INFO - Started process (PID=12876) to work on /opt/airflow/dags/driven_data_pipeline.py
[2025-07-03T00:27:46.392+0000] {processor.py:914} INFO - Processing file /opt/airflow/dags/driven_data_pipeline.py for tasks to queue
[2025-07-03T00:27:46.396+0000] {logging_mixin.py:190} INFO - [2025-07-03T00:27:46.395+0000] {dagbag.py:588} INFO - Filling up the DagBag from /opt/airflow/dags/driven_data_pipeline.py
[2025-07-03T00:27:46.576+0000] {processor.py:925} INFO - DAG(s) 'extract_raw_data_pipeline' retrieved from /opt/airflow/dags/driven_data_pipeline.py
[2025-07-03T00:27:46.600+0000] {logging_mixin.py:190} INFO - [2025-07-03T00:27:46.600+0000] {dag.py:3239} INFO - Sync 1 DAGs
[2025-07-03T00:27:46.629+0000] {logging_mixin.py:190} INFO - [2025-07-03T00:27:46.629+0000] {dag.py:4180} INFO - Setting next_dagrun for extract_raw_data_pipeline to 2025-07-02 07:59:00+00:00, run_after=2025-07-03 07:00:00+00:00
[2025-07-03T00:27:46.680+0000] {processor.py:208} INFO - Processing /opt/airflow/dags/driven_data_pipeline.py took 0.299 seconds
[2025-07-03T00:28:16.937+0000] {processor.py:186} INFO - Started process (PID=12884) to work on /opt/airflow/dags/driven_data_pipeline.py
[2025-07-03T00:28:16.950+0000] {processor.py:914} INFO - Processing file /opt/airflow/dags/driven_data_pipeline.py for tasks to queue
[2025-07-03T00:28:16.952+0000] {logging_mixin.py:190} INFO - [2025-07-03T00:28:16.952+0000] {dagbag.py:588} INFO - Filling up the DagBag from /opt/airflow/dags/driven_data_pipeline.py
[2025-07-03T00:28:17.134+0000] {processor.py:925} INFO - DAG(s) 'extract_raw_data_pipeline' retrieved from /opt/airflow/dags/driven_data_pipeline.py
[2025-07-03T00:28:17.158+0000] {logging_mixin.py:190} INFO - [2025-07-03T00:28:17.157+0000] {dag.py:3239} INFO - Sync 1 DAGs
[2025-07-03T00:28:17.181+0000] {logging_mixin.py:190} INFO - [2025-07-03T00:28:17.181+0000] {dag.py:4180} INFO - Setting next_dagrun for extract_raw_data_pipeline to 2025-07-02 07:59:00+00:00, run_after=2025-07-03 07:00:00+00:00
[2025-07-03T00:28:17.224+0000] {processor.py:208} INFO - Processing /opt/airflow/dags/driven_data_pipeline.py took 0.295 seconds
[2025-07-03T00:28:47.407+0000] {processor.py:186} INFO - Started process (PID=12892) to work on /opt/airflow/dags/driven_data_pipeline.py
[2025-07-03T00:28:47.408+0000] {processor.py:914} INFO - Processing file /opt/airflow/dags/driven_data_pipeline.py for tasks to queue
[2025-07-03T00:28:47.411+0000] {logging_mixin.py:190} INFO - [2025-07-03T00:28:47.411+0000] {dagbag.py:588} INFO - Filling up the DagBag from /opt/airflow/dags/driven_data_pipeline.py
[2025-07-03T00:28:47.614+0000] {processor.py:925} INFO - DAG(s) 'extract_raw_data_pipeline' retrieved from /opt/airflow/dags/driven_data_pipeline.py
[2025-07-03T00:28:47.639+0000] {logging_mixin.py:190} INFO - [2025-07-03T00:28:47.639+0000] {dag.py:3239} INFO - Sync 1 DAGs
[2025-07-03T00:28:47.662+0000] {logging_mixin.py:190} INFO - [2025-07-03T00:28:47.662+0000] {dag.py:4180} INFO - Setting next_dagrun for extract_raw_data_pipeline to 2025-07-02 07:59:00+00:00, run_after=2025-07-03 07:00:00+00:00
[2025-07-03T00:28:47.697+0000] {processor.py:208} INFO - Processing /opt/airflow/dags/driven_data_pipeline.py took 0.300 seconds
[2025-07-03T00:29:17.920+0000] {processor.py:186} INFO - Started process (PID=12900) to work on /opt/airflow/dags/driven_data_pipeline.py
[2025-07-03T00:29:17.928+0000] {processor.py:914} INFO - Processing file /opt/airflow/dags/driven_data_pipeline.py for tasks to queue
[2025-07-03T00:29:17.930+0000] {logging_mixin.py:190} INFO - [2025-07-03T00:29:17.929+0000] {dagbag.py:588} INFO - Filling up the DagBag from /opt/airflow/dags/driven_data_pipeline.py
[2025-07-03T00:29:18.111+0000] {processor.py:925} INFO - DAG(s) 'extract_raw_data_pipeline' retrieved from /opt/airflow/dags/driven_data_pipeline.py
[2025-07-03T00:29:18.135+0000] {logging_mixin.py:190} INFO - [2025-07-03T00:29:18.135+0000] {dag.py:3239} INFO - Sync 1 DAGs
[2025-07-03T00:29:18.158+0000] {logging_mixin.py:190} INFO - [2025-07-03T00:29:18.158+0000] {dag.py:4180} INFO - Setting next_dagrun for extract_raw_data_pipeline to 2025-07-02 07:59:00+00:00, run_after=2025-07-03 07:00:00+00:00
[2025-07-03T00:29:18.194+0000] {processor.py:208} INFO - Processing /opt/airflow/dags/driven_data_pipeline.py took 0.282 seconds
[2025-07-03T00:29:48.425+0000] {processor.py:186} INFO - Started process (PID=12908) to work on /opt/airflow/dags/driven_data_pipeline.py
[2025-07-03T00:29:48.426+0000] {processor.py:914} INFO - Processing file /opt/airflow/dags/driven_data_pipeline.py for tasks to queue
[2025-07-03T00:29:48.428+0000] {logging_mixin.py:190} INFO - [2025-07-03T00:29:48.428+0000] {dagbag.py:588} INFO - Filling up the DagBag from /opt/airflow/dags/driven_data_pipeline.py
[2025-07-03T00:29:48.627+0000] {processor.py:925} INFO - DAG(s) 'extract_raw_data_pipeline' retrieved from /opt/airflow/dags/driven_data_pipeline.py
[2025-07-03T00:29:48.660+0000] {logging_mixin.py:190} INFO - [2025-07-03T00:29:48.659+0000] {dag.py:3239} INFO - Sync 1 DAGs
[2025-07-03T00:29:48.695+0000] {logging_mixin.py:190} INFO - [2025-07-03T00:29:48.694+0000] {dag.py:4180} INFO - Setting next_dagrun for extract_raw_data_pipeline to 2025-07-02 07:59:00+00:00, run_after=2025-07-03 07:00:00+00:00
[2025-07-03T00:29:48.734+0000] {processor.py:208} INFO - Processing /opt/airflow/dags/driven_data_pipeline.py took 0.316 seconds
[2025-07-03T00:30:18.907+0000] {processor.py:186} INFO - Started process (PID=12916) to work on /opt/airflow/dags/driven_data_pipeline.py
[2025-07-03T00:30:18.923+0000] {processor.py:914} INFO - Processing file /opt/airflow/dags/driven_data_pipeline.py for tasks to queue
[2025-07-03T00:30:18.926+0000] {logging_mixin.py:190} INFO - [2025-07-03T00:30:18.925+0000] {dagbag.py:588} INFO - Filling up the DagBag from /opt/airflow/dags/driven_data_pipeline.py
[2025-07-03T00:30:19.111+0000] {processor.py:925} INFO - DAG(s) 'extract_raw_data_pipeline' retrieved from /opt/airflow/dags/driven_data_pipeline.py
[2025-07-03T00:30:19.137+0000] {logging_mixin.py:190} INFO - [2025-07-03T00:30:19.137+0000] {dag.py:3239} INFO - Sync 1 DAGs
[2025-07-03T00:30:19.164+0000] {logging_mixin.py:190} INFO - [2025-07-03T00:30:19.164+0000] {dag.py:4180} INFO - Setting next_dagrun for extract_raw_data_pipeline to 2025-07-02 07:59:00+00:00, run_after=2025-07-03 07:00:00+00:00
[2025-07-03T00:30:19.200+0000] {processor.py:208} INFO - Processing /opt/airflow/dags/driven_data_pipeline.py took 0.300 seconds
[2025-07-03T00:30:49.530+0000] {processor.py:186} INFO - Started process (PID=12924) to work on /opt/airflow/dags/driven_data_pipeline.py
[2025-07-03T00:30:49.531+0000] {processor.py:914} INFO - Processing file /opt/airflow/dags/driven_data_pipeline.py for tasks to queue
[2025-07-03T00:30:49.534+0000] {logging_mixin.py:190} INFO - [2025-07-03T00:30:49.533+0000] {dagbag.py:588} INFO - Filling up the DagBag from /opt/airflow/dags/driven_data_pipeline.py
[2025-07-03T00:30:49.711+0000] {processor.py:925} INFO - DAG(s) 'extract_raw_data_pipeline' retrieved from /opt/airflow/dags/driven_data_pipeline.py
[2025-07-03T00:30:49.736+0000] {logging_mixin.py:190} INFO - [2025-07-03T00:30:49.736+0000] {dag.py:3239} INFO - Sync 1 DAGs
[2025-07-03T00:30:49.759+0000] {logging_mixin.py:190} INFO - [2025-07-03T00:30:49.759+0000] {dag.py:4180} INFO - Setting next_dagrun for extract_raw_data_pipeline to 2025-07-02 07:59:00+00:00, run_after=2025-07-03 07:00:00+00:00
[2025-07-03T00:30:49.791+0000] {processor.py:208} INFO - Processing /opt/airflow/dags/driven_data_pipeline.py took 0.271 seconds
[2025-07-03T00:31:19.884+0000] {processor.py:186} INFO - Started process (PID=12932) to work on /opt/airflow/dags/driven_data_pipeline.py
[2025-07-03T00:31:19.885+0000] {processor.py:914} INFO - Processing file /opt/airflow/dags/driven_data_pipeline.py for tasks to queue
[2025-07-03T00:31:19.888+0000] {logging_mixin.py:190} INFO - [2025-07-03T00:31:19.888+0000] {dagbag.py:588} INFO - Filling up the DagBag from /opt/airflow/dags/driven_data_pipeline.py
[2025-07-03T00:31:20.071+0000] {processor.py:925} INFO - DAG(s) 'extract_raw_data_pipeline' retrieved from /opt/airflow/dags/driven_data_pipeline.py
[2025-07-03T00:31:20.095+0000] {logging_mixin.py:190} INFO - [2025-07-03T00:31:20.095+0000] {dag.py:3239} INFO - Sync 1 DAGs
[2025-07-03T00:31:20.120+0000] {logging_mixin.py:190} INFO - [2025-07-03T00:31:20.119+0000] {dag.py:4180} INFO - Setting next_dagrun for extract_raw_data_pipeline to 2025-07-02 07:59:00+00:00, run_after=2025-07-03 07:00:00+00:00
[2025-07-03T00:31:20.153+0000] {processor.py:208} INFO - Processing /opt/airflow/dags/driven_data_pipeline.py took 0.279 seconds
[2025-07-03T00:31:50.483+0000] {processor.py:186} INFO - Started process (PID=12940) to work on /opt/airflow/dags/driven_data_pipeline.py
[2025-07-03T00:31:50.494+0000] {processor.py:914} INFO - Processing file /opt/airflow/dags/driven_data_pipeline.py for tasks to queue
[2025-07-03T00:31:50.496+0000] {logging_mixin.py:190} INFO - [2025-07-03T00:31:50.496+0000] {dagbag.py:588} INFO - Filling up the DagBag from /opt/airflow/dags/driven_data_pipeline.py
[2025-07-03T00:31:50.672+0000] {processor.py:925} INFO - DAG(s) 'extract_raw_data_pipeline' retrieved from /opt/airflow/dags/driven_data_pipeline.py
[2025-07-03T00:31:50.696+0000] {logging_mixin.py:190} INFO - [2025-07-03T00:31:50.696+0000] {dag.py:3239} INFO - Sync 1 DAGs
[2025-07-03T00:31:50.719+0000] {logging_mixin.py:190} INFO - [2025-07-03T00:31:50.718+0000] {dag.py:4180} INFO - Setting next_dagrun for extract_raw_data_pipeline to 2025-07-02 07:59:00+00:00, run_after=2025-07-03 07:00:00+00:00
[2025-07-03T00:31:50.757+0000] {processor.py:208} INFO - Processing /opt/airflow/dags/driven_data_pipeline.py took 0.283 seconds
[2025-07-03T00:32:20.820+0000] {processor.py:186} INFO - Started process (PID=12948) to work on /opt/airflow/dags/driven_data_pipeline.py
[2025-07-03T00:32:20.821+0000] {processor.py:914} INFO - Processing file /opt/airflow/dags/driven_data_pipeline.py for tasks to queue
[2025-07-03T00:32:20.824+0000] {logging_mixin.py:190} INFO - [2025-07-03T00:32:20.824+0000] {dagbag.py:588} INFO - Filling up the DagBag from /opt/airflow/dags/driven_data_pipeline.py
[2025-07-03T00:32:20.998+0000] {processor.py:925} INFO - DAG(s) 'extract_raw_data_pipeline' retrieved from /opt/airflow/dags/driven_data_pipeline.py
[2025-07-03T00:32:21.024+0000] {logging_mixin.py:190} INFO - [2025-07-03T00:32:21.023+0000] {dag.py:3239} INFO - Sync 1 DAGs
[2025-07-03T00:32:21.048+0000] {logging_mixin.py:190} INFO - [2025-07-03T00:32:21.048+0000] {dag.py:4180} INFO - Setting next_dagrun for extract_raw_data_pipeline to 2025-07-02 07:59:00+00:00, run_after=2025-07-03 07:00:00+00:00
[2025-07-03T00:32:21.085+0000] {processor.py:208} INFO - Processing /opt/airflow/dags/driven_data_pipeline.py took 0.273 seconds
[2025-07-03T00:32:51.420+0000] {processor.py:186} INFO - Started process (PID=12956) to work on /opt/airflow/dags/driven_data_pipeline.py
[2025-07-03T00:32:51.420+0000] {processor.py:914} INFO - Processing file /opt/airflow/dags/driven_data_pipeline.py for tasks to queue
[2025-07-03T00:32:51.423+0000] {logging_mixin.py:190} INFO - [2025-07-03T00:32:51.422+0000] {dagbag.py:588} INFO - Filling up the DagBag from /opt/airflow/dags/driven_data_pipeline.py
[2025-07-03T00:32:51.594+0000] {processor.py:925} INFO - DAG(s) 'extract_raw_data_pipeline' retrieved from /opt/airflow/dags/driven_data_pipeline.py
[2025-07-03T00:32:51.619+0000] {logging_mixin.py:190} INFO - [2025-07-03T00:32:51.619+0000] {dag.py:3239} INFO - Sync 1 DAGs
[2025-07-03T00:32:51.642+0000] {logging_mixin.py:190} INFO - [2025-07-03T00:32:51.642+0000] {dag.py:4180} INFO - Setting next_dagrun for extract_raw_data_pipeline to 2025-07-02 07:59:00+00:00, run_after=2025-07-03 07:00:00+00:00
[2025-07-03T00:32:51.685+0000] {processor.py:208} INFO - Processing /opt/airflow/dags/driven_data_pipeline.py took 0.274 seconds
[2025-07-03T00:33:21.785+0000] {processor.py:186} INFO - Started process (PID=12964) to work on /opt/airflow/dags/driven_data_pipeline.py
[2025-07-03T00:33:21.787+0000] {processor.py:914} INFO - Processing file /opt/airflow/dags/driven_data_pipeline.py for tasks to queue
[2025-07-03T00:33:21.790+0000] {logging_mixin.py:190} INFO - [2025-07-03T00:33:21.789+0000] {dagbag.py:588} INFO - Filling up the DagBag from /opt/airflow/dags/driven_data_pipeline.py
[2025-07-03T00:33:21.968+0000] {processor.py:925} INFO - DAG(s) 'extract_raw_data_pipeline' retrieved from /opt/airflow/dags/driven_data_pipeline.py
[2025-07-03T00:33:21.993+0000] {logging_mixin.py:190} INFO - [2025-07-03T00:33:21.993+0000] {dag.py:3239} INFO - Sync 1 DAGs
[2025-07-03T00:33:22.017+0000] {logging_mixin.py:190} INFO - [2025-07-03T00:33:22.017+0000] {dag.py:4180} INFO - Setting next_dagrun for extract_raw_data_pipeline to 2025-07-02 07:59:00+00:00, run_after=2025-07-03 07:00:00+00:00
[2025-07-03T00:33:22.057+0000] {processor.py:208} INFO - Processing /opt/airflow/dags/driven_data_pipeline.py took 0.282 seconds
[2025-07-03T00:33:52.426+0000] {processor.py:186} INFO - Started process (PID=12972) to work on /opt/airflow/dags/driven_data_pipeline.py
[2025-07-03T00:33:52.439+0000] {processor.py:914} INFO - Processing file /opt/airflow/dags/driven_data_pipeline.py for tasks to queue
[2025-07-03T00:33:52.442+0000] {logging_mixin.py:190} INFO - [2025-07-03T00:33:52.441+0000] {dagbag.py:588} INFO - Filling up the DagBag from /opt/airflow/dags/driven_data_pipeline.py
[2025-07-03T00:33:52.618+0000] {processor.py:925} INFO - DAG(s) 'extract_raw_data_pipeline' retrieved from /opt/airflow/dags/driven_data_pipeline.py
[2025-07-03T00:33:52.642+0000] {logging_mixin.py:190} INFO - [2025-07-03T00:33:52.641+0000] {dag.py:3239} INFO - Sync 1 DAGs
[2025-07-03T00:33:52.665+0000] {logging_mixin.py:190} INFO - [2025-07-03T00:33:52.664+0000] {dag.py:4180} INFO - Setting next_dagrun for extract_raw_data_pipeline to 2025-07-02 07:59:00+00:00, run_after=2025-07-03 07:00:00+00:00
[2025-07-03T00:33:52.707+0000] {processor.py:208} INFO - Processing /opt/airflow/dags/driven_data_pipeline.py took 0.291 seconds
[2025-07-03T00:34:22.812+0000] {processor.py:186} INFO - Started process (PID=12980) to work on /opt/airflow/dags/driven_data_pipeline.py
[2025-07-03T00:34:22.813+0000] {processor.py:914} INFO - Processing file /opt/airflow/dags/driven_data_pipeline.py for tasks to queue
[2025-07-03T00:34:22.817+0000] {logging_mixin.py:190} INFO - [2025-07-03T00:34:22.816+0000] {dagbag.py:588} INFO - Filling up the DagBag from /opt/airflow/dags/driven_data_pipeline.py
[2025-07-03T00:34:22.995+0000] {processor.py:925} INFO - DAG(s) 'extract_raw_data_pipeline' retrieved from /opt/airflow/dags/driven_data_pipeline.py
[2025-07-03T00:34:23.019+0000] {logging_mixin.py:190} INFO - [2025-07-03T00:34:23.019+0000] {dag.py:3239} INFO - Sync 1 DAGs
[2025-07-03T00:34:23.045+0000] {logging_mixin.py:190} INFO - [2025-07-03T00:34:23.044+0000] {dag.py:4180} INFO - Setting next_dagrun for extract_raw_data_pipeline to 2025-07-02 07:59:00+00:00, run_after=2025-07-03 07:00:00+00:00
[2025-07-03T00:34:23.469+0000] {processor.py:208} INFO - Processing /opt/airflow/dags/driven_data_pipeline.py took 0.667 seconds
[2025-07-03T00:34:53.815+0000] {processor.py:186} INFO - Started process (PID=12988) to work on /opt/airflow/dags/driven_data_pipeline.py
[2025-07-03T00:34:53.822+0000] {processor.py:914} INFO - Processing file /opt/airflow/dags/driven_data_pipeline.py for tasks to queue
[2025-07-03T00:34:53.826+0000] {logging_mixin.py:190} INFO - [2025-07-03T00:34:53.826+0000] {dagbag.py:588} INFO - Filling up the DagBag from /opt/airflow/dags/driven_data_pipeline.py
[2025-07-03T00:34:54.007+0000] {processor.py:925} INFO - DAG(s) 'extract_raw_data_pipeline' retrieved from /opt/airflow/dags/driven_data_pipeline.py
[2025-07-03T00:34:54.033+0000] {logging_mixin.py:190} INFO - [2025-07-03T00:34:54.033+0000] {dag.py:3239} INFO - Sync 1 DAGs
[2025-07-03T00:34:54.056+0000] {logging_mixin.py:190} INFO - [2025-07-03T00:34:54.056+0000] {dag.py:4180} INFO - Setting next_dagrun for extract_raw_data_pipeline to 2025-07-02 07:59:00+00:00, run_after=2025-07-03 07:00:00+00:00
[2025-07-03T00:34:54.096+0000] {processor.py:208} INFO - Processing /opt/airflow/dags/driven_data_pipeline.py took 0.293 seconds
[2025-07-03T00:35:24.228+0000] {processor.py:186} INFO - Started process (PID=12996) to work on /opt/airflow/dags/driven_data_pipeline.py
[2025-07-03T00:35:24.229+0000] {processor.py:914} INFO - Processing file /opt/airflow/dags/driven_data_pipeline.py for tasks to queue
[2025-07-03T00:35:24.233+0000] {logging_mixin.py:190} INFO - [2025-07-03T00:35:24.233+0000] {dagbag.py:588} INFO - Filling up the DagBag from /opt/airflow/dags/driven_data_pipeline.py
[2025-07-03T00:35:24.414+0000] {processor.py:925} INFO - DAG(s) 'extract_raw_data_pipeline' retrieved from /opt/airflow/dags/driven_data_pipeline.py
[2025-07-03T00:35:24.439+0000] {logging_mixin.py:190} INFO - [2025-07-03T00:35:24.438+0000] {dag.py:3239} INFO - Sync 1 DAGs
[2025-07-03T00:35:24.463+0000] {logging_mixin.py:190} INFO - [2025-07-03T00:35:24.463+0000] {dag.py:4180} INFO - Setting next_dagrun for extract_raw_data_pipeline to 2025-07-02 07:59:00+00:00, run_after=2025-07-03 07:00:00+00:00
[2025-07-03T00:35:25.272+0000] {processor.py:208} INFO - Processing /opt/airflow/dags/driven_data_pipeline.py took 1.064 seconds
[2025-07-03T00:35:55.561+0000] {processor.py:186} INFO - Started process (PID=13004) to work on /opt/airflow/dags/driven_data_pipeline.py
[2025-07-03T00:35:55.564+0000] {processor.py:914} INFO - Processing file /opt/airflow/dags/driven_data_pipeline.py for tasks to queue
[2025-07-03T00:35:55.566+0000] {logging_mixin.py:190} INFO - [2025-07-03T00:35:55.566+0000] {dagbag.py:588} INFO - Filling up the DagBag from /opt/airflow/dags/driven_data_pipeline.py
[2025-07-03T00:35:55.750+0000] {processor.py:925} INFO - DAG(s) 'extract_raw_data_pipeline' retrieved from /opt/airflow/dags/driven_data_pipeline.py
[2025-07-03T00:35:55.774+0000] {logging_mixin.py:190} INFO - [2025-07-03T00:35:55.774+0000] {dag.py:3239} INFO - Sync 1 DAGs
[2025-07-03T00:35:55.798+0000] {logging_mixin.py:190} INFO - [2025-07-03T00:35:55.798+0000] {dag.py:4180} INFO - Setting next_dagrun for extract_raw_data_pipeline to 2025-07-02 07:59:00+00:00, run_after=2025-07-03 07:00:00+00:00
[2025-07-03T00:35:55.840+0000] {processor.py:208} INFO - Processing /opt/airflow/dags/driven_data_pipeline.py took 0.286 seconds
[2025-07-03T00:36:26.018+0000] {processor.py:186} INFO - Started process (PID=13012) to work on /opt/airflow/dags/driven_data_pipeline.py
[2025-07-03T00:36:26.019+0000] {processor.py:914} INFO - Processing file /opt/airflow/dags/driven_data_pipeline.py for tasks to queue
[2025-07-03T00:36:26.023+0000] {logging_mixin.py:190} INFO - [2025-07-03T00:36:26.022+0000] {dagbag.py:588} INFO - Filling up the DagBag from /opt/airflow/dags/driven_data_pipeline.py
[2025-07-03T00:36:26.201+0000] {processor.py:925} INFO - DAG(s) 'extract_raw_data_pipeline' retrieved from /opt/airflow/dags/driven_data_pipeline.py
[2025-07-03T00:36:26.225+0000] {logging_mixin.py:190} INFO - [2025-07-03T00:36:26.225+0000] {dag.py:3239} INFO - Sync 1 DAGs
[2025-07-03T00:36:26.250+0000] {logging_mixin.py:190} INFO - [2025-07-03T00:36:26.249+0000] {dag.py:4180} INFO - Setting next_dagrun for extract_raw_data_pipeline to 2025-07-02 07:59:00+00:00, run_after=2025-07-03 07:00:00+00:00
[2025-07-03T00:36:26.281+0000] {processor.py:208} INFO - Processing /opt/airflow/dags/driven_data_pipeline.py took 0.274 seconds
[2025-07-03T00:36:56.574+0000] {processor.py:186} INFO - Started process (PID=13020) to work on /opt/airflow/dags/driven_data_pipeline.py
[2025-07-03T00:36:56.582+0000] {processor.py:914} INFO - Processing file /opt/airflow/dags/driven_data_pipeline.py for tasks to queue
[2025-07-03T00:36:56.584+0000] {logging_mixin.py:190} INFO - [2025-07-03T00:36:56.584+0000] {dagbag.py:588} INFO - Filling up the DagBag from /opt/airflow/dags/driven_data_pipeline.py
[2025-07-03T00:36:56.783+0000] {processor.py:925} INFO - DAG(s) 'extract_raw_data_pipeline' retrieved from /opt/airflow/dags/driven_data_pipeline.py
[2025-07-03T00:36:56.812+0000] {logging_mixin.py:190} INFO - [2025-07-03T00:36:56.811+0000] {dag.py:3239} INFO - Sync 1 DAGs
[2025-07-03T00:36:56.836+0000] {logging_mixin.py:190} INFO - [2025-07-03T00:36:56.836+0000] {dag.py:4180} INFO - Setting next_dagrun for extract_raw_data_pipeline to 2025-07-02 07:59:00+00:00, run_after=2025-07-03 07:00:00+00:00
[2025-07-03T00:36:56.862+0000] {processor.py:208} INFO - Processing /opt/airflow/dags/driven_data_pipeline.py took 0.294 seconds
[2025-07-03T00:37:27.053+0000] {processor.py:186} INFO - Started process (PID=13028) to work on /opt/airflow/dags/driven_data_pipeline.py
[2025-07-03T00:37:27.054+0000] {processor.py:914} INFO - Processing file /opt/airflow/dags/driven_data_pipeline.py for tasks to queue
[2025-07-03T00:37:27.058+0000] {logging_mixin.py:190} INFO - [2025-07-03T00:37:27.057+0000] {dagbag.py:588} INFO - Filling up the DagBag from /opt/airflow/dags/driven_data_pipeline.py
[2025-07-03T00:37:27.233+0000] {processor.py:925} INFO - DAG(s) 'extract_raw_data_pipeline' retrieved from /opt/airflow/dags/driven_data_pipeline.py
[2025-07-03T00:37:27.257+0000] {logging_mixin.py:190} INFO - [2025-07-03T00:37:27.257+0000] {dag.py:3239} INFO - Sync 1 DAGs
[2025-07-03T00:37:27.280+0000] {logging_mixin.py:190} INFO - [2025-07-03T00:37:27.280+0000] {dag.py:4180} INFO - Setting next_dagrun for extract_raw_data_pipeline to 2025-07-02 07:59:00+00:00, run_after=2025-07-03 07:00:00+00:00
[2025-07-03T00:37:27.315+0000] {processor.py:208} INFO - Processing /opt/airflow/dags/driven_data_pipeline.py took 0.274 seconds
[2025-07-03T00:37:57.555+0000] {processor.py:186} INFO - Started process (PID=13036) to work on /opt/airflow/dags/driven_data_pipeline.py
[2025-07-03T00:37:57.569+0000] {processor.py:914} INFO - Processing file /opt/airflow/dags/driven_data_pipeline.py for tasks to queue
[2025-07-03T00:37:57.573+0000] {logging_mixin.py:190} INFO - [2025-07-03T00:37:57.572+0000] {dagbag.py:588} INFO - Filling up the DagBag from /opt/airflow/dags/driven_data_pipeline.py
[2025-07-03T00:37:57.756+0000] {processor.py:925} INFO - DAG(s) 'extract_raw_data_pipeline' retrieved from /opt/airflow/dags/driven_data_pipeline.py
[2025-07-03T00:37:57.780+0000] {logging_mixin.py:190} INFO - [2025-07-03T00:37:57.780+0000] {dag.py:3239} INFO - Sync 1 DAGs
[2025-07-03T00:37:57.804+0000] {logging_mixin.py:190} INFO - [2025-07-03T00:37:57.804+0000] {dag.py:4180} INFO - Setting next_dagrun for extract_raw_data_pipeline to 2025-07-02 07:59:00+00:00, run_after=2025-07-03 07:00:00+00:00
[2025-07-03T00:37:58.922+0000] {processor.py:208} INFO - Processing /opt/airflow/dags/driven_data_pipeline.py took 1.377 seconds
[2025-07-03T00:38:29.036+0000] {processor.py:186} INFO - Started process (PID=13044) to work on /opt/airflow/dags/driven_data_pipeline.py
[2025-07-03T00:38:29.037+0000] {processor.py:914} INFO - Processing file /opt/airflow/dags/driven_data_pipeline.py for tasks to queue
[2025-07-03T00:38:29.040+0000] {logging_mixin.py:190} INFO - [2025-07-03T00:38:29.040+0000] {dagbag.py:588} INFO - Filling up the DagBag from /opt/airflow/dags/driven_data_pipeline.py
[2025-07-03T00:38:29.214+0000] {processor.py:925} INFO - DAG(s) 'extract_raw_data_pipeline' retrieved from /opt/airflow/dags/driven_data_pipeline.py
[2025-07-03T00:38:29.240+0000] {logging_mixin.py:190} INFO - [2025-07-03T00:38:29.240+0000] {dag.py:3239} INFO - Sync 1 DAGs
[2025-07-03T00:38:29.265+0000] {logging_mixin.py:190} INFO - [2025-07-03T00:38:29.264+0000] {dag.py:4180} INFO - Setting next_dagrun for extract_raw_data_pipeline to 2025-07-02 07:59:00+00:00, run_after=2025-07-03 07:00:00+00:00
[2025-07-03T00:38:29.303+0000] {processor.py:208} INFO - Processing /opt/airflow/dags/driven_data_pipeline.py took 0.277 seconds
[2025-07-03T00:38:59.575+0000] {processor.py:186} INFO - Started process (PID=13052) to work on /opt/airflow/dags/driven_data_pipeline.py
[2025-07-03T00:38:59.592+0000] {processor.py:914} INFO - Processing file /opt/airflow/dags/driven_data_pipeline.py for tasks to queue
[2025-07-03T00:38:59.601+0000] {logging_mixin.py:190} INFO - [2025-07-03T00:38:59.599+0000] {dagbag.py:588} INFO - Filling up the DagBag from /opt/airflow/dags/driven_data_pipeline.py
[2025-07-03T00:38:59.780+0000] {processor.py:925} INFO - DAG(s) 'extract_raw_data_pipeline' retrieved from /opt/airflow/dags/driven_data_pipeline.py
[2025-07-03T00:38:59.805+0000] {logging_mixin.py:190} INFO - [2025-07-03T00:38:59.805+0000] {dag.py:3239} INFO - Sync 1 DAGs
[2025-07-03T00:38:59.828+0000] {logging_mixin.py:190} INFO - [2025-07-03T00:38:59.828+0000] {dag.py:4180} INFO - Setting next_dagrun for extract_raw_data_pipeline to 2025-07-02 07:59:00+00:00, run_after=2025-07-03 07:00:00+00:00
[2025-07-03T00:38:59.862+0000] {processor.py:208} INFO - Processing /opt/airflow/dags/driven_data_pipeline.py took 0.295 seconds
[2025-07-03T00:39:29.950+0000] {processor.py:186} INFO - Started process (PID=13060) to work on /opt/airflow/dags/driven_data_pipeline.py
[2025-07-03T00:39:29.952+0000] {processor.py:914} INFO - Processing file /opt/airflow/dags/driven_data_pipeline.py for tasks to queue
[2025-07-03T00:39:29.955+0000] {logging_mixin.py:190} INFO - [2025-07-03T00:39:29.954+0000] {dagbag.py:588} INFO - Filling up the DagBag from /opt/airflow/dags/driven_data_pipeline.py
[2025-07-03T00:39:30.139+0000] {processor.py:925} INFO - DAG(s) 'extract_raw_data_pipeline' retrieved from /opt/airflow/dags/driven_data_pipeline.py
[2025-07-03T00:39:30.166+0000] {logging_mixin.py:190} INFO - [2025-07-03T00:39:30.165+0000] {dag.py:3239} INFO - Sync 1 DAGs
[2025-07-03T00:39:30.189+0000] {logging_mixin.py:190} INFO - [2025-07-03T00:39:30.189+0000] {dag.py:4180} INFO - Setting next_dagrun for extract_raw_data_pipeline to 2025-07-02 07:59:00+00:00, run_after=2025-07-03 07:00:00+00:00
[2025-07-03T00:39:30.222+0000] {processor.py:208} INFO - Processing /opt/airflow/dags/driven_data_pipeline.py took 0.281 seconds
[2025-07-03T00:40:00.538+0000] {processor.py:186} INFO - Started process (PID=13068) to work on /opt/airflow/dags/driven_data_pipeline.py
[2025-07-03T00:40:00.550+0000] {processor.py:914} INFO - Processing file /opt/airflow/dags/driven_data_pipeline.py for tasks to queue
[2025-07-03T00:40:00.552+0000] {logging_mixin.py:190} INFO - [2025-07-03T00:40:00.552+0000] {dagbag.py:588} INFO - Filling up the DagBag from /opt/airflow/dags/driven_data_pipeline.py
[2025-07-03T00:40:00.725+0000] {processor.py:925} INFO - DAG(s) 'extract_raw_data_pipeline' retrieved from /opt/airflow/dags/driven_data_pipeline.py
[2025-07-03T00:40:00.754+0000] {logging_mixin.py:190} INFO - [2025-07-03T00:40:00.754+0000] {dag.py:3239} INFO - Sync 1 DAGs
[2025-07-03T00:40:00.779+0000] {logging_mixin.py:190} INFO - [2025-07-03T00:40:00.779+0000] {dag.py:4180} INFO - Setting next_dagrun for extract_raw_data_pipeline to 2025-07-02 07:59:00+00:00, run_after=2025-07-03 07:00:00+00:00
[2025-07-03T00:40:00.831+0000] {processor.py:208} INFO - Processing /opt/airflow/dags/driven_data_pipeline.py took 0.299 seconds
[2025-07-03T00:40:30.911+0000] {processor.py:186} INFO - Started process (PID=13076) to work on /opt/airflow/dags/driven_data_pipeline.py
[2025-07-03T00:40:30.912+0000] {processor.py:914} INFO - Processing file /opt/airflow/dags/driven_data_pipeline.py for tasks to queue
[2025-07-03T00:40:30.916+0000] {logging_mixin.py:190} INFO - [2025-07-03T00:40:30.915+0000] {dagbag.py:588} INFO - Filling up the DagBag from /opt/airflow/dags/driven_data_pipeline.py
[2025-07-03T00:40:31.093+0000] {processor.py:925} INFO - DAG(s) 'extract_raw_data_pipeline' retrieved from /opt/airflow/dags/driven_data_pipeline.py
[2025-07-03T00:40:31.117+0000] {logging_mixin.py:190} INFO - [2025-07-03T00:40:31.117+0000] {dag.py:3239} INFO - Sync 1 DAGs
[2025-07-03T00:40:31.144+0000] {logging_mixin.py:190} INFO - [2025-07-03T00:40:31.144+0000] {dag.py:4180} INFO - Setting next_dagrun for extract_raw_data_pipeline to 2025-07-02 07:59:00+00:00, run_after=2025-07-03 07:00:00+00:00
[2025-07-03T00:40:31.558+0000] {processor.py:208} INFO - Processing /opt/airflow/dags/driven_data_pipeline.py took 0.657 seconds
[2025-07-03T00:41:01.921+0000] {processor.py:186} INFO - Started process (PID=13084) to work on /opt/airflow/dags/driven_data_pipeline.py
[2025-07-03T00:41:01.930+0000] {processor.py:914} INFO - Processing file /opt/airflow/dags/driven_data_pipeline.py for tasks to queue
[2025-07-03T00:41:01.934+0000] {logging_mixin.py:190} INFO - [2025-07-03T00:41:01.934+0000] {dagbag.py:588} INFO - Filling up the DagBag from /opt/airflow/dags/driven_data_pipeline.py
[2025-07-03T00:41:02.121+0000] {processor.py:925} INFO - DAG(s) 'extract_raw_data_pipeline' retrieved from /opt/airflow/dags/driven_data_pipeline.py
[2025-07-03T00:41:02.147+0000] {logging_mixin.py:190} INFO - [2025-07-03T00:41:02.146+0000] {dag.py:3239} INFO - Sync 1 DAGs
[2025-07-03T00:41:02.169+0000] {logging_mixin.py:190} INFO - [2025-07-03T00:41:02.169+0000] {dag.py:4180} INFO - Setting next_dagrun for extract_raw_data_pipeline to 2025-07-02 07:59:00+00:00, run_after=2025-07-03 07:00:00+00:00
[2025-07-03T00:41:02.208+0000] {processor.py:208} INFO - Processing /opt/airflow/dags/driven_data_pipeline.py took 0.299 seconds
[2025-07-03T00:41:32.278+0000] {processor.py:186} INFO - Started process (PID=13092) to work on /opt/airflow/dags/driven_data_pipeline.py
[2025-07-03T00:41:32.279+0000] {processor.py:914} INFO - Processing file /opt/airflow/dags/driven_data_pipeline.py for tasks to queue
[2025-07-03T00:41:32.282+0000] {logging_mixin.py:190} INFO - [2025-07-03T00:41:32.281+0000] {dagbag.py:588} INFO - Filling up the DagBag from /opt/airflow/dags/driven_data_pipeline.py
[2025-07-03T00:41:32.460+0000] {processor.py:925} INFO - DAG(s) 'extract_raw_data_pipeline' retrieved from /opt/airflow/dags/driven_data_pipeline.py
[2025-07-03T00:41:32.489+0000] {logging_mixin.py:190} INFO - [2025-07-03T00:41:32.489+0000] {dag.py:3239} INFO - Sync 1 DAGs
[2025-07-03T00:41:32.513+0000] {logging_mixin.py:190} INFO - [2025-07-03T00:41:32.513+0000] {dag.py:4180} INFO - Setting next_dagrun for extract_raw_data_pipeline to 2025-07-02 07:59:00+00:00, run_after=2025-07-03 07:00:00+00:00
[2025-07-03T00:41:32.564+0000] {processor.py:208} INFO - Processing /opt/airflow/dags/driven_data_pipeline.py took 0.296 seconds
[2025-07-03T00:42:02.924+0000] {processor.py:186} INFO - Started process (PID=13100) to work on /opt/airflow/dags/driven_data_pipeline.py
[2025-07-03T00:42:02.931+0000] {processor.py:914} INFO - Processing file /opt/airflow/dags/driven_data_pipeline.py for tasks to queue
[2025-07-03T00:42:02.933+0000] {logging_mixin.py:190} INFO - [2025-07-03T00:42:02.933+0000] {dagbag.py:588} INFO - Filling up the DagBag from /opt/airflow/dags/driven_data_pipeline.py
[2025-07-03T00:42:03.117+0000] {processor.py:925} INFO - DAG(s) 'extract_raw_data_pipeline' retrieved from /opt/airflow/dags/driven_data_pipeline.py
[2025-07-03T00:42:03.147+0000] {logging_mixin.py:190} INFO - [2025-07-03T00:42:03.147+0000] {dag.py:3239} INFO - Sync 1 DAGs
[2025-07-03T00:42:03.183+0000] {logging_mixin.py:190} INFO - [2025-07-03T00:42:03.183+0000] {dag.py:4180} INFO - Setting next_dagrun for extract_raw_data_pipeline to 2025-07-02 07:59:00+00:00, run_after=2025-07-03 07:00:00+00:00
[2025-07-03T00:42:03.225+0000] {processor.py:208} INFO - Processing /opt/airflow/dags/driven_data_pipeline.py took 0.309 seconds
[2025-07-03T00:42:33.320+0000] {processor.py:186} INFO - Started process (PID=13108) to work on /opt/airflow/dags/driven_data_pipeline.py
[2025-07-03T00:42:33.322+0000] {processor.py:914} INFO - Processing file /opt/airflow/dags/driven_data_pipeline.py for tasks to queue
[2025-07-03T00:42:33.327+0000] {logging_mixin.py:190} INFO - [2025-07-03T00:42:33.326+0000] {dagbag.py:588} INFO - Filling up the DagBag from /opt/airflow/dags/driven_data_pipeline.py
[2025-07-03T00:42:33.525+0000] {processor.py:925} INFO - DAG(s) 'extract_raw_data_pipeline' retrieved from /opt/airflow/dags/driven_data_pipeline.py
[2025-07-03T00:42:33.549+0000] {logging_mixin.py:190} INFO - [2025-07-03T00:42:33.549+0000] {dag.py:3239} INFO - Sync 1 DAGs
[2025-07-03T00:42:33.576+0000] {logging_mixin.py:190} INFO - [2025-07-03T00:42:33.575+0000] {dag.py:4180} INFO - Setting next_dagrun for extract_raw_data_pipeline to 2025-07-02 07:59:00+00:00, run_after=2025-07-03 07:00:00+00:00
[2025-07-03T00:42:33.611+0000] {processor.py:208} INFO - Processing /opt/airflow/dags/driven_data_pipeline.py took 0.306 seconds
[2025-07-03T00:43:03.950+0000] {processor.py:186} INFO - Started process (PID=13116) to work on /opt/airflow/dags/driven_data_pipeline.py
[2025-07-03T00:43:03.964+0000] {processor.py:914} INFO - Processing file /opt/airflow/dags/driven_data_pipeline.py for tasks to queue
[2025-07-03T00:43:03.967+0000] {logging_mixin.py:190} INFO - [2025-07-03T00:43:03.967+0000] {dagbag.py:588} INFO - Filling up the DagBag from /opt/airflow/dags/driven_data_pipeline.py
[2025-07-03T00:43:04.160+0000] {processor.py:925} INFO - DAG(s) 'extract_raw_data_pipeline' retrieved from /opt/airflow/dags/driven_data_pipeline.py
[2025-07-03T00:43:04.185+0000] {logging_mixin.py:190} INFO - [2025-07-03T00:43:04.184+0000] {dag.py:3239} INFO - Sync 1 DAGs
[2025-07-03T00:43:04.208+0000] {logging_mixin.py:190} INFO - [2025-07-03T00:43:04.208+0000] {dag.py:4180} INFO - Setting next_dagrun for extract_raw_data_pipeline to 2025-07-02 07:59:00+00:00, run_after=2025-07-03 07:00:00+00:00
[2025-07-03T00:43:04.244+0000] {processor.py:208} INFO - Processing /opt/airflow/dags/driven_data_pipeline.py took 0.303 seconds
[2025-07-03T00:43:34.316+0000] {processor.py:186} INFO - Started process (PID=13124) to work on /opt/airflow/dags/driven_data_pipeline.py
[2025-07-03T00:43:34.317+0000] {processor.py:914} INFO - Processing file /opt/airflow/dags/driven_data_pipeline.py for tasks to queue
[2025-07-03T00:43:34.319+0000] {logging_mixin.py:190} INFO - [2025-07-03T00:43:34.318+0000] {dagbag.py:588} INFO - Filling up the DagBag from /opt/airflow/dags/driven_data_pipeline.py
[2025-07-03T00:43:34.501+0000] {processor.py:925} INFO - DAG(s) 'extract_raw_data_pipeline' retrieved from /opt/airflow/dags/driven_data_pipeline.py
[2025-07-03T00:43:34.527+0000] {logging_mixin.py:190} INFO - [2025-07-03T00:43:34.527+0000] {dag.py:3239} INFO - Sync 1 DAGs
[2025-07-03T00:43:34.553+0000] {logging_mixin.py:190} INFO - [2025-07-03T00:43:34.553+0000] {dag.py:4180} INFO - Setting next_dagrun for extract_raw_data_pipeline to 2025-07-02 07:59:00+00:00, run_after=2025-07-03 07:00:00+00:00
[2025-07-03T00:43:34.586+0000] {processor.py:208} INFO - Processing /opt/airflow/dags/driven_data_pipeline.py took 0.276 seconds
[2025-07-03T00:44:04.990+0000] {processor.py:186} INFO - Started process (PID=13132) to work on /opt/airflow/dags/driven_data_pipeline.py
[2025-07-03T00:44:05.020+0000] {processor.py:914} INFO - Processing file /opt/airflow/dags/driven_data_pipeline.py for tasks to queue
[2025-07-03T00:44:05.022+0000] {logging_mixin.py:190} INFO - [2025-07-03T00:44:05.022+0000] {dagbag.py:588} INFO - Filling up the DagBag from /opt/airflow/dags/driven_data_pipeline.py
[2025-07-03T00:44:05.197+0000] {processor.py:925} INFO - DAG(s) 'extract_raw_data_pipeline' retrieved from /opt/airflow/dags/driven_data_pipeline.py
[2025-07-03T00:44:05.221+0000] {logging_mixin.py:190} INFO - [2025-07-03T00:44:05.220+0000] {dag.py:3239} INFO - Sync 1 DAGs
[2025-07-03T00:44:05.244+0000] {logging_mixin.py:190} INFO - [2025-07-03T00:44:05.244+0000] {dag.py:4180} INFO - Setting next_dagrun for extract_raw_data_pipeline to 2025-07-02 07:59:00+00:00, run_after=2025-07-03 07:00:00+00:00
[2025-07-03T00:44:05.280+0000] {processor.py:208} INFO - Processing /opt/airflow/dags/driven_data_pipeline.py took 0.299 seconds
[2025-07-03T00:44:35.378+0000] {processor.py:186} INFO - Started process (PID=13140) to work on /opt/airflow/dags/driven_data_pipeline.py
[2025-07-03T00:44:35.379+0000] {processor.py:914} INFO - Processing file /opt/airflow/dags/driven_data_pipeline.py for tasks to queue
[2025-07-03T00:44:35.381+0000] {logging_mixin.py:190} INFO - [2025-07-03T00:44:35.381+0000] {dagbag.py:588} INFO - Filling up the DagBag from /opt/airflow/dags/driven_data_pipeline.py
[2025-07-03T00:44:35.562+0000] {processor.py:925} INFO - DAG(s) 'extract_raw_data_pipeline' retrieved from /opt/airflow/dags/driven_data_pipeline.py
[2025-07-03T00:44:35.589+0000] {logging_mixin.py:190} INFO - [2025-07-03T00:44:35.588+0000] {dag.py:3239} INFO - Sync 1 DAGs
[2025-07-03T00:44:35.613+0000] {logging_mixin.py:190} INFO - [2025-07-03T00:44:35.612+0000] {dag.py:4180} INFO - Setting next_dagrun for extract_raw_data_pipeline to 2025-07-02 07:59:00+00:00, run_after=2025-07-03 07:00:00+00:00
[2025-07-03T00:44:35.650+0000] {processor.py:208} INFO - Processing /opt/airflow/dags/driven_data_pipeline.py took 0.283 seconds
[2025-07-03T00:45:05.943+0000] {processor.py:186} INFO - Started process (PID=13148) to work on /opt/airflow/dags/driven_data_pipeline.py
[2025-07-03T00:45:05.952+0000] {processor.py:914} INFO - Processing file /opt/airflow/dags/driven_data_pipeline.py for tasks to queue
[2025-07-03T00:45:05.955+0000] {logging_mixin.py:190} INFO - [2025-07-03T00:45:05.954+0000] {dagbag.py:588} INFO - Filling up the DagBag from /opt/airflow/dags/driven_data_pipeline.py
[2025-07-03T00:45:06.130+0000] {processor.py:925} INFO - DAG(s) 'extract_raw_data_pipeline' retrieved from /opt/airflow/dags/driven_data_pipeline.py
[2025-07-03T00:45:06.155+0000] {logging_mixin.py:190} INFO - [2025-07-03T00:45:06.154+0000] {dag.py:3239} INFO - Sync 1 DAGs
[2025-07-03T00:45:06.177+0000] {logging_mixin.py:190} INFO - [2025-07-03T00:45:06.177+0000] {dag.py:4180} INFO - Setting next_dagrun for extract_raw_data_pipeline to 2025-07-02 07:59:00+00:00, run_after=2025-07-03 07:00:00+00:00
[2025-07-03T00:45:06.215+0000] {processor.py:208} INFO - Processing /opt/airflow/dags/driven_data_pipeline.py took 0.280 seconds
[2025-07-03T00:45:36.305+0000] {processor.py:186} INFO - Started process (PID=13156) to work on /opt/airflow/dags/driven_data_pipeline.py
[2025-07-03T00:45:36.306+0000] {processor.py:914} INFO - Processing file /opt/airflow/dags/driven_data_pipeline.py for tasks to queue
[2025-07-03T00:45:36.310+0000] {logging_mixin.py:190} INFO - [2025-07-03T00:45:36.309+0000] {dagbag.py:588} INFO - Filling up the DagBag from /opt/airflow/dags/driven_data_pipeline.py
[2025-07-03T00:45:36.490+0000] {processor.py:925} INFO - DAG(s) 'extract_raw_data_pipeline' retrieved from /opt/airflow/dags/driven_data_pipeline.py
[2025-07-03T00:45:36.515+0000] {logging_mixin.py:190} INFO - [2025-07-03T00:45:36.514+0000] {dag.py:3239} INFO - Sync 1 DAGs
[2025-07-03T00:45:36.539+0000] {logging_mixin.py:190} INFO - [2025-07-03T00:45:36.539+0000] {dag.py:4180} INFO - Setting next_dagrun for extract_raw_data_pipeline to 2025-07-02 07:59:00+00:00, run_after=2025-07-03 07:00:00+00:00
[2025-07-03T00:45:36.581+0000] {processor.py:208} INFO - Processing /opt/airflow/dags/driven_data_pipeline.py took 0.287 seconds
[2025-07-03T00:46:06.890+0000] {processor.py:186} INFO - Started process (PID=13164) to work on /opt/airflow/dags/driven_data_pipeline.py
[2025-07-03T00:46:06.904+0000] {processor.py:914} INFO - Processing file /opt/airflow/dags/driven_data_pipeline.py for tasks to queue
[2025-07-03T00:46:06.906+0000] {logging_mixin.py:190} INFO - [2025-07-03T00:46:06.906+0000] {dagbag.py:588} INFO - Filling up the DagBag from /opt/airflow/dags/driven_data_pipeline.py
[2025-07-03T00:46:07.084+0000] {processor.py:925} INFO - DAG(s) 'extract_raw_data_pipeline' retrieved from /opt/airflow/dags/driven_data_pipeline.py
[2025-07-03T00:46:07.108+0000] {logging_mixin.py:190} INFO - [2025-07-03T00:46:07.108+0000] {dag.py:3239} INFO - Sync 1 DAGs
[2025-07-03T00:46:07.131+0000] {logging_mixin.py:190} INFO - [2025-07-03T00:46:07.131+0000] {dag.py:4180} INFO - Setting next_dagrun for extract_raw_data_pipeline to 2025-07-02 07:59:00+00:00, run_after=2025-07-03 07:00:00+00:00
[2025-07-03T00:46:07.166+0000] {processor.py:208} INFO - Processing /opt/airflow/dags/driven_data_pipeline.py took 0.284 seconds
[2025-07-03T00:46:37.264+0000] {processor.py:186} INFO - Started process (PID=13172) to work on /opt/airflow/dags/driven_data_pipeline.py
[2025-07-03T00:46:37.264+0000] {processor.py:914} INFO - Processing file /opt/airflow/dags/driven_data_pipeline.py for tasks to queue
[2025-07-03T00:46:37.267+0000] {logging_mixin.py:190} INFO - [2025-07-03T00:46:37.266+0000] {dagbag.py:588} INFO - Filling up the DagBag from /opt/airflow/dags/driven_data_pipeline.py
[2025-07-03T00:46:37.441+0000] {processor.py:925} INFO - DAG(s) 'extract_raw_data_pipeline' retrieved from /opt/airflow/dags/driven_data_pipeline.py
[2025-07-03T00:46:37.466+0000] {logging_mixin.py:190} INFO - [2025-07-03T00:46:37.465+0000] {dag.py:3239} INFO - Sync 1 DAGs
[2025-07-03T00:46:37.491+0000] {logging_mixin.py:190} INFO - [2025-07-03T00:46:37.491+0000] {dag.py:4180} INFO - Setting next_dagrun for extract_raw_data_pipeline to 2025-07-02 07:59:00+00:00, run_after=2025-07-03 07:00:00+00:00
[2025-07-03T00:46:37.524+0000] {processor.py:208} INFO - Processing /opt/airflow/dags/driven_data_pipeline.py took 0.269 seconds
[2025-07-03T00:47:07.871+0000] {processor.py:186} INFO - Started process (PID=13180) to work on /opt/airflow/dags/driven_data_pipeline.py
[2025-07-03T00:47:07.874+0000] {processor.py:914} INFO - Processing file /opt/airflow/dags/driven_data_pipeline.py for tasks to queue
[2025-07-03T00:47:07.877+0000] {logging_mixin.py:190} INFO - [2025-07-03T00:47:07.877+0000] {dagbag.py:588} INFO - Filling up the DagBag from /opt/airflow/dags/driven_data_pipeline.py
[2025-07-03T00:47:08.055+0000] {processor.py:925} INFO - DAG(s) 'extract_raw_data_pipeline' retrieved from /opt/airflow/dags/driven_data_pipeline.py
[2025-07-03T00:47:08.079+0000] {logging_mixin.py:190} INFO - [2025-07-03T00:47:08.079+0000] {dag.py:3239} INFO - Sync 1 DAGs
[2025-07-03T00:47:08.102+0000] {logging_mixin.py:190} INFO - [2025-07-03T00:47:08.102+0000] {dag.py:4180} INFO - Setting next_dagrun for extract_raw_data_pipeline to 2025-07-02 07:59:00+00:00, run_after=2025-07-03 07:00:00+00:00
[2025-07-03T00:47:08.134+0000] {processor.py:208} INFO - Processing /opt/airflow/dags/driven_data_pipeline.py took 0.274 seconds
[2025-07-03T00:47:38.213+0000] {processor.py:186} INFO - Started process (PID=13188) to work on /opt/airflow/dags/driven_data_pipeline.py
[2025-07-03T00:47:38.214+0000] {processor.py:914} INFO - Processing file /opt/airflow/dags/driven_data_pipeline.py for tasks to queue
[2025-07-03T00:47:38.216+0000] {logging_mixin.py:190} INFO - [2025-07-03T00:47:38.216+0000] {dagbag.py:588} INFO - Filling up the DagBag from /opt/airflow/dags/driven_data_pipeline.py
[2025-07-03T00:47:38.398+0000] {processor.py:925} INFO - DAG(s) 'extract_raw_data_pipeline' retrieved from /opt/airflow/dags/driven_data_pipeline.py
[2025-07-03T00:47:38.423+0000] {logging_mixin.py:190} INFO - [2025-07-03T00:47:38.423+0000] {dag.py:3239} INFO - Sync 1 DAGs
[2025-07-03T00:47:38.447+0000] {logging_mixin.py:190} INFO - [2025-07-03T00:47:38.447+0000] {dag.py:4180} INFO - Setting next_dagrun for extract_raw_data_pipeline to 2025-07-02 07:59:00+00:00, run_after=2025-07-03 07:00:00+00:00
[2025-07-03T00:47:38.489+0000] {processor.py:208} INFO - Processing /opt/airflow/dags/driven_data_pipeline.py took 0.282 seconds
[2025-07-03T00:48:08.889+0000] {processor.py:186} INFO - Started process (PID=13196) to work on /opt/airflow/dags/driven_data_pipeline.py
[2025-07-03T00:48:08.905+0000] {processor.py:914} INFO - Processing file /opt/airflow/dags/driven_data_pipeline.py for tasks to queue
[2025-07-03T00:48:08.915+0000] {logging_mixin.py:190} INFO - [2025-07-03T00:48:08.912+0000] {dagbag.py:588} INFO - Filling up the DagBag from /opt/airflow/dags/driven_data_pipeline.py
[2025-07-03T00:48:09.118+0000] {processor.py:925} INFO - DAG(s) 'extract_raw_data_pipeline' retrieved from /opt/airflow/dags/driven_data_pipeline.py
[2025-07-03T00:48:09.150+0000] {logging_mixin.py:190} INFO - [2025-07-03T00:48:09.150+0000] {dag.py:3239} INFO - Sync 1 DAGs
[2025-07-03T00:48:09.184+0000] {logging_mixin.py:190} INFO - [2025-07-03T00:48:09.184+0000] {dag.py:4180} INFO - Setting next_dagrun for extract_raw_data_pipeline to 2025-07-02 07:59:00+00:00, run_after=2025-07-03 07:00:00+00:00
[2025-07-03T00:48:09.232+0000] {processor.py:208} INFO - Processing /opt/airflow/dags/driven_data_pipeline.py took 0.352 seconds
[2025-07-03T00:48:39.622+0000] {processor.py:186} INFO - Started process (PID=13204) to work on /opt/airflow/dags/driven_data_pipeline.py
[2025-07-03T00:48:39.624+0000] {processor.py:914} INFO - Processing file /opt/airflow/dags/driven_data_pipeline.py for tasks to queue
[2025-07-03T00:48:39.628+0000] {logging_mixin.py:190} INFO - [2025-07-03T00:48:39.627+0000] {dagbag.py:588} INFO - Filling up the DagBag from /opt/airflow/dags/driven_data_pipeline.py
[2025-07-03T00:48:39.803+0000] {processor.py:925} INFO - DAG(s) 'extract_raw_data_pipeline' retrieved from /opt/airflow/dags/driven_data_pipeline.py
[2025-07-03T00:48:39.828+0000] {logging_mixin.py:190} INFO - [2025-07-03T00:48:39.827+0000] {dag.py:3239} INFO - Sync 1 DAGs
[2025-07-03T00:48:39.853+0000] {logging_mixin.py:190} INFO - [2025-07-03T00:48:39.852+0000] {dag.py:4180} INFO - Setting next_dagrun for extract_raw_data_pipeline to 2025-07-02 07:59:00+00:00, run_after=2025-07-03 07:00:00+00:00
[2025-07-03T00:48:39.894+0000] {processor.py:208} INFO - Processing /opt/airflow/dags/driven_data_pipeline.py took 0.283 seconds
[2025-07-03T00:49:09.966+0000] {processor.py:186} INFO - Started process (PID=13212) to work on /opt/airflow/dags/driven_data_pipeline.py
[2025-07-03T00:49:09.968+0000] {processor.py:914} INFO - Processing file /opt/airflow/dags/driven_data_pipeline.py for tasks to queue
[2025-07-03T00:49:09.973+0000] {logging_mixin.py:190} INFO - [2025-07-03T00:49:09.972+0000] {dagbag.py:588} INFO - Filling up the DagBag from /opt/airflow/dags/driven_data_pipeline.py
[2025-07-03T00:49:10.154+0000] {processor.py:925} INFO - DAG(s) 'extract_raw_data_pipeline' retrieved from /opt/airflow/dags/driven_data_pipeline.py
[2025-07-03T00:49:10.180+0000] {logging_mixin.py:190} INFO - [2025-07-03T00:49:10.180+0000] {dag.py:3239} INFO - Sync 1 DAGs
[2025-07-03T00:49:10.203+0000] {logging_mixin.py:190} INFO - [2025-07-03T00:49:10.203+0000] {dag.py:4180} INFO - Setting next_dagrun for extract_raw_data_pipeline to 2025-07-02 07:59:00+00:00, run_after=2025-07-03 07:00:00+00:00
[2025-07-03T00:49:10.235+0000] {processor.py:208} INFO - Processing /opt/airflow/dags/driven_data_pipeline.py took 0.290 seconds
[2025-07-03T00:49:40.622+0000] {processor.py:186} INFO - Started process (PID=13220) to work on /opt/airflow/dags/driven_data_pipeline.py
[2025-07-03T00:49:40.629+0000] {processor.py:914} INFO - Processing file /opt/airflow/dags/driven_data_pipeline.py for tasks to queue
[2025-07-03T00:49:40.631+0000] {logging_mixin.py:190} INFO - [2025-07-03T00:49:40.631+0000] {dagbag.py:588} INFO - Filling up the DagBag from /opt/airflow/dags/driven_data_pipeline.py
[2025-07-03T00:49:40.821+0000] {processor.py:925} INFO - DAG(s) 'extract_raw_data_pipeline' retrieved from /opt/airflow/dags/driven_data_pipeline.py
[2025-07-03T00:49:40.857+0000] {logging_mixin.py:190} INFO - [2025-07-03T00:49:40.856+0000] {dag.py:3239} INFO - Sync 1 DAGs
[2025-07-03T00:49:40.882+0000] {logging_mixin.py:190} INFO - [2025-07-03T00:49:40.882+0000] {dag.py:4180} INFO - Setting next_dagrun for extract_raw_data_pipeline to 2025-07-02 07:59:00+00:00, run_after=2025-07-03 07:00:00+00:00
[2025-07-03T00:49:41.950+0000] {processor.py:208} INFO - Processing /opt/airflow/dags/driven_data_pipeline.py took 1.336 seconds
[2025-07-03T00:50:12.044+0000] {processor.py:186} INFO - Started process (PID=13228) to work on /opt/airflow/dags/driven_data_pipeline.py
[2025-07-03T00:50:12.045+0000] {processor.py:914} INFO - Processing file /opt/airflow/dags/driven_data_pipeline.py for tasks to queue
[2025-07-03T00:50:12.048+0000] {logging_mixin.py:190} INFO - [2025-07-03T00:50:12.047+0000] {dagbag.py:588} INFO - Filling up the DagBag from /opt/airflow/dags/driven_data_pipeline.py
[2025-07-03T00:50:12.231+0000] {processor.py:925} INFO - DAG(s) 'extract_raw_data_pipeline' retrieved from /opt/airflow/dags/driven_data_pipeline.py
[2025-07-03T00:50:12.257+0000] {logging_mixin.py:190} INFO - [2025-07-03T00:50:12.257+0000] {dag.py:3239} INFO - Sync 1 DAGs
[2025-07-03T00:50:12.283+0000] {logging_mixin.py:190} INFO - [2025-07-03T00:50:12.283+0000] {dag.py:4180} INFO - Setting next_dagrun for extract_raw_data_pipeline to 2025-07-02 07:59:00+00:00, run_after=2025-07-03 07:00:00+00:00
[2025-07-03T00:50:12.323+0000] {processor.py:208} INFO - Processing /opt/airflow/dags/driven_data_pipeline.py took 0.288 seconds
[2025-07-03T00:50:42.679+0000] {processor.py:186} INFO - Started process (PID=13242) to work on /opt/airflow/dags/driven_data_pipeline.py
[2025-07-03T00:50:42.680+0000] {processor.py:914} INFO - Processing file /opt/airflow/dags/driven_data_pipeline.py for tasks to queue
[2025-07-03T00:50:42.682+0000] {logging_mixin.py:190} INFO - [2025-07-03T00:50:42.682+0000] {dagbag.py:588} INFO - Filling up the DagBag from /opt/airflow/dags/driven_data_pipeline.py
[2025-07-03T00:50:42.869+0000] {processor.py:925} INFO - DAG(s) 'extract_raw_data_pipeline' retrieved from /opt/airflow/dags/driven_data_pipeline.py
[2025-07-03T00:50:42.893+0000] {logging_mixin.py:190} INFO - [2025-07-03T00:50:42.893+0000] {dag.py:3239} INFO - Sync 1 DAGs
[2025-07-03T00:50:42.918+0000] {logging_mixin.py:190} INFO - [2025-07-03T00:50:42.918+0000] {dag.py:4180} INFO - Setting next_dagrun for extract_raw_data_pipeline to 2025-07-02 07:59:00+00:00, run_after=2025-07-03 07:00:00+00:00
[2025-07-03T00:50:42.953+0000] {processor.py:208} INFO - Processing /opt/airflow/dags/driven_data_pipeline.py took 0.284 seconds
[2025-07-03T00:51:13.051+0000] {processor.py:186} INFO - Started process (PID=13250) to work on /opt/airflow/dags/driven_data_pipeline.py
[2025-07-03T00:51:13.052+0000] {processor.py:914} INFO - Processing file /opt/airflow/dags/driven_data_pipeline.py for tasks to queue
[2025-07-03T00:51:13.054+0000] {logging_mixin.py:190} INFO - [2025-07-03T00:51:13.054+0000] {dagbag.py:588} INFO - Filling up the DagBag from /opt/airflow/dags/driven_data_pipeline.py
[2025-07-03T00:51:13.234+0000] {processor.py:925} INFO - DAG(s) 'extract_raw_data_pipeline' retrieved from /opt/airflow/dags/driven_data_pipeline.py
[2025-07-03T00:51:13.260+0000] {logging_mixin.py:190} INFO - [2025-07-03T00:51:13.260+0000] {dag.py:3239} INFO - Sync 1 DAGs
[2025-07-03T00:51:13.283+0000] {logging_mixin.py:190} INFO - [2025-07-03T00:51:13.282+0000] {dag.py:4180} INFO - Setting next_dagrun for extract_raw_data_pipeline to 2025-07-02 07:59:00+00:00, run_after=2025-07-03 07:00:00+00:00
[2025-07-03T00:51:13.339+0000] {processor.py:208} INFO - Processing /opt/airflow/dags/driven_data_pipeline.py took 0.295 seconds
[2025-07-03T00:51:43.673+0000] {processor.py:186} INFO - Started process (PID=13258) to work on /opt/airflow/dags/driven_data_pipeline.py
[2025-07-03T00:51:43.684+0000] {processor.py:914} INFO - Processing file /opt/airflow/dags/driven_data_pipeline.py for tasks to queue
[2025-07-03T00:51:43.686+0000] {logging_mixin.py:190} INFO - [2025-07-03T00:51:43.686+0000] {dagbag.py:588} INFO - Filling up the DagBag from /opt/airflow/dags/driven_data_pipeline.py
[2025-07-03T00:51:43.859+0000] {processor.py:925} INFO - DAG(s) 'extract_raw_data_pipeline' retrieved from /opt/airflow/dags/driven_data_pipeline.py
[2025-07-03T00:51:43.883+0000] {logging_mixin.py:190} INFO - [2025-07-03T00:51:43.882+0000] {dag.py:3239} INFO - Sync 1 DAGs
[2025-07-03T00:51:43.906+0000] {logging_mixin.py:190} INFO - [2025-07-03T00:51:43.906+0000] {dag.py:4180} INFO - Setting next_dagrun for extract_raw_data_pipeline to 2025-07-02 07:59:00+00:00, run_after=2025-07-03 07:00:00+00:00
[2025-07-03T00:51:43.948+0000] {processor.py:208} INFO - Processing /opt/airflow/dags/driven_data_pipeline.py took 0.284 seconds
[2025-07-03T00:52:14.038+0000] {processor.py:186} INFO - Started process (PID=13266) to work on /opt/airflow/dags/driven_data_pipeline.py
[2025-07-03T00:52:14.039+0000] {processor.py:914} INFO - Processing file /opt/airflow/dags/driven_data_pipeline.py for tasks to queue
[2025-07-03T00:52:14.043+0000] {logging_mixin.py:190} INFO - [2025-07-03T00:52:14.042+0000] {dagbag.py:588} INFO - Filling up the DagBag from /opt/airflow/dags/driven_data_pipeline.py
[2025-07-03T00:52:14.224+0000] {processor.py:925} INFO - DAG(s) 'extract_raw_data_pipeline' retrieved from /opt/airflow/dags/driven_data_pipeline.py
[2025-07-03T00:52:14.249+0000] {logging_mixin.py:190} INFO - [2025-07-03T00:52:14.249+0000] {dag.py:3239} INFO - Sync 1 DAGs
[2025-07-03T00:52:14.272+0000] {logging_mixin.py:190} INFO - [2025-07-03T00:52:14.272+0000] {dag.py:4180} INFO - Setting next_dagrun for extract_raw_data_pipeline to 2025-07-02 07:59:00+00:00, run_after=2025-07-03 07:00:00+00:00
[2025-07-03T00:52:14.318+0000] {processor.py:208} INFO - Processing /opt/airflow/dags/driven_data_pipeline.py took 0.290 seconds
[2025-07-03T00:52:44.650+0000] {processor.py:186} INFO - Started process (PID=13274) to work on /opt/airflow/dags/driven_data_pipeline.py
[2025-07-03T00:52:44.666+0000] {processor.py:914} INFO - Processing file /opt/airflow/dags/driven_data_pipeline.py for tasks to queue
[2025-07-03T00:52:44.670+0000] {logging_mixin.py:190} INFO - [2025-07-03T00:52:44.670+0000] {dagbag.py:588} INFO - Filling up the DagBag from /opt/airflow/dags/driven_data_pipeline.py
[2025-07-03T00:52:44.849+0000] {processor.py:925} INFO - DAG(s) 'extract_raw_data_pipeline' retrieved from /opt/airflow/dags/driven_data_pipeline.py
[2025-07-03T00:52:44.873+0000] {logging_mixin.py:190} INFO - [2025-07-03T00:52:44.872+0000] {dag.py:3239} INFO - Sync 1 DAGs
[2025-07-03T00:52:44.896+0000] {logging_mixin.py:190} INFO - [2025-07-03T00:52:44.896+0000] {dag.py:4180} INFO - Setting next_dagrun for extract_raw_data_pipeline to 2025-07-02 07:59:00+00:00, run_after=2025-07-03 07:00:00+00:00
[2025-07-03T00:52:44.927+0000] {processor.py:208} INFO - Processing /opt/airflow/dags/driven_data_pipeline.py took 0.287 seconds
[2025-07-03T00:53:15.058+0000] {processor.py:186} INFO - Started process (PID=13282) to work on /opt/airflow/dags/driven_data_pipeline.py
[2025-07-03T00:53:15.060+0000] {processor.py:914} INFO - Processing file /opt/airflow/dags/driven_data_pipeline.py for tasks to queue
[2025-07-03T00:53:15.064+0000] {logging_mixin.py:190} INFO - [2025-07-03T00:53:15.063+0000] {dagbag.py:588} INFO - Filling up the DagBag from /opt/airflow/dags/driven_data_pipeline.py
[2025-07-03T00:53:15.242+0000] {processor.py:925} INFO - DAG(s) 'extract_raw_data_pipeline' retrieved from /opt/airflow/dags/driven_data_pipeline.py
[2025-07-03T00:53:15.269+0000] {logging_mixin.py:190} INFO - [2025-07-03T00:53:15.269+0000] {dag.py:3239} INFO - Sync 1 DAGs
[2025-07-03T00:53:15.292+0000] {logging_mixin.py:190} INFO - [2025-07-03T00:53:15.291+0000] {dag.py:4180} INFO - Setting next_dagrun for extract_raw_data_pipeline to 2025-07-02 07:59:00+00:00, run_after=2025-07-03 07:00:00+00:00
[2025-07-03T00:53:15.329+0000] {processor.py:208} INFO - Processing /opt/airflow/dags/driven_data_pipeline.py took 0.286 seconds
[2025-07-03T00:53:45.612+0000] {processor.py:186} INFO - Started process (PID=13290) to work on /opt/airflow/dags/driven_data_pipeline.py
[2025-07-03T00:53:45.613+0000] {processor.py:914} INFO - Processing file /opt/airflow/dags/driven_data_pipeline.py for tasks to queue
[2025-07-03T00:53:45.616+0000] {logging_mixin.py:190} INFO - [2025-07-03T00:53:45.615+0000] {dagbag.py:588} INFO - Filling up the DagBag from /opt/airflow/dags/driven_data_pipeline.py
[2025-07-03T00:53:45.805+0000] {processor.py:925} INFO - DAG(s) 'extract_raw_data_pipeline' retrieved from /opt/airflow/dags/driven_data_pipeline.py
[2025-07-03T00:53:45.836+0000] {logging_mixin.py:190} INFO - [2025-07-03T00:53:45.836+0000] {dag.py:3239} INFO - Sync 1 DAGs
[2025-07-03T00:53:45.860+0000] {logging_mixin.py:190} INFO - [2025-07-03T00:53:45.859+0000] {dag.py:4180} INFO - Setting next_dagrun for extract_raw_data_pipeline to 2025-07-02 07:59:00+00:00, run_after=2025-07-03 07:00:00+00:00
[2025-07-03T00:53:46.353+0000] {processor.py:208} INFO - Processing /opt/airflow/dags/driven_data_pipeline.py took 0.747 seconds
[2025-07-03T00:54:16.710+0000] {processor.py:186} INFO - Started process (PID=13298) to work on /opt/airflow/dags/driven_data_pipeline.py
[2025-07-03T00:54:16.710+0000] {processor.py:914} INFO - Processing file /opt/airflow/dags/driven_data_pipeline.py for tasks to queue
[2025-07-03T00:54:16.713+0000] {logging_mixin.py:190} INFO - [2025-07-03T00:54:16.712+0000] {dagbag.py:588} INFO - Filling up the DagBag from /opt/airflow/dags/driven_data_pipeline.py
[2025-07-03T00:54:16.897+0000] {processor.py:925} INFO - DAG(s) 'extract_raw_data_pipeline' retrieved from /opt/airflow/dags/driven_data_pipeline.py
[2025-07-03T00:54:16.931+0000] {logging_mixin.py:190} INFO - [2025-07-03T00:54:16.930+0000] {dag.py:3239} INFO - Sync 1 DAGs
[2025-07-03T00:54:16.965+0000] {logging_mixin.py:190} INFO - [2025-07-03T00:54:16.965+0000] {dag.py:4180} INFO - Setting next_dagrun for extract_raw_data_pipeline to 2025-07-02 07:59:00+00:00, run_after=2025-07-03 07:00:00+00:00
[2025-07-03T00:54:17.514+0000] {processor.py:208} INFO - Processing /opt/airflow/dags/driven_data_pipeline.py took 0.812 seconds
[2025-07-03T00:54:47.910+0000] {processor.py:186} INFO - Started process (PID=13306) to work on /opt/airflow/dags/driven_data_pipeline.py
[2025-07-03T00:54:47.910+0000] {processor.py:914} INFO - Processing file /opt/airflow/dags/driven_data_pipeline.py for tasks to queue
[2025-07-03T00:54:47.913+0000] {logging_mixin.py:190} INFO - [2025-07-03T00:54:47.912+0000] {dagbag.py:588} INFO - Filling up the DagBag from /opt/airflow/dags/driven_data_pipeline.py
[2025-07-03T00:54:48.088+0000] {processor.py:925} INFO - DAG(s) 'extract_raw_data_pipeline' retrieved from /opt/airflow/dags/driven_data_pipeline.py
[2025-07-03T00:54:48.112+0000] {logging_mixin.py:190} INFO - [2025-07-03T00:54:48.112+0000] {dag.py:3239} INFO - Sync 1 DAGs
[2025-07-03T00:54:48.137+0000] {logging_mixin.py:190} INFO - [2025-07-03T00:54:48.137+0000] {dag.py:4180} INFO - Setting next_dagrun for extract_raw_data_pipeline to 2025-07-02 07:59:00+00:00, run_after=2025-07-03 07:00:00+00:00
[2025-07-03T00:54:48.169+0000] {processor.py:208} INFO - Processing /opt/airflow/dags/driven_data_pipeline.py took 0.267 seconds
[2025-07-03T00:55:18.315+0000] {processor.py:186} INFO - Started process (PID=13314) to work on /opt/airflow/dags/driven_data_pipeline.py
[2025-07-03T00:55:18.316+0000] {processor.py:914} INFO - Processing file /opt/airflow/dags/driven_data_pipeline.py for tasks to queue
[2025-07-03T00:55:18.320+0000] {logging_mixin.py:190} INFO - [2025-07-03T00:55:18.319+0000] {dagbag.py:588} INFO - Filling up the DagBag from /opt/airflow/dags/driven_data_pipeline.py
[2025-07-03T00:55:18.499+0000] {processor.py:925} INFO - DAG(s) 'extract_raw_data_pipeline' retrieved from /opt/airflow/dags/driven_data_pipeline.py
[2025-07-03T00:55:18.525+0000] {logging_mixin.py:190} INFO - [2025-07-03T00:55:18.524+0000] {dag.py:3239} INFO - Sync 1 DAGs
[2025-07-03T00:55:18.548+0000] {logging_mixin.py:190} INFO - [2025-07-03T00:55:18.548+0000] {dag.py:4180} INFO - Setting next_dagrun for extract_raw_data_pipeline to 2025-07-02 07:59:00+00:00, run_after=2025-07-03 07:00:00+00:00
[2025-07-03T00:55:19.064+0000] {processor.py:208} INFO - Processing /opt/airflow/dags/driven_data_pipeline.py took 0.759 seconds
[2025-07-03T00:55:49.465+0000] {processor.py:186} INFO - Started process (PID=13322) to work on /opt/airflow/dags/driven_data_pipeline.py
[2025-07-03T00:55:49.472+0000] {processor.py:914} INFO - Processing file /opt/airflow/dags/driven_data_pipeline.py for tasks to queue
[2025-07-03T00:55:49.478+0000] {logging_mixin.py:190} INFO - [2025-07-03T00:55:49.477+0000] {dagbag.py:588} INFO - Filling up the DagBag from /opt/airflow/dags/driven_data_pipeline.py
[2025-07-03T00:55:49.664+0000] {processor.py:925} INFO - DAG(s) 'extract_raw_data_pipeline' retrieved from /opt/airflow/dags/driven_data_pipeline.py
[2025-07-03T00:55:49.688+0000] {logging_mixin.py:190} INFO - [2025-07-03T00:55:49.688+0000] {dag.py:3239} INFO - Sync 1 DAGs
[2025-07-03T00:55:49.712+0000] {logging_mixin.py:190} INFO - [2025-07-03T00:55:49.712+0000] {dag.py:4180} INFO - Setting next_dagrun for extract_raw_data_pipeline to 2025-07-02 07:59:00+00:00, run_after=2025-07-03 07:00:00+00:00
[2025-07-03T00:55:49.748+0000] {processor.py:208} INFO - Processing /opt/airflow/dags/driven_data_pipeline.py took 0.298 seconds
[2025-07-03T00:56:19.823+0000] {processor.py:186} INFO - Started process (PID=13330) to work on /opt/airflow/dags/driven_data_pipeline.py
[2025-07-03T00:56:19.823+0000] {processor.py:914} INFO - Processing file /opt/airflow/dags/driven_data_pipeline.py for tasks to queue
[2025-07-03T00:56:19.826+0000] {logging_mixin.py:190} INFO - [2025-07-03T00:56:19.826+0000] {dagbag.py:588} INFO - Filling up the DagBag from /opt/airflow/dags/driven_data_pipeline.py
[2025-07-03T00:56:20.028+0000] {processor.py:925} INFO - DAG(s) 'extract_raw_data_pipeline' retrieved from /opt/airflow/dags/driven_data_pipeline.py
[2025-07-03T00:56:20.054+0000] {logging_mixin.py:190} INFO - [2025-07-03T00:56:20.054+0000] {dag.py:3239} INFO - Sync 1 DAGs
[2025-07-03T00:56:20.079+0000] {logging_mixin.py:190} INFO - [2025-07-03T00:56:20.079+0000] {dag.py:4180} INFO - Setting next_dagrun for extract_raw_data_pipeline to 2025-07-02 07:59:00+00:00, run_after=2025-07-03 07:00:00+00:00
[2025-07-03T00:56:20.930+0000] {processor.py:208} INFO - Processing /opt/airflow/dags/driven_data_pipeline.py took 1.114 seconds
[2025-07-03T00:56:51.242+0000] {processor.py:186} INFO - Started process (PID=13338) to work on /opt/airflow/dags/driven_data_pipeline.py
[2025-07-03T00:56:51.244+0000] {processor.py:914} INFO - Processing file /opt/airflow/dags/driven_data_pipeline.py for tasks to queue
[2025-07-03T00:56:51.247+0000] {logging_mixin.py:190} INFO - [2025-07-03T00:56:51.247+0000] {dagbag.py:588} INFO - Filling up the DagBag from /opt/airflow/dags/driven_data_pipeline.py
[2025-07-03T00:56:51.429+0000] {processor.py:925} INFO - DAG(s) 'extract_raw_data_pipeline' retrieved from /opt/airflow/dags/driven_data_pipeline.py
[2025-07-03T00:56:51.453+0000] {logging_mixin.py:190} INFO - [2025-07-03T00:56:51.453+0000] {dag.py:3239} INFO - Sync 1 DAGs
[2025-07-03T00:56:51.477+0000] {logging_mixin.py:190} INFO - [2025-07-03T00:56:51.477+0000] {dag.py:4180} INFO - Setting next_dagrun for extract_raw_data_pipeline to 2025-07-02 07:59:00+00:00, run_after=2025-07-03 07:00:00+00:00
[2025-07-03T00:56:51.514+0000] {processor.py:208} INFO - Processing /opt/airflow/dags/driven_data_pipeline.py took 0.282 seconds
[2025-07-03T00:57:21.628+0000] {processor.py:186} INFO - Started process (PID=13346) to work on /opt/airflow/dags/driven_data_pipeline.py
[2025-07-03T00:57:21.630+0000] {processor.py:914} INFO - Processing file /opt/airflow/dags/driven_data_pipeline.py for tasks to queue
[2025-07-03T00:57:21.634+0000] {logging_mixin.py:190} INFO - [2025-07-03T00:57:21.633+0000] {dagbag.py:588} INFO - Filling up the DagBag from /opt/airflow/dags/driven_data_pipeline.py
[2025-07-03T00:57:21.813+0000] {processor.py:925} INFO - DAG(s) 'extract_raw_data_pipeline' retrieved from /opt/airflow/dags/driven_data_pipeline.py
[2025-07-03T00:57:21.839+0000] {logging_mixin.py:190} INFO - [2025-07-03T00:57:21.838+0000] {dag.py:3239} INFO - Sync 1 DAGs
[2025-07-03T00:57:21.862+0000] {logging_mixin.py:190} INFO - [2025-07-03T00:57:21.862+0000] {dag.py:4180} INFO - Setting next_dagrun for extract_raw_data_pipeline to 2025-07-02 07:59:00+00:00, run_after=2025-07-03 07:00:00+00:00
[2025-07-03T00:57:21.903+0000] {processor.py:208} INFO - Processing /opt/airflow/dags/driven_data_pipeline.py took 0.288 seconds
[2025-07-03T00:57:52.224+0000] {processor.py:186} INFO - Started process (PID=13354) to work on /opt/airflow/dags/driven_data_pipeline.py
[2025-07-03T00:57:52.239+0000] {processor.py:914} INFO - Processing file /opt/airflow/dags/driven_data_pipeline.py for tasks to queue
[2025-07-03T00:57:52.242+0000] {logging_mixin.py:190} INFO - [2025-07-03T00:57:52.242+0000] {dagbag.py:588} INFO - Filling up the DagBag from /opt/airflow/dags/driven_data_pipeline.py
[2025-07-03T00:57:52.423+0000] {processor.py:925} INFO - DAG(s) 'extract_raw_data_pipeline' retrieved from /opt/airflow/dags/driven_data_pipeline.py
[2025-07-03T00:57:52.447+0000] {logging_mixin.py:190} INFO - [2025-07-03T00:57:52.447+0000] {dag.py:3239} INFO - Sync 1 DAGs
[2025-07-03T00:57:52.470+0000] {logging_mixin.py:190} INFO - [2025-07-03T00:57:52.470+0000] {dag.py:4180} INFO - Setting next_dagrun for extract_raw_data_pipeline to 2025-07-02 07:59:00+00:00, run_after=2025-07-03 07:00:00+00:00
[2025-07-03T00:57:52.500+0000] {processor.py:208} INFO - Processing /opt/airflow/dags/driven_data_pipeline.py took 0.287 seconds
[2025-07-03T00:58:22.598+0000] {processor.py:186} INFO - Started process (PID=13362) to work on /opt/airflow/dags/driven_data_pipeline.py
[2025-07-03T00:58:22.599+0000] {processor.py:914} INFO - Processing file /opt/airflow/dags/driven_data_pipeline.py for tasks to queue
[2025-07-03T00:58:22.602+0000] {logging_mixin.py:190} INFO - [2025-07-03T00:58:22.602+0000] {dagbag.py:588} INFO - Filling up the DagBag from /opt/airflow/dags/driven_data_pipeline.py
[2025-07-03T00:58:22.782+0000] {processor.py:925} INFO - DAG(s) 'extract_raw_data_pipeline' retrieved from /opt/airflow/dags/driven_data_pipeline.py
[2025-07-03T00:58:22.807+0000] {logging_mixin.py:190} INFO - [2025-07-03T00:58:22.806+0000] {dag.py:3239} INFO - Sync 1 DAGs
[2025-07-03T00:58:22.830+0000] {logging_mixin.py:190} INFO - [2025-07-03T00:58:22.829+0000] {dag.py:4180} INFO - Setting next_dagrun for extract_raw_data_pipeline to 2025-07-02 07:59:00+00:00, run_after=2025-07-03 07:00:00+00:00
[2025-07-03T00:58:22.866+0000] {processor.py:208} INFO - Processing /opt/airflow/dags/driven_data_pipeline.py took 0.278 seconds
[2025-07-03T00:58:53.203+0000] {processor.py:186} INFO - Started process (PID=13370) to work on /opt/airflow/dags/driven_data_pipeline.py
[2025-07-03T00:58:53.211+0000] {processor.py:914} INFO - Processing file /opt/airflow/dags/driven_data_pipeline.py for tasks to queue
[2025-07-03T00:58:53.213+0000] {logging_mixin.py:190} INFO - [2025-07-03T00:58:53.213+0000] {dagbag.py:588} INFO - Filling up the DagBag from /opt/airflow/dags/driven_data_pipeline.py
[2025-07-03T00:58:53.389+0000] {processor.py:925} INFO - DAG(s) 'extract_raw_data_pipeline' retrieved from /opt/airflow/dags/driven_data_pipeline.py
[2025-07-03T00:58:53.413+0000] {logging_mixin.py:190} INFO - [2025-07-03T00:58:53.413+0000] {dag.py:3239} INFO - Sync 1 DAGs
[2025-07-03T00:58:53.437+0000] {logging_mixin.py:190} INFO - [2025-07-03T00:58:53.437+0000] {dag.py:4180} INFO - Setting next_dagrun for extract_raw_data_pipeline to 2025-07-02 07:59:00+00:00, run_after=2025-07-03 07:00:00+00:00
[2025-07-03T00:58:53.465+0000] {processor.py:208} INFO - Processing /opt/airflow/dags/driven_data_pipeline.py took 0.269 seconds
[2025-07-03T00:59:23.614+0000] {processor.py:186} INFO - Started process (PID=13378) to work on /opt/airflow/dags/driven_data_pipeline.py
[2025-07-03T00:59:23.616+0000] {processor.py:914} INFO - Processing file /opt/airflow/dags/driven_data_pipeline.py for tasks to queue
[2025-07-03T00:59:23.621+0000] {logging_mixin.py:190} INFO - [2025-07-03T00:59:23.620+0000] {dagbag.py:588} INFO - Filling up the DagBag from /opt/airflow/dags/driven_data_pipeline.py
[2025-07-03T00:59:23.806+0000] {processor.py:925} INFO - DAG(s) 'extract_raw_data_pipeline' retrieved from /opt/airflow/dags/driven_data_pipeline.py
[2025-07-03T00:59:23.831+0000] {logging_mixin.py:190} INFO - [2025-07-03T00:59:23.831+0000] {dag.py:3239} INFO - Sync 1 DAGs
[2025-07-03T00:59:23.854+0000] {logging_mixin.py:190} INFO - [2025-07-03T00:59:23.854+0000] {dag.py:4180} INFO - Setting next_dagrun for extract_raw_data_pipeline to 2025-07-02 07:59:00+00:00, run_after=2025-07-03 07:00:00+00:00
[2025-07-03T00:59:23.905+0000] {processor.py:208} INFO - Processing /opt/airflow/dags/driven_data_pipeline.py took 0.319 seconds
[2025-07-03T00:59:54.094+0000] {processor.py:186} INFO - Started process (PID=13386) to work on /opt/airflow/dags/driven_data_pipeline.py
[2025-07-03T00:59:54.095+0000] {processor.py:914} INFO - Processing file /opt/airflow/dags/driven_data_pipeline.py for tasks to queue
[2025-07-03T00:59:54.097+0000] {logging_mixin.py:190} INFO - [2025-07-03T00:59:54.097+0000] {dagbag.py:588} INFO - Filling up the DagBag from /opt/airflow/dags/driven_data_pipeline.py
[2025-07-03T00:59:54.290+0000] {processor.py:925} INFO - DAG(s) 'extract_raw_data_pipeline' retrieved from /opt/airflow/dags/driven_data_pipeline.py
[2025-07-03T00:59:54.321+0000] {logging_mixin.py:190} INFO - [2025-07-03T00:59:54.320+0000] {dag.py:3239} INFO - Sync 1 DAGs
[2025-07-03T00:59:54.346+0000] {logging_mixin.py:190} INFO - [2025-07-03T00:59:54.346+0000] {dag.py:4180} INFO - Setting next_dagrun for extract_raw_data_pipeline to 2025-07-02 07:59:00+00:00, run_after=2025-07-03 07:00:00+00:00
[2025-07-03T00:59:54.696+0000] {processor.py:208} INFO - Processing /opt/airflow/dags/driven_data_pipeline.py took 0.608 seconds
[2025-07-03T01:00:25.098+0000] {processor.py:186} INFO - Started process (PID=13394) to work on /opt/airflow/dags/driven_data_pipeline.py
[2025-07-03T01:00:25.098+0000] {processor.py:914} INFO - Processing file /opt/airflow/dags/driven_data_pipeline.py for tasks to queue
[2025-07-03T01:00:25.101+0000] {logging_mixin.py:190} INFO - [2025-07-03T01:00:25.100+0000] {dagbag.py:588} INFO - Filling up the DagBag from /opt/airflow/dags/driven_data_pipeline.py
[2025-07-03T01:00:25.312+0000] {processor.py:925} INFO - DAG(s) 'extract_raw_data_pipeline' retrieved from /opt/airflow/dags/driven_data_pipeline.py
[2025-07-03T01:00:25.339+0000] {logging_mixin.py:190} INFO - [2025-07-03T01:00:25.338+0000] {dag.py:3239} INFO - Sync 1 DAGs
[2025-07-03T01:00:25.363+0000] {logging_mixin.py:190} INFO - [2025-07-03T01:00:25.363+0000] {dag.py:4180} INFO - Setting next_dagrun for extract_raw_data_pipeline to 2025-07-02 07:59:00+00:00, run_after=2025-07-03 07:00:00+00:00
[2025-07-03T01:00:25.412+0000] {processor.py:208} INFO - Processing /opt/airflow/dags/driven_data_pipeline.py took 0.320 seconds
[2025-07-03T01:00:55.824+0000] {processor.py:186} INFO - Started process (PID=13402) to work on /opt/airflow/dags/driven_data_pipeline.py
[2025-07-03T01:00:55.825+0000] {processor.py:914} INFO - Processing file /opt/airflow/dags/driven_data_pipeline.py for tasks to queue
[2025-07-03T01:00:55.830+0000] {logging_mixin.py:190} INFO - [2025-07-03T01:00:55.829+0000] {dagbag.py:588} INFO - Filling up the DagBag from /opt/airflow/dags/driven_data_pipeline.py
[2025-07-03T01:00:56.010+0000] {processor.py:925} INFO - DAG(s) 'extract_raw_data_pipeline' retrieved from /opt/airflow/dags/driven_data_pipeline.py
[2025-07-03T01:00:56.034+0000] {logging_mixin.py:190} INFO - [2025-07-03T01:00:56.034+0000] {dag.py:3239} INFO - Sync 1 DAGs
[2025-07-03T01:00:56.058+0000] {logging_mixin.py:190} INFO - [2025-07-03T01:00:56.058+0000] {dag.py:4180} INFO - Setting next_dagrun for extract_raw_data_pipeline to 2025-07-02 07:59:00+00:00, run_after=2025-07-03 07:00:00+00:00
[2025-07-03T01:00:56.092+0000] {processor.py:208} INFO - Processing /opt/airflow/dags/driven_data_pipeline.py took 0.280 seconds
[2025-07-03T01:01:26.186+0000] {processor.py:186} INFO - Started process (PID=13410) to work on /opt/airflow/dags/driven_data_pipeline.py
[2025-07-03T01:01:26.187+0000] {processor.py:914} INFO - Processing file /opt/airflow/dags/driven_data_pipeline.py for tasks to queue
[2025-07-03T01:01:26.190+0000] {logging_mixin.py:190} INFO - [2025-07-03T01:01:26.189+0000] {dagbag.py:588} INFO - Filling up the DagBag from /opt/airflow/dags/driven_data_pipeline.py
[2025-07-03T01:01:26.370+0000] {processor.py:925} INFO - DAG(s) 'extract_raw_data_pipeline' retrieved from /opt/airflow/dags/driven_data_pipeline.py
[2025-07-03T01:01:26.396+0000] {logging_mixin.py:190} INFO - [2025-07-03T01:01:26.396+0000] {dag.py:3239} INFO - Sync 1 DAGs
[2025-07-03T01:01:26.420+0000] {logging_mixin.py:190} INFO - [2025-07-03T01:01:26.420+0000] {dag.py:4180} INFO - Setting next_dagrun for extract_raw_data_pipeline to 2025-07-02 07:59:00+00:00, run_after=2025-07-03 07:00:00+00:00
[2025-07-03T01:01:26.458+0000] {processor.py:208} INFO - Processing /opt/airflow/dags/driven_data_pipeline.py took 0.283 seconds
[2025-07-03T01:01:56.835+0000] {processor.py:186} INFO - Started process (PID=13418) to work on /opt/airflow/dags/driven_data_pipeline.py
[2025-07-03T01:01:56.849+0000] {processor.py:914} INFO - Processing file /opt/airflow/dags/driven_data_pipeline.py for tasks to queue
[2025-07-03T01:01:56.860+0000] {logging_mixin.py:190} INFO - [2025-07-03T01:01:56.858+0000] {dagbag.py:588} INFO - Filling up the DagBag from /opt/airflow/dags/driven_data_pipeline.py
[2025-07-03T01:01:57.075+0000] {processor.py:925} INFO - DAG(s) 'extract_raw_data_pipeline' retrieved from /opt/airflow/dags/driven_data_pipeline.py
[2025-07-03T01:01:57.099+0000] {logging_mixin.py:190} INFO - [2025-07-03T01:01:57.099+0000] {dag.py:3239} INFO - Sync 1 DAGs
[2025-07-03T01:01:57.122+0000] {logging_mixin.py:190} INFO - [2025-07-03T01:01:57.122+0000] {dag.py:4180} INFO - Setting next_dagrun for extract_raw_data_pipeline to 2025-07-02 07:59:00+00:00, run_after=2025-07-03 07:00:00+00:00
[2025-07-03T01:01:57.175+0000] {processor.py:208} INFO - Processing /opt/airflow/dags/driven_data_pipeline.py took 0.367 seconds
[2025-07-03T01:02:27.540+0000] {processor.py:186} INFO - Started process (PID=13426) to work on /opt/airflow/dags/driven_data_pipeline.py
[2025-07-03T01:02:27.541+0000] {processor.py:914} INFO - Processing file /opt/airflow/dags/driven_data_pipeline.py for tasks to queue
[2025-07-03T01:02:27.544+0000] {logging_mixin.py:190} INFO - [2025-07-03T01:02:27.543+0000] {dagbag.py:588} INFO - Filling up the DagBag from /opt/airflow/dags/driven_data_pipeline.py
[2025-07-03T01:02:27.749+0000] {processor.py:925} INFO - DAG(s) 'extract_raw_data_pipeline' retrieved from /opt/airflow/dags/driven_data_pipeline.py
[2025-07-03T01:02:27.782+0000] {logging_mixin.py:190} INFO - [2025-07-03T01:02:27.782+0000] {dag.py:3239} INFO - Sync 1 DAGs
[2025-07-03T01:02:27.808+0000] {logging_mixin.py:190} INFO - [2025-07-03T01:02:27.808+0000] {dag.py:4180} INFO - Setting next_dagrun for extract_raw_data_pipeline to 2025-07-02 07:59:00+00:00, run_after=2025-07-03 07:00:00+00:00
[2025-07-03T01:02:27.845+0000] {processor.py:208} INFO - Processing /opt/airflow/dags/driven_data_pipeline.py took 0.313 seconds
[2025-07-03T01:02:57.947+0000] {processor.py:186} INFO - Started process (PID=13434) to work on /opt/airflow/dags/driven_data_pipeline.py
[2025-07-03T01:02:57.949+0000] {processor.py:914} INFO - Processing file /opt/airflow/dags/driven_data_pipeline.py for tasks to queue
[2025-07-03T01:02:57.952+0000] {logging_mixin.py:190} INFO - [2025-07-03T01:02:57.951+0000] {dagbag.py:588} INFO - Filling up the DagBag from /opt/airflow/dags/driven_data_pipeline.py
[2025-07-03T01:02:58.138+0000] {processor.py:925} INFO - DAG(s) 'extract_raw_data_pipeline' retrieved from /opt/airflow/dags/driven_data_pipeline.py
[2025-07-03T01:02:58.162+0000] {logging_mixin.py:190} INFO - [2025-07-03T01:02:58.162+0000] {dag.py:3239} INFO - Sync 1 DAGs
[2025-07-03T01:02:58.189+0000] {logging_mixin.py:190} INFO - [2025-07-03T01:02:58.188+0000] {dag.py:4180} INFO - Setting next_dagrun for extract_raw_data_pipeline to 2025-07-02 07:59:00+00:00, run_after=2025-07-03 07:00:00+00:00
[2025-07-03T01:02:58.245+0000] {processor.py:208} INFO - Processing /opt/airflow/dags/driven_data_pipeline.py took 0.313 seconds
[2025-07-03T01:03:28.564+0000] {processor.py:186} INFO - Started process (PID=13442) to work on /opt/airflow/dags/driven_data_pipeline.py
[2025-07-03T01:03:28.576+0000] {processor.py:914} INFO - Processing file /opt/airflow/dags/driven_data_pipeline.py for tasks to queue
[2025-07-03T01:03:28.580+0000] {logging_mixin.py:190} INFO - [2025-07-03T01:03:28.580+0000] {dagbag.py:588} INFO - Filling up the DagBag from /opt/airflow/dags/driven_data_pipeline.py
[2025-07-03T01:03:28.761+0000] {processor.py:925} INFO - DAG(s) 'extract_raw_data_pipeline' retrieved from /opt/airflow/dags/driven_data_pipeline.py
[2025-07-03T01:03:28.788+0000] {logging_mixin.py:190} INFO - [2025-07-03T01:03:28.788+0000] {dag.py:3239} INFO - Sync 1 DAGs
[2025-07-03T01:03:28.811+0000] {logging_mixin.py:190} INFO - [2025-07-03T01:03:28.811+0000] {dag.py:4180} INFO - Setting next_dagrun for extract_raw_data_pipeline to 2025-07-02 07:59:00+00:00, run_after=2025-07-03 07:00:00+00:00
[2025-07-03T01:03:28.857+0000] {processor.py:208} INFO - Processing /opt/airflow/dags/driven_data_pipeline.py took 0.303 seconds
[2025-07-03T01:03:58.978+0000] {processor.py:186} INFO - Started process (PID=13450) to work on /opt/airflow/dags/driven_data_pipeline.py
[2025-07-03T01:03:58.980+0000] {processor.py:914} INFO - Processing file /opt/airflow/dags/driven_data_pipeline.py for tasks to queue
[2025-07-03T01:03:58.986+0000] {logging_mixin.py:190} INFO - [2025-07-03T01:03:58.985+0000] {dagbag.py:588} INFO - Filling up the DagBag from /opt/airflow/dags/driven_data_pipeline.py
[2025-07-03T01:03:59.194+0000] {processor.py:925} INFO - DAG(s) 'extract_raw_data_pipeline' retrieved from /opt/airflow/dags/driven_data_pipeline.py
[2025-07-03T01:03:59.219+0000] {logging_mixin.py:190} INFO - [2025-07-03T01:03:59.219+0000] {dag.py:3239} INFO - Sync 1 DAGs
[2025-07-03T01:03:59.247+0000] {logging_mixin.py:190} INFO - [2025-07-03T01:03:59.247+0000] {dag.py:4180} INFO - Setting next_dagrun for extract_raw_data_pipeline to 2025-07-02 07:59:00+00:00, run_after=2025-07-03 07:00:00+00:00
[2025-07-03T01:03:59.693+0000] {processor.py:208} INFO - Processing /opt/airflow/dags/driven_data_pipeline.py took 0.729 seconds
[2025-07-03T01:04:30.100+0000] {processor.py:186} INFO - Started process (PID=13458) to work on /opt/airflow/dags/driven_data_pipeline.py
[2025-07-03T01:04:30.112+0000] {processor.py:914} INFO - Processing file /opt/airflow/dags/driven_data_pipeline.py for tasks to queue
[2025-07-03T01:04:30.116+0000] {logging_mixin.py:190} INFO - [2025-07-03T01:04:30.116+0000] {dagbag.py:588} INFO - Filling up the DagBag from /opt/airflow/dags/driven_data_pipeline.py
[2025-07-03T01:04:30.299+0000] {processor.py:925} INFO - DAG(s) 'extract_raw_data_pipeline' retrieved from /opt/airflow/dags/driven_data_pipeline.py
[2025-07-03T01:04:30.324+0000] {logging_mixin.py:190} INFO - [2025-07-03T01:04:30.323+0000] {dag.py:3239} INFO - Sync 1 DAGs
[2025-07-03T01:04:30.348+0000] {logging_mixin.py:190} INFO - [2025-07-03T01:04:30.348+0000] {dag.py:4180} INFO - Setting next_dagrun for extract_raw_data_pipeline to 2025-07-02 07:59:00+00:00, run_after=2025-07-03 07:00:00+00:00
[2025-07-03T01:04:30.721+0000] {processor.py:208} INFO - Processing /opt/airflow/dags/driven_data_pipeline.py took 0.637 seconds
[2025-07-03T01:05:00.835+0000] {processor.py:186} INFO - Started process (PID=13466) to work on /opt/airflow/dags/driven_data_pipeline.py
[2025-07-03T01:05:00.836+0000] {processor.py:914} INFO - Processing file /opt/airflow/dags/driven_data_pipeline.py for tasks to queue
[2025-07-03T01:05:00.840+0000] {logging_mixin.py:190} INFO - [2025-07-03T01:05:00.839+0000] {dagbag.py:588} INFO - Filling up the DagBag from /opt/airflow/dags/driven_data_pipeline.py
[2025-07-03T01:05:01.053+0000] {processor.py:925} INFO - DAG(s) 'extract_raw_data_pipeline' retrieved from /opt/airflow/dags/driven_data_pipeline.py
[2025-07-03T01:05:01.084+0000] {logging_mixin.py:190} INFO - [2025-07-03T01:05:01.084+0000] {dag.py:3239} INFO - Sync 1 DAGs
[2025-07-03T01:05:01.114+0000] {logging_mixin.py:190} INFO - [2025-07-03T01:05:01.114+0000] {dag.py:4180} INFO - Setting next_dagrun for extract_raw_data_pipeline to 2025-07-02 07:59:00+00:00, run_after=2025-07-03 07:00:00+00:00
[2025-07-03T01:05:01.158+0000] {processor.py:208} INFO - Processing /opt/airflow/dags/driven_data_pipeline.py took 0.331 seconds
[2025-07-03T01:05:31.463+0000] {processor.py:186} INFO - Started process (PID=13474) to work on /opt/airflow/dags/driven_data_pipeline.py
[2025-07-03T01:05:31.463+0000] {processor.py:914} INFO - Processing file /opt/airflow/dags/driven_data_pipeline.py for tasks to queue
[2025-07-03T01:05:31.466+0000] {logging_mixin.py:190} INFO - [2025-07-03T01:05:31.466+0000] {dagbag.py:588} INFO - Filling up the DagBag from /opt/airflow/dags/driven_data_pipeline.py
[2025-07-03T01:05:31.694+0000] {processor.py:925} INFO - DAG(s) 'extract_raw_data_pipeline' retrieved from /opt/airflow/dags/driven_data_pipeline.py
[2025-07-03T01:05:31.726+0000] {logging_mixin.py:190} INFO - [2025-07-03T01:05:31.726+0000] {dag.py:3239} INFO - Sync 1 DAGs
[2025-07-03T01:05:31.755+0000] {logging_mixin.py:190} INFO - [2025-07-03T01:05:31.755+0000] {dag.py:4180} INFO - Setting next_dagrun for extract_raw_data_pipeline to 2025-07-02 07:59:00+00:00, run_after=2025-07-03 07:00:00+00:00
[2025-07-03T01:05:31.798+0000] {processor.py:208} INFO - Processing /opt/airflow/dags/driven_data_pipeline.py took 0.342 seconds
[2025-07-03T01:06:01.867+0000] {processor.py:186} INFO - Started process (PID=13482) to work on /opt/airflow/dags/driven_data_pipeline.py
[2025-07-03T01:06:01.868+0000] {processor.py:914} INFO - Processing file /opt/airflow/dags/driven_data_pipeline.py for tasks to queue
[2025-07-03T01:06:01.872+0000] {logging_mixin.py:190} INFO - [2025-07-03T01:06:01.872+0000] {dagbag.py:588} INFO - Filling up the DagBag from /opt/airflow/dags/driven_data_pipeline.py
[2025-07-03T01:06:02.094+0000] {processor.py:925} INFO - DAG(s) 'extract_raw_data_pipeline' retrieved from /opt/airflow/dags/driven_data_pipeline.py
[2025-07-03T01:06:02.126+0000] {logging_mixin.py:190} INFO - [2025-07-03T01:06:02.126+0000] {dag.py:3239} INFO - Sync 1 DAGs
[2025-07-03T01:06:02.156+0000] {logging_mixin.py:190} INFO - [2025-07-03T01:06:02.155+0000] {dag.py:4180} INFO - Setting next_dagrun for extract_raw_data_pipeline to 2025-07-02 07:59:00+00:00, run_after=2025-07-03 07:00:00+00:00
[2025-07-03T01:06:02.199+0000] {processor.py:208} INFO - Processing /opt/airflow/dags/driven_data_pipeline.py took 0.340 seconds
[2025-07-03T01:06:32.514+0000] {processor.py:186} INFO - Started process (PID=13491) to work on /opt/airflow/dags/driven_data_pipeline.py
[2025-07-03T01:06:32.526+0000] {processor.py:914} INFO - Processing file /opt/airflow/dags/driven_data_pipeline.py for tasks to queue
[2025-07-03T01:06:32.529+0000] {logging_mixin.py:190} INFO - [2025-07-03T01:06:32.529+0000] {dagbag.py:588} INFO - Filling up the DagBag from /opt/airflow/dags/driven_data_pipeline.py
[2025-07-03T01:06:32.708+0000] {processor.py:925} INFO - DAG(s) 'extract_raw_data_pipeline' retrieved from /opt/airflow/dags/driven_data_pipeline.py
[2025-07-03T01:06:32.732+0000] {logging_mixin.py:190} INFO - [2025-07-03T01:06:32.732+0000] {dag.py:3239} INFO - Sync 1 DAGs
[2025-07-03T01:06:32.755+0000] {logging_mixin.py:190} INFO - [2025-07-03T01:06:32.755+0000] {dag.py:4180} INFO - Setting next_dagrun for extract_raw_data_pipeline to 2025-07-02 07:59:00+00:00, run_after=2025-07-03 07:00:00+00:00
[2025-07-03T01:06:32.792+0000] {processor.py:208} INFO - Processing /opt/airflow/dags/driven_data_pipeline.py took 0.285 seconds
[2025-07-03T01:07:02.872+0000] {processor.py:186} INFO - Started process (PID=13499) to work on /opt/airflow/dags/driven_data_pipeline.py
[2025-07-03T01:07:02.873+0000] {processor.py:914} INFO - Processing file /opt/airflow/dags/driven_data_pipeline.py for tasks to queue
[2025-07-03T01:07:02.875+0000] {logging_mixin.py:190} INFO - [2025-07-03T01:07:02.875+0000] {dagbag.py:588} INFO - Filling up the DagBag from /opt/airflow/dags/driven_data_pipeline.py
[2025-07-03T01:07:03.059+0000] {processor.py:925} INFO - DAG(s) 'extract_raw_data_pipeline' retrieved from /opt/airflow/dags/driven_data_pipeline.py
[2025-07-03T01:07:03.084+0000] {logging_mixin.py:190} INFO - [2025-07-03T01:07:03.083+0000] {dag.py:3239} INFO - Sync 1 DAGs
[2025-07-03T01:07:03.108+0000] {logging_mixin.py:190} INFO - [2025-07-03T01:07:03.108+0000] {dag.py:4180} INFO - Setting next_dagrun for extract_raw_data_pipeline to 2025-07-02 07:59:00+00:00, run_after=2025-07-03 07:00:00+00:00
[2025-07-03T01:07:03.144+0000] {processor.py:208} INFO - Processing /opt/airflow/dags/driven_data_pipeline.py took 0.280 seconds
[2025-07-03T01:07:33.486+0000] {processor.py:186} INFO - Started process (PID=13507) to work on /opt/airflow/dags/driven_data_pipeline.py
[2025-07-03T01:07:33.497+0000] {processor.py:914} INFO - Processing file /opt/airflow/dags/driven_data_pipeline.py for tasks to queue
[2025-07-03T01:07:33.500+0000] {logging_mixin.py:190} INFO - [2025-07-03T01:07:33.499+0000] {dagbag.py:588} INFO - Filling up the DagBag from /opt/airflow/dags/driven_data_pipeline.py
[2025-07-03T01:07:33.675+0000] {processor.py:925} INFO - DAG(s) 'extract_raw_data_pipeline' retrieved from /opt/airflow/dags/driven_data_pipeline.py
[2025-07-03T01:07:33.700+0000] {logging_mixin.py:190} INFO - [2025-07-03T01:07:33.700+0000] {dag.py:3239} INFO - Sync 1 DAGs
[2025-07-03T01:07:33.723+0000] {logging_mixin.py:190} INFO - [2025-07-03T01:07:33.723+0000] {dag.py:4180} INFO - Setting next_dagrun for extract_raw_data_pipeline to 2025-07-02 07:59:00+00:00, run_after=2025-07-03 07:00:00+00:00
[2025-07-03T01:07:33.783+0000] {processor.py:208} INFO - Processing /opt/airflow/dags/driven_data_pipeline.py took 0.307 seconds
[2025-07-03T01:08:03.843+0000] {processor.py:186} INFO - Started process (PID=13515) to work on /opt/airflow/dags/driven_data_pipeline.py
[2025-07-03T01:08:03.844+0000] {processor.py:914} INFO - Processing file /opt/airflow/dags/driven_data_pipeline.py for tasks to queue
[2025-07-03T01:08:03.847+0000] {logging_mixin.py:190} INFO - [2025-07-03T01:08:03.846+0000] {dagbag.py:588} INFO - Filling up the DagBag from /opt/airflow/dags/driven_data_pipeline.py
[2025-07-03T01:08:04.026+0000] {processor.py:925} INFO - DAG(s) 'extract_raw_data_pipeline' retrieved from /opt/airflow/dags/driven_data_pipeline.py
[2025-07-03T01:08:04.050+0000] {logging_mixin.py:190} INFO - [2025-07-03T01:08:04.050+0000] {dag.py:3239} INFO - Sync 1 DAGs
[2025-07-03T01:08:04.073+0000] {logging_mixin.py:190} INFO - [2025-07-03T01:08:04.073+0000] {dag.py:4180} INFO - Setting next_dagrun for extract_raw_data_pipeline to 2025-07-02 07:59:00+00:00, run_after=2025-07-03 07:00:00+00:00
[2025-07-03T01:08:04.116+0000] {processor.py:208} INFO - Processing /opt/airflow/dags/driven_data_pipeline.py took 0.281 seconds
[2025-07-03T01:08:34.183+0000] {processor.py:186} INFO - Started process (PID=13523) to work on /opt/airflow/dags/driven_data_pipeline.py
[2025-07-03T01:08:34.184+0000] {processor.py:914} INFO - Processing file /opt/airflow/dags/driven_data_pipeline.py for tasks to queue
[2025-07-03T01:08:34.186+0000] {logging_mixin.py:190} INFO - [2025-07-03T01:08:34.186+0000] {dagbag.py:588} INFO - Filling up the DagBag from /opt/airflow/dags/driven_data_pipeline.py
[2025-07-03T01:08:34.370+0000] {processor.py:925} INFO - DAG(s) 'extract_raw_data_pipeline' retrieved from /opt/airflow/dags/driven_data_pipeline.py
[2025-07-03T01:08:34.397+0000] {logging_mixin.py:190} INFO - [2025-07-03T01:08:34.396+0000] {dag.py:3239} INFO - Sync 1 DAGs
[2025-07-03T01:08:34.422+0000] {logging_mixin.py:190} INFO - [2025-07-03T01:08:34.422+0000] {dag.py:4180} INFO - Setting next_dagrun for extract_raw_data_pipeline to 2025-07-02 07:59:00+00:00, run_after=2025-07-03 07:00:00+00:00
[2025-07-03T01:08:35.522+0000] {processor.py:208} INFO - Processing /opt/airflow/dags/driven_data_pipeline.py took 1.345 seconds
[2025-07-03T01:09:05.866+0000] {processor.py:186} INFO - Started process (PID=13531) to work on /opt/airflow/dags/driven_data_pipeline.py
[2025-07-03T01:09:05.867+0000] {processor.py:914} INFO - Processing file /opt/airflow/dags/driven_data_pipeline.py for tasks to queue
[2025-07-03T01:09:05.869+0000] {logging_mixin.py:190} INFO - [2025-07-03T01:09:05.869+0000] {dagbag.py:588} INFO - Filling up the DagBag from /opt/airflow/dags/driven_data_pipeline.py
[2025-07-03T01:09:06.065+0000] {processor.py:925} INFO - DAG(s) 'extract_raw_data_pipeline' retrieved from /opt/airflow/dags/driven_data_pipeline.py
[2025-07-03T01:09:06.089+0000] {logging_mixin.py:190} INFO - [2025-07-03T01:09:06.089+0000] {dag.py:3239} INFO - Sync 1 DAGs
[2025-07-03T01:09:06.113+0000] {logging_mixin.py:190} INFO - [2025-07-03T01:09:06.113+0000] {dag.py:4180} INFO - Setting next_dagrun for extract_raw_data_pipeline to 2025-07-02 07:59:00+00:00, run_after=2025-07-03 07:00:00+00:00
[2025-07-03T01:09:06.147+0000] {processor.py:208} INFO - Processing /opt/airflow/dags/driven_data_pipeline.py took 0.293 seconds
[2025-07-03T01:09:36.224+0000] {processor.py:186} INFO - Started process (PID=13539) to work on /opt/airflow/dags/driven_data_pipeline.py
[2025-07-03T01:09:36.233+0000] {processor.py:914} INFO - Processing file /opt/airflow/dags/driven_data_pipeline.py for tasks to queue
[2025-07-03T01:09:36.236+0000] {logging_mixin.py:190} INFO - [2025-07-03T01:09:36.236+0000] {dagbag.py:588} INFO - Filling up the DagBag from /opt/airflow/dags/driven_data_pipeline.py
[2025-07-03T01:09:36.417+0000] {processor.py:925} INFO - DAG(s) 'extract_raw_data_pipeline' retrieved from /opt/airflow/dags/driven_data_pipeline.py
[2025-07-03T01:09:36.442+0000] {logging_mixin.py:190} INFO - [2025-07-03T01:09:36.442+0000] {dag.py:3239} INFO - Sync 1 DAGs
[2025-07-03T01:09:36.466+0000] {logging_mixin.py:190} INFO - [2025-07-03T01:09:36.466+0000] {dag.py:4180} INFO - Setting next_dagrun for extract_raw_data_pipeline to 2025-07-02 07:59:00+00:00, run_after=2025-07-03 07:00:00+00:00
[2025-07-03T01:09:36.505+0000] {processor.py:208} INFO - Processing /opt/airflow/dags/driven_data_pipeline.py took 0.290 seconds
[2025-07-03T01:10:06.891+0000] {processor.py:186} INFO - Started process (PID=13547) to work on /opt/airflow/dags/driven_data_pipeline.py
[2025-07-03T01:10:06.892+0000] {processor.py:914} INFO - Processing file /opt/airflow/dags/driven_data_pipeline.py for tasks to queue
[2025-07-03T01:10:06.894+0000] {logging_mixin.py:190} INFO - [2025-07-03T01:10:06.894+0000] {dagbag.py:588} INFO - Filling up the DagBag from /opt/airflow/dags/driven_data_pipeline.py
[2025-07-03T01:10:07.096+0000] {processor.py:925} INFO - DAG(s) 'extract_raw_data_pipeline' retrieved from /opt/airflow/dags/driven_data_pipeline.py
[2025-07-03T01:10:07.124+0000] {logging_mixin.py:190} INFO - [2025-07-03T01:10:07.123+0000] {dag.py:3239} INFO - Sync 1 DAGs
[2025-07-03T01:10:07.151+0000] {logging_mixin.py:190} INFO - [2025-07-03T01:10:07.151+0000] {dag.py:4180} INFO - Setting next_dagrun for extract_raw_data_pipeline to 2025-07-02 07:59:00+00:00, run_after=2025-07-03 07:00:00+00:00
[2025-07-03T01:10:07.184+0000] {processor.py:208} INFO - Processing /opt/airflow/dags/driven_data_pipeline.py took 0.303 seconds
[2025-07-03T01:10:37.224+0000] {processor.py:186} INFO - Started process (PID=13555) to work on /opt/airflow/dags/driven_data_pipeline.py
[2025-07-03T01:10:37.225+0000] {processor.py:914} INFO - Processing file /opt/airflow/dags/driven_data_pipeline.py for tasks to queue
[2025-07-03T01:10:37.227+0000] {logging_mixin.py:190} INFO - [2025-07-03T01:10:37.227+0000] {dagbag.py:588} INFO - Filling up the DagBag from /opt/airflow/dags/driven_data_pipeline.py
[2025-07-03T01:10:37.404+0000] {processor.py:925} INFO - DAG(s) 'extract_raw_data_pipeline' retrieved from /opt/airflow/dags/driven_data_pipeline.py
[2025-07-03T01:10:37.429+0000] {logging_mixin.py:190} INFO - [2025-07-03T01:10:37.429+0000] {dag.py:3239} INFO - Sync 1 DAGs
[2025-07-03T01:10:37.452+0000] {logging_mixin.py:190} INFO - [2025-07-03T01:10:37.452+0000] {dag.py:4180} INFO - Setting next_dagrun for extract_raw_data_pipeline to 2025-07-02 07:59:00+00:00, run_after=2025-07-03 07:00:00+00:00
[2025-07-03T01:10:37.490+0000] {processor.py:208} INFO - Processing /opt/airflow/dags/driven_data_pipeline.py took 0.272 seconds
[2025-07-03T01:11:07.567+0000] {processor.py:186} INFO - Started process (PID=13563) to work on /opt/airflow/dags/driven_data_pipeline.py
[2025-07-03T01:11:07.580+0000] {processor.py:914} INFO - Processing file /opt/airflow/dags/driven_data_pipeline.py for tasks to queue
[2025-07-03T01:11:07.583+0000] {logging_mixin.py:190} INFO - [2025-07-03T01:11:07.582+0000] {dagbag.py:588} INFO - Filling up the DagBag from /opt/airflow/dags/driven_data_pipeline.py
[2025-07-03T01:11:07.765+0000] {processor.py:925} INFO - DAG(s) 'extract_raw_data_pipeline' retrieved from /opt/airflow/dags/driven_data_pipeline.py
[2025-07-03T01:11:07.790+0000] {logging_mixin.py:190} INFO - [2025-07-03T01:11:07.790+0000] {dag.py:3239} INFO - Sync 1 DAGs
[2025-07-03T01:11:07.816+0000] {logging_mixin.py:190} INFO - [2025-07-03T01:11:07.816+0000] {dag.py:4180} INFO - Setting next_dagrun for extract_raw_data_pipeline to 2025-07-02 07:59:00+00:00, run_after=2025-07-03 07:00:00+00:00
[2025-07-03T01:11:07.851+0000] {processor.py:208} INFO - Processing /opt/airflow/dags/driven_data_pipeline.py took 0.292 seconds
[2025-07-03T01:11:38.236+0000] {processor.py:186} INFO - Started process (PID=13571) to work on /opt/airflow/dags/driven_data_pipeline.py
[2025-07-03T01:11:38.237+0000] {processor.py:914} INFO - Processing file /opt/airflow/dags/driven_data_pipeline.py for tasks to queue
[2025-07-03T01:11:38.242+0000] {logging_mixin.py:190} INFO - [2025-07-03T01:11:38.241+0000] {dagbag.py:588} INFO - Filling up the DagBag from /opt/airflow/dags/driven_data_pipeline.py
[2025-07-03T01:11:38.448+0000] {processor.py:925} INFO - DAG(s) 'extract_raw_data_pipeline' retrieved from /opt/airflow/dags/driven_data_pipeline.py
[2025-07-03T01:11:38.480+0000] {logging_mixin.py:190} INFO - [2025-07-03T01:11:38.480+0000] {dag.py:3239} INFO - Sync 1 DAGs
[2025-07-03T01:11:38.510+0000] {logging_mixin.py:190} INFO - [2025-07-03T01:11:38.509+0000] {dag.py:4180} INFO - Setting next_dagrun for extract_raw_data_pipeline to 2025-07-02 07:59:00+00:00, run_after=2025-07-03 07:00:00+00:00
[2025-07-03T01:11:38.563+0000] {processor.py:208} INFO - Processing /opt/airflow/dags/driven_data_pipeline.py took 0.336 seconds
[2025-07-03T01:12:08.943+0000] {processor.py:186} INFO - Started process (PID=13579) to work on /opt/airflow/dags/driven_data_pipeline.py
[2025-07-03T01:12:08.955+0000] {processor.py:914} INFO - Processing file /opt/airflow/dags/driven_data_pipeline.py for tasks to queue
[2025-07-03T01:12:08.957+0000] {logging_mixin.py:190} INFO - [2025-07-03T01:12:08.957+0000] {dagbag.py:588} INFO - Filling up the DagBag from /opt/airflow/dags/driven_data_pipeline.py
[2025-07-03T01:12:09.133+0000] {processor.py:925} INFO - DAG(s) 'extract_raw_data_pipeline' retrieved from /opt/airflow/dags/driven_data_pipeline.py
[2025-07-03T01:12:09.158+0000] {logging_mixin.py:190} INFO - [2025-07-03T01:12:09.158+0000] {dag.py:3239} INFO - Sync 1 DAGs
[2025-07-03T01:12:09.181+0000] {logging_mixin.py:190} INFO - [2025-07-03T01:12:09.181+0000] {dag.py:4180} INFO - Setting next_dagrun for extract_raw_data_pipeline to 2025-07-02 07:59:00+00:00, run_after=2025-07-03 07:00:00+00:00
[2025-07-03T01:12:09.215+0000] {processor.py:208} INFO - Processing /opt/airflow/dags/driven_data_pipeline.py took 0.280 seconds
[2025-07-03T01:12:39.279+0000] {processor.py:186} INFO - Started process (PID=13587) to work on /opt/airflow/dags/driven_data_pipeline.py
[2025-07-03T01:12:39.281+0000] {processor.py:914} INFO - Processing file /opt/airflow/dags/driven_data_pipeline.py for tasks to queue
[2025-07-03T01:12:39.284+0000] {logging_mixin.py:190} INFO - [2025-07-03T01:12:39.284+0000] {dagbag.py:588} INFO - Filling up the DagBag from /opt/airflow/dags/driven_data_pipeline.py
[2025-07-03T01:12:39.463+0000] {processor.py:925} INFO - DAG(s) 'extract_raw_data_pipeline' retrieved from /opt/airflow/dags/driven_data_pipeline.py
[2025-07-03T01:12:39.487+0000] {logging_mixin.py:190} INFO - [2025-07-03T01:12:39.487+0000] {dag.py:3239} INFO - Sync 1 DAGs
[2025-07-03T01:12:39.512+0000] {logging_mixin.py:190} INFO - [2025-07-03T01:12:39.512+0000] {dag.py:4180} INFO - Setting next_dagrun for extract_raw_data_pipeline to 2025-07-02 07:59:00+00:00, run_after=2025-07-03 07:00:00+00:00
[2025-07-03T01:12:39.555+0000] {processor.py:208} INFO - Processing /opt/airflow/dags/driven_data_pipeline.py took 0.286 seconds
[2025-07-03T01:13:09.875+0000] {processor.py:186} INFO - Started process (PID=13595) to work on /opt/airflow/dags/driven_data_pipeline.py
[2025-07-03T01:13:09.876+0000] {processor.py:914} INFO - Processing file /opt/airflow/dags/driven_data_pipeline.py for tasks to queue
[2025-07-03T01:13:09.879+0000] {logging_mixin.py:190} INFO - [2025-07-03T01:13:09.878+0000] {dagbag.py:588} INFO - Filling up the DagBag from /opt/airflow/dags/driven_data_pipeline.py
[2025-07-03T01:13:10.053+0000] {processor.py:925} INFO - DAG(s) 'extract_raw_data_pipeline' retrieved from /opt/airflow/dags/driven_data_pipeline.py
[2025-07-03T01:13:10.078+0000] {logging_mixin.py:190} INFO - [2025-07-03T01:13:10.077+0000] {dag.py:3239} INFO - Sync 1 DAGs
[2025-07-03T01:13:10.102+0000] {logging_mixin.py:190} INFO - [2025-07-03T01:13:10.102+0000] {dag.py:4180} INFO - Setting next_dagrun for extract_raw_data_pipeline to 2025-07-02 07:59:00+00:00, run_after=2025-07-03 07:00:00+00:00
[2025-07-03T01:13:10.394+0000] {processor.py:208} INFO - Processing /opt/airflow/dags/driven_data_pipeline.py took 0.528 seconds
[2025-07-03T01:13:40.802+0000] {processor.py:186} INFO - Started process (PID=13603) to work on /opt/airflow/dags/driven_data_pipeline.py
[2025-07-03T01:13:40.812+0000] {processor.py:914} INFO - Processing file /opt/airflow/dags/driven_data_pipeline.py for tasks to queue
[2025-07-03T01:13:40.816+0000] {logging_mixin.py:190} INFO - [2025-07-03T01:13:40.815+0000] {dagbag.py:588} INFO - Filling up the DagBag from /opt/airflow/dags/driven_data_pipeline.py
[2025-07-03T01:13:40.997+0000] {processor.py:925} INFO - DAG(s) 'extract_raw_data_pipeline' retrieved from /opt/airflow/dags/driven_data_pipeline.py
[2025-07-03T01:13:41.024+0000] {logging_mixin.py:190} INFO - [2025-07-03T01:13:41.023+0000] {dag.py:3239} INFO - Sync 1 DAGs
[2025-07-03T01:13:41.047+0000] {logging_mixin.py:190} INFO - [2025-07-03T01:13:41.047+0000] {dag.py:4180} INFO - Setting next_dagrun for extract_raw_data_pipeline to 2025-07-02 07:59:00+00:00, run_after=2025-07-03 07:00:00+00:00
[2025-07-03T01:13:41.096+0000] {processor.py:208} INFO - Processing /opt/airflow/dags/driven_data_pipeline.py took 0.306 seconds
[2025-07-03T01:14:11.495+0000] {processor.py:186} INFO - Started process (PID=13611) to work on /opt/airflow/dags/driven_data_pipeline.py
[2025-07-03T01:14:11.496+0000] {processor.py:914} INFO - Processing file /opt/airflow/dags/driven_data_pipeline.py for tasks to queue
[2025-07-03T01:14:11.499+0000] {logging_mixin.py:190} INFO - [2025-07-03T01:14:11.498+0000] {dagbag.py:588} INFO - Filling up the DagBag from /opt/airflow/dags/driven_data_pipeline.py
[2025-07-03T01:14:11.680+0000] {processor.py:925} INFO - DAG(s) 'extract_raw_data_pipeline' retrieved from /opt/airflow/dags/driven_data_pipeline.py
[2025-07-03T01:14:11.704+0000] {logging_mixin.py:190} INFO - [2025-07-03T01:14:11.704+0000] {dag.py:3239} INFO - Sync 1 DAGs
[2025-07-03T01:14:11.728+0000] {logging_mixin.py:190} INFO - [2025-07-03T01:14:11.727+0000] {dag.py:4180} INFO - Setting next_dagrun for extract_raw_data_pipeline to 2025-07-02 07:59:00+00:00, run_after=2025-07-03 07:00:00+00:00
[2025-07-03T01:14:11.762+0000] {processor.py:208} INFO - Processing /opt/airflow/dags/driven_data_pipeline.py took 0.277 seconds
[2025-07-03T01:14:41.865+0000] {processor.py:186} INFO - Started process (PID=13619) to work on /opt/airflow/dags/driven_data_pipeline.py
[2025-07-03T01:14:41.866+0000] {processor.py:914} INFO - Processing file /opt/airflow/dags/driven_data_pipeline.py for tasks to queue
[2025-07-03T01:14:41.868+0000] {logging_mixin.py:190} INFO - [2025-07-03T01:14:41.868+0000] {dagbag.py:588} INFO - Filling up the DagBag from /opt/airflow/dags/driven_data_pipeline.py
[2025-07-03T01:14:42.083+0000] {processor.py:925} INFO - DAG(s) 'extract_raw_data_pipeline' retrieved from /opt/airflow/dags/driven_data_pipeline.py
[2025-07-03T01:14:42.109+0000] {logging_mixin.py:190} INFO - [2025-07-03T01:14:42.109+0000] {dag.py:3239} INFO - Sync 1 DAGs
[2025-07-03T01:14:42.133+0000] {logging_mixin.py:190} INFO - [2025-07-03T01:14:42.133+0000] {dag.py:4180} INFO - Setting next_dagrun for extract_raw_data_pipeline to 2025-07-02 07:59:00+00:00, run_after=2025-07-03 07:00:00+00:00
[2025-07-03T01:14:42.352+0000] {processor.py:208} INFO - Processing /opt/airflow/dags/driven_data_pipeline.py took 0.496 seconds
[2025-07-03T01:15:12.563+0000] {processor.py:186} INFO - Started process (PID=13627) to work on /opt/airflow/dags/driven_data_pipeline.py
[2025-07-03T01:15:12.576+0000] {processor.py:914} INFO - Processing file /opt/airflow/dags/driven_data_pipeline.py for tasks to queue
[2025-07-03T01:15:12.580+0000] {logging_mixin.py:190} INFO - [2025-07-03T01:15:12.579+0000] {dagbag.py:588} INFO - Filling up the DagBag from /opt/airflow/dags/driven_data_pipeline.py
[2025-07-03T01:15:12.764+0000] {processor.py:925} INFO - DAG(s) 'extract_raw_data_pipeline' retrieved from /opt/airflow/dags/driven_data_pipeline.py
[2025-07-03T01:15:12.787+0000] {logging_mixin.py:190} INFO - [2025-07-03T01:15:12.787+0000] {dag.py:3239} INFO - Sync 1 DAGs
[2025-07-03T01:15:12.811+0000] {logging_mixin.py:190} INFO - [2025-07-03T01:15:12.811+0000] {dag.py:4180} INFO - Setting next_dagrun for extract_raw_data_pipeline to 2025-07-02 07:59:00+00:00, run_after=2025-07-03 07:00:00+00:00
[2025-07-03T01:15:12.849+0000] {processor.py:208} INFO - Processing /opt/airflow/dags/driven_data_pipeline.py took 0.299 seconds
[2025-07-03T01:15:43.075+0000] {processor.py:186} INFO - Started process (PID=13635) to work on /opt/airflow/dags/driven_data_pipeline.py
[2025-07-03T01:15:43.082+0000] {processor.py:914} INFO - Processing file /opt/airflow/dags/driven_data_pipeline.py for tasks to queue
[2025-07-03T01:15:43.089+0000] {logging_mixin.py:190} INFO - [2025-07-03T01:15:43.088+0000] {dagbag.py:588} INFO - Filling up the DagBag from /opt/airflow/dags/driven_data_pipeline.py
[2025-07-03T01:15:43.270+0000] {processor.py:925} INFO - DAG(s) 'extract_raw_data_pipeline' retrieved from /opt/airflow/dags/driven_data_pipeline.py
[2025-07-03T01:15:43.294+0000] {logging_mixin.py:190} INFO - [2025-07-03T01:15:43.294+0000] {dag.py:3239} INFO - Sync 1 DAGs
[2025-07-03T01:15:43.317+0000] {logging_mixin.py:190} INFO - [2025-07-03T01:15:43.316+0000] {dag.py:4180} INFO - Setting next_dagrun for extract_raw_data_pipeline to 2025-07-02 07:59:00+00:00, run_after=2025-07-03 07:00:00+00:00
[2025-07-03T01:15:43.501+0000] {processor.py:208} INFO - Processing /opt/airflow/dags/driven_data_pipeline.py took 0.444 seconds
[2025-07-03T01:16:13.866+0000] {processor.py:186} INFO - Started process (PID=13643) to work on /opt/airflow/dags/driven_data_pipeline.py
[2025-07-03T01:16:13.880+0000] {processor.py:914} INFO - Processing file /opt/airflow/dags/driven_data_pipeline.py for tasks to queue
[2025-07-03T01:16:13.883+0000] {logging_mixin.py:190} INFO - [2025-07-03T01:16:13.882+0000] {dagbag.py:588} INFO - Filling up the DagBag from /opt/airflow/dags/driven_data_pipeline.py
[2025-07-03T01:16:14.069+0000] {processor.py:925} INFO - DAG(s) 'extract_raw_data_pipeline' retrieved from /opt/airflow/dags/driven_data_pipeline.py
[2025-07-03T01:16:14.094+0000] {logging_mixin.py:190} INFO - [2025-07-03T01:16:14.094+0000] {dag.py:3239} INFO - Sync 1 DAGs
[2025-07-03T01:16:14.118+0000] {logging_mixin.py:190} INFO - [2025-07-03T01:16:14.117+0000] {dag.py:4180} INFO - Setting next_dagrun for extract_raw_data_pipeline to 2025-07-02 07:59:00+00:00, run_after=2025-07-03 07:00:00+00:00
[2025-07-03T01:16:14.153+0000] {processor.py:208} INFO - Processing /opt/airflow/dags/driven_data_pipeline.py took 0.298 seconds
[2025-07-03T01:16:44.269+0000] {processor.py:186} INFO - Started process (PID=13651) to work on /opt/airflow/dags/driven_data_pipeline.py
[2025-07-03T01:16:44.279+0000] {processor.py:914} INFO - Processing file /opt/airflow/dags/driven_data_pipeline.py for tasks to queue
[2025-07-03T01:16:44.283+0000] {logging_mixin.py:190} INFO - [2025-07-03T01:16:44.282+0000] {dagbag.py:588} INFO - Filling up the DagBag from /opt/airflow/dags/driven_data_pipeline.py
[2025-07-03T01:16:44.459+0000] {processor.py:925} INFO - DAG(s) 'extract_raw_data_pipeline' retrieved from /opt/airflow/dags/driven_data_pipeline.py
[2025-07-03T01:16:44.484+0000] {logging_mixin.py:190} INFO - [2025-07-03T01:16:44.484+0000] {dag.py:3239} INFO - Sync 1 DAGs
[2025-07-03T01:16:44.507+0000] {logging_mixin.py:190} INFO - [2025-07-03T01:16:44.507+0000] {dag.py:4180} INFO - Setting next_dagrun for extract_raw_data_pipeline to 2025-07-02 07:59:00+00:00, run_after=2025-07-03 07:00:00+00:00
[2025-07-03T01:16:44.543+0000] {processor.py:208} INFO - Processing /opt/airflow/dags/driven_data_pipeline.py took 0.288 seconds
[2025-07-03T01:17:14.872+0000] {processor.py:186} INFO - Started process (PID=13659) to work on /opt/airflow/dags/driven_data_pipeline.py
[2025-07-03T01:17:14.872+0000] {processor.py:914} INFO - Processing file /opt/airflow/dags/driven_data_pipeline.py for tasks to queue
[2025-07-03T01:17:14.875+0000] {logging_mixin.py:190} INFO - [2025-07-03T01:17:14.874+0000] {dagbag.py:588} INFO - Filling up the DagBag from /opt/airflow/dags/driven_data_pipeline.py
[2025-07-03T01:17:15.090+0000] {processor.py:925} INFO - DAG(s) 'extract_raw_data_pipeline' retrieved from /opt/airflow/dags/driven_data_pipeline.py
[2025-07-03T01:17:15.133+0000] {logging_mixin.py:190} INFO - [2025-07-03T01:17:15.132+0000] {dag.py:3239} INFO - Sync 1 DAGs
[2025-07-03T01:17:15.177+0000] {logging_mixin.py:190} INFO - [2025-07-03T01:17:15.177+0000] {dag.py:4180} INFO - Setting next_dagrun for extract_raw_data_pipeline to 2025-07-02 07:59:00+00:00, run_after=2025-07-03 07:00:00+00:00
[2025-07-03T01:17:15.215+0000] {processor.py:208} INFO - Processing /opt/airflow/dags/driven_data_pipeline.py took 0.350 seconds
[2025-07-03T01:17:45.607+0000] {processor.py:186} INFO - Started process (PID=13667) to work on /opt/airflow/dags/driven_data_pipeline.py
[2025-07-03T01:17:45.608+0000] {processor.py:914} INFO - Processing file /opt/airflow/dags/driven_data_pipeline.py for tasks to queue
[2025-07-03T01:17:45.610+0000] {logging_mixin.py:190} INFO - [2025-07-03T01:17:45.610+0000] {dagbag.py:588} INFO - Filling up the DagBag from /opt/airflow/dags/driven_data_pipeline.py
[2025-07-03T01:17:45.831+0000] {processor.py:925} INFO - DAG(s) 'extract_raw_data_pipeline' retrieved from /opt/airflow/dags/driven_data_pipeline.py
[2025-07-03T01:17:45.860+0000] {logging_mixin.py:190} INFO - [2025-07-03T01:17:45.859+0000] {dag.py:3239} INFO - Sync 1 DAGs
[2025-07-03T01:17:45.886+0000] {logging_mixin.py:190} INFO - [2025-07-03T01:17:45.886+0000] {dag.py:4180} INFO - Setting next_dagrun for extract_raw_data_pipeline to 2025-07-02 07:59:00+00:00, run_after=2025-07-03 07:00:00+00:00
[2025-07-03T01:17:45.917+0000] {processor.py:208} INFO - Processing /opt/airflow/dags/driven_data_pipeline.py took 0.318 seconds
[2025-07-03T01:18:16.303+0000] {processor.py:186} INFO - Started process (PID=13675) to work on /opt/airflow/dags/driven_data_pipeline.py
[2025-07-03T01:18:16.304+0000] {processor.py:914} INFO - Processing file /opt/airflow/dags/driven_data_pipeline.py for tasks to queue
[2025-07-03T01:18:16.308+0000] {logging_mixin.py:190} INFO - [2025-07-03T01:18:16.307+0000] {dagbag.py:588} INFO - Filling up the DagBag from /opt/airflow/dags/driven_data_pipeline.py
[2025-07-03T01:18:16.489+0000] {processor.py:925} INFO - DAG(s) 'extract_raw_data_pipeline' retrieved from /opt/airflow/dags/driven_data_pipeline.py
[2025-07-03T01:18:16.514+0000] {logging_mixin.py:190} INFO - [2025-07-03T01:18:16.514+0000] {dag.py:3239} INFO - Sync 1 DAGs
[2025-07-03T01:18:16.538+0000] {logging_mixin.py:190} INFO - [2025-07-03T01:18:16.537+0000] {dag.py:4180} INFO - Setting next_dagrun for extract_raw_data_pipeline to 2025-07-02 07:59:00+00:00, run_after=2025-07-03 07:00:00+00:00
[2025-07-03T01:18:16.580+0000] {processor.py:208} INFO - Processing /opt/airflow/dags/driven_data_pipeline.py took 0.288 seconds
[2025-07-03T01:18:46.687+0000] {processor.py:186} INFO - Started process (PID=13683) to work on /opt/airflow/dags/driven_data_pipeline.py
[2025-07-03T01:18:46.689+0000] {processor.py:914} INFO - Processing file /opt/airflow/dags/driven_data_pipeline.py for tasks to queue
[2025-07-03T01:18:46.694+0000] {logging_mixin.py:190} INFO - [2025-07-03T01:18:46.693+0000] {dagbag.py:588} INFO - Filling up the DagBag from /opt/airflow/dags/driven_data_pipeline.py
[2025-07-03T01:18:46.881+0000] {processor.py:925} INFO - DAG(s) 'extract_raw_data_pipeline' retrieved from /opt/airflow/dags/driven_data_pipeline.py
[2025-07-03T01:18:46.908+0000] {logging_mixin.py:190} INFO - [2025-07-03T01:18:46.907+0000] {dag.py:3239} INFO - Sync 1 DAGs
[2025-07-03T01:18:46.932+0000] {logging_mixin.py:190} INFO - [2025-07-03T01:18:46.932+0000] {dag.py:4180} INFO - Setting next_dagrun for extract_raw_data_pipeline to 2025-07-02 07:59:00+00:00, run_after=2025-07-03 07:00:00+00:00
[2025-07-03T01:18:46.998+0000] {processor.py:208} INFO - Processing /opt/airflow/dags/driven_data_pipeline.py took 0.324 seconds
[2025-07-03T01:19:17.215+0000] {processor.py:186} INFO - Started process (PID=13691) to work on /opt/airflow/dags/driven_data_pipeline.py
[2025-07-03T01:19:17.221+0000] {processor.py:914} INFO - Processing file /opt/airflow/dags/driven_data_pipeline.py for tasks to queue
[2025-07-03T01:19:17.225+0000] {logging_mixin.py:190} INFO - [2025-07-03T01:19:17.224+0000] {dagbag.py:588} INFO - Filling up the DagBag from /opt/airflow/dags/driven_data_pipeline.py
[2025-07-03T01:19:17.404+0000] {processor.py:925} INFO - DAG(s) 'extract_raw_data_pipeline' retrieved from /opt/airflow/dags/driven_data_pipeline.py
[2025-07-03T01:19:17.428+0000] {logging_mixin.py:190} INFO - [2025-07-03T01:19:17.428+0000] {dag.py:3239} INFO - Sync 1 DAGs
[2025-07-03T01:19:17.458+0000] {logging_mixin.py:190} INFO - [2025-07-03T01:19:17.458+0000] {dag.py:4180} INFO - Setting next_dagrun for extract_raw_data_pipeline to 2025-07-02 07:59:00+00:00, run_after=2025-07-03 07:00:00+00:00
[2025-07-03T01:19:17.502+0000] {processor.py:208} INFO - Processing /opt/airflow/dags/driven_data_pipeline.py took 0.297 seconds
[2025-07-03T01:19:47.755+0000] {processor.py:186} INFO - Started process (PID=13699) to work on /opt/airflow/dags/driven_data_pipeline.py
[2025-07-03T01:19:47.768+0000] {processor.py:914} INFO - Processing file /opt/airflow/dags/driven_data_pipeline.py for tasks to queue
[2025-07-03T01:19:47.772+0000] {logging_mixin.py:190} INFO - [2025-07-03T01:19:47.772+0000] {dagbag.py:588} INFO - Filling up the DagBag from /opt/airflow/dags/driven_data_pipeline.py
[2025-07-03T01:19:47.993+0000] {processor.py:925} INFO - DAG(s) 'extract_raw_data_pipeline' retrieved from /opt/airflow/dags/driven_data_pipeline.py
[2025-07-03T01:19:48.025+0000] {logging_mixin.py:190} INFO - [2025-07-03T01:19:48.024+0000] {dag.py:3239} INFO - Sync 1 DAGs
[2025-07-03T01:19:48.052+0000] {logging_mixin.py:190} INFO - [2025-07-03T01:19:48.052+0000] {dag.py:4180} INFO - Setting next_dagrun for extract_raw_data_pipeline to 2025-07-02 07:59:00+00:00, run_after=2025-07-03 07:00:00+00:00
[2025-07-03T01:19:48.108+0000] {processor.py:208} INFO - Processing /opt/airflow/dags/driven_data_pipeline.py took 0.361 seconds
[2025-07-03T01:20:18.238+0000] {processor.py:186} INFO - Started process (PID=13713) to work on /opt/airflow/dags/driven_data_pipeline.py
[2025-07-03T01:20:18.239+0000] {processor.py:914} INFO - Processing file /opt/airflow/dags/driven_data_pipeline.py for tasks to queue
[2025-07-03T01:20:18.241+0000] {logging_mixin.py:190} INFO - [2025-07-03T01:20:18.241+0000] {dagbag.py:588} INFO - Filling up the DagBag from /opt/airflow/dags/driven_data_pipeline.py
[2025-07-03T01:20:18.474+0000] {processor.py:925} INFO - DAG(s) 'extract_raw_data_pipeline' retrieved from /opt/airflow/dags/driven_data_pipeline.py
[2025-07-03T01:20:18.502+0000] {logging_mixin.py:190} INFO - [2025-07-03T01:20:18.502+0000] {dag.py:3239} INFO - Sync 1 DAGs
[2025-07-03T01:20:18.534+0000] {logging_mixin.py:190} INFO - [2025-07-03T01:20:18.534+0000] {dag.py:4180} INFO - Setting next_dagrun for extract_raw_data_pipeline to 2025-07-02 07:59:00+00:00, run_after=2025-07-03 07:00:00+00:00
[2025-07-03T01:20:18.575+0000] {processor.py:208} INFO - Processing /opt/airflow/dags/driven_data_pipeline.py took 0.344 seconds
[2025-07-03T01:20:48.844+0000] {processor.py:186} INFO - Started process (PID=13721) to work on /opt/airflow/dags/driven_data_pipeline.py
[2025-07-03T01:20:48.851+0000] {processor.py:914} INFO - Processing file /opt/airflow/dags/driven_data_pipeline.py for tasks to queue
[2025-07-03T01:20:48.854+0000] {logging_mixin.py:190} INFO - [2025-07-03T01:20:48.854+0000] {dagbag.py:588} INFO - Filling up the DagBag from /opt/airflow/dags/driven_data_pipeline.py
[2025-07-03T01:20:49.080+0000] {processor.py:925} INFO - DAG(s) 'extract_raw_data_pipeline' retrieved from /opt/airflow/dags/driven_data_pipeline.py
[2025-07-03T01:20:49.109+0000] {logging_mixin.py:190} INFO - [2025-07-03T01:20:49.109+0000] {dag.py:3239} INFO - Sync 1 DAGs
[2025-07-03T01:20:49.142+0000] {logging_mixin.py:190} INFO - [2025-07-03T01:20:49.141+0000] {dag.py:4180} INFO - Setting next_dagrun for extract_raw_data_pipeline to 2025-07-02 07:59:00+00:00, run_after=2025-07-03 07:00:00+00:00
[2025-07-03T01:20:49.213+0000] {processor.py:208} INFO - Processing /opt/airflow/dags/driven_data_pipeline.py took 0.379 seconds
[2025-07-03T01:21:19.348+0000] {processor.py:186} INFO - Started process (PID=13730) to work on /opt/airflow/dags/driven_data_pipeline.py
[2025-07-03T01:21:19.350+0000] {processor.py:914} INFO - Processing file /opt/airflow/dags/driven_data_pipeline.py for tasks to queue
[2025-07-03T01:21:19.354+0000] {logging_mixin.py:190} INFO - [2025-07-03T01:21:19.353+0000] {dagbag.py:588} INFO - Filling up the DagBag from /opt/airflow/dags/driven_data_pipeline.py
[2025-07-03T01:21:19.574+0000] {processor.py:925} INFO - DAG(s) 'extract_raw_data_pipeline' retrieved from /opt/airflow/dags/driven_data_pipeline.py
[2025-07-03T01:21:19.600+0000] {logging_mixin.py:190} INFO - [2025-07-03T01:21:19.600+0000] {dag.py:3239} INFO - Sync 1 DAGs
[2025-07-03T01:21:19.626+0000] {logging_mixin.py:190} INFO - [2025-07-03T01:21:19.626+0000] {dag.py:4180} INFO - Setting next_dagrun for extract_raw_data_pipeline to 2025-07-02 07:59:00+00:00, run_after=2025-07-03 07:00:00+00:00
[2025-07-03T01:21:20.743+0000] {processor.py:208} INFO - Processing /opt/airflow/dags/driven_data_pipeline.py took 1.421 seconds
[2025-07-03T01:21:50.989+0000] {processor.py:186} INFO - Started process (PID=13738) to work on /opt/airflow/dags/driven_data_pipeline.py
[2025-07-03T01:21:50.992+0000] {processor.py:914} INFO - Processing file /opt/airflow/dags/driven_data_pipeline.py for tasks to queue
[2025-07-03T01:21:51.002+0000] {logging_mixin.py:190} INFO - [2025-07-03T01:21:51.000+0000] {dagbag.py:588} INFO - Filling up the DagBag from /opt/airflow/dags/driven_data_pipeline.py
[2025-07-03T01:21:51.192+0000] {processor.py:925} INFO - DAG(s) 'extract_raw_data_pipeline' retrieved from /opt/airflow/dags/driven_data_pipeline.py
[2025-07-03T01:21:51.217+0000] {logging_mixin.py:190} INFO - [2025-07-03T01:21:51.217+0000] {dag.py:3239} INFO - Sync 1 DAGs
[2025-07-03T01:21:51.240+0000] {logging_mixin.py:190} INFO - [2025-07-03T01:21:51.240+0000] {dag.py:4180} INFO - Setting next_dagrun for extract_raw_data_pipeline to 2025-07-02 07:59:00+00:00, run_after=2025-07-03 07:00:00+00:00
[2025-07-03T01:21:51.782+0000] {processor.py:208} INFO - Processing /opt/airflow/dags/driven_data_pipeline.py took 0.821 seconds
[2025-07-03T01:22:22.186+0000] {processor.py:186} INFO - Started process (PID=13746) to work on /opt/airflow/dags/driven_data_pipeline.py
[2025-07-03T01:22:22.198+0000] {processor.py:914} INFO - Processing file /opt/airflow/dags/driven_data_pipeline.py for tasks to queue
[2025-07-03T01:22:22.203+0000] {logging_mixin.py:190} INFO - [2025-07-03T01:22:22.203+0000] {dagbag.py:588} INFO - Filling up the DagBag from /opt/airflow/dags/driven_data_pipeline.py
[2025-07-03T01:22:22.395+0000] {processor.py:925} INFO - DAG(s) 'extract_raw_data_pipeline' retrieved from /opt/airflow/dags/driven_data_pipeline.py
[2025-07-03T01:22:22.423+0000] {logging_mixin.py:190} INFO - [2025-07-03T01:22:22.422+0000] {dag.py:3239} INFO - Sync 1 DAGs
[2025-07-03T01:22:22.448+0000] {logging_mixin.py:190} INFO - [2025-07-03T01:22:22.448+0000] {dag.py:4180} INFO - Setting next_dagrun for extract_raw_data_pipeline to 2025-07-02 07:59:00+00:00, run_after=2025-07-03 07:00:00+00:00
[2025-07-03T01:22:22.520+0000] {processor.py:208} INFO - Processing /opt/airflow/dags/driven_data_pipeline.py took 0.350 seconds
[2025-07-03T01:22:52.703+0000] {processor.py:186} INFO - Started process (PID=13754) to work on /opt/airflow/dags/driven_data_pipeline.py
[2025-07-03T01:22:52.704+0000] {processor.py:914} INFO - Processing file /opt/airflow/dags/driven_data_pipeline.py for tasks to queue
[2025-07-03T01:22:52.706+0000] {logging_mixin.py:190} INFO - [2025-07-03T01:22:52.706+0000] {dagbag.py:588} INFO - Filling up the DagBag from /opt/airflow/dags/driven_data_pipeline.py
[2025-07-03T01:22:52.925+0000] {processor.py:925} INFO - DAG(s) 'extract_raw_data_pipeline' retrieved from /opt/airflow/dags/driven_data_pipeline.py
[2025-07-03T01:22:52.951+0000] {logging_mixin.py:190} INFO - [2025-07-03T01:22:52.951+0000] {dag.py:3239} INFO - Sync 1 DAGs
[2025-07-03T01:22:52.975+0000] {logging_mixin.py:190} INFO - [2025-07-03T01:22:52.975+0000] {dag.py:4180} INFO - Setting next_dagrun for extract_raw_data_pipeline to 2025-07-02 07:59:00+00:00, run_after=2025-07-03 07:00:00+00:00
[2025-07-03T01:22:53.010+0000] {processor.py:208} INFO - Processing /opt/airflow/dags/driven_data_pipeline.py took 0.314 seconds
[2025-07-03T01:23:23.332+0000] {processor.py:186} INFO - Started process (PID=13762) to work on /opt/airflow/dags/driven_data_pipeline.py
[2025-07-03T01:23:23.346+0000] {processor.py:914} INFO - Processing file /opt/airflow/dags/driven_data_pipeline.py for tasks to queue
[2025-07-03T01:23:23.349+0000] {logging_mixin.py:190} INFO - [2025-07-03T01:23:23.349+0000] {dagbag.py:588} INFO - Filling up the DagBag from /opt/airflow/dags/driven_data_pipeline.py
[2025-07-03T01:23:23.546+0000] {processor.py:925} INFO - DAG(s) 'extract_raw_data_pipeline' retrieved from /opt/airflow/dags/driven_data_pipeline.py
[2025-07-03T01:23:23.572+0000] {logging_mixin.py:190} INFO - [2025-07-03T01:23:23.572+0000] {dag.py:3239} INFO - Sync 1 DAGs
[2025-07-03T01:23:23.603+0000] {logging_mixin.py:190} INFO - [2025-07-03T01:23:23.602+0000] {dag.py:4180} INFO - Setting next_dagrun for extract_raw_data_pipeline to 2025-07-02 07:59:00+00:00, run_after=2025-07-03 07:00:00+00:00
[2025-07-03T01:23:23.636+0000] {processor.py:208} INFO - Processing /opt/airflow/dags/driven_data_pipeline.py took 0.318 seconds
[2025-07-03T01:23:53.751+0000] {processor.py:186} INFO - Started process (PID=13770) to work on /opt/airflow/dags/driven_data_pipeline.py
[2025-07-03T01:23:53.753+0000] {processor.py:914} INFO - Processing file /opt/airflow/dags/driven_data_pipeline.py for tasks to queue
[2025-07-03T01:23:53.756+0000] {logging_mixin.py:190} INFO - [2025-07-03T01:23:53.756+0000] {dagbag.py:588} INFO - Filling up the DagBag from /opt/airflow/dags/driven_data_pipeline.py
[2025-07-03T01:23:53.936+0000] {processor.py:925} INFO - DAG(s) 'extract_raw_data_pipeline' retrieved from /opt/airflow/dags/driven_data_pipeline.py
[2025-07-03T01:23:53.966+0000] {logging_mixin.py:190} INFO - [2025-07-03T01:23:53.966+0000] {dag.py:3239} INFO - Sync 1 DAGs
[2025-07-03T01:23:53.993+0000] {logging_mixin.py:190} INFO - [2025-07-03T01:23:53.993+0000] {dag.py:4180} INFO - Setting next_dagrun for extract_raw_data_pipeline to 2025-07-02 07:59:00+00:00, run_after=2025-07-03 07:00:00+00:00
[2025-07-03T01:23:54.043+0000] {processor.py:208} INFO - Processing /opt/airflow/dags/driven_data_pipeline.py took 0.302 seconds
[2025-07-03T01:24:24.315+0000] {processor.py:186} INFO - Started process (PID=13778) to work on /opt/airflow/dags/driven_data_pipeline.py
[2025-07-03T01:24:24.316+0000] {processor.py:914} INFO - Processing file /opt/airflow/dags/driven_data_pipeline.py for tasks to queue
[2025-07-03T01:24:24.319+0000] {logging_mixin.py:190} INFO - [2025-07-03T01:24:24.319+0000] {dagbag.py:588} INFO - Filling up the DagBag from /opt/airflow/dags/driven_data_pipeline.py
[2025-07-03T01:24:24.499+0000] {processor.py:925} INFO - DAG(s) 'extract_raw_data_pipeline' retrieved from /opt/airflow/dags/driven_data_pipeline.py
[2025-07-03T01:24:24.523+0000] {logging_mixin.py:190} INFO - [2025-07-03T01:24:24.522+0000] {dag.py:3239} INFO - Sync 1 DAGs
[2025-07-03T01:24:24.545+0000] {logging_mixin.py:190} INFO - [2025-07-03T01:24:24.545+0000] {dag.py:4180} INFO - Setting next_dagrun for extract_raw_data_pipeline to 2025-07-02 07:59:00+00:00, run_after=2025-07-03 07:00:00+00:00
[2025-07-03T01:24:24.584+0000] {processor.py:208} INFO - Processing /opt/airflow/dags/driven_data_pipeline.py took 0.279 seconds
[2025-07-03T01:24:54.716+0000] {processor.py:186} INFO - Started process (PID=13786) to work on /opt/airflow/dags/driven_data_pipeline.py
[2025-07-03T01:24:54.717+0000] {processor.py:914} INFO - Processing file /opt/airflow/dags/driven_data_pipeline.py for tasks to queue
[2025-07-03T01:24:54.720+0000] {logging_mixin.py:190} INFO - [2025-07-03T01:24:54.719+0000] {dagbag.py:588} INFO - Filling up the DagBag from /opt/airflow/dags/driven_data_pipeline.py
[2025-07-03T01:24:54.945+0000] {processor.py:925} INFO - DAG(s) 'extract_raw_data_pipeline' retrieved from /opt/airflow/dags/driven_data_pipeline.py
[2025-07-03T01:24:54.970+0000] {logging_mixin.py:190} INFO - [2025-07-03T01:24:54.969+0000] {dag.py:3239} INFO - Sync 1 DAGs
[2025-07-03T01:24:54.992+0000] {logging_mixin.py:190} INFO - [2025-07-03T01:24:54.992+0000] {dag.py:4180} INFO - Setting next_dagrun for extract_raw_data_pipeline to 2025-07-02 07:59:00+00:00, run_after=2025-07-03 07:00:00+00:00
[2025-07-03T01:24:55.031+0000] {processor.py:208} INFO - Processing /opt/airflow/dags/driven_data_pipeline.py took 0.328 seconds
[2025-07-03T01:25:25.292+0000] {processor.py:186} INFO - Started process (PID=13794) to work on /opt/airflow/dags/driven_data_pipeline.py
[2025-07-03T01:25:25.300+0000] {processor.py:914} INFO - Processing file /opt/airflow/dags/driven_data_pipeline.py for tasks to queue
[2025-07-03T01:25:25.304+0000] {logging_mixin.py:190} INFO - [2025-07-03T01:25:25.303+0000] {dagbag.py:588} INFO - Filling up the DagBag from /opt/airflow/dags/driven_data_pipeline.py
[2025-07-03T01:25:25.487+0000] {processor.py:925} INFO - DAG(s) 'extract_raw_data_pipeline' retrieved from /opt/airflow/dags/driven_data_pipeline.py
[2025-07-03T01:25:25.512+0000] {logging_mixin.py:190} INFO - [2025-07-03T01:25:25.512+0000] {dag.py:3239} INFO - Sync 1 DAGs
[2025-07-03T01:25:25.539+0000] {logging_mixin.py:190} INFO - [2025-07-03T01:25:25.538+0000] {dag.py:4180} INFO - Setting next_dagrun for extract_raw_data_pipeline to 2025-07-02 07:59:00+00:00, run_after=2025-07-03 07:00:00+00:00
[2025-07-03T01:25:25.573+0000] {processor.py:208} INFO - Processing /opt/airflow/dags/driven_data_pipeline.py took 0.291 seconds
[2025-07-03T01:25:55.806+0000] {processor.py:186} INFO - Started process (PID=13802) to work on /opt/airflow/dags/driven_data_pipeline.py
[2025-07-03T01:25:55.807+0000] {processor.py:914} INFO - Processing file /opt/airflow/dags/driven_data_pipeline.py for tasks to queue
[2025-07-03T01:25:55.813+0000] {logging_mixin.py:190} INFO - [2025-07-03T01:25:55.812+0000] {dagbag.py:588} INFO - Filling up the DagBag from /opt/airflow/dags/driven_data_pipeline.py
[2025-07-03T01:25:55.995+0000] {processor.py:925} INFO - DAG(s) 'extract_raw_data_pipeline' retrieved from /opt/airflow/dags/driven_data_pipeline.py
[2025-07-03T01:25:56.023+0000] {logging_mixin.py:190} INFO - [2025-07-03T01:25:56.022+0000] {dag.py:3239} INFO - Sync 1 DAGs
[2025-07-03T01:25:56.046+0000] {logging_mixin.py:190} INFO - [2025-07-03T01:25:56.046+0000] {dag.py:4180} INFO - Setting next_dagrun for extract_raw_data_pipeline to 2025-07-02 07:59:00+00:00, run_after=2025-07-03 07:00:00+00:00
[2025-07-03T01:25:56.081+0000] {processor.py:208} INFO - Processing /opt/airflow/dags/driven_data_pipeline.py took 0.291 seconds
[2025-07-03T01:26:26.341+0000] {processor.py:186} INFO - Started process (PID=13810) to work on /opt/airflow/dags/driven_data_pipeline.py
[2025-07-03T01:26:26.354+0000] {processor.py:914} INFO - Processing file /opt/airflow/dags/driven_data_pipeline.py for tasks to queue
[2025-07-03T01:26:26.357+0000] {logging_mixin.py:190} INFO - [2025-07-03T01:26:26.357+0000] {dagbag.py:588} INFO - Filling up the DagBag from /opt/airflow/dags/driven_data_pipeline.py
[2025-07-03T01:26:26.564+0000] {processor.py:925} INFO - DAG(s) 'extract_raw_data_pipeline' retrieved from /opt/airflow/dags/driven_data_pipeline.py
[2025-07-03T01:26:26.595+0000] {logging_mixin.py:190} INFO - [2025-07-03T01:26:26.595+0000] {dag.py:3239} INFO - Sync 1 DAGs
[2025-07-03T01:26:26.618+0000] {logging_mixin.py:190} INFO - [2025-07-03T01:26:26.618+0000] {dag.py:4180} INFO - Setting next_dagrun for extract_raw_data_pipeline to 2025-07-02 07:59:00+00:00, run_after=2025-07-03 07:00:00+00:00
[2025-07-03T01:26:26.650+0000] {processor.py:208} INFO - Processing /opt/airflow/dags/driven_data_pipeline.py took 0.318 seconds
[2025-07-03T01:26:56.838+0000] {processor.py:186} INFO - Started process (PID=13818) to work on /opt/airflow/dags/driven_data_pipeline.py
[2025-07-03T01:26:56.839+0000] {processor.py:914} INFO - Processing file /opt/airflow/dags/driven_data_pipeline.py for tasks to queue
[2025-07-03T01:26:56.843+0000] {logging_mixin.py:190} INFO - [2025-07-03T01:26:56.843+0000] {dagbag.py:588} INFO - Filling up the DagBag from /opt/airflow/dags/driven_data_pipeline.py
[2025-07-03T01:26:57.022+0000] {processor.py:925} INFO - DAG(s) 'extract_raw_data_pipeline' retrieved from /opt/airflow/dags/driven_data_pipeline.py
[2025-07-03T01:26:57.046+0000] {logging_mixin.py:190} INFO - [2025-07-03T01:26:57.045+0000] {dag.py:3239} INFO - Sync 1 DAGs
[2025-07-03T01:26:57.069+0000] {logging_mixin.py:190} INFO - [2025-07-03T01:26:57.068+0000] {dag.py:4180} INFO - Setting next_dagrun for extract_raw_data_pipeline to 2025-07-02 07:59:00+00:00, run_after=2025-07-03 07:00:00+00:00
[2025-07-03T01:26:57.880+0000] {processor.py:208} INFO - Processing /opt/airflow/dags/driven_data_pipeline.py took 1.052 seconds
[2025-07-03T01:27:28.198+0000] {processor.py:186} INFO - Started process (PID=13826) to work on /opt/airflow/dags/driven_data_pipeline.py
[2025-07-03T01:27:28.205+0000] {processor.py:914} INFO - Processing file /opt/airflow/dags/driven_data_pipeline.py for tasks to queue
[2025-07-03T01:27:28.208+0000] {logging_mixin.py:190} INFO - [2025-07-03T01:27:28.207+0000] {dagbag.py:588} INFO - Filling up the DagBag from /opt/airflow/dags/driven_data_pipeline.py
[2025-07-03T01:27:28.380+0000] {processor.py:925} INFO - DAG(s) 'extract_raw_data_pipeline' retrieved from /opt/airflow/dags/driven_data_pipeline.py
[2025-07-03T01:27:28.404+0000] {logging_mixin.py:190} INFO - [2025-07-03T01:27:28.404+0000] {dag.py:3239} INFO - Sync 1 DAGs
[2025-07-03T01:27:28.429+0000] {logging_mixin.py:190} INFO - [2025-07-03T01:27:28.429+0000] {dag.py:4180} INFO - Setting next_dagrun for extract_raw_data_pipeline to 2025-07-02 07:59:00+00:00, run_after=2025-07-03 07:00:00+00:00
[2025-07-03T01:27:28.470+0000] {processor.py:208} INFO - Processing /opt/airflow/dags/driven_data_pipeline.py took 0.282 seconds
[2025-07-03T01:27:58.577+0000] {processor.py:186} INFO - Started process (PID=13834) to work on /opt/airflow/dags/driven_data_pipeline.py
[2025-07-03T01:27:58.578+0000] {processor.py:914} INFO - Processing file /opt/airflow/dags/driven_data_pipeline.py for tasks to queue
[2025-07-03T01:27:58.582+0000] {logging_mixin.py:190} INFO - [2025-07-03T01:27:58.582+0000] {dagbag.py:588} INFO - Filling up the DagBag from /opt/airflow/dags/driven_data_pipeline.py
[2025-07-03T01:27:58.764+0000] {processor.py:925} INFO - DAG(s) 'extract_raw_data_pipeline' retrieved from /opt/airflow/dags/driven_data_pipeline.py
[2025-07-03T01:27:58.792+0000] {logging_mixin.py:190} INFO - [2025-07-03T01:27:58.792+0000] {dag.py:3239} INFO - Sync 1 DAGs
[2025-07-03T01:27:58.815+0000] {logging_mixin.py:190} INFO - [2025-07-03T01:27:58.815+0000] {dag.py:4180} INFO - Setting next_dagrun for extract_raw_data_pipeline to 2025-07-02 07:59:00+00:00, run_after=2025-07-03 07:00:00+00:00
[2025-07-03T01:27:58.849+0000] {processor.py:208} INFO - Processing /opt/airflow/dags/driven_data_pipeline.py took 0.284 seconds
[2025-07-03T01:28:29.140+0000] {processor.py:186} INFO - Started process (PID=13842) to work on /opt/airflow/dags/driven_data_pipeline.py
[2025-07-03T01:28:29.151+0000] {processor.py:914} INFO - Processing file /opt/airflow/dags/driven_data_pipeline.py for tasks to queue
[2025-07-03T01:28:29.155+0000] {logging_mixin.py:190} INFO - [2025-07-03T01:28:29.154+0000] {dagbag.py:588} INFO - Filling up the DagBag from /opt/airflow/dags/driven_data_pipeline.py
[2025-07-03T01:28:29.359+0000] {processor.py:925} INFO - DAG(s) 'extract_raw_data_pipeline' retrieved from /opt/airflow/dags/driven_data_pipeline.py
[2025-07-03T01:28:29.387+0000] {logging_mixin.py:190} INFO - [2025-07-03T01:28:29.387+0000] {dag.py:3239} INFO - Sync 1 DAGs
[2025-07-03T01:28:29.413+0000] {logging_mixin.py:190} INFO - [2025-07-03T01:28:29.413+0000] {dag.py:4180} INFO - Setting next_dagrun for extract_raw_data_pipeline to 2025-07-02 07:59:00+00:00, run_after=2025-07-03 07:00:00+00:00
[2025-07-03T01:28:29.460+0000] {processor.py:208} INFO - Processing /opt/airflow/dags/driven_data_pipeline.py took 0.329 seconds
[2025-07-03T01:28:59.593+0000] {processor.py:186} INFO - Started process (PID=13850) to work on /opt/airflow/dags/driven_data_pipeline.py
[2025-07-03T01:28:59.594+0000] {processor.py:914} INFO - Processing file /opt/airflow/dags/driven_data_pipeline.py for tasks to queue
[2025-07-03T01:28:59.597+0000] {logging_mixin.py:190} INFO - [2025-07-03T01:28:59.597+0000] {dagbag.py:588} INFO - Filling up the DagBag from /opt/airflow/dags/driven_data_pipeline.py
[2025-07-03T01:28:59.777+0000] {processor.py:925} INFO - DAG(s) 'extract_raw_data_pipeline' retrieved from /opt/airflow/dags/driven_data_pipeline.py
[2025-07-03T01:28:59.802+0000] {logging_mixin.py:190} INFO - [2025-07-03T01:28:59.801+0000] {dag.py:3239} INFO - Sync 1 DAGs
[2025-07-03T01:28:59.825+0000] {logging_mixin.py:190} INFO - [2025-07-03T01:28:59.825+0000] {dag.py:4180} INFO - Setting next_dagrun for extract_raw_data_pipeline to 2025-07-02 07:59:00+00:00, run_after=2025-07-03 07:00:00+00:00
[2025-07-03T01:28:59.859+0000] {processor.py:208} INFO - Processing /opt/airflow/dags/driven_data_pipeline.py took 0.276 seconds
[2025-07-03T01:29:30.145+0000] {processor.py:186} INFO - Started process (PID=13858) to work on /opt/airflow/dags/driven_data_pipeline.py
[2025-07-03T01:29:30.150+0000] {processor.py:914} INFO - Processing file /opt/airflow/dags/driven_data_pipeline.py for tasks to queue
[2025-07-03T01:29:30.153+0000] {logging_mixin.py:190} INFO - [2025-07-03T01:29:30.152+0000] {dagbag.py:588} INFO - Filling up the DagBag from /opt/airflow/dags/driven_data_pipeline.py
[2025-07-03T01:29:30.329+0000] {processor.py:925} INFO - DAG(s) 'extract_raw_data_pipeline' retrieved from /opt/airflow/dags/driven_data_pipeline.py
[2025-07-03T01:29:30.353+0000] {logging_mixin.py:190} INFO - [2025-07-03T01:29:30.353+0000] {dag.py:3239} INFO - Sync 1 DAGs
[2025-07-03T01:29:30.378+0000] {logging_mixin.py:190} INFO - [2025-07-03T01:29:30.378+0000] {dag.py:4180} INFO - Setting next_dagrun for extract_raw_data_pipeline to 2025-07-02 07:59:00+00:00, run_after=2025-07-03 07:00:00+00:00
[2025-07-03T01:29:30.414+0000] {processor.py:208} INFO - Processing /opt/airflow/dags/driven_data_pipeline.py took 0.278 seconds
[2025-07-03T01:30:00.471+0000] {processor.py:186} INFO - Started process (PID=13866) to work on /opt/airflow/dags/driven_data_pipeline.py
[2025-07-03T01:30:00.471+0000] {processor.py:914} INFO - Processing file /opt/airflow/dags/driven_data_pipeline.py for tasks to queue
[2025-07-03T01:30:00.474+0000] {logging_mixin.py:190} INFO - [2025-07-03T01:30:00.473+0000] {dagbag.py:588} INFO - Filling up the DagBag from /opt/airflow/dags/driven_data_pipeline.py
[2025-07-03T01:30:00.650+0000] {processor.py:925} INFO - DAG(s) 'extract_raw_data_pipeline' retrieved from /opt/airflow/dags/driven_data_pipeline.py
[2025-07-03T01:30:00.676+0000] {logging_mixin.py:190} INFO - [2025-07-03T01:30:00.676+0000] {dag.py:3239} INFO - Sync 1 DAGs
[2025-07-03T01:30:00.699+0000] {logging_mixin.py:190} INFO - [2025-07-03T01:30:00.699+0000] {dag.py:4180} INFO - Setting next_dagrun for extract_raw_data_pipeline to 2025-07-02 07:59:00+00:00, run_after=2025-07-03 07:00:00+00:00
[2025-07-03T01:30:00.735+0000] {processor.py:208} INFO - Processing /opt/airflow/dags/driven_data_pipeline.py took 0.272 seconds
[2025-07-03T01:30:31.098+0000] {processor.py:186} INFO - Started process (PID=13874) to work on /opt/airflow/dags/driven_data_pipeline.py
[2025-07-03T01:30:31.105+0000] {processor.py:914} INFO - Processing file /opt/airflow/dags/driven_data_pipeline.py for tasks to queue
[2025-07-03T01:30:31.108+0000] {logging_mixin.py:190} INFO - [2025-07-03T01:30:31.107+0000] {dagbag.py:588} INFO - Filling up the DagBag from /opt/airflow/dags/driven_data_pipeline.py
[2025-07-03T01:30:31.295+0000] {processor.py:925} INFO - DAG(s) 'extract_raw_data_pipeline' retrieved from /opt/airflow/dags/driven_data_pipeline.py
[2025-07-03T01:30:31.319+0000] {logging_mixin.py:190} INFO - [2025-07-03T01:30:31.319+0000] {dag.py:3239} INFO - Sync 1 DAGs
[2025-07-03T01:30:31.343+0000] {logging_mixin.py:190} INFO - [2025-07-03T01:30:31.342+0000] {dag.py:4180} INFO - Setting next_dagrun for extract_raw_data_pipeline to 2025-07-02 07:59:00+00:00, run_after=2025-07-03 07:00:00+00:00
[2025-07-03T01:30:31.383+0000] {processor.py:208} INFO - Processing /opt/airflow/dags/driven_data_pipeline.py took 0.295 seconds
[2025-07-03T01:31:01.451+0000] {processor.py:186} INFO - Started process (PID=13882) to work on /opt/airflow/dags/driven_data_pipeline.py
[2025-07-03T01:31:01.451+0000] {processor.py:914} INFO - Processing file /opt/airflow/dags/driven_data_pipeline.py for tasks to queue
[2025-07-03T01:31:01.454+0000] {logging_mixin.py:190} INFO - [2025-07-03T01:31:01.453+0000] {dagbag.py:588} INFO - Filling up the DagBag from /opt/airflow/dags/driven_data_pipeline.py
[2025-07-03T01:31:01.626+0000] {processor.py:925} INFO - DAG(s) 'extract_raw_data_pipeline' retrieved from /opt/airflow/dags/driven_data_pipeline.py
[2025-07-03T01:31:01.650+0000] {logging_mixin.py:190} INFO - [2025-07-03T01:31:01.650+0000] {dag.py:3239} INFO - Sync 1 DAGs
[2025-07-03T01:31:01.673+0000] {logging_mixin.py:190} INFO - [2025-07-03T01:31:01.673+0000] {dag.py:4180} INFO - Setting next_dagrun for extract_raw_data_pipeline to 2025-07-02 07:59:00+00:00, run_after=2025-07-03 07:00:00+00:00
[2025-07-03T01:31:01.706+0000] {processor.py:208} INFO - Processing /opt/airflow/dags/driven_data_pipeline.py took 0.262 seconds
[2025-07-03T01:31:32.047+0000] {processor.py:186} INFO - Started process (PID=13890) to work on /opt/airflow/dags/driven_data_pipeline.py
[2025-07-03T01:31:32.236+0000] {processor.py:914} INFO - Processing file /opt/airflow/dags/driven_data_pipeline.py for tasks to queue
[2025-07-03T01:31:32.245+0000] {logging_mixin.py:190} INFO - [2025-07-03T01:31:32.243+0000] {dagbag.py:588} INFO - Filling up the DagBag from /opt/airflow/dags/driven_data_pipeline.py
[2025-07-03T01:31:32.440+0000] {processor.py:925} INFO - DAG(s) 'extract_raw_data_pipeline' retrieved from /opt/airflow/dags/driven_data_pipeline.py
[2025-07-03T01:31:32.472+0000] {logging_mixin.py:190} INFO - [2025-07-03T01:31:32.472+0000] {dag.py:3239} INFO - Sync 1 DAGs
[2025-07-03T01:31:32.503+0000] {logging_mixin.py:190} INFO - [2025-07-03T01:31:32.503+0000] {dag.py:4180} INFO - Setting next_dagrun for extract_raw_data_pipeline to 2025-07-02 07:59:00+00:00, run_after=2025-07-03 07:00:00+00:00
[2025-07-03T01:31:33.086+0000] {processor.py:208} INFO - Processing /opt/airflow/dags/driven_data_pipeline.py took 1.048 seconds
[2025-07-03T01:32:03.450+0000] {processor.py:186} INFO - Started process (PID=13898) to work on /opt/airflow/dags/driven_data_pipeline.py
[2025-07-03T01:32:03.451+0000] {processor.py:914} INFO - Processing file /opt/airflow/dags/driven_data_pipeline.py for tasks to queue
[2025-07-03T01:32:03.454+0000] {logging_mixin.py:190} INFO - [2025-07-03T01:32:03.454+0000] {dagbag.py:588} INFO - Filling up the DagBag from /opt/airflow/dags/driven_data_pipeline.py
[2025-07-03T01:32:03.634+0000] {processor.py:925} INFO - DAG(s) 'extract_raw_data_pipeline' retrieved from /opt/airflow/dags/driven_data_pipeline.py
[2025-07-03T01:32:03.661+0000] {logging_mixin.py:190} INFO - [2025-07-03T01:32:03.660+0000] {dag.py:3239} INFO - Sync 1 DAGs
[2025-07-03T01:32:03.687+0000] {logging_mixin.py:190} INFO - [2025-07-03T01:32:03.687+0000] {dag.py:4180} INFO - Setting next_dagrun for extract_raw_data_pipeline to 2025-07-02 07:59:00+00:00, run_after=2025-07-03 07:00:00+00:00
[2025-07-03T01:32:04.126+0000] {processor.py:208} INFO - Processing /opt/airflow/dags/driven_data_pipeline.py took 0.686 seconds
[2025-07-03T01:32:34.504+0000] {processor.py:186} INFO - Started process (PID=13906) to work on /opt/airflow/dags/driven_data_pipeline.py
[2025-07-03T01:32:34.530+0000] {processor.py:914} INFO - Processing file /opt/airflow/dags/driven_data_pipeline.py for tasks to queue
[2025-07-03T01:32:34.533+0000] {logging_mixin.py:190} INFO - [2025-07-03T01:32:34.532+0000] {dagbag.py:588} INFO - Filling up the DagBag from /opt/airflow/dags/driven_data_pipeline.py
[2025-07-03T01:32:34.770+0000] {processor.py:925} INFO - DAG(s) 'extract_raw_data_pipeline' retrieved from /opt/airflow/dags/driven_data_pipeline.py
[2025-07-03T01:32:34.800+0000] {logging_mixin.py:190} INFO - [2025-07-03T01:32:34.800+0000] {dag.py:3239} INFO - Sync 1 DAGs
[2025-07-03T01:32:34.826+0000] {logging_mixin.py:190} INFO - [2025-07-03T01:32:34.826+0000] {dag.py:4180} INFO - Setting next_dagrun for extract_raw_data_pipeline to 2025-07-02 07:59:00+00:00, run_after=2025-07-03 07:00:00+00:00
[2025-07-03T01:32:36.138+0000] {processor.py:208} INFO - Processing /opt/airflow/dags/driven_data_pipeline.py took 1.645 seconds
[2025-07-03T01:33:06.494+0000] {processor.py:186} INFO - Started process (PID=13914) to work on /opt/airflow/dags/driven_data_pipeline.py
[2025-07-03T01:33:06.494+0000] {processor.py:914} INFO - Processing file /opt/airflow/dags/driven_data_pipeline.py for tasks to queue
[2025-07-03T01:33:06.497+0000] {logging_mixin.py:190} INFO - [2025-07-03T01:33:06.497+0000] {dagbag.py:588} INFO - Filling up the DagBag from /opt/airflow/dags/driven_data_pipeline.py
[2025-07-03T01:33:06.761+0000] {processor.py:925} INFO - DAG(s) 'extract_raw_data_pipeline' retrieved from /opt/airflow/dags/driven_data_pipeline.py
[2025-07-03T01:33:06.793+0000] {logging_mixin.py:190} INFO - [2025-07-03T01:33:06.792+0000] {dag.py:3239} INFO - Sync 1 DAGs
[2025-07-03T01:33:06.819+0000] {logging_mixin.py:190} INFO - [2025-07-03T01:33:06.818+0000] {dag.py:4180} INFO - Setting next_dagrun for extract_raw_data_pipeline to 2025-07-02 07:59:00+00:00, run_after=2025-07-03 07:00:00+00:00
[2025-07-03T01:33:06.871+0000] {processor.py:208} INFO - Processing /opt/airflow/dags/driven_data_pipeline.py took 0.387 seconds
[2025-07-03T01:33:37.287+0000] {processor.py:186} INFO - Started process (PID=13922) to work on /opt/airflow/dags/driven_data_pipeline.py
[2025-07-03T01:33:37.297+0000] {processor.py:914} INFO - Processing file /opt/airflow/dags/driven_data_pipeline.py for tasks to queue
[2025-07-03T01:33:37.299+0000] {logging_mixin.py:190} INFO - [2025-07-03T01:33:37.299+0000] {dagbag.py:588} INFO - Filling up the DagBag from /opt/airflow/dags/driven_data_pipeline.py
[2025-07-03T01:33:37.478+0000] {processor.py:925} INFO - DAG(s) 'extract_raw_data_pipeline' retrieved from /opt/airflow/dags/driven_data_pipeline.py
[2025-07-03T01:33:37.507+0000] {logging_mixin.py:190} INFO - [2025-07-03T01:33:37.507+0000] {dag.py:3239} INFO - Sync 1 DAGs
[2025-07-03T01:33:37.532+0000] {logging_mixin.py:190} INFO - [2025-07-03T01:33:37.532+0000] {dag.py:4180} INFO - Setting next_dagrun for extract_raw_data_pipeline to 2025-07-02 07:59:00+00:00, run_after=2025-07-03 07:00:00+00:00
[2025-07-03T01:33:37.583+0000] {processor.py:208} INFO - Processing /opt/airflow/dags/driven_data_pipeline.py took 0.305 seconds
[2025-07-03T01:34:08.017+0000] {processor.py:186} INFO - Started process (PID=13930) to work on /opt/airflow/dags/driven_data_pipeline.py
[2025-07-03T01:34:08.018+0000] {processor.py:914} INFO - Processing file /opt/airflow/dags/driven_data_pipeline.py for tasks to queue
[2025-07-03T01:34:08.020+0000] {logging_mixin.py:190} INFO - [2025-07-03T01:34:08.020+0000] {dagbag.py:588} INFO - Filling up the DagBag from /opt/airflow/dags/driven_data_pipeline.py
[2025-07-03T01:34:08.192+0000] {processor.py:925} INFO - DAG(s) 'extract_raw_data_pipeline' retrieved from /opt/airflow/dags/driven_data_pipeline.py
[2025-07-03T01:34:08.218+0000] {logging_mixin.py:190} INFO - [2025-07-03T01:34:08.218+0000] {dag.py:3239} INFO - Sync 1 DAGs
[2025-07-03T01:34:08.241+0000] {logging_mixin.py:190} INFO - [2025-07-03T01:34:08.240+0000] {dag.py:4180} INFO - Setting next_dagrun for extract_raw_data_pipeline to 2025-07-02 07:59:00+00:00, run_after=2025-07-03 07:00:00+00:00
[2025-07-03T01:34:08.280+0000] {processor.py:208} INFO - Processing /opt/airflow/dags/driven_data_pipeline.py took 0.272 seconds
[2025-07-03T01:34:38.394+0000] {processor.py:186} INFO - Started process (PID=13938) to work on /opt/airflow/dags/driven_data_pipeline.py
[2025-07-03T01:34:38.394+0000] {processor.py:914} INFO - Processing file /opt/airflow/dags/driven_data_pipeline.py for tasks to queue
[2025-07-03T01:34:38.396+0000] {logging_mixin.py:190} INFO - [2025-07-03T01:34:38.396+0000] {dagbag.py:588} INFO - Filling up the DagBag from /opt/airflow/dags/driven_data_pipeline.py
[2025-07-03T01:34:38.633+0000] {processor.py:925} INFO - DAG(s) 'extract_raw_data_pipeline' retrieved from /opt/airflow/dags/driven_data_pipeline.py
[2025-07-03T01:34:38.665+0000] {logging_mixin.py:190} INFO - [2025-07-03T01:34:38.664+0000] {dag.py:3239} INFO - Sync 1 DAGs
[2025-07-03T01:34:38.694+0000] {logging_mixin.py:190} INFO - [2025-07-03T01:34:38.694+0000] {dag.py:4180} INFO - Setting next_dagrun for extract_raw_data_pipeline to 2025-07-02 07:59:00+00:00, run_after=2025-07-03 07:00:00+00:00
[2025-07-03T01:34:38.729+0000] {processor.py:208} INFO - Processing /opt/airflow/dags/driven_data_pipeline.py took 0.344 seconds
[2025-07-03T01:35:09.066+0000] {processor.py:186} INFO - Started process (PID=13946) to work on /opt/airflow/dags/driven_data_pipeline.py
[2025-07-03T01:35:09.074+0000] {processor.py:914} INFO - Processing file /opt/airflow/dags/driven_data_pipeline.py for tasks to queue
[2025-07-03T01:35:09.080+0000] {logging_mixin.py:190} INFO - [2025-07-03T01:35:09.079+0000] {dagbag.py:588} INFO - Filling up the DagBag from /opt/airflow/dags/driven_data_pipeline.py
[2025-07-03T01:35:09.293+0000] {processor.py:925} INFO - DAG(s) 'extract_raw_data_pipeline' retrieved from /opt/airflow/dags/driven_data_pipeline.py
[2025-07-03T01:35:09.317+0000] {logging_mixin.py:190} INFO - [2025-07-03T01:35:09.317+0000] {dag.py:3239} INFO - Sync 1 DAGs
[2025-07-03T01:35:09.341+0000] {logging_mixin.py:190} INFO - [2025-07-03T01:35:09.340+0000] {dag.py:4180} INFO - Setting next_dagrun for extract_raw_data_pipeline to 2025-07-02 07:59:00+00:00, run_after=2025-07-03 07:00:00+00:00
[2025-07-03T01:35:09.390+0000] {processor.py:208} INFO - Processing /opt/airflow/dags/driven_data_pipeline.py took 0.343 seconds
[2025-07-03T01:35:39.751+0000] {processor.py:186} INFO - Started process (PID=13954) to work on /opt/airflow/dags/driven_data_pipeline.py
[2025-07-03T01:35:39.755+0000] {processor.py:914} INFO - Processing file /opt/airflow/dags/driven_data_pipeline.py for tasks to queue
[2025-07-03T01:35:39.763+0000] {logging_mixin.py:190} INFO - [2025-07-03T01:35:39.763+0000] {dagbag.py:588} INFO - Filling up the DagBag from /opt/airflow/dags/driven_data_pipeline.py
[2025-07-03T01:35:39.974+0000] {processor.py:925} INFO - DAG(s) 'extract_raw_data_pipeline' retrieved from /opt/airflow/dags/driven_data_pipeline.py
[2025-07-03T01:35:40.002+0000] {logging_mixin.py:190} INFO - [2025-07-03T01:35:40.002+0000] {dag.py:3239} INFO - Sync 1 DAGs
[2025-07-03T01:35:40.030+0000] {logging_mixin.py:190} INFO - [2025-07-03T01:35:40.030+0000] {dag.py:4180} INFO - Setting next_dagrun for extract_raw_data_pipeline to 2025-07-02 07:59:00+00:00, run_after=2025-07-03 07:00:00+00:00
[2025-07-03T01:35:40.074+0000] {processor.py:208} INFO - Processing /opt/airflow/dags/driven_data_pipeline.py took 0.360 seconds
[2025-07-03T01:36:10.404+0000] {processor.py:186} INFO - Started process (PID=13962) to work on /opt/airflow/dags/driven_data_pipeline.py
[2025-07-03T01:36:10.406+0000] {processor.py:914} INFO - Processing file /opt/airflow/dags/driven_data_pipeline.py for tasks to queue
[2025-07-03T01:36:10.409+0000] {logging_mixin.py:190} INFO - [2025-07-03T01:36:10.409+0000] {dagbag.py:588} INFO - Filling up the DagBag from /opt/airflow/dags/driven_data_pipeline.py
[2025-07-03T01:36:10.644+0000] {processor.py:925} INFO - DAG(s) 'extract_raw_data_pipeline' retrieved from /opt/airflow/dags/driven_data_pipeline.py
[2025-07-03T01:36:10.672+0000] {logging_mixin.py:190} INFO - [2025-07-03T01:36:10.672+0000] {dag.py:3239} INFO - Sync 1 DAGs
[2025-07-03T01:36:10.698+0000] {logging_mixin.py:190} INFO - [2025-07-03T01:36:10.698+0000] {dag.py:4180} INFO - Setting next_dagrun for extract_raw_data_pipeline to 2025-07-02 07:59:00+00:00, run_after=2025-07-03 07:00:00+00:00
[2025-07-03T01:36:10.733+0000] {processor.py:208} INFO - Processing /opt/airflow/dags/driven_data_pipeline.py took 0.343 seconds
[2025-07-03T01:36:41.102+0000] {processor.py:186} INFO - Started process (PID=13970) to work on /opt/airflow/dags/driven_data_pipeline.py
[2025-07-03T01:36:41.103+0000] {processor.py:914} INFO - Processing file /opt/airflow/dags/driven_data_pipeline.py for tasks to queue
[2025-07-03T01:36:41.106+0000] {logging_mixin.py:190} INFO - [2025-07-03T01:36:41.106+0000] {dagbag.py:588} INFO - Filling up the DagBag from /opt/airflow/dags/driven_data_pipeline.py
[2025-07-03T01:36:41.289+0000] {processor.py:925} INFO - DAG(s) 'extract_raw_data_pipeline' retrieved from /opt/airflow/dags/driven_data_pipeline.py
[2025-07-03T01:36:41.314+0000] {logging_mixin.py:190} INFO - [2025-07-03T01:36:41.313+0000] {dag.py:3239} INFO - Sync 1 DAGs
[2025-07-03T01:36:41.337+0000] {logging_mixin.py:190} INFO - [2025-07-03T01:36:41.336+0000] {dag.py:4180} INFO - Setting next_dagrun for extract_raw_data_pipeline to 2025-07-02 07:59:00+00:00, run_after=2025-07-03 07:00:00+00:00
[2025-07-03T01:36:41.390+0000] {processor.py:208} INFO - Processing /opt/airflow/dags/driven_data_pipeline.py took 0.296 seconds
[2025-07-03T01:37:11.465+0000] {processor.py:186} INFO - Started process (PID=13978) to work on /opt/airflow/dags/driven_data_pipeline.py
[2025-07-03T01:37:11.467+0000] {processor.py:914} INFO - Processing file /opt/airflow/dags/driven_data_pipeline.py for tasks to queue
[2025-07-03T01:37:11.470+0000] {logging_mixin.py:190} INFO - [2025-07-03T01:37:11.470+0000] {dagbag.py:588} INFO - Filling up the DagBag from /opt/airflow/dags/driven_data_pipeline.py
[2025-07-03T01:37:11.669+0000] {processor.py:925} INFO - DAG(s) 'extract_raw_data_pipeline' retrieved from /opt/airflow/dags/driven_data_pipeline.py
[2025-07-03T01:37:11.695+0000] {logging_mixin.py:190} INFO - [2025-07-03T01:37:11.695+0000] {dag.py:3239} INFO - Sync 1 DAGs
[2025-07-03T01:37:11.720+0000] {logging_mixin.py:190} INFO - [2025-07-03T01:37:11.720+0000] {dag.py:4180} INFO - Setting next_dagrun for extract_raw_data_pipeline to 2025-07-02 07:59:00+00:00, run_after=2025-07-03 07:00:00+00:00
[2025-07-03T01:37:11.783+0000] {processor.py:208} INFO - Processing /opt/airflow/dags/driven_data_pipeline.py took 0.327 seconds
[2025-07-03T01:37:42.089+0000] {processor.py:186} INFO - Started process (PID=13986) to work on /opt/airflow/dags/driven_data_pipeline.py
[2025-07-03T01:37:42.108+0000] {processor.py:914} INFO - Processing file /opt/airflow/dags/driven_data_pipeline.py for tasks to queue
[2025-07-03T01:37:42.118+0000] {logging_mixin.py:190} INFO - [2025-07-03T01:37:42.116+0000] {dagbag.py:588} INFO - Filling up the DagBag from /opt/airflow/dags/driven_data_pipeline.py
[2025-07-03T01:37:42.333+0000] {processor.py:925} INFO - DAG(s) 'extract_raw_data_pipeline' retrieved from /opt/airflow/dags/driven_data_pipeline.py
[2025-07-03T01:37:42.363+0000] {logging_mixin.py:190} INFO - [2025-07-03T01:37:42.363+0000] {dag.py:3239} INFO - Sync 1 DAGs
[2025-07-03T01:37:42.393+0000] {logging_mixin.py:190} INFO - [2025-07-03T01:37:42.392+0000] {dag.py:4180} INFO - Setting next_dagrun for extract_raw_data_pipeline to 2025-07-02 07:59:00+00:00, run_after=2025-07-03 07:00:00+00:00
[2025-07-03T01:37:42.449+0000] {processor.py:208} INFO - Processing /opt/airflow/dags/driven_data_pipeline.py took 0.372 seconds
[2025-07-03T01:38:12.805+0000] {processor.py:186} INFO - Started process (PID=13994) to work on /opt/airflow/dags/driven_data_pipeline.py
[2025-07-03T01:38:12.807+0000] {processor.py:914} INFO - Processing file /opt/airflow/dags/driven_data_pipeline.py for tasks to queue
[2025-07-03T01:38:12.811+0000] {logging_mixin.py:190} INFO - [2025-07-03T01:38:12.811+0000] {dagbag.py:588} INFO - Filling up the DagBag from /opt/airflow/dags/driven_data_pipeline.py
[2025-07-03T01:38:12.988+0000] {processor.py:925} INFO - DAG(s) 'extract_raw_data_pipeline' retrieved from /opt/airflow/dags/driven_data_pipeline.py
[2025-07-03T01:38:13.015+0000] {logging_mixin.py:190} INFO - [2025-07-03T01:38:13.015+0000] {dag.py:3239} INFO - Sync 1 DAGs
[2025-07-03T01:38:13.042+0000] {logging_mixin.py:190} INFO - [2025-07-03T01:38:13.041+0000] {dag.py:4180} INFO - Setting next_dagrun for extract_raw_data_pipeline to 2025-07-02 07:59:00+00:00, run_after=2025-07-03 07:00:00+00:00
[2025-07-03T01:38:13.089+0000] {processor.py:208} INFO - Processing /opt/airflow/dags/driven_data_pipeline.py took 0.302 seconds
[2025-07-03T01:38:43.427+0000] {processor.py:186} INFO - Started process (PID=14002) to work on /opt/airflow/dags/driven_data_pipeline.py
[2025-07-03T01:38:43.428+0000] {processor.py:914} INFO - Processing file /opt/airflow/dags/driven_data_pipeline.py for tasks to queue
[2025-07-03T01:38:43.430+0000] {logging_mixin.py:190} INFO - [2025-07-03T01:38:43.430+0000] {dagbag.py:588} INFO - Filling up the DagBag from /opt/airflow/dags/driven_data_pipeline.py
[2025-07-03T01:38:43.673+0000] {processor.py:925} INFO - DAG(s) 'extract_raw_data_pipeline' retrieved from /opt/airflow/dags/driven_data_pipeline.py
[2025-07-03T01:38:43.709+0000] {logging_mixin.py:190} INFO - [2025-07-03T01:38:43.708+0000] {dag.py:3239} INFO - Sync 1 DAGs
[2025-07-03T01:38:43.745+0000] {logging_mixin.py:190} INFO - [2025-07-03T01:38:43.745+0000] {dag.py:4180} INFO - Setting next_dagrun for extract_raw_data_pipeline to 2025-07-02 07:59:00+00:00, run_after=2025-07-03 07:00:00+00:00
[2025-07-03T01:38:44.812+0000] {processor.py:208} INFO - Processing /opt/airflow/dags/driven_data_pipeline.py took 1.392 seconds
[2025-07-03T01:39:15.194+0000] {processor.py:186} INFO - Started process (PID=14010) to work on /opt/airflow/dags/driven_data_pipeline.py
[2025-07-03T01:39:15.195+0000] {processor.py:914} INFO - Processing file /opt/airflow/dags/driven_data_pipeline.py for tasks to queue
[2025-07-03T01:39:15.198+0000] {logging_mixin.py:190} INFO - [2025-07-03T01:39:15.197+0000] {dagbag.py:588} INFO - Filling up the DagBag from /opt/airflow/dags/driven_data_pipeline.py
[2025-07-03T01:39:15.382+0000] {processor.py:925} INFO - DAG(s) 'extract_raw_data_pipeline' retrieved from /opt/airflow/dags/driven_data_pipeline.py
[2025-07-03T01:39:15.415+0000] {logging_mixin.py:190} INFO - [2025-07-03T01:39:15.414+0000] {dag.py:3239} INFO - Sync 1 DAGs
[2025-07-03T01:39:15.439+0000] {logging_mixin.py:190} INFO - [2025-07-03T01:39:15.438+0000] {dag.py:4180} INFO - Setting next_dagrun for extract_raw_data_pipeline to 2025-07-02 07:59:00+00:00, run_after=2025-07-03 07:00:00+00:00
[2025-07-03T01:39:15.488+0000] {processor.py:208} INFO - Processing /opt/airflow/dags/driven_data_pipeline.py took 0.301 seconds
[2025-07-03T01:39:45.589+0000] {processor.py:186} INFO - Started process (PID=14018) to work on /opt/airflow/dags/driven_data_pipeline.py
[2025-07-03T01:39:45.590+0000] {processor.py:914} INFO - Processing file /opt/airflow/dags/driven_data_pipeline.py for tasks to queue
[2025-07-03T01:39:45.594+0000] {logging_mixin.py:190} INFO - [2025-07-03T01:39:45.593+0000] {dagbag.py:588} INFO - Filling up the DagBag from /opt/airflow/dags/driven_data_pipeline.py
[2025-07-03T01:39:45.814+0000] {processor.py:925} INFO - DAG(s) 'extract_raw_data_pipeline' retrieved from /opt/airflow/dags/driven_data_pipeline.py
[2025-07-03T01:39:45.840+0000] {logging_mixin.py:190} INFO - [2025-07-03T01:39:45.840+0000] {dag.py:3239} INFO - Sync 1 DAGs
[2025-07-03T01:39:45.865+0000] {logging_mixin.py:190} INFO - [2025-07-03T01:39:45.865+0000] {dag.py:4180} INFO - Setting next_dagrun for extract_raw_data_pipeline to 2025-07-02 07:59:00+00:00, run_after=2025-07-03 07:00:00+00:00
[2025-07-03T01:39:45.895+0000] {processor.py:208} INFO - Processing /opt/airflow/dags/driven_data_pipeline.py took 0.318 seconds
[2025-07-03T01:40:16.190+0000] {processor.py:186} INFO - Started process (PID=14026) to work on /opt/airflow/dags/driven_data_pipeline.py
[2025-07-03T01:40:16.196+0000] {processor.py:914} INFO - Processing file /opt/airflow/dags/driven_data_pipeline.py for tasks to queue
[2025-07-03T01:40:16.199+0000] {logging_mixin.py:190} INFO - [2025-07-03T01:40:16.198+0000] {dagbag.py:588} INFO - Filling up the DagBag from /opt/airflow/dags/driven_data_pipeline.py
[2025-07-03T01:40:16.383+0000] {processor.py:925} INFO - DAG(s) 'extract_raw_data_pipeline' retrieved from /opt/airflow/dags/driven_data_pipeline.py
[2025-07-03T01:40:16.410+0000] {logging_mixin.py:190} INFO - [2025-07-03T01:40:16.409+0000] {dag.py:3239} INFO - Sync 1 DAGs
[2025-07-03T01:40:16.438+0000] {logging_mixin.py:190} INFO - [2025-07-03T01:40:16.438+0000] {dag.py:4180} INFO - Setting next_dagrun for extract_raw_data_pipeline to 2025-07-02 07:59:00+00:00, run_after=2025-07-03 07:00:00+00:00
[2025-07-03T01:40:16.481+0000] {processor.py:208} INFO - Processing /opt/airflow/dags/driven_data_pipeline.py took 0.299 seconds
[2025-07-03T01:40:46.553+0000] {processor.py:186} INFO - Started process (PID=14033) to work on /opt/airflow/dags/driven_data_pipeline.py
[2025-07-03T01:40:46.553+0000] {processor.py:914} INFO - Processing file /opt/airflow/dags/driven_data_pipeline.py for tasks to queue
[2025-07-03T01:40:46.557+0000] {logging_mixin.py:190} INFO - [2025-07-03T01:40:46.556+0000] {dagbag.py:588} INFO - Filling up the DagBag from /opt/airflow/dags/driven_data_pipeline.py
[2025-07-03T01:40:46.747+0000] {processor.py:925} INFO - DAG(s) 'extract_raw_data_pipeline' retrieved from /opt/airflow/dags/driven_data_pipeline.py
[2025-07-03T01:40:46.774+0000] {logging_mixin.py:190} INFO - [2025-07-03T01:40:46.773+0000] {dag.py:3239} INFO - Sync 1 DAGs
[2025-07-03T01:40:46.803+0000] {logging_mixin.py:190} INFO - [2025-07-03T01:40:46.803+0000] {dag.py:4180} INFO - Setting next_dagrun for extract_raw_data_pipeline to 2025-07-02 07:59:00+00:00, run_after=2025-07-03 07:00:00+00:00
[2025-07-03T01:40:46.849+0000] {processor.py:208} INFO - Processing /opt/airflow/dags/driven_data_pipeline.py took 0.305 seconds
[2025-07-03T01:41:17.168+0000] {processor.py:186} INFO - Started process (PID=14041) to work on /opt/airflow/dags/driven_data_pipeline.py
[2025-07-03T01:41:17.181+0000] {processor.py:914} INFO - Processing file /opt/airflow/dags/driven_data_pipeline.py for tasks to queue
[2025-07-03T01:41:17.183+0000] {logging_mixin.py:190} INFO - [2025-07-03T01:41:17.183+0000] {dagbag.py:588} INFO - Filling up the DagBag from /opt/airflow/dags/driven_data_pipeline.py
[2025-07-03T01:41:17.394+0000] {processor.py:925} INFO - DAG(s) 'extract_raw_data_pipeline' retrieved from /opt/airflow/dags/driven_data_pipeline.py
[2025-07-03T01:41:17.423+0000] {logging_mixin.py:190} INFO - [2025-07-03T01:41:17.422+0000] {dag.py:3239} INFO - Sync 1 DAGs
[2025-07-03T01:41:17.449+0000] {logging_mixin.py:190} INFO - [2025-07-03T01:41:17.448+0000] {dag.py:4180} INFO - Setting next_dagrun for extract_raw_data_pipeline to 2025-07-02 07:59:00+00:00, run_after=2025-07-03 07:00:00+00:00
[2025-07-03T01:41:17.494+0000] {processor.py:208} INFO - Processing /opt/airflow/dags/driven_data_pipeline.py took 0.334 seconds
[2025-07-03T01:41:47.876+0000] {processor.py:186} INFO - Started process (PID=14049) to work on /opt/airflow/dags/driven_data_pipeline.py
[2025-07-03T01:41:47.877+0000] {processor.py:914} INFO - Processing file /opt/airflow/dags/driven_data_pipeline.py for tasks to queue
[2025-07-03T01:41:47.881+0000] {logging_mixin.py:190} INFO - [2025-07-03T01:41:47.881+0000] {dagbag.py:588} INFO - Filling up the DagBag from /opt/airflow/dags/driven_data_pipeline.py
[2025-07-03T01:41:48.059+0000] {processor.py:925} INFO - DAG(s) 'extract_raw_data_pipeline' retrieved from /opt/airflow/dags/driven_data_pipeline.py
[2025-07-03T01:41:48.084+0000] {logging_mixin.py:190} INFO - [2025-07-03T01:41:48.083+0000] {dag.py:3239} INFO - Sync 1 DAGs
[2025-07-03T01:41:48.110+0000] {logging_mixin.py:190} INFO - [2025-07-03T01:41:48.110+0000] {dag.py:4180} INFO - Setting next_dagrun for extract_raw_data_pipeline to 2025-07-02 07:59:00+00:00, run_after=2025-07-03 07:00:00+00:00
[2025-07-03T01:41:48.170+0000] {processor.py:208} INFO - Processing /opt/airflow/dags/driven_data_pipeline.py took 0.304 seconds
[2025-07-03T01:42:18.246+0000] {processor.py:186} INFO - Started process (PID=14057) to work on /opt/airflow/dags/driven_data_pipeline.py
[2025-07-03T01:42:18.247+0000] {processor.py:914} INFO - Processing file /opt/airflow/dags/driven_data_pipeline.py for tasks to queue
[2025-07-03T01:42:18.251+0000] {logging_mixin.py:190} INFO - [2025-07-03T01:42:18.250+0000] {dagbag.py:588} INFO - Filling up the DagBag from /opt/airflow/dags/driven_data_pipeline.py
[2025-07-03T01:42:18.458+0000] {processor.py:925} INFO - DAG(s) 'extract_raw_data_pipeline' retrieved from /opt/airflow/dags/driven_data_pipeline.py
[2025-07-03T01:42:18.490+0000] {logging_mixin.py:190} INFO - [2025-07-03T01:42:18.490+0000] {dag.py:3239} INFO - Sync 1 DAGs
[2025-07-03T01:42:18.518+0000] {logging_mixin.py:190} INFO - [2025-07-03T01:42:18.517+0000] {dag.py:4180} INFO - Setting next_dagrun for extract_raw_data_pipeline to 2025-07-02 07:59:00+00:00, run_after=2025-07-03 07:00:00+00:00
[2025-07-03T01:42:18.692+0000] {processor.py:208} INFO - Processing /opt/airflow/dags/driven_data_pipeline.py took 0.460 seconds
[2025-07-03T01:42:48.921+0000] {processor.py:186} INFO - Started process (PID=14065) to work on /opt/airflow/dags/driven_data_pipeline.py
[2025-07-03T01:42:48.932+0000] {processor.py:914} INFO - Processing file /opt/airflow/dags/driven_data_pipeline.py for tasks to queue
[2025-07-03T01:42:48.935+0000] {logging_mixin.py:190} INFO - [2025-07-03T01:42:48.935+0000] {dagbag.py:588} INFO - Filling up the DagBag from /opt/airflow/dags/driven_data_pipeline.py
[2025-07-03T01:42:49.125+0000] {processor.py:925} INFO - DAG(s) 'extract_raw_data_pipeline' retrieved from /opt/airflow/dags/driven_data_pipeline.py
[2025-07-03T01:42:49.153+0000] {logging_mixin.py:190} INFO - [2025-07-03T01:42:49.153+0000] {dag.py:3239} INFO - Sync 1 DAGs
[2025-07-03T01:42:49.179+0000] {logging_mixin.py:190} INFO - [2025-07-03T01:42:49.179+0000] {dag.py:4180} INFO - Setting next_dagrun for extract_raw_data_pipeline to 2025-07-02 07:59:00+00:00, run_after=2025-07-03 07:00:00+00:00
[2025-07-03T01:42:49.216+0000] {processor.py:208} INFO - Processing /opt/airflow/dags/driven_data_pipeline.py took 0.306 seconds
[2025-07-03T01:43:19.390+0000] {processor.py:186} INFO - Started process (PID=14074) to work on /opt/airflow/dags/driven_data_pipeline.py
[2025-07-03T01:43:19.391+0000] {processor.py:914} INFO - Processing file /opt/airflow/dags/driven_data_pipeline.py for tasks to queue
[2025-07-03T01:43:19.394+0000] {logging_mixin.py:190} INFO - [2025-07-03T01:43:19.393+0000] {dagbag.py:588} INFO - Filling up the DagBag from /opt/airflow/dags/driven_data_pipeline.py
[2025-07-03T01:43:19.573+0000] {processor.py:925} INFO - DAG(s) 'extract_raw_data_pipeline' retrieved from /opt/airflow/dags/driven_data_pipeline.py
[2025-07-03T01:43:19.598+0000] {logging_mixin.py:190} INFO - [2025-07-03T01:43:19.598+0000] {dag.py:3239} INFO - Sync 1 DAGs
[2025-07-03T01:43:19.624+0000] {logging_mixin.py:190} INFO - [2025-07-03T01:43:19.624+0000] {dag.py:4180} INFO - Setting next_dagrun for extract_raw_data_pipeline to 2025-07-02 07:59:00+00:00, run_after=2025-07-03 07:00:00+00:00
[2025-07-03T01:43:19.673+0000] {processor.py:208} INFO - Processing /opt/airflow/dags/driven_data_pipeline.py took 0.293 seconds
[2025-07-03T01:43:49.915+0000] {processor.py:186} INFO - Started process (PID=14082) to work on /opt/airflow/dags/driven_data_pipeline.py
[2025-07-03T01:43:49.932+0000] {processor.py:914} INFO - Processing file /opt/airflow/dags/driven_data_pipeline.py for tasks to queue
[2025-07-03T01:43:49.936+0000] {logging_mixin.py:190} INFO - [2025-07-03T01:43:49.936+0000] {dagbag.py:588} INFO - Filling up the DagBag from /opt/airflow/dags/driven_data_pipeline.py
[2025-07-03T01:43:50.124+0000] {processor.py:925} INFO - DAG(s) 'extract_raw_data_pipeline' retrieved from /opt/airflow/dags/driven_data_pipeline.py
[2025-07-03T01:43:50.152+0000] {logging_mixin.py:190} INFO - [2025-07-03T01:43:50.152+0000] {dag.py:3239} INFO - Sync 1 DAGs
[2025-07-03T01:43:50.176+0000] {logging_mixin.py:190} INFO - [2025-07-03T01:43:50.176+0000] {dag.py:4180} INFO - Setting next_dagrun for extract_raw_data_pipeline to 2025-07-02 07:59:00+00:00, run_after=2025-07-03 07:00:00+00:00
[2025-07-03T01:43:50.601+0000] {processor.py:208} INFO - Processing /opt/airflow/dags/driven_data_pipeline.py took 0.699 seconds
[2025-07-03T01:44:20.973+0000] {processor.py:186} INFO - Started process (PID=14090) to work on /opt/airflow/dags/driven_data_pipeline.py
[2025-07-03T01:44:20.974+0000] {processor.py:914} INFO - Processing file /opt/airflow/dags/driven_data_pipeline.py for tasks to queue
[2025-07-03T01:44:20.976+0000] {logging_mixin.py:190} INFO - [2025-07-03T01:44:20.976+0000] {dagbag.py:588} INFO - Filling up the DagBag from /opt/airflow/dags/driven_data_pipeline.py
[2025-07-03T01:44:21.160+0000] {processor.py:925} INFO - DAG(s) 'extract_raw_data_pipeline' retrieved from /opt/airflow/dags/driven_data_pipeline.py
[2025-07-03T01:44:21.185+0000] {logging_mixin.py:190} INFO - [2025-07-03T01:44:21.185+0000] {dag.py:3239} INFO - Sync 1 DAGs
[2025-07-03T01:44:21.212+0000] {logging_mixin.py:190} INFO - [2025-07-03T01:44:21.212+0000] {dag.py:4180} INFO - Setting next_dagrun for extract_raw_data_pipeline to 2025-07-02 07:59:00+00:00, run_after=2025-07-03 07:00:00+00:00
[2025-07-03T01:44:21.258+0000] {processor.py:208} INFO - Processing /opt/airflow/dags/driven_data_pipeline.py took 0.292 seconds
[2025-07-03T01:44:51.376+0000] {processor.py:186} INFO - Started process (PID=14098) to work on /opt/airflow/dags/driven_data_pipeline.py
[2025-07-03T01:44:51.385+0000] {processor.py:914} INFO - Processing file /opt/airflow/dags/driven_data_pipeline.py for tasks to queue
[2025-07-03T01:44:51.388+0000] {logging_mixin.py:190} INFO - [2025-07-03T01:44:51.388+0000] {dagbag.py:588} INFO - Filling up the DagBag from /opt/airflow/dags/driven_data_pipeline.py
[2025-07-03T01:44:51.634+0000] {processor.py:925} INFO - DAG(s) 'extract_raw_data_pipeline' retrieved from /opt/airflow/dags/driven_data_pipeline.py
[2025-07-03T01:44:51.671+0000] {logging_mixin.py:190} INFO - [2025-07-03T01:44:51.671+0000] {dag.py:3239} INFO - Sync 1 DAGs
[2025-07-03T01:44:51.706+0000] {logging_mixin.py:190} INFO - [2025-07-03T01:44:51.706+0000] {dag.py:4180} INFO - Setting next_dagrun for extract_raw_data_pipeline to 2025-07-02 07:59:00+00:00, run_after=2025-07-03 07:00:00+00:00
[2025-07-03T01:44:51.746+0000] {processor.py:208} INFO - Processing /opt/airflow/dags/driven_data_pipeline.py took 0.382 seconds
[2025-07-03T01:45:22.013+0000] {processor.py:186} INFO - Started process (PID=14106) to work on /opt/airflow/dags/driven_data_pipeline.py
[2025-07-03T01:45:22.013+0000] {processor.py:914} INFO - Processing file /opt/airflow/dags/driven_data_pipeline.py for tasks to queue
[2025-07-03T01:45:22.016+0000] {logging_mixin.py:190} INFO - [2025-07-03T01:45:22.015+0000] {dagbag.py:588} INFO - Filling up the DagBag from /opt/airflow/dags/driven_data_pipeline.py
[2025-07-03T01:45:22.226+0000] {processor.py:925} INFO - DAG(s) 'extract_raw_data_pipeline' retrieved from /opt/airflow/dags/driven_data_pipeline.py
[2025-07-03T01:45:22.255+0000] {logging_mixin.py:190} INFO - [2025-07-03T01:45:22.255+0000] {dag.py:3239} INFO - Sync 1 DAGs
[2025-07-03T01:45:22.280+0000] {logging_mixin.py:190} INFO - [2025-07-03T01:45:22.280+0000] {dag.py:4180} INFO - Setting next_dagrun for extract_raw_data_pipeline to 2025-07-02 07:59:00+00:00, run_after=2025-07-03 07:00:00+00:00
[2025-07-03T01:45:22.315+0000] {processor.py:208} INFO - Processing /opt/airflow/dags/driven_data_pipeline.py took 0.310 seconds
[2025-07-03T01:45:52.552+0000] {processor.py:186} INFO - Started process (PID=14114) to work on /opt/airflow/dags/driven_data_pipeline.py
[2025-07-03T01:45:53.311+0000] {processor.py:914} INFO - Processing file /opt/airflow/dags/driven_data_pipeline.py for tasks to queue
[2025-07-03T01:45:53.313+0000] {logging_mixin.py:190} INFO - [2025-07-03T01:45:53.313+0000] {dagbag.py:588} INFO - Filling up the DagBag from /opt/airflow/dags/driven_data_pipeline.py
[2025-07-03T01:45:53.558+0000] {processor.py:925} INFO - DAG(s) 'extract_raw_data_pipeline' retrieved from /opt/airflow/dags/driven_data_pipeline.py
[2025-07-03T01:45:53.591+0000] {logging_mixin.py:190} INFO - [2025-07-03T01:45:53.591+0000] {dag.py:3239} INFO - Sync 1 DAGs
[2025-07-03T01:45:53.616+0000] {logging_mixin.py:190} INFO - [2025-07-03T01:45:53.616+0000] {dag.py:4180} INFO - Setting next_dagrun for extract_raw_data_pipeline to 2025-07-02 07:59:00+00:00, run_after=2025-07-03 07:00:00+00:00
[2025-07-03T01:45:53.653+0000] {processor.py:208} INFO - Processing /opt/airflow/dags/driven_data_pipeline.py took 1.107 seconds
[2025-07-03T01:46:23.956+0000] {processor.py:186} INFO - Started process (PID=14127) to work on /opt/airflow/dags/driven_data_pipeline.py
[2025-07-03T01:46:23.958+0000] {processor.py:914} INFO - Processing file /opt/airflow/dags/driven_data_pipeline.py for tasks to queue
[2025-07-03T01:46:23.961+0000] {logging_mixin.py:190} INFO - [2025-07-03T01:46:23.960+0000] {dagbag.py:588} INFO - Filling up the DagBag from /opt/airflow/dags/driven_data_pipeline.py
[2025-07-03T01:46:24.139+0000] {processor.py:925} INFO - DAG(s) 'extract_raw_data_pipeline' retrieved from /opt/airflow/dags/driven_data_pipeline.py
[2025-07-03T01:46:24.164+0000] {logging_mixin.py:190} INFO - [2025-07-03T01:46:24.164+0000] {dag.py:3239} INFO - Sync 1 DAGs
[2025-07-03T01:46:24.187+0000] {logging_mixin.py:190} INFO - [2025-07-03T01:46:24.186+0000] {dag.py:4180} INFO - Setting next_dagrun for extract_raw_data_pipeline to 2025-07-02 07:59:00+00:00, run_after=2025-07-03 07:00:00+00:00
[2025-07-03T01:46:24.224+0000] {processor.py:208} INFO - Processing /opt/airflow/dags/driven_data_pipeline.py took 0.278 seconds
[2025-07-03T01:46:54.399+0000] {processor.py:186} INFO - Started process (PID=14135) to work on /opt/airflow/dags/driven_data_pipeline.py
[2025-07-03T01:46:54.417+0000] {processor.py:914} INFO - Processing file /opt/airflow/dags/driven_data_pipeline.py for tasks to queue
[2025-07-03T01:46:54.421+0000] {logging_mixin.py:190} INFO - [2025-07-03T01:46:54.421+0000] {dagbag.py:588} INFO - Filling up the DagBag from /opt/airflow/dags/driven_data_pipeline.py
[2025-07-03T01:46:54.658+0000] {processor.py:925} INFO - DAG(s) 'extract_raw_data_pipeline' retrieved from /opt/airflow/dags/driven_data_pipeline.py
[2025-07-03T01:46:54.688+0000] {logging_mixin.py:190} INFO - [2025-07-03T01:46:54.687+0000] {dag.py:3239} INFO - Sync 1 DAGs
[2025-07-03T01:46:54.716+0000] {logging_mixin.py:190} INFO - [2025-07-03T01:46:54.716+0000] {dag.py:4180} INFO - Setting next_dagrun for extract_raw_data_pipeline to 2025-07-02 07:59:00+00:00, run_after=2025-07-03 07:00:00+00:00
[2025-07-03T01:46:54.924+0000] {processor.py:208} INFO - Processing /opt/airflow/dags/driven_data_pipeline.py took 0.550 seconds
[2025-07-03T01:47:25.322+0000] {processor.py:186} INFO - Started process (PID=14143) to work on /opt/airflow/dags/driven_data_pipeline.py
[2025-07-03T01:47:25.323+0000] {processor.py:914} INFO - Processing file /opt/airflow/dags/driven_data_pipeline.py for tasks to queue
[2025-07-03T01:47:25.326+0000] {logging_mixin.py:190} INFO - [2025-07-03T01:47:25.326+0000] {dagbag.py:588} INFO - Filling up the DagBag from /opt/airflow/dags/driven_data_pipeline.py
[2025-07-03T01:47:25.547+0000] {processor.py:925} INFO - DAG(s) 'extract_raw_data_pipeline' retrieved from /opt/airflow/dags/driven_data_pipeline.py
[2025-07-03T01:47:25.574+0000] {logging_mixin.py:190} INFO - [2025-07-03T01:47:25.573+0000] {dag.py:3239} INFO - Sync 1 DAGs
[2025-07-03T01:47:25.602+0000] {logging_mixin.py:190} INFO - [2025-07-03T01:47:25.602+0000] {dag.py:4180} INFO - Setting next_dagrun for extract_raw_data_pipeline to 2025-07-02 07:59:00+00:00, run_after=2025-07-03 07:00:00+00:00
[2025-07-03T01:47:25.644+0000] {processor.py:208} INFO - Processing /opt/airflow/dags/driven_data_pipeline.py took 0.332 seconds
[2025-07-03T01:47:56.089+0000] {processor.py:186} INFO - Started process (PID=14151) to work on /opt/airflow/dags/driven_data_pipeline.py
[2025-07-03T01:47:56.091+0000] {processor.py:914} INFO - Processing file /opt/airflow/dags/driven_data_pipeline.py for tasks to queue
[2025-07-03T01:47:56.096+0000] {logging_mixin.py:190} INFO - [2025-07-03T01:47:56.095+0000] {dagbag.py:588} INFO - Filling up the DagBag from /opt/airflow/dags/driven_data_pipeline.py
[2025-07-03T01:47:56.281+0000] {processor.py:925} INFO - DAG(s) 'extract_raw_data_pipeline' retrieved from /opt/airflow/dags/driven_data_pipeline.py
[2025-07-03T01:47:56.305+0000] {logging_mixin.py:190} INFO - [2025-07-03T01:47:56.305+0000] {dag.py:3239} INFO - Sync 1 DAGs
[2025-07-03T01:47:56.330+0000] {logging_mixin.py:190} INFO - [2025-07-03T01:47:56.329+0000] {dag.py:4180} INFO - Setting next_dagrun for extract_raw_data_pipeline to 2025-07-02 07:59:00+00:00, run_after=2025-07-03 07:00:00+00:00
[2025-07-03T01:47:56.364+0000] {processor.py:208} INFO - Processing /opt/airflow/dags/driven_data_pipeline.py took 0.296 seconds
[2025-07-03T01:48:26.454+0000] {processor.py:186} INFO - Started process (PID=14159) to work on /opt/airflow/dags/driven_data_pipeline.py
[2025-07-03T01:48:26.456+0000] {processor.py:914} INFO - Processing file /opt/airflow/dags/driven_data_pipeline.py for tasks to queue
[2025-07-03T01:48:26.460+0000] {logging_mixin.py:190} INFO - [2025-07-03T01:48:26.460+0000] {dagbag.py:588} INFO - Filling up the DagBag from /opt/airflow/dags/driven_data_pipeline.py
[2025-07-03T01:48:26.645+0000] {processor.py:925} INFO - DAG(s) 'extract_raw_data_pipeline' retrieved from /opt/airflow/dags/driven_data_pipeline.py
[2025-07-03T01:48:26.671+0000] {logging_mixin.py:190} INFO - [2025-07-03T01:48:26.671+0000] {dag.py:3239} INFO - Sync 1 DAGs
[2025-07-03T01:48:26.694+0000] {logging_mixin.py:190} INFO - [2025-07-03T01:48:26.694+0000] {dag.py:4180} INFO - Setting next_dagrun for extract_raw_data_pipeline to 2025-07-02 07:59:00+00:00, run_after=2025-07-03 07:00:00+00:00
[2025-07-03T01:48:26.723+0000] {processor.py:208} INFO - Processing /opt/airflow/dags/driven_data_pipeline.py took 0.287 seconds
[2025-07-03T01:48:57.080+0000] {processor.py:186} INFO - Started process (PID=14167) to work on /opt/airflow/dags/driven_data_pipeline.py
[2025-07-03T01:48:57.091+0000] {processor.py:914} INFO - Processing file /opt/airflow/dags/driven_data_pipeline.py for tasks to queue
[2025-07-03T01:48:57.094+0000] {logging_mixin.py:190} INFO - [2025-07-03T01:48:57.093+0000] {dagbag.py:588} INFO - Filling up the DagBag from /opt/airflow/dags/driven_data_pipeline.py
[2025-07-03T01:48:57.276+0000] {processor.py:925} INFO - DAG(s) 'extract_raw_data_pipeline' retrieved from /opt/airflow/dags/driven_data_pipeline.py
[2025-07-03T01:48:57.301+0000] {logging_mixin.py:190} INFO - [2025-07-03T01:48:57.301+0000] {dag.py:3239} INFO - Sync 1 DAGs
[2025-07-03T01:48:57.326+0000] {logging_mixin.py:190} INFO - [2025-07-03T01:48:57.326+0000] {dag.py:4180} INFO - Setting next_dagrun for extract_raw_data_pipeline to 2025-07-02 07:59:00+00:00, run_after=2025-07-03 07:00:00+00:00
[2025-07-03T01:48:57.385+0000] {processor.py:208} INFO - Processing /opt/airflow/dags/driven_data_pipeline.py took 0.313 seconds
[2025-07-03T01:49:27.471+0000] {processor.py:186} INFO - Started process (PID=14175) to work on /opt/airflow/dags/driven_data_pipeline.py
[2025-07-03T01:49:27.472+0000] {processor.py:914} INFO - Processing file /opt/airflow/dags/driven_data_pipeline.py for tasks to queue
[2025-07-03T01:49:27.477+0000] {logging_mixin.py:190} INFO - [2025-07-03T01:49:27.476+0000] {dagbag.py:588} INFO - Filling up the DagBag from /opt/airflow/dags/driven_data_pipeline.py
[2025-07-03T01:49:27.668+0000] {processor.py:925} INFO - DAG(s) 'extract_raw_data_pipeline' retrieved from /opt/airflow/dags/driven_data_pipeline.py
[2025-07-03T01:49:27.693+0000] {logging_mixin.py:190} INFO - [2025-07-03T01:49:27.693+0000] {dag.py:3239} INFO - Sync 1 DAGs
[2025-07-03T01:49:27.716+0000] {logging_mixin.py:190} INFO - [2025-07-03T01:49:27.716+0000] {dag.py:4180} INFO - Setting next_dagrun for extract_raw_data_pipeline to 2025-07-02 07:59:00+00:00, run_after=2025-07-03 07:00:00+00:00
[2025-07-03T01:49:27.754+0000] {processor.py:208} INFO - Processing /opt/airflow/dags/driven_data_pipeline.py took 0.296 seconds
[2025-07-03T01:49:58.179+0000] {processor.py:186} INFO - Started process (PID=14183) to work on /opt/airflow/dags/driven_data_pipeline.py
[2025-07-03T01:49:58.188+0000] {processor.py:914} INFO - Processing file /opt/airflow/dags/driven_data_pipeline.py for tasks to queue
[2025-07-03T01:49:58.190+0000] {logging_mixin.py:190} INFO - [2025-07-03T01:49:58.190+0000] {dagbag.py:588} INFO - Filling up the DagBag from /opt/airflow/dags/driven_data_pipeline.py
[2025-07-03T01:49:58.366+0000] {processor.py:925} INFO - DAG(s) 'extract_raw_data_pipeline' retrieved from /opt/airflow/dags/driven_data_pipeline.py
[2025-07-03T01:49:58.391+0000] {logging_mixin.py:190} INFO - [2025-07-03T01:49:58.390+0000] {dag.py:3239} INFO - Sync 1 DAGs
[2025-07-03T01:49:58.415+0000] {logging_mixin.py:190} INFO - [2025-07-03T01:49:58.415+0000] {dag.py:4180} INFO - Setting next_dagrun for extract_raw_data_pipeline to 2025-07-02 07:59:00+00:00, run_after=2025-07-03 07:00:00+00:00
[2025-07-03T01:49:58.442+0000] {processor.py:208} INFO - Processing /opt/airflow/dags/driven_data_pipeline.py took 0.272 seconds
[2025-07-03T01:50:28.623+0000] {processor.py:186} INFO - Started process (PID=14191) to work on /opt/airflow/dags/driven_data_pipeline.py
[2025-07-03T01:50:28.624+0000] {processor.py:914} INFO - Processing file /opt/airflow/dags/driven_data_pipeline.py for tasks to queue
[2025-07-03T01:50:28.627+0000] {logging_mixin.py:190} INFO - [2025-07-03T01:50:28.626+0000] {dagbag.py:588} INFO - Filling up the DagBag from /opt/airflow/dags/driven_data_pipeline.py
[2025-07-03T01:50:28.800+0000] {processor.py:925} INFO - DAG(s) 'extract_raw_data_pipeline' retrieved from /opt/airflow/dags/driven_data_pipeline.py
[2025-07-03T01:50:28.826+0000] {logging_mixin.py:190} INFO - [2025-07-03T01:50:28.825+0000] {dag.py:3239} INFO - Sync 1 DAGs
[2025-07-03T01:50:28.848+0000] {logging_mixin.py:190} INFO - [2025-07-03T01:50:28.848+0000] {dag.py:4180} INFO - Setting next_dagrun for extract_raw_data_pipeline to 2025-07-02 07:59:00+00:00, run_after=2025-07-03 07:00:00+00:00
[2025-07-03T01:50:28.882+0000] {processor.py:208} INFO - Processing /opt/airflow/dags/driven_data_pipeline.py took 0.268 seconds
[2025-07-03T01:50:59.198+0000] {processor.py:186} INFO - Started process (PID=14199) to work on /opt/airflow/dags/driven_data_pipeline.py
[2025-07-03T01:50:59.198+0000] {processor.py:914} INFO - Processing file /opt/airflow/dags/driven_data_pipeline.py for tasks to queue
[2025-07-03T01:50:59.201+0000] {logging_mixin.py:190} INFO - [2025-07-03T01:50:59.200+0000] {dagbag.py:588} INFO - Filling up the DagBag from /opt/airflow/dags/driven_data_pipeline.py
[2025-07-03T01:50:59.391+0000] {processor.py:925} INFO - DAG(s) 'extract_raw_data_pipeline' retrieved from /opt/airflow/dags/driven_data_pipeline.py
[2025-07-03T01:50:59.433+0000] {logging_mixin.py:190} INFO - [2025-07-03T01:50:59.432+0000] {dag.py:3239} INFO - Sync 1 DAGs
[2025-07-03T01:50:59.468+0000] {logging_mixin.py:190} INFO - [2025-07-03T01:50:59.468+0000] {dag.py:4180} INFO - Setting next_dagrun for extract_raw_data_pipeline to 2025-07-02 07:59:00+00:00, run_after=2025-07-03 07:00:00+00:00
[2025-07-03T01:50:59.499+0000] {processor.py:208} INFO - Processing /opt/airflow/dags/driven_data_pipeline.py took 0.308 seconds
[2025-07-03T01:51:29.609+0000] {processor.py:186} INFO - Started process (PID=14207) to work on /opt/airflow/dags/driven_data_pipeline.py
[2025-07-03T01:51:29.610+0000] {processor.py:914} INFO - Processing file /opt/airflow/dags/driven_data_pipeline.py for tasks to queue
[2025-07-03T01:51:29.612+0000] {logging_mixin.py:190} INFO - [2025-07-03T01:51:29.611+0000] {dagbag.py:588} INFO - Filling up the DagBag from /opt/airflow/dags/driven_data_pipeline.py
[2025-07-03T01:51:29.807+0000] {processor.py:925} INFO - DAG(s) 'extract_raw_data_pipeline' retrieved from /opt/airflow/dags/driven_data_pipeline.py
[2025-07-03T01:51:29.838+0000] {logging_mixin.py:190} INFO - [2025-07-03T01:51:29.838+0000] {dag.py:3239} INFO - Sync 1 DAGs
[2025-07-03T01:51:29.876+0000] {logging_mixin.py:190} INFO - [2025-07-03T01:51:29.876+0000] {dag.py:4180} INFO - Setting next_dagrun for extract_raw_data_pipeline to 2025-07-02 07:59:00+00:00, run_after=2025-07-03 07:00:00+00:00
[2025-07-03T01:51:29.926+0000] {processor.py:208} INFO - Processing /opt/airflow/dags/driven_data_pipeline.py took 0.324 seconds
[2025-07-03T01:52:00.393+0000] {processor.py:186} INFO - Started process (PID=14215) to work on /opt/airflow/dags/driven_data_pipeline.py
[2025-07-03T01:52:00.407+0000] {processor.py:914} INFO - Processing file /opt/airflow/dags/driven_data_pipeline.py for tasks to queue
[2025-07-03T01:52:00.421+0000] {logging_mixin.py:190} INFO - [2025-07-03T01:52:00.418+0000] {dagbag.py:588} INFO - Filling up the DagBag from /opt/airflow/dags/driven_data_pipeline.py
[2025-07-03T01:52:00.643+0000] {processor.py:925} INFO - DAG(s) 'extract_raw_data_pipeline' retrieved from /opt/airflow/dags/driven_data_pipeline.py
[2025-07-03T01:52:00.667+0000] {logging_mixin.py:190} INFO - [2025-07-03T01:52:00.667+0000] {dag.py:3239} INFO - Sync 1 DAGs
[2025-07-03T01:52:00.693+0000] {logging_mixin.py:190} INFO - [2025-07-03T01:52:00.692+0000] {dag.py:4180} INFO - Setting next_dagrun for extract_raw_data_pipeline to 2025-07-02 07:59:00+00:00, run_after=2025-07-03 07:00:00+00:00
[2025-07-03T01:52:00.728+0000] {processor.py:208} INFO - Processing /opt/airflow/dags/driven_data_pipeline.py took 0.348 seconds
[2025-07-03T01:52:30.805+0000] {processor.py:186} INFO - Started process (PID=14223) to work on /opt/airflow/dags/driven_data_pipeline.py
[2025-07-03T01:52:30.805+0000] {processor.py:914} INFO - Processing file /opt/airflow/dags/driven_data_pipeline.py for tasks to queue
[2025-07-03T01:52:30.808+0000] {logging_mixin.py:190} INFO - [2025-07-03T01:52:30.807+0000] {dagbag.py:588} INFO - Filling up the DagBag from /opt/airflow/dags/driven_data_pipeline.py
[2025-07-03T01:52:30.990+0000] {processor.py:925} INFO - DAG(s) 'extract_raw_data_pipeline' retrieved from /opt/airflow/dags/driven_data_pipeline.py
[2025-07-03T01:52:31.018+0000] {logging_mixin.py:190} INFO - [2025-07-03T01:52:31.018+0000] {dag.py:3239} INFO - Sync 1 DAGs
[2025-07-03T01:52:31.042+0000] {logging_mixin.py:190} INFO - [2025-07-03T01:52:31.042+0000] {dag.py:4180} INFO - Setting next_dagrun for extract_raw_data_pipeline to 2025-07-02 07:59:00+00:00, run_after=2025-07-03 07:00:00+00:00
[2025-07-03T01:52:31.079+0000] {processor.py:208} INFO - Processing /opt/airflow/dags/driven_data_pipeline.py took 0.281 seconds
[2025-07-03T01:53:01.548+0000] {processor.py:186} INFO - Started process (PID=14231) to work on /opt/airflow/dags/driven_data_pipeline.py
[2025-07-03T01:53:01.558+0000] {processor.py:914} INFO - Processing file /opt/airflow/dags/driven_data_pipeline.py for tasks to queue
[2025-07-03T01:53:01.569+0000] {logging_mixin.py:190} INFO - [2025-07-03T01:53:01.567+0000] {dagbag.py:588} INFO - Filling up the DagBag from /opt/airflow/dags/driven_data_pipeline.py
[2025-07-03T01:53:01.770+0000] {processor.py:925} INFO - DAG(s) 'extract_raw_data_pipeline' retrieved from /opt/airflow/dags/driven_data_pipeline.py
[2025-07-03T01:53:01.797+0000] {logging_mixin.py:190} INFO - [2025-07-03T01:53:01.797+0000] {dag.py:3239} INFO - Sync 1 DAGs
[2025-07-03T01:53:01.820+0000] {logging_mixin.py:190} INFO - [2025-07-03T01:53:01.820+0000] {dag.py:4180} INFO - Setting next_dagrun for extract_raw_data_pipeline to 2025-07-02 07:59:00+00:00, run_after=2025-07-03 07:00:00+00:00
[2025-07-03T01:53:01.857+0000] {processor.py:208} INFO - Processing /opt/airflow/dags/driven_data_pipeline.py took 0.321 seconds
[2025-07-03T01:53:31.986+0000] {processor.py:186} INFO - Started process (PID=14239) to work on /opt/airflow/dags/driven_data_pipeline.py
[2025-07-03T01:53:31.988+0000] {processor.py:914} INFO - Processing file /opt/airflow/dags/driven_data_pipeline.py for tasks to queue
[2025-07-03T01:53:31.994+0000] {logging_mixin.py:190} INFO - [2025-07-03T01:53:31.993+0000] {dagbag.py:588} INFO - Filling up the DagBag from /opt/airflow/dags/driven_data_pipeline.py
[2025-07-03T01:53:32.226+0000] {processor.py:925} INFO - DAG(s) 'extract_raw_data_pipeline' retrieved from /opt/airflow/dags/driven_data_pipeline.py
[2025-07-03T01:53:32.254+0000] {logging_mixin.py:190} INFO - [2025-07-03T01:53:32.254+0000] {dag.py:3239} INFO - Sync 1 DAGs
[2025-07-03T01:53:32.282+0000] {logging_mixin.py:190} INFO - [2025-07-03T01:53:32.282+0000] {dag.py:4180} INFO - Setting next_dagrun for extract_raw_data_pipeline to 2025-07-02 07:59:00+00:00, run_after=2025-07-03 07:00:00+00:00
[2025-07-03T01:53:32.336+0000] {processor.py:208} INFO - Processing /opt/airflow/dags/driven_data_pipeline.py took 0.387 seconds
[2025-07-03T01:54:02.655+0000] {processor.py:186} INFO - Started process (PID=14247) to work on /opt/airflow/dags/driven_data_pipeline.py
[2025-07-03T01:54:02.670+0000] {processor.py:914} INFO - Processing file /opt/airflow/dags/driven_data_pipeline.py for tasks to queue
[2025-07-03T01:54:02.677+0000] {logging_mixin.py:190} INFO - [2025-07-03T01:54:02.676+0000] {dagbag.py:588} INFO - Filling up the DagBag from /opt/airflow/dags/driven_data_pipeline.py
[2025-07-03T01:54:02.865+0000] {processor.py:925} INFO - DAG(s) 'extract_raw_data_pipeline' retrieved from /opt/airflow/dags/driven_data_pipeline.py
[2025-07-03T01:54:02.889+0000] {logging_mixin.py:190} INFO - [2025-07-03T01:54:02.889+0000] {dag.py:3239} INFO - Sync 1 DAGs
[2025-07-03T01:54:02.913+0000] {logging_mixin.py:190} INFO - [2025-07-03T01:54:02.913+0000] {dag.py:4180} INFO - Setting next_dagrun for extract_raw_data_pipeline to 2025-07-02 07:59:00+00:00, run_after=2025-07-03 07:00:00+00:00
[2025-07-03T01:54:02.955+0000] {processor.py:208} INFO - Processing /opt/airflow/dags/driven_data_pipeline.py took 0.330 seconds
[2025-07-03T01:54:33.139+0000] {processor.py:186} INFO - Started process (PID=14255) to work on /opt/airflow/dags/driven_data_pipeline.py
[2025-07-03T01:54:33.141+0000] {processor.py:914} INFO - Processing file /opt/airflow/dags/driven_data_pipeline.py for tasks to queue
[2025-07-03T01:54:33.145+0000] {logging_mixin.py:190} INFO - [2025-07-03T01:54:33.144+0000] {dagbag.py:588} INFO - Filling up the DagBag from /opt/airflow/dags/driven_data_pipeline.py
[2025-07-03T01:54:33.378+0000] {processor.py:925} INFO - DAG(s) 'extract_raw_data_pipeline' retrieved from /opt/airflow/dags/driven_data_pipeline.py
[2025-07-03T01:54:33.404+0000] {logging_mixin.py:190} INFO - [2025-07-03T01:54:33.404+0000] {dag.py:3239} INFO - Sync 1 DAGs
[2025-07-03T01:54:33.428+0000] {logging_mixin.py:190} INFO - [2025-07-03T01:54:33.428+0000] {dag.py:4180} INFO - Setting next_dagrun for extract_raw_data_pipeline to 2025-07-02 07:59:00+00:00, run_after=2025-07-03 07:00:00+00:00
[2025-07-03T01:54:33.476+0000] {processor.py:208} INFO - Processing /opt/airflow/dags/driven_data_pipeline.py took 0.354 seconds
[2025-07-03T01:55:03.705+0000] {processor.py:186} INFO - Started process (PID=14263) to work on /opt/airflow/dags/driven_data_pipeline.py
[2025-07-03T01:55:03.733+0000] {processor.py:914} INFO - Processing file /opt/airflow/dags/driven_data_pipeline.py for tasks to queue
[2025-07-03T01:55:03.735+0000] {logging_mixin.py:190} INFO - [2025-07-03T01:55:03.735+0000] {dagbag.py:588} INFO - Filling up the DagBag from /opt/airflow/dags/driven_data_pipeline.py
[2025-07-03T01:55:03.912+0000] {processor.py:925} INFO - DAG(s) 'extract_raw_data_pipeline' retrieved from /opt/airflow/dags/driven_data_pipeline.py
[2025-07-03T01:55:03.935+0000] {logging_mixin.py:190} INFO - [2025-07-03T01:55:03.935+0000] {dag.py:3239} INFO - Sync 1 DAGs
[2025-07-03T01:55:03.958+0000] {logging_mixin.py:190} INFO - [2025-07-03T01:55:03.958+0000] {dag.py:4180} INFO - Setting next_dagrun for extract_raw_data_pipeline to 2025-07-02 07:59:00+00:00, run_after=2025-07-03 07:00:00+00:00
[2025-07-03T01:55:03.984+0000] {processor.py:208} INFO - Processing /opt/airflow/dags/driven_data_pipeline.py took 0.288 seconds
[2025-07-03T01:55:34.294+0000] {processor.py:186} INFO - Started process (PID=14271) to work on /opt/airflow/dags/driven_data_pipeline.py
[2025-07-03T01:55:34.296+0000] {processor.py:914} INFO - Processing file /opt/airflow/dags/driven_data_pipeline.py for tasks to queue
[2025-07-03T01:55:34.300+0000] {logging_mixin.py:190} INFO - [2025-07-03T01:55:34.299+0000] {dagbag.py:588} INFO - Filling up the DagBag from /opt/airflow/dags/driven_data_pipeline.py
[2025-07-03T01:55:34.483+0000] {processor.py:925} INFO - DAG(s) 'extract_raw_data_pipeline' retrieved from /opt/airflow/dags/driven_data_pipeline.py
[2025-07-03T01:55:34.507+0000] {logging_mixin.py:190} INFO - [2025-07-03T01:55:34.507+0000] {dag.py:3239} INFO - Sync 1 DAGs
[2025-07-03T01:55:34.530+0000] {logging_mixin.py:190} INFO - [2025-07-03T01:55:34.530+0000] {dag.py:4180} INFO - Setting next_dagrun for extract_raw_data_pipeline to 2025-07-02 07:59:00+00:00, run_after=2025-07-03 07:00:00+00:00
[2025-07-03T01:55:34.568+0000] {processor.py:208} INFO - Processing /opt/airflow/dags/driven_data_pipeline.py took 0.287 seconds
[2025-07-03T01:56:04.784+0000] {processor.py:186} INFO - Started process (PID=14279) to work on /opt/airflow/dags/driven_data_pipeline.py
[2025-07-03T01:56:04.785+0000] {processor.py:914} INFO - Processing file /opt/airflow/dags/driven_data_pipeline.py for tasks to queue
[2025-07-03T01:56:04.789+0000] {logging_mixin.py:190} INFO - [2025-07-03T01:56:04.788+0000] {dagbag.py:588} INFO - Filling up the DagBag from /opt/airflow/dags/driven_data_pipeline.py
[2025-07-03T01:56:04.971+0000] {processor.py:925} INFO - DAG(s) 'extract_raw_data_pipeline' retrieved from /opt/airflow/dags/driven_data_pipeline.py
[2025-07-03T01:56:04.995+0000] {logging_mixin.py:190} INFO - [2025-07-03T01:56:04.995+0000] {dag.py:3239} INFO - Sync 1 DAGs
[2025-07-03T01:56:05.022+0000] {logging_mixin.py:190} INFO - [2025-07-03T01:56:05.021+0000] {dag.py:4180} INFO - Setting next_dagrun for extract_raw_data_pipeline to 2025-07-02 07:59:00+00:00, run_after=2025-07-03 07:00:00+00:00
[2025-07-03T01:56:05.054+0000] {processor.py:208} INFO - Processing /opt/airflow/dags/driven_data_pipeline.py took 0.289 seconds
[2025-07-03T01:56:35.344+0000] {processor.py:186} INFO - Started process (PID=14287) to work on /opt/airflow/dags/driven_data_pipeline.py
[2025-07-03T01:56:36.189+0000] {processor.py:914} INFO - Processing file /opt/airflow/dags/driven_data_pipeline.py for tasks to queue
[2025-07-03T01:56:36.192+0000] {logging_mixin.py:190} INFO - [2025-07-03T01:56:36.191+0000] {dagbag.py:588} INFO - Filling up the DagBag from /opt/airflow/dags/driven_data_pipeline.py
[2025-07-03T01:56:36.474+0000] {processor.py:925} INFO - DAG(s) 'extract_raw_data_pipeline' retrieved from /opt/airflow/dags/driven_data_pipeline.py
[2025-07-03T01:56:36.513+0000] {logging_mixin.py:190} INFO - [2025-07-03T01:56:36.513+0000] {dag.py:3239} INFO - Sync 1 DAGs
[2025-07-03T01:56:36.551+0000] {logging_mixin.py:190} INFO - [2025-07-03T01:56:36.550+0000] {dag.py:4180} INFO - Setting next_dagrun for extract_raw_data_pipeline to 2025-07-02 07:59:00+00:00, run_after=2025-07-03 07:00:00+00:00
[2025-07-03T01:56:36.600+0000] {processor.py:208} INFO - Processing /opt/airflow/dags/driven_data_pipeline.py took 1.268 seconds
[2025-07-03T01:57:06.869+0000] {processor.py:186} INFO - Started process (PID=14295) to work on /opt/airflow/dags/driven_data_pipeline.py
[2025-07-03T01:57:07.373+0000] {processor.py:914} INFO - Processing file /opt/airflow/dags/driven_data_pipeline.py for tasks to queue
[2025-07-03T01:57:07.376+0000] {logging_mixin.py:190} INFO - [2025-07-03T01:57:07.376+0000] {dagbag.py:588} INFO - Filling up the DagBag from /opt/airflow/dags/driven_data_pipeline.py
[2025-07-03T01:57:07.654+0000] {processor.py:925} INFO - DAG(s) 'extract_raw_data_pipeline' retrieved from /opt/airflow/dags/driven_data_pipeline.py
[2025-07-03T01:57:07.699+0000] {logging_mixin.py:190} INFO - [2025-07-03T01:57:07.699+0000] {dag.py:3239} INFO - Sync 1 DAGs
[2025-07-03T01:57:07.739+0000] {logging_mixin.py:190} INFO - [2025-07-03T01:57:07.739+0000] {dag.py:4180} INFO - Setting next_dagrun for extract_raw_data_pipeline to 2025-07-02 07:59:00+00:00, run_after=2025-07-03 07:00:00+00:00
[2025-07-03T01:57:08.373+0000] {processor.py:208} INFO - Processing /opt/airflow/dags/driven_data_pipeline.py took 1.515 seconds
[2025-07-03T01:57:38.484+0000] {processor.py:186} INFO - Started process (PID=14303) to work on /opt/airflow/dags/driven_data_pipeline.py
[2025-07-03T01:57:38.485+0000] {processor.py:914} INFO - Processing file /opt/airflow/dags/driven_data_pipeline.py for tasks to queue
[2025-07-03T01:57:38.488+0000] {logging_mixin.py:190} INFO - [2025-07-03T01:57:38.488+0000] {dagbag.py:588} INFO - Filling up the DagBag from /opt/airflow/dags/driven_data_pipeline.py
[2025-07-03T01:57:38.668+0000] {processor.py:925} INFO - DAG(s) 'extract_raw_data_pipeline' retrieved from /opt/airflow/dags/driven_data_pipeline.py
[2025-07-03T01:57:38.693+0000] {logging_mixin.py:190} INFO - [2025-07-03T01:57:38.693+0000] {dag.py:3239} INFO - Sync 1 DAGs
[2025-07-03T01:57:38.717+0000] {logging_mixin.py:190} INFO - [2025-07-03T01:57:38.717+0000] {dag.py:4180} INFO - Setting next_dagrun for extract_raw_data_pipeline to 2025-07-02 07:59:00+00:00, run_after=2025-07-03 07:00:00+00:00
[2025-07-03T01:57:38.880+0000] {processor.py:208} INFO - Processing /opt/airflow/dags/driven_data_pipeline.py took 0.408 seconds
[2025-07-03T01:58:09.163+0000] {processor.py:186} INFO - Started process (PID=14311) to work on /opt/airflow/dags/driven_data_pipeline.py
[2025-07-03T01:58:09.168+0000] {processor.py:914} INFO - Processing file /opt/airflow/dags/driven_data_pipeline.py for tasks to queue
[2025-07-03T01:58:09.171+0000] {logging_mixin.py:190} INFO - [2025-07-03T01:58:09.170+0000] {dagbag.py:588} INFO - Filling up the DagBag from /opt/airflow/dags/driven_data_pipeline.py
[2025-07-03T01:58:09.358+0000] {processor.py:925} INFO - DAG(s) 'extract_raw_data_pipeline' retrieved from /opt/airflow/dags/driven_data_pipeline.py
[2025-07-03T01:58:09.383+0000] {logging_mixin.py:190} INFO - [2025-07-03T01:58:09.383+0000] {dag.py:3239} INFO - Sync 1 DAGs
[2025-07-03T01:58:09.409+0000] {logging_mixin.py:190} INFO - [2025-07-03T01:58:09.409+0000] {dag.py:4180} INFO - Setting next_dagrun for extract_raw_data_pipeline to 2025-07-02 07:59:00+00:00, run_after=2025-07-03 07:00:00+00:00
[2025-07-03T01:58:10.530+0000] {processor.py:208} INFO - Processing /opt/airflow/dags/driven_data_pipeline.py took 1.377 seconds
[2025-07-03T01:58:40.735+0000] {processor.py:186} INFO - Started process (PID=14319) to work on /opt/airflow/dags/driven_data_pipeline.py
[2025-07-03T01:58:40.737+0000] {processor.py:914} INFO - Processing file /opt/airflow/dags/driven_data_pipeline.py for tasks to queue
[2025-07-03T01:58:40.742+0000] {logging_mixin.py:190} INFO - [2025-07-03T01:58:40.741+0000] {dagbag.py:588} INFO - Filling up the DagBag from /opt/airflow/dags/driven_data_pipeline.py
[2025-07-03T01:58:40.920+0000] {processor.py:925} INFO - DAG(s) 'extract_raw_data_pipeline' retrieved from /opt/airflow/dags/driven_data_pipeline.py
[2025-07-03T01:58:40.945+0000] {logging_mixin.py:190} INFO - [2025-07-03T01:58:40.945+0000] {dag.py:3239} INFO - Sync 1 DAGs
[2025-07-03T01:58:40.969+0000] {logging_mixin.py:190} INFO - [2025-07-03T01:58:40.968+0000] {dag.py:4180} INFO - Setting next_dagrun for extract_raw_data_pipeline to 2025-07-02 07:59:00+00:00, run_after=2025-07-03 07:00:00+00:00
[2025-07-03T01:58:41.714+0000] {processor.py:208} INFO - Processing /opt/airflow/dags/driven_data_pipeline.py took 1.003 seconds
[2025-07-03T01:59:12.142+0000] {processor.py:186} INFO - Started process (PID=14327) to work on /opt/airflow/dags/driven_data_pipeline.py
[2025-07-03T01:59:12.144+0000] {processor.py:914} INFO - Processing file /opt/airflow/dags/driven_data_pipeline.py for tasks to queue
[2025-07-03T01:59:12.146+0000] {logging_mixin.py:190} INFO - [2025-07-03T01:59:12.146+0000] {dagbag.py:588} INFO - Filling up the DagBag from /opt/airflow/dags/driven_data_pipeline.py
[2025-07-03T01:59:12.319+0000] {processor.py:925} INFO - DAG(s) 'extract_raw_data_pipeline' retrieved from /opt/airflow/dags/driven_data_pipeline.py
[2025-07-03T01:59:12.343+0000] {logging_mixin.py:190} INFO - [2025-07-03T01:59:12.342+0000] {dag.py:3239} INFO - Sync 1 DAGs
[2025-07-03T01:59:12.365+0000] {logging_mixin.py:190} INFO - [2025-07-03T01:59:12.365+0000] {dag.py:4180} INFO - Setting next_dagrun for extract_raw_data_pipeline to 2025-07-02 07:59:00+00:00, run_after=2025-07-03 07:00:00+00:00
[2025-07-03T01:59:12.397+0000] {processor.py:208} INFO - Processing /opt/airflow/dags/driven_data_pipeline.py took 0.265 seconds
[2025-07-03T01:59:42.549+0000] {processor.py:186} INFO - Started process (PID=14336) to work on /opt/airflow/dags/driven_data_pipeline.py
[2025-07-03T01:59:42.549+0000] {processor.py:914} INFO - Processing file /opt/airflow/dags/driven_data_pipeline.py for tasks to queue
[2025-07-03T01:59:42.552+0000] {logging_mixin.py:190} INFO - [2025-07-03T01:59:42.551+0000] {dagbag.py:588} INFO - Filling up the DagBag from /opt/airflow/dags/driven_data_pipeline.py
[2025-07-03T01:59:42.727+0000] {processor.py:925} INFO - DAG(s) 'extract_raw_data_pipeline' retrieved from /opt/airflow/dags/driven_data_pipeline.py
[2025-07-03T01:59:42.751+0000] {logging_mixin.py:190} INFO - [2025-07-03T01:59:42.751+0000] {dag.py:3239} INFO - Sync 1 DAGs
[2025-07-03T01:59:42.775+0000] {logging_mixin.py:190} INFO - [2025-07-03T01:59:42.774+0000] {dag.py:4180} INFO - Setting next_dagrun for extract_raw_data_pipeline to 2025-07-02 07:59:00+00:00, run_after=2025-07-03 07:00:00+00:00
[2025-07-03T01:59:42.827+0000] {processor.py:208} INFO - Processing /opt/airflow/dags/driven_data_pipeline.py took 0.286 seconds
[2025-07-03T02:00:13.155+0000] {processor.py:186} INFO - Started process (PID=14344) to work on /opt/airflow/dags/driven_data_pipeline.py
[2025-07-03T02:00:13.176+0000] {processor.py:914} INFO - Processing file /opt/airflow/dags/driven_data_pipeline.py for tasks to queue
[2025-07-03T02:00:13.178+0000] {logging_mixin.py:190} INFO - [2025-07-03T02:00:13.177+0000] {dagbag.py:588} INFO - Filling up the DagBag from /opt/airflow/dags/driven_data_pipeline.py
[2025-07-03T02:00:13.351+0000] {processor.py:925} INFO - DAG(s) 'extract_raw_data_pipeline' retrieved from /opt/airflow/dags/driven_data_pipeline.py
[2025-07-03T02:00:13.375+0000] {logging_mixin.py:190} INFO - [2025-07-03T02:00:13.375+0000] {dag.py:3239} INFO - Sync 1 DAGs
[2025-07-03T02:00:13.400+0000] {logging_mixin.py:190} INFO - [2025-07-03T02:00:13.399+0000] {dag.py:4180} INFO - Setting next_dagrun for extract_raw_data_pipeline to 2025-07-02 07:59:00+00:00, run_after=2025-07-03 07:00:00+00:00
[2025-07-03T02:00:13.434+0000] {processor.py:208} INFO - Processing /opt/airflow/dags/driven_data_pipeline.py took 0.285 seconds
[2025-07-03T02:00:43.556+0000] {processor.py:186} INFO - Started process (PID=14352) to work on /opt/airflow/dags/driven_data_pipeline.py
[2025-07-03T02:00:43.557+0000] {processor.py:914} INFO - Processing file /opt/airflow/dags/driven_data_pipeline.py for tasks to queue
[2025-07-03T02:00:43.560+0000] {logging_mixin.py:190} INFO - [2025-07-03T02:00:43.559+0000] {dagbag.py:588} INFO - Filling up the DagBag from /opt/airflow/dags/driven_data_pipeline.py
[2025-07-03T02:00:43.734+0000] {processor.py:925} INFO - DAG(s) 'extract_raw_data_pipeline' retrieved from /opt/airflow/dags/driven_data_pipeline.py
[2025-07-03T02:00:43.760+0000] {logging_mixin.py:190} INFO - [2025-07-03T02:00:43.760+0000] {dag.py:3239} INFO - Sync 1 DAGs
[2025-07-03T02:00:43.784+0000] {logging_mixin.py:190} INFO - [2025-07-03T02:00:43.783+0000] {dag.py:4180} INFO - Setting next_dagrun for extract_raw_data_pipeline to 2025-07-02 07:59:00+00:00, run_after=2025-07-03 07:00:00+00:00
[2025-07-03T02:00:43.868+0000] {processor.py:208} INFO - Processing /opt/airflow/dags/driven_data_pipeline.py took 0.320 seconds
[2025-07-03T02:01:14.216+0000] {processor.py:186} INFO - Started process (PID=14360) to work on /opt/airflow/dags/driven_data_pipeline.py
[2025-07-03T02:01:14.233+0000] {processor.py:914} INFO - Processing file /opt/airflow/dags/driven_data_pipeline.py for tasks to queue
[2025-07-03T02:01:14.249+0000] {logging_mixin.py:190} INFO - [2025-07-03T02:01:14.246+0000] {dagbag.py:588} INFO - Filling up the DagBag from /opt/airflow/dags/driven_data_pipeline.py
[2025-07-03T02:01:14.462+0000] {processor.py:925} INFO - DAG(s) 'extract_raw_data_pipeline' retrieved from /opt/airflow/dags/driven_data_pipeline.py
[2025-07-03T02:01:14.494+0000] {logging_mixin.py:190} INFO - [2025-07-03T02:01:14.494+0000] {dag.py:3239} INFO - Sync 1 DAGs
[2025-07-03T02:01:14.523+0000] {logging_mixin.py:190} INFO - [2025-07-03T02:01:14.522+0000] {dag.py:4180} INFO - Setting next_dagrun for extract_raw_data_pipeline to 2025-07-02 07:59:00+00:00, run_after=2025-07-03 07:00:00+00:00
[2025-07-03T02:01:14.559+0000] {processor.py:208} INFO - Processing /opt/airflow/dags/driven_data_pipeline.py took 0.380 seconds
[2025-07-03T02:01:44.636+0000] {processor.py:186} INFO - Started process (PID=14368) to work on /opt/airflow/dags/driven_data_pipeline.py
[2025-07-03T02:01:44.636+0000] {processor.py:914} INFO - Processing file /opt/airflow/dags/driven_data_pipeline.py for tasks to queue
[2025-07-03T02:01:44.639+0000] {logging_mixin.py:190} INFO - [2025-07-03T02:01:44.638+0000] {dagbag.py:588} INFO - Filling up the DagBag from /opt/airflow/dags/driven_data_pipeline.py
[2025-07-03T02:01:44.838+0000] {processor.py:925} INFO - DAG(s) 'extract_raw_data_pipeline' retrieved from /opt/airflow/dags/driven_data_pipeline.py
[2025-07-03T02:01:44.872+0000] {logging_mixin.py:190} INFO - [2025-07-03T02:01:44.871+0000] {dag.py:3239} INFO - Sync 1 DAGs
[2025-07-03T02:01:44.900+0000] {logging_mixin.py:190} INFO - [2025-07-03T02:01:44.900+0000] {dag.py:4180} INFO - Setting next_dagrun for extract_raw_data_pipeline to 2025-07-02 07:59:00+00:00, run_after=2025-07-03 07:00:00+00:00
[2025-07-03T02:01:45.767+0000] {processor.py:208} INFO - Processing /opt/airflow/dags/driven_data_pipeline.py took 1.139 seconds
[2025-07-03T02:02:16.060+0000] {processor.py:186} INFO - Started process (PID=14375) to work on /opt/airflow/dags/driven_data_pipeline.py
[2025-07-03T02:02:16.061+0000] {processor.py:914} INFO - Processing file /opt/airflow/dags/driven_data_pipeline.py for tasks to queue
[2025-07-03T02:02:16.064+0000] {logging_mixin.py:190} INFO - [2025-07-03T02:02:16.064+0000] {dagbag.py:588} INFO - Filling up the DagBag from /opt/airflow/dags/driven_data_pipeline.py
[2025-07-03T02:02:16.365+0000] {processor.py:925} INFO - DAG(s) 'extract_raw_data_pipeline' retrieved from /opt/airflow/dags/driven_data_pipeline.py
[2025-07-03T02:02:16.416+0000] {logging_mixin.py:190} INFO - [2025-07-03T02:02:16.415+0000] {dag.py:3239} INFO - Sync 1 DAGs
[2025-07-03T02:02:16.463+0000] {logging_mixin.py:190} INFO - [2025-07-03T02:02:16.462+0000] {dag.py:4180} INFO - Setting next_dagrun for extract_raw_data_pipeline to 2025-07-02 07:59:00+00:00, run_after=2025-07-03 07:00:00+00:00
[2025-07-03T02:02:16.636+0000] {processor.py:208} INFO - Processing /opt/airflow/dags/driven_data_pipeline.py took 0.585 seconds
[2025-07-03T02:02:47.052+0000] {processor.py:186} INFO - Started process (PID=14383) to work on /opt/airflow/dags/driven_data_pipeline.py
[2025-07-03T02:02:47.062+0000] {processor.py:914} INFO - Processing file /opt/airflow/dags/driven_data_pipeline.py for tasks to queue
[2025-07-03T02:02:47.065+0000] {logging_mixin.py:190} INFO - [2025-07-03T02:02:47.064+0000] {dagbag.py:588} INFO - Filling up the DagBag from /opt/airflow/dags/driven_data_pipeline.py
[2025-07-03T02:02:47.300+0000] {processor.py:925} INFO - DAG(s) 'extract_raw_data_pipeline' retrieved from /opt/airflow/dags/driven_data_pipeline.py
[2025-07-03T02:02:47.335+0000] {logging_mixin.py:190} INFO - [2025-07-03T02:02:47.335+0000] {dag.py:3239} INFO - Sync 1 DAGs
[2025-07-03T02:02:47.370+0000] {logging_mixin.py:190} INFO - [2025-07-03T02:02:47.369+0000] {dag.py:4180} INFO - Setting next_dagrun for extract_raw_data_pipeline to 2025-07-02 07:59:00+00:00, run_after=2025-07-03 07:00:00+00:00
[2025-07-03T02:02:47.416+0000] {processor.py:208} INFO - Processing /opt/airflow/dags/driven_data_pipeline.py took 0.375 seconds
[2025-07-03T02:03:17.787+0000] {processor.py:186} INFO - Started process (PID=14391) to work on /opt/airflow/dags/driven_data_pipeline.py
[2025-07-03T02:03:17.789+0000] {processor.py:914} INFO - Processing file /opt/airflow/dags/driven_data_pipeline.py for tasks to queue
[2025-07-03T02:03:17.794+0000] {logging_mixin.py:190} INFO - [2025-07-03T02:03:17.793+0000] {dagbag.py:588} INFO - Filling up the DagBag from /opt/airflow/dags/driven_data_pipeline.py
[2025-07-03T02:03:18.033+0000] {processor.py:925} INFO - DAG(s) 'extract_raw_data_pipeline' retrieved from /opt/airflow/dags/driven_data_pipeline.py
[2025-07-03T02:03:18.062+0000] {logging_mixin.py:190} INFO - [2025-07-03T02:03:18.062+0000] {dag.py:3239} INFO - Sync 1 DAGs
[2025-07-03T02:03:18.088+0000] {logging_mixin.py:190} INFO - [2025-07-03T02:03:18.088+0000] {dag.py:4180} INFO - Setting next_dagrun for extract_raw_data_pipeline to 2025-07-02 07:59:00+00:00, run_after=2025-07-03 07:00:00+00:00
[2025-07-03T02:03:18.293+0000] {processor.py:208} INFO - Processing /opt/airflow/dags/driven_data_pipeline.py took 0.520 seconds
[2025-07-03T02:03:48.689+0000] {processor.py:186} INFO - Started process (PID=14399) to work on /opt/airflow/dags/driven_data_pipeline.py
[2025-07-03T02:03:48.693+0000] {processor.py:914} INFO - Processing file /opt/airflow/dags/driven_data_pipeline.py for tasks to queue
[2025-07-03T02:03:48.695+0000] {logging_mixin.py:190} INFO - [2025-07-03T02:03:48.695+0000] {dagbag.py:588} INFO - Filling up the DagBag from /opt/airflow/dags/driven_data_pipeline.py
[2025-07-03T02:03:48.901+0000] {processor.py:925} INFO - DAG(s) 'extract_raw_data_pipeline' retrieved from /opt/airflow/dags/driven_data_pipeline.py
[2025-07-03T02:03:48.931+0000] {logging_mixin.py:190} INFO - [2025-07-03T02:03:48.930+0000] {dag.py:3239} INFO - Sync 1 DAGs
[2025-07-03T02:03:48.959+0000] {logging_mixin.py:190} INFO - [2025-07-03T02:03:48.959+0000] {dag.py:4180} INFO - Setting next_dagrun for extract_raw_data_pipeline to 2025-07-02 07:59:00+00:00, run_after=2025-07-03 07:00:00+00:00
[2025-07-03T02:03:49.002+0000] {processor.py:208} INFO - Processing /opt/airflow/dags/driven_data_pipeline.py took 0.321 seconds
[2025-07-03T02:04:19.353+0000] {processor.py:186} INFO - Started process (PID=14407) to work on /opt/airflow/dags/driven_data_pipeline.py
[2025-07-03T02:04:19.354+0000] {processor.py:914} INFO - Processing file /opt/airflow/dags/driven_data_pipeline.py for tasks to queue
[2025-07-03T02:04:19.358+0000] {logging_mixin.py:190} INFO - [2025-07-03T02:04:19.357+0000] {dagbag.py:588} INFO - Filling up the DagBag from /opt/airflow/dags/driven_data_pipeline.py
[2025-07-03T02:04:19.536+0000] {processor.py:925} INFO - DAG(s) 'extract_raw_data_pipeline' retrieved from /opt/airflow/dags/driven_data_pipeline.py
[2025-07-03T02:04:19.561+0000] {logging_mixin.py:190} INFO - [2025-07-03T02:04:19.560+0000] {dag.py:3239} INFO - Sync 1 DAGs
[2025-07-03T02:04:19.585+0000] {logging_mixin.py:190} INFO - [2025-07-03T02:04:19.585+0000] {dag.py:4180} INFO - Setting next_dagrun for extract_raw_data_pipeline to 2025-07-02 07:59:00+00:00, run_after=2025-07-03 07:00:00+00:00
[2025-07-03T02:04:19.627+0000] {processor.py:208} INFO - Processing /opt/airflow/dags/driven_data_pipeline.py took 0.284 seconds
[2025-07-03T02:04:49.712+0000] {processor.py:186} INFO - Started process (PID=14415) to work on /opt/airflow/dags/driven_data_pipeline.py
[2025-07-03T02:04:49.723+0000] {processor.py:914} INFO - Processing file /opt/airflow/dags/driven_data_pipeline.py for tasks to queue
[2025-07-03T02:04:49.726+0000] {logging_mixin.py:190} INFO - [2025-07-03T02:04:49.726+0000] {dagbag.py:588} INFO - Filling up the DagBag from /opt/airflow/dags/driven_data_pipeline.py
[2025-07-03T02:04:49.935+0000] {processor.py:925} INFO - DAG(s) 'extract_raw_data_pipeline' retrieved from /opt/airflow/dags/driven_data_pipeline.py
[2025-07-03T02:04:49.967+0000] {logging_mixin.py:190} INFO - [2025-07-03T02:04:49.967+0000] {dag.py:3239} INFO - Sync 1 DAGs
[2025-07-03T02:04:49.993+0000] {logging_mixin.py:190} INFO - [2025-07-03T02:04:49.992+0000] {dag.py:4180} INFO - Setting next_dagrun for extract_raw_data_pipeline to 2025-07-02 07:59:00+00:00, run_after=2025-07-03 07:00:00+00:00
[2025-07-03T02:04:50.050+0000] {processor.py:208} INFO - Processing /opt/airflow/dags/driven_data_pipeline.py took 0.348 seconds
[2025-07-03T02:05:20.349+0000] {processor.py:186} INFO - Started process (PID=14423) to work on /opt/airflow/dags/driven_data_pipeline.py
[2025-07-03T02:05:20.350+0000] {processor.py:914} INFO - Processing file /opt/airflow/dags/driven_data_pipeline.py for tasks to queue
[2025-07-03T02:05:20.354+0000] {logging_mixin.py:190} INFO - [2025-07-03T02:05:20.353+0000] {dagbag.py:588} INFO - Filling up the DagBag from /opt/airflow/dags/driven_data_pipeline.py
[2025-07-03T02:05:20.532+0000] {processor.py:925} INFO - DAG(s) 'extract_raw_data_pipeline' retrieved from /opt/airflow/dags/driven_data_pipeline.py
[2025-07-03T02:05:20.556+0000] {logging_mixin.py:190} INFO - [2025-07-03T02:05:20.555+0000] {dag.py:3239} INFO - Sync 1 DAGs
[2025-07-03T02:05:20.579+0000] {logging_mixin.py:190} INFO - [2025-07-03T02:05:20.578+0000] {dag.py:4180} INFO - Setting next_dagrun for extract_raw_data_pipeline to 2025-07-02 07:59:00+00:00, run_after=2025-07-03 07:00:00+00:00
[2025-07-03T02:05:20.619+0000] {processor.py:208} INFO - Processing /opt/airflow/dags/driven_data_pipeline.py took 0.281 seconds
[2025-07-03T02:05:50.802+0000] {processor.py:186} INFO - Started process (PID=14431) to work on /opt/airflow/dags/driven_data_pipeline.py
[2025-07-03T02:05:50.816+0000] {processor.py:914} INFO - Processing file /opt/airflow/dags/driven_data_pipeline.py for tasks to queue
[2025-07-03T02:05:50.819+0000] {logging_mixin.py:190} INFO - [2025-07-03T02:05:50.818+0000] {dagbag.py:588} INFO - Filling up the DagBag from /opt/airflow/dags/driven_data_pipeline.py
[2025-07-03T02:05:51.015+0000] {processor.py:925} INFO - DAG(s) 'extract_raw_data_pipeline' retrieved from /opt/airflow/dags/driven_data_pipeline.py
[2025-07-03T02:05:51.039+0000] {logging_mixin.py:190} INFO - [2025-07-03T02:05:51.039+0000] {dag.py:3239} INFO - Sync 1 DAGs
[2025-07-03T02:05:51.063+0000] {logging_mixin.py:190} INFO - [2025-07-03T02:05:51.063+0000] {dag.py:4180} INFO - Setting next_dagrun for extract_raw_data_pipeline to 2025-07-02 07:59:00+00:00, run_after=2025-07-03 07:00:00+00:00
[2025-07-03T02:05:51.105+0000] {processor.py:208} INFO - Processing /opt/airflow/dags/driven_data_pipeline.py took 0.313 seconds
[2025-07-03T02:06:21.328+0000] {processor.py:186} INFO - Started process (PID=14439) to work on /opt/airflow/dags/driven_data_pipeline.py
[2025-07-03T02:06:21.329+0000] {processor.py:914} INFO - Processing file /opt/airflow/dags/driven_data_pipeline.py for tasks to queue
[2025-07-03T02:06:21.331+0000] {logging_mixin.py:190} INFO - [2025-07-03T02:06:21.331+0000] {dagbag.py:588} INFO - Filling up the DagBag from /opt/airflow/dags/driven_data_pipeline.py
[2025-07-03T02:06:21.516+0000] {processor.py:925} INFO - DAG(s) 'extract_raw_data_pipeline' retrieved from /opt/airflow/dags/driven_data_pipeline.py
[2025-07-03T02:06:21.542+0000] {logging_mixin.py:190} INFO - [2025-07-03T02:06:21.542+0000] {dag.py:3239} INFO - Sync 1 DAGs
[2025-07-03T02:06:21.567+0000] {logging_mixin.py:190} INFO - [2025-07-03T02:06:21.567+0000] {dag.py:4180} INFO - Setting next_dagrun for extract_raw_data_pipeline to 2025-07-02 07:59:00+00:00, run_after=2025-07-03 07:00:00+00:00
[2025-07-03T02:06:21.603+0000] {processor.py:208} INFO - Processing /opt/airflow/dags/driven_data_pipeline.py took 0.284 seconds
[2025-07-03T02:06:51.782+0000] {processor.py:186} INFO - Started process (PID=14447) to work on /opt/airflow/dags/driven_data_pipeline.py
[2025-07-03T02:06:51.788+0000] {processor.py:914} INFO - Processing file /opt/airflow/dags/driven_data_pipeline.py for tasks to queue
[2025-07-03T02:06:51.791+0000] {logging_mixin.py:190} INFO - [2025-07-03T02:06:51.791+0000] {dagbag.py:588} INFO - Filling up the DagBag from /opt/airflow/dags/driven_data_pipeline.py
[2025-07-03T02:06:51.967+0000] {processor.py:925} INFO - DAG(s) 'extract_raw_data_pipeline' retrieved from /opt/airflow/dags/driven_data_pipeline.py
[2025-07-03T02:06:51.993+0000] {logging_mixin.py:190} INFO - [2025-07-03T02:06:51.992+0000] {dag.py:3239} INFO - Sync 1 DAGs
[2025-07-03T02:06:52.017+0000] {logging_mixin.py:190} INFO - [2025-07-03T02:06:52.017+0000] {dag.py:4180} INFO - Setting next_dagrun for extract_raw_data_pipeline to 2025-07-02 07:59:00+00:00, run_after=2025-07-03 07:00:00+00:00
[2025-07-03T02:06:52.056+0000] {processor.py:208} INFO - Processing /opt/airflow/dags/driven_data_pipeline.py took 0.283 seconds
[2025-07-03T02:07:22.398+0000] {processor.py:186} INFO - Started process (PID=14455) to work on /opt/airflow/dags/driven_data_pipeline.py
[2025-07-03T02:07:22.412+0000] {processor.py:914} INFO - Processing file /opt/airflow/dags/driven_data_pipeline.py for tasks to queue
[2025-07-03T02:07:22.416+0000] {logging_mixin.py:190} INFO - [2025-07-03T02:07:22.415+0000] {dagbag.py:588} INFO - Filling up the DagBag from /opt/airflow/dags/driven_data_pipeline.py
[2025-07-03T02:07:22.597+0000] {processor.py:925} INFO - DAG(s) 'extract_raw_data_pipeline' retrieved from /opt/airflow/dags/driven_data_pipeline.py
[2025-07-03T02:07:22.622+0000] {logging_mixin.py:190} INFO - [2025-07-03T02:07:22.621+0000] {dag.py:3239} INFO - Sync 1 DAGs
[2025-07-03T02:07:22.645+0000] {logging_mixin.py:190} INFO - [2025-07-03T02:07:22.644+0000] {dag.py:4180} INFO - Setting next_dagrun for extract_raw_data_pipeline to 2025-07-02 07:59:00+00:00, run_after=2025-07-03 07:00:00+00:00
[2025-07-03T02:07:22.685+0000] {processor.py:208} INFO - Processing /opt/airflow/dags/driven_data_pipeline.py took 0.298 seconds
[2025-07-03T02:07:52.777+0000] {processor.py:186} INFO - Started process (PID=14463) to work on /opt/airflow/dags/driven_data_pipeline.py
[2025-07-03T02:07:52.778+0000] {processor.py:914} INFO - Processing file /opt/airflow/dags/driven_data_pipeline.py for tasks to queue
[2025-07-03T02:07:52.781+0000] {logging_mixin.py:190} INFO - [2025-07-03T02:07:52.781+0000] {dagbag.py:588} INFO - Filling up the DagBag from /opt/airflow/dags/driven_data_pipeline.py
[2025-07-03T02:07:53.084+0000] {processor.py:925} INFO - DAG(s) 'extract_raw_data_pipeline' retrieved from /opt/airflow/dags/driven_data_pipeline.py
[2025-07-03T02:07:53.128+0000] {logging_mixin.py:190} INFO - [2025-07-03T02:07:53.128+0000] {dag.py:3239} INFO - Sync 1 DAGs
[2025-07-03T02:07:53.177+0000] {logging_mixin.py:190} INFO - [2025-07-03T02:07:53.177+0000] {dag.py:4180} INFO - Setting next_dagrun for extract_raw_data_pipeline to 2025-07-02 07:59:00+00:00, run_after=2025-07-03 07:00:00+00:00
[2025-07-03T02:07:53.228+0000] {processor.py:208} INFO - Processing /opt/airflow/dags/driven_data_pipeline.py took 0.463 seconds
[2025-07-03T02:08:23.391+0000] {processor.py:186} INFO - Started process (PID=14471) to work on /opt/airflow/dags/driven_data_pipeline.py
[2025-07-03T02:08:23.392+0000] {processor.py:914} INFO - Processing file /opt/airflow/dags/driven_data_pipeline.py for tasks to queue
[2025-07-03T02:08:23.395+0000] {logging_mixin.py:190} INFO - [2025-07-03T02:08:23.394+0000] {dagbag.py:588} INFO - Filling up the DagBag from /opt/airflow/dags/driven_data_pipeline.py
[2025-07-03T02:08:23.640+0000] {processor.py:925} INFO - DAG(s) 'extract_raw_data_pipeline' retrieved from /opt/airflow/dags/driven_data_pipeline.py
[2025-07-03T02:08:23.671+0000] {logging_mixin.py:190} INFO - [2025-07-03T02:08:23.670+0000] {dag.py:3239} INFO - Sync 1 DAGs
[2025-07-03T02:08:23.700+0000] {logging_mixin.py:190} INFO - [2025-07-03T02:08:23.700+0000] {dag.py:4180} INFO - Setting next_dagrun for extract_raw_data_pipeline to 2025-07-02 07:59:00+00:00, run_after=2025-07-03 07:00:00+00:00
[2025-07-03T02:08:23.730+0000] {processor.py:208} INFO - Processing /opt/airflow/dags/driven_data_pipeline.py took 0.346 seconds
[2025-07-03T02:08:53.986+0000] {processor.py:186} INFO - Started process (PID=14480) to work on /opt/airflow/dags/driven_data_pipeline.py
[2025-07-03T02:08:53.999+0000] {processor.py:914} INFO - Processing file /opt/airflow/dags/driven_data_pipeline.py for tasks to queue
[2025-07-03T02:08:54.002+0000] {logging_mixin.py:190} INFO - [2025-07-03T02:08:54.001+0000] {dagbag.py:588} INFO - Filling up the DagBag from /opt/airflow/dags/driven_data_pipeline.py
[2025-07-03T02:08:54.186+0000] {processor.py:925} INFO - DAG(s) 'extract_raw_data_pipeline' retrieved from /opt/airflow/dags/driven_data_pipeline.py
[2025-07-03T02:08:54.212+0000] {logging_mixin.py:190} INFO - [2025-07-03T02:08:54.212+0000] {dag.py:3239} INFO - Sync 1 DAGs
[2025-07-03T02:08:54.236+0000] {logging_mixin.py:190} INFO - [2025-07-03T02:08:54.235+0000] {dag.py:4180} INFO - Setting next_dagrun for extract_raw_data_pipeline to 2025-07-02 07:59:00+00:00, run_after=2025-07-03 07:00:00+00:00
[2025-07-03T02:08:55.390+0000] {processor.py:208} INFO - Processing /opt/airflow/dags/driven_data_pipeline.py took 1.413 seconds
[2025-07-03T02:09:25.820+0000] {processor.py:186} INFO - Started process (PID=14487) to work on /opt/airflow/dags/driven_data_pipeline.py
[2025-07-03T02:09:25.822+0000] {processor.py:914} INFO - Processing file /opt/airflow/dags/driven_data_pipeline.py for tasks to queue
[2025-07-03T02:09:25.832+0000] {logging_mixin.py:190} INFO - [2025-07-03T02:09:25.830+0000] {dagbag.py:588} INFO - Filling up the DagBag from /opt/airflow/dags/driven_data_pipeline.py
[2025-07-03T02:09:26.044+0000] {processor.py:925} INFO - DAG(s) 'extract_raw_data_pipeline' retrieved from /opt/airflow/dags/driven_data_pipeline.py
[2025-07-03T02:09:26.069+0000] {logging_mixin.py:190} INFO - [2025-07-03T02:09:26.069+0000] {dag.py:3239} INFO - Sync 1 DAGs
[2025-07-03T02:09:26.092+0000] {logging_mixin.py:190} INFO - [2025-07-03T02:09:26.092+0000] {dag.py:4180} INFO - Setting next_dagrun for extract_raw_data_pipeline to 2025-07-02 07:59:00+00:00, run_after=2025-07-03 07:00:00+00:00
[2025-07-03T02:09:26.127+0000] {processor.py:208} INFO - Processing /opt/airflow/dags/driven_data_pipeline.py took 0.330 seconds
[2025-07-03T02:09:56.482+0000] {processor.py:186} INFO - Started process (PID=14495) to work on /opt/airflow/dags/driven_data_pipeline.py
[2025-07-03T02:09:56.497+0000] {processor.py:914} INFO - Processing file /opt/airflow/dags/driven_data_pipeline.py for tasks to queue
[2025-07-03T02:09:56.500+0000] {logging_mixin.py:190} INFO - [2025-07-03T02:09:56.499+0000] {dagbag.py:588} INFO - Filling up the DagBag from /opt/airflow/dags/driven_data_pipeline.py
[2025-07-03T02:09:56.673+0000] {processor.py:925} INFO - DAG(s) 'extract_raw_data_pipeline' retrieved from /opt/airflow/dags/driven_data_pipeline.py
[2025-07-03T02:09:56.697+0000] {logging_mixin.py:190} INFO - [2025-07-03T02:09:56.697+0000] {dag.py:3239} INFO - Sync 1 DAGs
[2025-07-03T02:09:56.720+0000] {logging_mixin.py:190} INFO - [2025-07-03T02:09:56.719+0000] {dag.py:4180} INFO - Setting next_dagrun for extract_raw_data_pipeline to 2025-07-02 07:59:00+00:00, run_after=2025-07-03 07:00:00+00:00
[2025-07-03T02:09:56.762+0000] {processor.py:208} INFO - Processing /opt/airflow/dags/driven_data_pipeline.py took 0.289 seconds
[2025-07-03T02:10:26.858+0000] {processor.py:186} INFO - Started process (PID=14503) to work on /opt/airflow/dags/driven_data_pipeline.py
[2025-07-03T02:10:26.859+0000] {processor.py:914} INFO - Processing file /opt/airflow/dags/driven_data_pipeline.py for tasks to queue
[2025-07-03T02:10:26.861+0000] {logging_mixin.py:190} INFO - [2025-07-03T02:10:26.861+0000] {dagbag.py:588} INFO - Filling up the DagBag from /opt/airflow/dags/driven_data_pipeline.py
[2025-07-03T02:10:27.043+0000] {processor.py:925} INFO - DAG(s) 'extract_raw_data_pipeline' retrieved from /opt/airflow/dags/driven_data_pipeline.py
[2025-07-03T02:10:27.067+0000] {logging_mixin.py:190} INFO - [2025-07-03T02:10:27.067+0000] {dag.py:3239} INFO - Sync 1 DAGs
[2025-07-03T02:10:27.091+0000] {logging_mixin.py:190} INFO - [2025-07-03T02:10:27.091+0000] {dag.py:4180} INFO - Setting next_dagrun for extract_raw_data_pipeline to 2025-07-02 07:59:00+00:00, run_after=2025-07-03 07:00:00+00:00
[2025-07-03T02:10:27.126+0000] {processor.py:208} INFO - Processing /opt/airflow/dags/driven_data_pipeline.py took 0.276 seconds
[2025-07-03T02:10:57.485+0000] {processor.py:186} INFO - Started process (PID=14511) to work on /opt/airflow/dags/driven_data_pipeline.py
[2025-07-03T02:10:57.486+0000] {processor.py:914} INFO - Processing file /opt/airflow/dags/driven_data_pipeline.py for tasks to queue
[2025-07-03T02:10:57.488+0000] {logging_mixin.py:190} INFO - [2025-07-03T02:10:57.488+0000] {dagbag.py:588} INFO - Filling up the DagBag from /opt/airflow/dags/driven_data_pipeline.py
[2025-07-03T02:10:57.693+0000] {processor.py:925} INFO - DAG(s) 'extract_raw_data_pipeline' retrieved from /opt/airflow/dags/driven_data_pipeline.py
[2025-07-03T02:10:57.721+0000] {logging_mixin.py:190} INFO - [2025-07-03T02:10:57.720+0000] {dag.py:3239} INFO - Sync 1 DAGs
[2025-07-03T02:10:57.749+0000] {logging_mixin.py:190} INFO - [2025-07-03T02:10:57.749+0000] {dag.py:4180} INFO - Setting next_dagrun for extract_raw_data_pipeline to 2025-07-02 07:59:00+00:00, run_after=2025-07-03 07:00:00+00:00
[2025-07-03T02:10:57.797+0000] {processor.py:208} INFO - Processing /opt/airflow/dags/driven_data_pipeline.py took 0.322 seconds
[2025-07-03T02:11:28.169+0000] {processor.py:186} INFO - Started process (PID=14519) to work on /opt/airflow/dags/driven_data_pipeline.py
[2025-07-03T02:11:28.170+0000] {processor.py:914} INFO - Processing file /opt/airflow/dags/driven_data_pipeline.py for tasks to queue
[2025-07-03T02:11:28.174+0000] {logging_mixin.py:190} INFO - [2025-07-03T02:11:28.174+0000] {dagbag.py:588} INFO - Filling up the DagBag from /opt/airflow/dags/driven_data_pipeline.py
[2025-07-03T02:11:28.355+0000] {processor.py:925} INFO - DAG(s) 'extract_raw_data_pipeline' retrieved from /opt/airflow/dags/driven_data_pipeline.py
[2025-07-03T02:11:28.380+0000] {logging_mixin.py:190} INFO - [2025-07-03T02:11:28.379+0000] {dag.py:3239} INFO - Sync 1 DAGs
[2025-07-03T02:11:28.403+0000] {logging_mixin.py:190} INFO - [2025-07-03T02:11:28.402+0000] {dag.py:4180} INFO - Setting next_dagrun for extract_raw_data_pipeline to 2025-07-02 07:59:00+00:00, run_after=2025-07-03 07:00:00+00:00
[2025-07-03T02:11:28.437+0000] {processor.py:208} INFO - Processing /opt/airflow/dags/driven_data_pipeline.py took 0.279 seconds
[2025-07-03T02:11:58.798+0000] {processor.py:186} INFO - Started process (PID=14527) to work on /opt/airflow/dags/driven_data_pipeline.py
[2025-07-03T02:11:58.799+0000] {processor.py:914} INFO - Processing file /opt/airflow/dags/driven_data_pipeline.py for tasks to queue
[2025-07-03T02:11:58.803+0000] {logging_mixin.py:190} INFO - [2025-07-03T02:11:58.802+0000] {dagbag.py:588} INFO - Filling up the DagBag from /opt/airflow/dags/driven_data_pipeline.py
[2025-07-03T02:11:58.978+0000] {processor.py:925} INFO - DAG(s) 'extract_raw_data_pipeline' retrieved from /opt/airflow/dags/driven_data_pipeline.py
[2025-07-03T02:11:59.004+0000] {logging_mixin.py:190} INFO - [2025-07-03T02:11:59.003+0000] {dag.py:3239} INFO - Sync 1 DAGs
[2025-07-03T02:11:59.027+0000] {logging_mixin.py:190} INFO - [2025-07-03T02:11:59.027+0000] {dag.py:4180} INFO - Setting next_dagrun for extract_raw_data_pipeline to 2025-07-02 07:59:00+00:00, run_after=2025-07-03 07:00:00+00:00
[2025-07-03T02:11:59.085+0000] {processor.py:208} INFO - Processing /opt/airflow/dags/driven_data_pipeline.py took 0.297 seconds
[2025-07-03T02:12:29.506+0000] {processor.py:186} INFO - Started process (PID=14535) to work on /opt/airflow/dags/driven_data_pipeline.py
[2025-07-03T02:12:29.507+0000] {processor.py:914} INFO - Processing file /opt/airflow/dags/driven_data_pipeline.py for tasks to queue
[2025-07-03T02:12:29.511+0000] {logging_mixin.py:190} INFO - [2025-07-03T02:12:29.511+0000] {dagbag.py:588} INFO - Filling up the DagBag from /opt/airflow/dags/driven_data_pipeline.py
[2025-07-03T02:12:29.749+0000] {processor.py:925} INFO - DAG(s) 'extract_raw_data_pipeline' retrieved from /opt/airflow/dags/driven_data_pipeline.py
[2025-07-03T02:12:29.778+0000] {logging_mixin.py:190} INFO - [2025-07-03T02:12:29.777+0000] {dag.py:3239} INFO - Sync 1 DAGs
[2025-07-03T02:12:29.808+0000] {logging_mixin.py:190} INFO - [2025-07-03T02:12:29.808+0000] {dag.py:4180} INFO - Setting next_dagrun for extract_raw_data_pipeline to 2025-07-02 07:59:00+00:00, run_after=2025-07-03 07:00:00+00:00
[2025-07-03T02:12:29.837+0000] {processor.py:208} INFO - Processing /opt/airflow/dags/driven_data_pipeline.py took 0.349 seconds
[2025-07-03T02:13:00.183+0000] {processor.py:186} INFO - Started process (PID=14550) to work on /opt/airflow/dags/driven_data_pipeline.py
[2025-07-03T02:13:00.183+0000] {processor.py:914} INFO - Processing file /opt/airflow/dags/driven_data_pipeline.py for tasks to queue
[2025-07-03T02:13:00.186+0000] {logging_mixin.py:190} INFO - [2025-07-03T02:13:00.186+0000] {dagbag.py:588} INFO - Filling up the DagBag from /opt/airflow/dags/driven_data_pipeline.py
[2025-07-03T02:13:00.430+0000] {processor.py:925} INFO - DAG(s) 'extract_raw_data_pipeline' retrieved from /opt/airflow/dags/driven_data_pipeline.py
[2025-07-03T02:13:00.464+0000] {logging_mixin.py:190} INFO - [2025-07-03T02:13:00.463+0000] {dag.py:3239} INFO - Sync 1 DAGs
[2025-07-03T02:13:00.497+0000] {logging_mixin.py:190} INFO - [2025-07-03T02:13:00.496+0000] {dag.py:4180} INFO - Setting next_dagrun for extract_raw_data_pipeline to 2025-07-02 07:59:00+00:00, run_after=2025-07-03 07:00:00+00:00
[2025-07-03T02:13:00.541+0000] {processor.py:208} INFO - Processing /opt/airflow/dags/driven_data_pipeline.py took 0.367 seconds
[2025-07-03T02:13:30.947+0000] {processor.py:186} INFO - Started process (PID=14558) to work on /opt/airflow/dags/driven_data_pipeline.py
[2025-07-03T02:13:30.948+0000] {processor.py:914} INFO - Processing file /opt/airflow/dags/driven_data_pipeline.py for tasks to queue
[2025-07-03T02:13:30.950+0000] {logging_mixin.py:190} INFO - [2025-07-03T02:13:30.950+0000] {dagbag.py:588} INFO - Filling up the DagBag from /opt/airflow/dags/driven_data_pipeline.py
[2025-07-03T02:13:31.198+0000] {processor.py:925} INFO - DAG(s) 'extract_raw_data_pipeline' retrieved from /opt/airflow/dags/driven_data_pipeline.py
[2025-07-03T02:13:31.231+0000] {logging_mixin.py:190} INFO - [2025-07-03T02:13:31.231+0000] {dag.py:3239} INFO - Sync 1 DAGs
[2025-07-03T02:13:31.263+0000] {logging_mixin.py:190} INFO - [2025-07-03T02:13:31.263+0000] {dag.py:4180} INFO - Setting next_dagrun for extract_raw_data_pipeline to 2025-07-02 07:59:00+00:00, run_after=2025-07-03 07:00:00+00:00
[2025-07-03T02:13:31.522+0000] {processor.py:208} INFO - Processing /opt/airflow/dags/driven_data_pipeline.py took 0.584 seconds
[2025-07-03T02:14:01.870+0000] {processor.py:186} INFO - Started process (PID=14566) to work on /opt/airflow/dags/driven_data_pipeline.py
[2025-07-03T02:14:01.885+0000] {processor.py:914} INFO - Processing file /opt/airflow/dags/driven_data_pipeline.py for tasks to queue
[2025-07-03T02:14:01.887+0000] {logging_mixin.py:190} INFO - [2025-07-03T02:14:01.887+0000] {dagbag.py:588} INFO - Filling up the DagBag from /opt/airflow/dags/driven_data_pipeline.py
[2025-07-03T02:14:02.062+0000] {processor.py:925} INFO - DAG(s) 'extract_raw_data_pipeline' retrieved from /opt/airflow/dags/driven_data_pipeline.py
[2025-07-03T02:14:02.086+0000] {logging_mixin.py:190} INFO - [2025-07-03T02:14:02.086+0000] {dag.py:3239} INFO - Sync 1 DAGs
[2025-07-03T02:14:02.109+0000] {logging_mixin.py:190} INFO - [2025-07-03T02:14:02.109+0000] {dag.py:4180} INFO - Setting next_dagrun for extract_raw_data_pipeline to 2025-07-02 07:59:00+00:00, run_after=2025-07-03 07:00:00+00:00
[2025-07-03T02:14:02.152+0000] {processor.py:208} INFO - Processing /opt/airflow/dags/driven_data_pipeline.py took 0.290 seconds
[2025-07-03T02:14:32.233+0000] {processor.py:186} INFO - Started process (PID=14574) to work on /opt/airflow/dags/driven_data_pipeline.py
[2025-07-03T02:14:32.234+0000] {processor.py:914} INFO - Processing file /opt/airflow/dags/driven_data_pipeline.py for tasks to queue
[2025-07-03T02:14:32.238+0000] {logging_mixin.py:190} INFO - [2025-07-03T02:14:32.237+0000] {dagbag.py:588} INFO - Filling up the DagBag from /opt/airflow/dags/driven_data_pipeline.py
[2025-07-03T02:14:32.472+0000] {processor.py:925} INFO - DAG(s) 'extract_raw_data_pipeline' retrieved from /opt/airflow/dags/driven_data_pipeline.py
[2025-07-03T02:14:32.501+0000] {logging_mixin.py:190} INFO - [2025-07-03T02:14:32.500+0000] {dag.py:3239} INFO - Sync 1 DAGs
[2025-07-03T02:14:32.532+0000] {logging_mixin.py:190} INFO - [2025-07-03T02:14:32.532+0000] {dag.py:4180} INFO - Setting next_dagrun for extract_raw_data_pipeline to 2025-07-02 07:59:00+00:00, run_after=2025-07-03 07:00:00+00:00
[2025-07-03T02:14:33.256+0000] {processor.py:208} INFO - Processing /opt/airflow/dags/driven_data_pipeline.py took 1.030 seconds
[2025-07-03T02:15:03.674+0000] {processor.py:186} INFO - Started process (PID=14581) to work on /opt/airflow/dags/driven_data_pipeline.py
[2025-07-03T02:15:03.679+0000] {processor.py:914} INFO - Processing file /opt/airflow/dags/driven_data_pipeline.py for tasks to queue
[2025-07-03T02:15:03.694+0000] {logging_mixin.py:190} INFO - [2025-07-03T02:15:03.692+0000] {dagbag.py:588} INFO - Filling up the DagBag from /opt/airflow/dags/driven_data_pipeline.py
[2025-07-03T02:15:03.896+0000] {processor.py:925} INFO - DAG(s) 'extract_raw_data_pipeline' retrieved from /opt/airflow/dags/driven_data_pipeline.py
[2025-07-03T02:15:03.924+0000] {logging_mixin.py:190} INFO - [2025-07-03T02:15:03.924+0000] {dag.py:3239} INFO - Sync 1 DAGs
[2025-07-03T02:15:03.952+0000] {logging_mixin.py:190} INFO - [2025-07-03T02:15:03.951+0000] {dag.py:4180} INFO - Setting next_dagrun for extract_raw_data_pipeline to 2025-07-02 07:59:00+00:00, run_after=2025-07-03 07:00:00+00:00
[2025-07-03T02:15:04.010+0000] {processor.py:208} INFO - Processing /opt/airflow/dags/driven_data_pipeline.py took 0.370 seconds
[2025-07-03T02:15:34.329+0000] {processor.py:186} INFO - Started process (PID=14589) to work on /opt/airflow/dags/driven_data_pipeline.py
[2025-07-03T02:15:34.330+0000] {processor.py:914} INFO - Processing file /opt/airflow/dags/driven_data_pipeline.py for tasks to queue
[2025-07-03T02:15:34.332+0000] {logging_mixin.py:190} INFO - [2025-07-03T02:15:34.332+0000] {dagbag.py:588} INFO - Filling up the DagBag from /opt/airflow/dags/driven_data_pipeline.py
[2025-07-03T02:15:34.518+0000] {processor.py:925} INFO - DAG(s) 'extract_raw_data_pipeline' retrieved from /opt/airflow/dags/driven_data_pipeline.py
[2025-07-03T02:15:34.545+0000] {logging_mixin.py:190} INFO - [2025-07-03T02:15:34.545+0000] {dag.py:3239} INFO - Sync 1 DAGs
[2025-07-03T02:15:34.571+0000] {logging_mixin.py:190} INFO - [2025-07-03T02:15:34.571+0000] {dag.py:4180} INFO - Setting next_dagrun for extract_raw_data_pipeline to 2025-07-02 07:59:00+00:00, run_after=2025-07-03 07:00:00+00:00
[2025-07-03T02:15:34.781+0000] {processor.py:208} INFO - Processing /opt/airflow/dags/driven_data_pipeline.py took 0.458 seconds
[2025-07-03T02:16:05.201+0000] {processor.py:186} INFO - Started process (PID=14598) to work on /opt/airflow/dags/driven_data_pipeline.py
[2025-07-03T02:16:05.202+0000] {processor.py:914} INFO - Processing file /opt/airflow/dags/driven_data_pipeline.py for tasks to queue
[2025-07-03T02:16:05.206+0000] {logging_mixin.py:190} INFO - [2025-07-03T02:16:05.206+0000] {dagbag.py:588} INFO - Filling up the DagBag from /opt/airflow/dags/driven_data_pipeline.py
[2025-07-03T02:16:05.406+0000] {processor.py:925} INFO - DAG(s) 'extract_raw_data_pipeline' retrieved from /opt/airflow/dags/driven_data_pipeline.py
[2025-07-03T02:16:05.436+0000] {logging_mixin.py:190} INFO - [2025-07-03T02:16:05.436+0000] {dag.py:3239} INFO - Sync 1 DAGs
[2025-07-03T02:16:05.463+0000] {logging_mixin.py:190} INFO - [2025-07-03T02:16:05.462+0000] {dag.py:4180} INFO - Setting next_dagrun for extract_raw_data_pipeline to 2025-07-02 07:59:00+00:00, run_after=2025-07-03 07:00:00+00:00
[2025-07-03T02:16:05.528+0000] {processor.py:208} INFO - Processing /opt/airflow/dags/driven_data_pipeline.py took 0.337 seconds
[2025-07-03T02:16:35.955+0000] {processor.py:186} INFO - Started process (PID=14606) to work on /opt/airflow/dags/driven_data_pipeline.py
[2025-07-03T02:16:35.957+0000] {processor.py:914} INFO - Processing file /opt/airflow/dags/driven_data_pipeline.py for tasks to queue
[2025-07-03T02:16:35.960+0000] {logging_mixin.py:190} INFO - [2025-07-03T02:16:35.960+0000] {dagbag.py:588} INFO - Filling up the DagBag from /opt/airflow/dags/driven_data_pipeline.py
[2025-07-03T02:16:36.139+0000] {processor.py:925} INFO - DAG(s) 'extract_raw_data_pipeline' retrieved from /opt/airflow/dags/driven_data_pipeline.py
[2025-07-03T02:16:36.164+0000] {logging_mixin.py:190} INFO - [2025-07-03T02:16:36.163+0000] {dag.py:3239} INFO - Sync 1 DAGs
[2025-07-03T02:16:36.188+0000] {logging_mixin.py:190} INFO - [2025-07-03T02:16:36.188+0000] {dag.py:4180} INFO - Setting next_dagrun for extract_raw_data_pipeline to 2025-07-02 07:59:00+00:00, run_after=2025-07-03 07:00:00+00:00
[2025-07-03T02:16:36.227+0000] {processor.py:208} INFO - Processing /opt/airflow/dags/driven_data_pipeline.py took 0.285 seconds
[2025-07-03T02:17:06.298+0000] {processor.py:186} INFO - Started process (PID=14614) to work on /opt/airflow/dags/driven_data_pipeline.py
[2025-07-03T02:17:06.299+0000] {processor.py:914} INFO - Processing file /opt/airflow/dags/driven_data_pipeline.py for tasks to queue
[2025-07-03T02:17:06.302+0000] {logging_mixin.py:190} INFO - [2025-07-03T02:17:06.302+0000] {dagbag.py:588} INFO - Filling up the DagBag from /opt/airflow/dags/driven_data_pipeline.py
[2025-07-03T02:17:06.477+0000] {processor.py:925} INFO - DAG(s) 'extract_raw_data_pipeline' retrieved from /opt/airflow/dags/driven_data_pipeline.py
[2025-07-03T02:17:06.503+0000] {logging_mixin.py:190} INFO - [2025-07-03T02:17:06.502+0000] {dag.py:3239} INFO - Sync 1 DAGs
[2025-07-03T02:17:06.526+0000] {logging_mixin.py:190} INFO - [2025-07-03T02:17:06.525+0000] {dag.py:4180} INFO - Setting next_dagrun for extract_raw_data_pipeline to 2025-07-02 07:59:00+00:00, run_after=2025-07-03 07:00:00+00:00
[2025-07-03T02:17:06.560+0000] {processor.py:208} INFO - Processing /opt/airflow/dags/driven_data_pipeline.py took 0.270 seconds
[2025-07-03T02:17:36.915+0000] {processor.py:186} INFO - Started process (PID=14622) to work on /opt/airflow/dags/driven_data_pipeline.py
[2025-07-03T02:17:37.957+0000] {processor.py:914} INFO - Processing file /opt/airflow/dags/driven_data_pipeline.py for tasks to queue
[2025-07-03T02:17:37.971+0000] {logging_mixin.py:190} INFO - [2025-07-03T02:17:37.969+0000] {dagbag.py:588} INFO - Filling up the DagBag from /opt/airflow/dags/driven_data_pipeline.py
[2025-07-03T02:17:38.158+0000] {processor.py:925} INFO - DAG(s) 'extract_raw_data_pipeline' retrieved from /opt/airflow/dags/driven_data_pipeline.py
[2025-07-03T02:17:38.182+0000] {logging_mixin.py:190} INFO - [2025-07-03T02:17:38.181+0000] {dag.py:3239} INFO - Sync 1 DAGs
[2025-07-03T02:17:38.205+0000] {logging_mixin.py:190} INFO - [2025-07-03T02:17:38.205+0000] {dag.py:4180} INFO - Setting next_dagrun for extract_raw_data_pipeline to 2025-07-02 07:59:00+00:00, run_after=2025-07-03 07:00:00+00:00
[2025-07-03T02:17:38.239+0000] {processor.py:208} INFO - Processing /opt/airflow/dags/driven_data_pipeline.py took 1.334 seconds
[2025-07-03T02:18:08.291+0000] {processor.py:186} INFO - Started process (PID=14630) to work on /opt/airflow/dags/driven_data_pipeline.py
[2025-07-03T02:18:08.294+0000] {processor.py:914} INFO - Processing file /opt/airflow/dags/driven_data_pipeline.py for tasks to queue
[2025-07-03T02:18:08.297+0000] {logging_mixin.py:190} INFO - [2025-07-03T02:18:08.296+0000] {dagbag.py:588} INFO - Filling up the DagBag from /opt/airflow/dags/driven_data_pipeline.py
[2025-07-03T02:18:08.474+0000] {processor.py:925} INFO - DAG(s) 'extract_raw_data_pipeline' retrieved from /opt/airflow/dags/driven_data_pipeline.py
[2025-07-03T02:18:08.498+0000] {logging_mixin.py:190} INFO - [2025-07-03T02:18:08.498+0000] {dag.py:3239} INFO - Sync 1 DAGs
[2025-07-03T02:18:08.521+0000] {logging_mixin.py:190} INFO - [2025-07-03T02:18:08.521+0000] {dag.py:4180} INFO - Setting next_dagrun for extract_raw_data_pipeline to 2025-07-02 07:59:00+00:00, run_after=2025-07-03 07:00:00+00:00
[2025-07-03T02:18:08.569+0000] {processor.py:208} INFO - Processing /opt/airflow/dags/driven_data_pipeline.py took 0.288 seconds
[2025-07-03T02:18:38.880+0000] {processor.py:186} INFO - Started process (PID=14638) to work on /opt/airflow/dags/driven_data_pipeline.py
[2025-07-03T02:18:38.881+0000] {processor.py:914} INFO - Processing file /opt/airflow/dags/driven_data_pipeline.py for tasks to queue
[2025-07-03T02:18:38.884+0000] {logging_mixin.py:190} INFO - [2025-07-03T02:18:38.883+0000] {dagbag.py:588} INFO - Filling up the DagBag from /opt/airflow/dags/driven_data_pipeline.py
[2025-07-03T02:18:39.091+0000] {processor.py:925} INFO - DAG(s) 'extract_raw_data_pipeline' retrieved from /opt/airflow/dags/driven_data_pipeline.py
[2025-07-03T02:18:39.119+0000] {logging_mixin.py:190} INFO - [2025-07-03T02:18:39.119+0000] {dag.py:3239} INFO - Sync 1 DAGs
[2025-07-03T02:18:39.148+0000] {logging_mixin.py:190} INFO - [2025-07-03T02:18:39.147+0000] {dag.py:4180} INFO - Setting next_dagrun for extract_raw_data_pipeline to 2025-07-02 07:59:00+00:00, run_after=2025-07-03 07:00:00+00:00
[2025-07-03T02:18:39.325+0000] {processor.py:208} INFO - Processing /opt/airflow/dags/driven_data_pipeline.py took 0.455 seconds
[2025-07-03T02:19:09.727+0000] {processor.py:186} INFO - Started process (PID=14646) to work on /opt/airflow/dags/driven_data_pipeline.py
[2025-07-03T02:19:09.760+0000] {processor.py:914} INFO - Processing file /opt/airflow/dags/driven_data_pipeline.py for tasks to queue
[2025-07-03T02:19:09.764+0000] {logging_mixin.py:190} INFO - [2025-07-03T02:19:09.763+0000] {dagbag.py:588} INFO - Filling up the DagBag from /opt/airflow/dags/driven_data_pipeline.py
[2025-07-03T02:19:10.013+0000] {processor.py:925} INFO - DAG(s) 'extract_raw_data_pipeline' retrieved from /opt/airflow/dags/driven_data_pipeline.py
[2025-07-03T02:19:10.044+0000] {logging_mixin.py:190} INFO - [2025-07-03T02:19:10.044+0000] {dag.py:3239} INFO - Sync 1 DAGs
[2025-07-03T02:19:10.071+0000] {logging_mixin.py:190} INFO - [2025-07-03T02:19:10.071+0000] {dag.py:4180} INFO - Setting next_dagrun for extract_raw_data_pipeline to 2025-07-02 07:59:00+00:00, run_after=2025-07-03 07:00:00+00:00
[2025-07-03T02:19:10.105+0000] {processor.py:208} INFO - Processing /opt/airflow/dags/driven_data_pipeline.py took 0.386 seconds
[2025-07-03T02:19:40.544+0000] {processor.py:186} INFO - Started process (PID=14654) to work on /opt/airflow/dags/driven_data_pipeline.py
[2025-07-03T02:19:40.546+0000] {processor.py:914} INFO - Processing file /opt/airflow/dags/driven_data_pipeline.py for tasks to queue
[2025-07-03T02:19:40.550+0000] {logging_mixin.py:190} INFO - [2025-07-03T02:19:40.550+0000] {dagbag.py:588} INFO - Filling up the DagBag from /opt/airflow/dags/driven_data_pipeline.py
[2025-07-03T02:19:40.732+0000] {processor.py:925} INFO - DAG(s) 'extract_raw_data_pipeline' retrieved from /opt/airflow/dags/driven_data_pipeline.py
[2025-07-03T02:19:40.758+0000] {logging_mixin.py:190} INFO - [2025-07-03T02:19:40.758+0000] {dag.py:3239} INFO - Sync 1 DAGs
[2025-07-03T02:19:40.785+0000] {logging_mixin.py:190} INFO - [2025-07-03T02:19:40.785+0000] {dag.py:4180} INFO - Setting next_dagrun for extract_raw_data_pipeline to 2025-07-02 07:59:00+00:00, run_after=2025-07-03 07:00:00+00:00
[2025-07-03T02:19:40.827+0000] {processor.py:208} INFO - Processing /opt/airflow/dags/driven_data_pipeline.py took 0.295 seconds
[2025-07-03T02:20:10.922+0000] {processor.py:186} INFO - Started process (PID=14662) to work on /opt/airflow/dags/driven_data_pipeline.py
[2025-07-03T02:20:10.923+0000] {processor.py:914} INFO - Processing file /opt/airflow/dags/driven_data_pipeline.py for tasks to queue
[2025-07-03T02:20:10.928+0000] {logging_mixin.py:190} INFO - [2025-07-03T02:20:10.928+0000] {dagbag.py:588} INFO - Filling up the DagBag from /opt/airflow/dags/driven_data_pipeline.py
[2025-07-03T02:20:11.150+0000] {processor.py:925} INFO - DAG(s) 'extract_raw_data_pipeline' retrieved from /opt/airflow/dags/driven_data_pipeline.py
[2025-07-03T02:20:11.178+0000] {logging_mixin.py:190} INFO - [2025-07-03T02:20:11.177+0000] {dag.py:3239} INFO - Sync 1 DAGs
[2025-07-03T02:20:11.206+0000] {logging_mixin.py:190} INFO - [2025-07-03T02:20:11.206+0000] {dag.py:4180} INFO - Setting next_dagrun for extract_raw_data_pipeline to 2025-07-02 07:59:00+00:00, run_after=2025-07-03 07:00:00+00:00
[2025-07-03T02:20:11.683+0000] {processor.py:208} INFO - Processing /opt/airflow/dags/driven_data_pipeline.py took 0.771 seconds
[2025-07-03T02:20:42.068+0000] {processor.py:186} INFO - Started process (PID=14670) to work on /opt/airflow/dags/driven_data_pipeline.py
[2025-07-03T02:20:42.069+0000] {processor.py:914} INFO - Processing file /opt/airflow/dags/driven_data_pipeline.py for tasks to queue
[2025-07-03T02:20:42.072+0000] {logging_mixin.py:190} INFO - [2025-07-03T02:20:42.071+0000] {dagbag.py:588} INFO - Filling up the DagBag from /opt/airflow/dags/driven_data_pipeline.py
[2025-07-03T02:20:42.301+0000] {processor.py:925} INFO - DAG(s) 'extract_raw_data_pipeline' retrieved from /opt/airflow/dags/driven_data_pipeline.py
[2025-07-03T02:20:42.340+0000] {logging_mixin.py:190} INFO - [2025-07-03T02:20:42.340+0000] {dag.py:3239} INFO - Sync 1 DAGs
[2025-07-03T02:20:42.376+0000] {logging_mixin.py:190} INFO - [2025-07-03T02:20:42.375+0000] {dag.py:4180} INFO - Setting next_dagrun for extract_raw_data_pipeline to 2025-07-02 07:59:00+00:00, run_after=2025-07-03 07:00:00+00:00
[2025-07-03T02:20:42.419+0000] {processor.py:208} INFO - Processing /opt/airflow/dags/driven_data_pipeline.py took 0.358 seconds
[2025-07-03T02:21:12.815+0000] {processor.py:186} INFO - Started process (PID=14678) to work on /opt/airflow/dags/driven_data_pipeline.py
[2025-07-03T02:21:12.816+0000] {processor.py:914} INFO - Processing file /opt/airflow/dags/driven_data_pipeline.py for tasks to queue
[2025-07-03T02:21:12.819+0000] {logging_mixin.py:190} INFO - [2025-07-03T02:21:12.819+0000] {dagbag.py:588} INFO - Filling up the DagBag from /opt/airflow/dags/driven_data_pipeline.py
[2025-07-03T02:21:12.998+0000] {processor.py:925} INFO - DAG(s) 'extract_raw_data_pipeline' retrieved from /opt/airflow/dags/driven_data_pipeline.py
[2025-07-03T02:21:13.026+0000] {logging_mixin.py:190} INFO - [2025-07-03T02:21:13.025+0000] {dag.py:3239} INFO - Sync 1 DAGs
[2025-07-03T02:21:13.049+0000] {logging_mixin.py:190} INFO - [2025-07-03T02:21:13.049+0000] {dag.py:4180} INFO - Setting next_dagrun for extract_raw_data_pipeline to 2025-07-02 07:59:00+00:00, run_after=2025-07-03 07:00:00+00:00
[2025-07-03T02:21:13.084+0000] {processor.py:208} INFO - Processing /opt/airflow/dags/driven_data_pipeline.py took 0.277 seconds
[2025-07-03T02:21:43.176+0000] {processor.py:186} INFO - Started process (PID=14686) to work on /opt/airflow/dags/driven_data_pipeline.py
[2025-07-03T02:21:43.177+0000] {processor.py:914} INFO - Processing file /opt/airflow/dags/driven_data_pipeline.py for tasks to queue
[2025-07-03T02:21:43.180+0000] {logging_mixin.py:190} INFO - [2025-07-03T02:21:43.179+0000] {dagbag.py:588} INFO - Filling up the DagBag from /opt/airflow/dags/driven_data_pipeline.py
[2025-07-03T02:21:43.357+0000] {processor.py:925} INFO - DAG(s) 'extract_raw_data_pipeline' retrieved from /opt/airflow/dags/driven_data_pipeline.py
[2025-07-03T02:21:43.381+0000] {logging_mixin.py:190} INFO - [2025-07-03T02:21:43.381+0000] {dag.py:3239} INFO - Sync 1 DAGs
[2025-07-03T02:21:43.405+0000] {logging_mixin.py:190} INFO - [2025-07-03T02:21:43.404+0000] {dag.py:4180} INFO - Setting next_dagrun for extract_raw_data_pipeline to 2025-07-02 07:59:00+00:00, run_after=2025-07-03 07:00:00+00:00
[2025-07-03T02:21:43.445+0000] {processor.py:208} INFO - Processing /opt/airflow/dags/driven_data_pipeline.py took 0.279 seconds
[2025-07-03T02:22:13.762+0000] {processor.py:186} INFO - Started process (PID=14694) to work on /opt/airflow/dags/driven_data_pipeline.py
[2025-07-03T02:22:13.766+0000] {processor.py:914} INFO - Processing file /opt/airflow/dags/driven_data_pipeline.py for tasks to queue
[2025-07-03T02:22:13.768+0000] {logging_mixin.py:190} INFO - [2025-07-03T02:22:13.768+0000] {dagbag.py:588} INFO - Filling up the DagBag from /opt/airflow/dags/driven_data_pipeline.py
[2025-07-03T02:22:13.942+0000] {processor.py:925} INFO - DAG(s) 'extract_raw_data_pipeline' retrieved from /opt/airflow/dags/driven_data_pipeline.py
[2025-07-03T02:22:13.965+0000] {logging_mixin.py:190} INFO - [2025-07-03T02:22:13.965+0000] {dag.py:3239} INFO - Sync 1 DAGs
[2025-07-03T02:22:13.988+0000] {logging_mixin.py:190} INFO - [2025-07-03T02:22:13.988+0000] {dag.py:4180} INFO - Setting next_dagrun for extract_raw_data_pipeline to 2025-07-02 07:59:00+00:00, run_after=2025-07-03 07:00:00+00:00
[2025-07-03T02:22:14.029+0000] {processor.py:208} INFO - Processing /opt/airflow/dags/driven_data_pipeline.py took 0.275 seconds
[2025-07-03T02:22:44.088+0000] {processor.py:186} INFO - Started process (PID=14701) to work on /opt/airflow/dags/driven_data_pipeline.py
[2025-07-03T02:22:44.089+0000] {processor.py:914} INFO - Processing file /opt/airflow/dags/driven_data_pipeline.py for tasks to queue
[2025-07-03T02:22:44.091+0000] {logging_mixin.py:190} INFO - [2025-07-03T02:22:44.091+0000] {dagbag.py:588} INFO - Filling up the DagBag from /opt/airflow/dags/driven_data_pipeline.py
[2025-07-03T02:22:44.321+0000] {processor.py:925} INFO - DAG(s) 'extract_raw_data_pipeline' retrieved from /opt/airflow/dags/driven_data_pipeline.py
[2025-07-03T02:22:44.346+0000] {logging_mixin.py:190} INFO - [2025-07-03T02:22:44.345+0000] {dag.py:3239} INFO - Sync 1 DAGs
[2025-07-03T02:22:44.374+0000] {logging_mixin.py:190} INFO - [2025-07-03T02:22:44.374+0000] {dag.py:4180} INFO - Setting next_dagrun for extract_raw_data_pipeline to 2025-07-02 07:59:00+00:00, run_after=2025-07-03 07:00:00+00:00
[2025-07-03T02:22:44.412+0000] {processor.py:208} INFO - Processing /opt/airflow/dags/driven_data_pipeline.py took 0.335 seconds
[2025-07-03T02:23:14.747+0000] {processor.py:186} INFO - Started process (PID=14709) to work on /opt/airflow/dags/driven_data_pipeline.py
[2025-07-03T02:23:14.751+0000] {processor.py:914} INFO - Processing file /opt/airflow/dags/driven_data_pipeline.py for tasks to queue
[2025-07-03T02:23:14.753+0000] {logging_mixin.py:190} INFO - [2025-07-03T02:23:14.753+0000] {dagbag.py:588} INFO - Filling up the DagBag from /opt/airflow/dags/driven_data_pipeline.py
[2025-07-03T02:23:14.924+0000] {processor.py:925} INFO - DAG(s) 'extract_raw_data_pipeline' retrieved from /opt/airflow/dags/driven_data_pipeline.py
[2025-07-03T02:23:14.950+0000] {logging_mixin.py:190} INFO - [2025-07-03T02:23:14.949+0000] {dag.py:3239} INFO - Sync 1 DAGs
[2025-07-03T02:23:14.974+0000] {logging_mixin.py:190} INFO - [2025-07-03T02:23:14.973+0000] {dag.py:4180} INFO - Setting next_dagrun for extract_raw_data_pipeline to 2025-07-02 07:59:00+00:00, run_after=2025-07-03 07:00:00+00:00
[2025-07-03T02:23:15.021+0000] {processor.py:208} INFO - Processing /opt/airflow/dags/driven_data_pipeline.py took 0.289 seconds
[2025-07-03T02:23:45.084+0000] {processor.py:186} INFO - Started process (PID=14717) to work on /opt/airflow/dags/driven_data_pipeline.py
[2025-07-03T02:23:45.085+0000] {processor.py:914} INFO - Processing file /opt/airflow/dags/driven_data_pipeline.py for tasks to queue
[2025-07-03T02:23:45.087+0000] {logging_mixin.py:190} INFO - [2025-07-03T02:23:45.087+0000] {dagbag.py:588} INFO - Filling up the DagBag from /opt/airflow/dags/driven_data_pipeline.py
[2025-07-03T02:23:45.276+0000] {processor.py:925} INFO - DAG(s) 'extract_raw_data_pipeline' retrieved from /opt/airflow/dags/driven_data_pipeline.py
[2025-07-03T02:23:45.304+0000] {logging_mixin.py:190} INFO - [2025-07-03T02:23:45.303+0000] {dag.py:3239} INFO - Sync 1 DAGs
[2025-07-03T02:23:45.329+0000] {logging_mixin.py:190} INFO - [2025-07-03T02:23:45.329+0000] {dag.py:4180} INFO - Setting next_dagrun for extract_raw_data_pipeline to 2025-07-02 07:59:00+00:00, run_after=2025-07-03 07:00:00+00:00
[2025-07-03T02:23:45.359+0000] {processor.py:208} INFO - Processing /opt/airflow/dags/driven_data_pipeline.py took 0.283 seconds
[2025-07-03T02:24:15.708+0000] {processor.py:186} INFO - Started process (PID=14725) to work on /opt/airflow/dags/driven_data_pipeline.py
[2025-07-03T02:24:15.715+0000] {processor.py:914} INFO - Processing file /opt/airflow/dags/driven_data_pipeline.py for tasks to queue
[2025-07-03T02:24:15.717+0000] {logging_mixin.py:190} INFO - [2025-07-03T02:24:15.717+0000] {dagbag.py:588} INFO - Filling up the DagBag from /opt/airflow/dags/driven_data_pipeline.py
[2025-07-03T02:24:15.919+0000] {processor.py:925} INFO - DAG(s) 'extract_raw_data_pipeline' retrieved from /opt/airflow/dags/driven_data_pipeline.py
[2025-07-03T02:24:15.944+0000] {logging_mixin.py:190} INFO - [2025-07-03T02:24:15.944+0000] {dag.py:3239} INFO - Sync 1 DAGs
[2025-07-03T02:24:15.967+0000] {logging_mixin.py:190} INFO - [2025-07-03T02:24:15.966+0000] {dag.py:4180} INFO - Setting next_dagrun for extract_raw_data_pipeline to 2025-07-02 07:59:00+00:00, run_after=2025-07-03 07:00:00+00:00
[2025-07-03T02:24:16.023+0000] {processor.py:208} INFO - Processing /opt/airflow/dags/driven_data_pipeline.py took 0.326 seconds
[2025-07-03T02:24:46.367+0000] {processor.py:186} INFO - Started process (PID=14733) to work on /opt/airflow/dags/driven_data_pipeline.py
[2025-07-03T02:24:46.368+0000] {processor.py:914} INFO - Processing file /opt/airflow/dags/driven_data_pipeline.py for tasks to queue
[2025-07-03T02:24:46.370+0000] {logging_mixin.py:190} INFO - [2025-07-03T02:24:46.370+0000] {dagbag.py:588} INFO - Filling up the DagBag from /opt/airflow/dags/driven_data_pipeline.py
[2025-07-03T02:24:46.597+0000] {processor.py:925} INFO - DAG(s) 'extract_raw_data_pipeline' retrieved from /opt/airflow/dags/driven_data_pipeline.py
[2025-07-03T02:24:46.623+0000] {logging_mixin.py:190} INFO - [2025-07-03T02:24:46.622+0000] {dag.py:3239} INFO - Sync 1 DAGs
[2025-07-03T02:24:46.648+0000] {logging_mixin.py:190} INFO - [2025-07-03T02:24:46.648+0000] {dag.py:4180} INFO - Setting next_dagrun for extract_raw_data_pipeline to 2025-07-02 07:59:00+00:00, run_after=2025-07-03 07:00:00+00:00
[2025-07-03T02:24:46.841+0000] {processor.py:208} INFO - Processing /opt/airflow/dags/driven_data_pipeline.py took 0.482 seconds
[2025-07-03T02:25:17.221+0000] {processor.py:186} INFO - Started process (PID=14741) to work on /opt/airflow/dags/driven_data_pipeline.py
[2025-07-03T02:25:17.244+0000] {processor.py:914} INFO - Processing file /opt/airflow/dags/driven_data_pipeline.py for tasks to queue
[2025-07-03T02:25:17.246+0000] {logging_mixin.py:190} INFO - [2025-07-03T02:25:17.246+0000] {dagbag.py:588} INFO - Filling up the DagBag from /opt/airflow/dags/driven_data_pipeline.py
[2025-07-03T02:25:17.434+0000] {processor.py:925} INFO - DAG(s) 'extract_raw_data_pipeline' retrieved from /opt/airflow/dags/driven_data_pipeline.py
[2025-07-03T02:25:17.465+0000] {logging_mixin.py:190} INFO - [2025-07-03T02:25:17.465+0000] {dag.py:3239} INFO - Sync 1 DAGs
[2025-07-03T02:25:17.490+0000] {logging_mixin.py:190} INFO - [2025-07-03T02:25:17.489+0000] {dag.py:4180} INFO - Setting next_dagrun for extract_raw_data_pipeline to 2025-07-02 07:59:00+00:00, run_after=2025-07-03 07:00:00+00:00
[2025-07-03T02:25:17.530+0000] {processor.py:208} INFO - Processing /opt/airflow/dags/driven_data_pipeline.py took 0.321 seconds
[2025-07-03T02:25:47.906+0000] {processor.py:186} INFO - Started process (PID=14749) to work on /opt/airflow/dags/driven_data_pipeline.py
[2025-07-03T02:25:47.907+0000] {processor.py:914} INFO - Processing file /opt/airflow/dags/driven_data_pipeline.py for tasks to queue
[2025-07-03T02:25:47.909+0000] {logging_mixin.py:190} INFO - [2025-07-03T02:25:47.908+0000] {dagbag.py:588} INFO - Filling up the DagBag from /opt/airflow/dags/driven_data_pipeline.py
[2025-07-03T02:25:48.087+0000] {processor.py:925} INFO - DAG(s) 'extract_raw_data_pipeline' retrieved from /opt/airflow/dags/driven_data_pipeline.py
[2025-07-03T02:25:48.113+0000] {logging_mixin.py:190} INFO - [2025-07-03T02:25:48.112+0000] {dag.py:3239} INFO - Sync 1 DAGs
[2025-07-03T02:25:48.136+0000] {logging_mixin.py:190} INFO - [2025-07-03T02:25:48.136+0000] {dag.py:4180} INFO - Setting next_dagrun for extract_raw_data_pipeline to 2025-07-02 07:59:00+00:00, run_after=2025-07-03 07:00:00+00:00
[2025-07-03T02:25:48.189+0000] {processor.py:208} INFO - Processing /opt/airflow/dags/driven_data_pipeline.py took 0.289 seconds
[2025-07-03T02:26:18.531+0000] {processor.py:186} INFO - Started process (PID=14757) to work on /opt/airflow/dags/driven_data_pipeline.py
[2025-07-03T02:26:18.538+0000] {processor.py:914} INFO - Processing file /opt/airflow/dags/driven_data_pipeline.py for tasks to queue
[2025-07-03T02:26:18.543+0000] {logging_mixin.py:190} INFO - [2025-07-03T02:26:18.542+0000] {dagbag.py:588} INFO - Filling up the DagBag from /opt/airflow/dags/driven_data_pipeline.py
[2025-07-03T02:26:18.740+0000] {processor.py:925} INFO - DAG(s) 'extract_raw_data_pipeline' retrieved from /opt/airflow/dags/driven_data_pipeline.py
[2025-07-03T02:26:18.786+0000] {logging_mixin.py:190} INFO - [2025-07-03T02:26:18.786+0000] {dag.py:3239} INFO - Sync 1 DAGs
[2025-07-03T02:26:18.833+0000] {logging_mixin.py:190} INFO - [2025-07-03T02:26:18.832+0000] {dag.py:4180} INFO - Setting next_dagrun for extract_raw_data_pipeline to 2025-07-02 07:59:00+00:00, run_after=2025-07-03 07:00:00+00:00
[2025-07-03T02:26:18.884+0000] {processor.py:208} INFO - Processing /opt/airflow/dags/driven_data_pipeline.py took 0.363 seconds
[2025-07-03T02:26:49.247+0000] {processor.py:186} INFO - Started process (PID=14765) to work on /opt/airflow/dags/driven_data_pipeline.py
[2025-07-03T02:26:49.248+0000] {processor.py:914} INFO - Processing file /opt/airflow/dags/driven_data_pipeline.py for tasks to queue
[2025-07-03T02:26:49.250+0000] {logging_mixin.py:190} INFO - [2025-07-03T02:26:49.250+0000] {dagbag.py:588} INFO - Filling up the DagBag from /opt/airflow/dags/driven_data_pipeline.py
[2025-07-03T02:26:49.457+0000] {processor.py:925} INFO - DAG(s) 'extract_raw_data_pipeline' retrieved from /opt/airflow/dags/driven_data_pipeline.py
[2025-07-03T02:26:49.494+0000] {logging_mixin.py:190} INFO - [2025-07-03T02:26:49.494+0000] {dag.py:3239} INFO - Sync 1 DAGs
[2025-07-03T02:26:49.533+0000] {logging_mixin.py:190} INFO - [2025-07-03T02:26:49.533+0000] {dag.py:4180} INFO - Setting next_dagrun for extract_raw_data_pipeline to 2025-07-02 07:59:00+00:00, run_after=2025-07-03 07:00:00+00:00
[2025-07-03T02:26:49.580+0000] {processor.py:208} INFO - Processing /opt/airflow/dags/driven_data_pipeline.py took 0.339 seconds
[2025-07-03T02:27:19.962+0000] {processor.py:186} INFO - Started process (PID=14773) to work on /opt/airflow/dags/driven_data_pipeline.py
[2025-07-03T02:27:19.975+0000] {processor.py:914} INFO - Processing file /opt/airflow/dags/driven_data_pipeline.py for tasks to queue
[2025-07-03T02:27:19.983+0000] {logging_mixin.py:190} INFO - [2025-07-03T02:27:19.982+0000] {dagbag.py:588} INFO - Filling up the DagBag from /opt/airflow/dags/driven_data_pipeline.py
[2025-07-03T02:27:20.170+0000] {processor.py:925} INFO - DAG(s) 'extract_raw_data_pipeline' retrieved from /opt/airflow/dags/driven_data_pipeline.py
[2025-07-03T02:27:20.196+0000] {logging_mixin.py:190} INFO - [2025-07-03T02:27:20.195+0000] {dag.py:3239} INFO - Sync 1 DAGs
[2025-07-03T02:27:20.219+0000] {logging_mixin.py:190} INFO - [2025-07-03T02:27:20.219+0000] {dag.py:4180} INFO - Setting next_dagrun for extract_raw_data_pipeline to 2025-07-02 07:59:00+00:00, run_after=2025-07-03 07:00:00+00:00
[2025-07-03T02:27:20.287+0000] {processor.py:208} INFO - Processing /opt/airflow/dags/driven_data_pipeline.py took 0.335 seconds
[2025-07-03T02:27:50.658+0000] {processor.py:186} INFO - Started process (PID=14780) to work on /opt/airflow/dags/driven_data_pipeline.py
[2025-07-03T02:27:50.660+0000] {processor.py:914} INFO - Processing file /opt/airflow/dags/driven_data_pipeline.py for tasks to queue
[2025-07-03T02:27:50.664+0000] {logging_mixin.py:190} INFO - [2025-07-03T02:27:50.664+0000] {dagbag.py:588} INFO - Filling up the DagBag from /opt/airflow/dags/driven_data_pipeline.py
[2025-07-03T02:27:50.905+0000] {processor.py:925} INFO - DAG(s) 'extract_raw_data_pipeline' retrieved from /opt/airflow/dags/driven_data_pipeline.py
[2025-07-03T02:27:50.930+0000] {logging_mixin.py:190} INFO - [2025-07-03T02:27:50.930+0000] {dag.py:3239} INFO - Sync 1 DAGs
[2025-07-03T02:27:50.970+0000] {logging_mixin.py:190} INFO - [2025-07-03T02:27:50.970+0000] {dag.py:4180} INFO - Setting next_dagrun for extract_raw_data_pipeline to 2025-07-02 07:59:00+00:00, run_after=2025-07-03 07:00:00+00:00
[2025-07-03T02:27:51.017+0000] {processor.py:208} INFO - Processing /opt/airflow/dags/driven_data_pipeline.py took 0.382 seconds
[2025-07-03T02:28:21.423+0000] {processor.py:186} INFO - Started process (PID=14788) to work on /opt/airflow/dags/driven_data_pipeline.py
[2025-07-03T02:28:21.440+0000] {processor.py:914} INFO - Processing file /opt/airflow/dags/driven_data_pipeline.py for tasks to queue
[2025-07-03T02:28:21.443+0000] {logging_mixin.py:190} INFO - [2025-07-03T02:28:21.443+0000] {dagbag.py:588} INFO - Filling up the DagBag from /opt/airflow/dags/driven_data_pipeline.py
[2025-07-03T02:28:21.724+0000] {processor.py:925} INFO - DAG(s) 'extract_raw_data_pipeline' retrieved from /opt/airflow/dags/driven_data_pipeline.py
[2025-07-03T02:28:21.751+0000] {logging_mixin.py:190} INFO - [2025-07-03T02:28:21.751+0000] {dag.py:3239} INFO - Sync 1 DAGs
[2025-07-03T02:28:21.778+0000] {logging_mixin.py:190} INFO - [2025-07-03T02:28:21.778+0000] {dag.py:4180} INFO - Setting next_dagrun for extract_raw_data_pipeline to 2025-07-02 07:58:00+00:00, run_after=2025-07-02 07:59:00+00:00
[2025-07-03T02:28:21.823+0000] {processor.py:208} INFO - Processing /opt/airflow/dags/driven_data_pipeline.py took 0.413 seconds
[2025-07-03T02:28:52.183+0000] {processor.py:186} INFO - Started process (PID=14803) to work on /opt/airflow/dags/driven_data_pipeline.py
[2025-07-03T02:28:52.184+0000] {processor.py:914} INFO - Processing file /opt/airflow/dags/driven_data_pipeline.py for tasks to queue
[2025-07-03T02:28:52.187+0000] {logging_mixin.py:190} INFO - [2025-07-03T02:28:52.186+0000] {dagbag.py:588} INFO - Filling up the DagBag from /opt/airflow/dags/driven_data_pipeline.py
[2025-07-03T02:28:52.425+0000] {processor.py:925} INFO - DAG(s) 'extract_raw_data_pipeline' retrieved from /opt/airflow/dags/driven_data_pipeline.py
[2025-07-03T02:28:52.458+0000] {logging_mixin.py:190} INFO - [2025-07-03T02:28:52.458+0000] {dag.py:3239} INFO - Sync 1 DAGs
[2025-07-03T02:28:52.488+0000] {logging_mixin.py:190} INFO - [2025-07-03T02:28:52.488+0000] {dag.py:4180} INFO - Setting next_dagrun for extract_raw_data_pipeline to 2025-07-02 07:59:00+00:00, run_after=2025-07-03 07:00:00+00:00
[2025-07-03T02:28:52.591+0000] {processor.py:208} INFO - Processing /opt/airflow/dags/driven_data_pipeline.py took 0.422 seconds
[2025-07-03T02:29:22.984+0000] {processor.py:186} INFO - Started process (PID=14810) to work on /opt/airflow/dags/driven_data_pipeline.py
[2025-07-03T02:29:22.986+0000] {processor.py:914} INFO - Processing file /opt/airflow/dags/driven_data_pipeline.py for tasks to queue
[2025-07-03T02:29:22.992+0000] {logging_mixin.py:190} INFO - [2025-07-03T02:29:22.991+0000] {dagbag.py:588} INFO - Filling up the DagBag from /opt/airflow/dags/driven_data_pipeline.py
[2025-07-03T02:29:23.216+0000] {processor.py:925} INFO - DAG(s) 'extract_raw_data_pipeline' retrieved from /opt/airflow/dags/driven_data_pipeline.py
[2025-07-03T02:29:23.242+0000] {logging_mixin.py:190} INFO - [2025-07-03T02:29:23.242+0000] {dag.py:3239} INFO - Sync 1 DAGs
[2025-07-03T02:29:23.270+0000] {logging_mixin.py:190} INFO - [2025-07-03T02:29:23.270+0000] {dag.py:4180} INFO - Setting next_dagrun for extract_raw_data_pipeline to 2025-07-02 07:59:00+00:00, run_after=2025-07-03 07:00:00+00:00
[2025-07-03T02:29:23.445+0000] {processor.py:208} INFO - Processing /opt/airflow/dags/driven_data_pipeline.py took 0.471 seconds
[2025-07-03T02:29:53.755+0000] {processor.py:186} INFO - Started process (PID=14818) to work on /opt/airflow/dags/driven_data_pipeline.py
[2025-07-03T02:29:53.756+0000] {processor.py:914} INFO - Processing file /opt/airflow/dags/driven_data_pipeline.py for tasks to queue
[2025-07-03T02:29:53.760+0000] {logging_mixin.py:190} INFO - [2025-07-03T02:29:53.759+0000] {dagbag.py:588} INFO - Filling up the DagBag from /opt/airflow/dags/driven_data_pipeline.py
[2025-07-03T02:29:53.979+0000] {processor.py:925} INFO - DAG(s) 'extract_raw_data_pipeline' retrieved from /opt/airflow/dags/driven_data_pipeline.py
[2025-07-03T02:29:54.004+0000] {logging_mixin.py:190} INFO - [2025-07-03T02:29:54.003+0000] {dag.py:3239} INFO - Sync 1 DAGs
[2025-07-03T02:29:54.291+0000] {logging_mixin.py:190} INFO - [2025-07-03T02:29:54.290+0000] {dag.py:4180} INFO - Setting next_dagrun for extract_raw_data_pipeline to 2025-07-02 07:59:00+00:00, run_after=2025-07-03 07:00:00+00:00
[2025-07-03T02:29:54.644+0000] {processor.py:208} INFO - Processing /opt/airflow/dags/driven_data_pipeline.py took 0.900 seconds
[2025-07-03T02:30:24.926+0000] {processor.py:186} INFO - Started process (PID=14826) to work on /opt/airflow/dags/driven_data_pipeline.py
[2025-07-03T02:30:24.930+0000] {processor.py:914} INFO - Processing file /opt/airflow/dags/driven_data_pipeline.py for tasks to queue
[2025-07-03T02:30:24.937+0000] {logging_mixin.py:190} INFO - [2025-07-03T02:30:24.933+0000] {dagbag.py:588} INFO - Filling up the DagBag from /opt/airflow/dags/driven_data_pipeline.py
[2025-07-03T02:30:25.180+0000] {processor.py:925} INFO - DAG(s) 'extract_raw_data_pipeline' retrieved from /opt/airflow/dags/driven_data_pipeline.py
[2025-07-03T02:30:25.207+0000] {logging_mixin.py:190} INFO - [2025-07-03T02:30:25.207+0000] {dag.py:3239} INFO - Sync 1 DAGs
[2025-07-03T02:30:25.232+0000] {logging_mixin.py:190} INFO - [2025-07-03T02:30:25.232+0000] {dag.py:4180} INFO - Setting next_dagrun for extract_raw_data_pipeline to 2025-07-02 07:59:00+00:00, run_after=2025-07-03 07:00:00+00:00
[2025-07-03T02:30:25.569+0000] {processor.py:208} INFO - Processing /opt/airflow/dags/driven_data_pipeline.py took 0.653 seconds
[2025-07-03T02:30:55.899+0000] {processor.py:186} INFO - Started process (PID=14834) to work on /opt/airflow/dags/driven_data_pipeline.py
[2025-07-03T02:30:56.245+0000] {processor.py:914} INFO - Processing file /opt/airflow/dags/driven_data_pipeline.py for tasks to queue
[2025-07-03T02:30:56.255+0000] {logging_mixin.py:190} INFO - [2025-07-03T02:30:56.254+0000] {dagbag.py:588} INFO - Filling up the DagBag from /opt/airflow/dags/driven_data_pipeline.py
[2025-07-03T02:30:56.484+0000] {processor.py:925} INFO - DAG(s) 'extract_raw_data_pipeline' retrieved from /opt/airflow/dags/driven_data_pipeline.py
[2025-07-03T02:30:56.514+0000] {logging_mixin.py:190} INFO - [2025-07-03T02:30:56.514+0000] {dag.py:3239} INFO - Sync 1 DAGs
[2025-07-03T02:30:56.539+0000] {logging_mixin.py:190} INFO - [2025-07-03T02:30:56.538+0000] {dag.py:4180} INFO - Setting next_dagrun for extract_raw_data_pipeline to 2025-07-02 07:59:00+00:00, run_after=2025-07-03 07:00:00+00:00
[2025-07-03T02:30:56.752+0000] {processor.py:208} INFO - Processing /opt/airflow/dags/driven_data_pipeline.py took 0.862 seconds
[2025-07-03T02:31:27.105+0000] {processor.py:186} INFO - Started process (PID=14842) to work on /opt/airflow/dags/driven_data_pipeline.py
[2025-07-03T02:31:27.218+0000] {processor.py:914} INFO - Processing file /opt/airflow/dags/driven_data_pipeline.py for tasks to queue
[2025-07-03T02:31:27.227+0000] {logging_mixin.py:190} INFO - [2025-07-03T02:31:27.226+0000] {dagbag.py:588} INFO - Filling up the DagBag from /opt/airflow/dags/driven_data_pipeline.py
[2025-07-03T02:31:27.487+0000] {processor.py:925} INFO - DAG(s) 'extract_raw_data_pipeline' retrieved from /opt/airflow/dags/driven_data_pipeline.py
[2025-07-03T02:31:27.519+0000] {logging_mixin.py:190} INFO - [2025-07-03T02:31:27.519+0000] {dag.py:3239} INFO - Sync 1 DAGs
[2025-07-03T02:31:27.559+0000] {logging_mixin.py:190} INFO - [2025-07-03T02:31:27.558+0000] {dag.py:4180} INFO - Setting next_dagrun for extract_raw_data_pipeline to 2025-07-02 07:59:00+00:00, run_after=2025-07-03 07:00:00+00:00
[2025-07-03T02:31:28.331+0000] {processor.py:208} INFO - Processing /opt/airflow/dags/driven_data_pipeline.py took 1.249 seconds
[2025-07-03T02:31:58.675+0000] {processor.py:186} INFO - Started process (PID=14850) to work on /opt/airflow/dags/driven_data_pipeline.py
[2025-07-03T02:31:58.839+0000] {processor.py:914} INFO - Processing file /opt/airflow/dags/driven_data_pipeline.py for tasks to queue
[2025-07-03T02:31:58.851+0000] {logging_mixin.py:190} INFO - [2025-07-03T02:31:58.848+0000] {dagbag.py:588} INFO - Filling up the DagBag from /opt/airflow/dags/driven_data_pipeline.py
[2025-07-03T02:32:00.151+0000] {processor.py:925} INFO - DAG(s) 'extract_raw_data_pipeline' retrieved from /opt/airflow/dags/driven_data_pipeline.py
[2025-07-03T02:32:00.180+0000] {logging_mixin.py:190} INFO - [2025-07-03T02:32:00.180+0000] {dag.py:3239} INFO - Sync 1 DAGs
[2025-07-03T02:32:00.207+0000] {logging_mixin.py:190} INFO - [2025-07-03T02:32:00.207+0000] {dag.py:4180} INFO - Setting next_dagrun for extract_raw_data_pipeline to 2025-07-02 07:59:00+00:00, run_after=2025-07-03 07:00:00+00:00
[2025-07-03T02:32:00.484+0000] {processor.py:208} INFO - Processing /opt/airflow/dags/driven_data_pipeline.py took 1.821 seconds
[2025-07-03T02:32:31.245+0000] {processor.py:186} INFO - Started process (PID=14858) to work on /opt/airflow/dags/driven_data_pipeline.py
[2025-07-03T02:32:31.444+0000] {processor.py:914} INFO - Processing file /opt/airflow/dags/driven_data_pipeline.py for tasks to queue
[2025-07-03T02:32:31.455+0000] {logging_mixin.py:190} INFO - [2025-07-03T02:32:31.454+0000] {dagbag.py:588} INFO - Filling up the DagBag from /opt/airflow/dags/driven_data_pipeline.py
[2025-07-03T02:32:46.589+0000] {processor.py:925} INFO - DAG(s) 'extract_raw_data_pipeline' retrieved from /opt/airflow/dags/driven_data_pipeline.py
[2025-07-03T02:32:46.742+0000] {logging_mixin.py:190} INFO - [2025-07-03T02:32:46.741+0000] {dag.py:3239} INFO - Sync 1 DAGs
[2025-07-03T02:32:46.776+0000] {logging_mixin.py:190} INFO - [2025-07-03T02:32:46.776+0000] {dag.py:4180} INFO - Setting next_dagrun for extract_raw_data_pipeline to 2025-07-02 07:59:00+00:00, run_after=2025-07-03 07:00:00+00:00
[2025-07-03T02:32:48.350+0000] {processor.py:208} INFO - Processing /opt/airflow/dags/driven_data_pipeline.py took 17.300 seconds
[2025-07-03T02:33:18.597+0000] {processor.py:186} INFO - Started process (PID=14872) to work on /opt/airflow/dags/driven_data_pipeline.py
[2025-07-03T02:33:18.704+0000] {processor.py:914} INFO - Processing file /opt/airflow/dags/driven_data_pipeline.py for tasks to queue
[2025-07-03T02:33:18.711+0000] {logging_mixin.py:190} INFO - [2025-07-03T02:33:18.710+0000] {dagbag.py:588} INFO - Filling up the DagBag from /opt/airflow/dags/driven_data_pipeline.py
[2025-07-03T02:33:18.954+0000] {processor.py:925} INFO - DAG(s) 'extract_raw_data_pipeline' retrieved from /opt/airflow/dags/driven_data_pipeline.py
[2025-07-03T02:33:18.978+0000] {logging_mixin.py:190} INFO - [2025-07-03T02:33:18.978+0000] {dag.py:3239} INFO - Sync 1 DAGs
[2025-07-03T02:33:19.003+0000] {logging_mixin.py:190} INFO - [2025-07-03T02:33:19.003+0000] {dag.py:4180} INFO - Setting next_dagrun for extract_raw_data_pipeline to 2025-07-02 07:59:00+00:00, run_after=2025-07-03 07:00:00+00:00
[2025-07-03T02:33:19.243+0000] {processor.py:208} INFO - Processing /opt/airflow/dags/driven_data_pipeline.py took 0.658 seconds
[2025-07-03T02:33:49.656+0000] {processor.py:186} INFO - Started process (PID=14881) to work on /opt/airflow/dags/driven_data_pipeline.py
[2025-07-03T02:33:49.811+0000] {processor.py:914} INFO - Processing file /opt/airflow/dags/driven_data_pipeline.py for tasks to queue
[2025-07-03T02:33:49.815+0000] {logging_mixin.py:190} INFO - [2025-07-03T02:33:49.814+0000] {dagbag.py:588} INFO - Filling up the DagBag from /opt/airflow/dags/driven_data_pipeline.py
[2025-07-03T02:33:50.115+0000] {processor.py:925} INFO - DAG(s) 'extract_raw_data_pipeline' retrieved from /opt/airflow/dags/driven_data_pipeline.py
[2025-07-03T02:33:50.590+0000] {logging_mixin.py:190} INFO - [2025-07-03T02:33:50.590+0000] {dag.py:3239} INFO - Sync 1 DAGs
[2025-07-03T02:33:50.625+0000] {logging_mixin.py:190} INFO - [2025-07-03T02:33:50.625+0000] {dag.py:4180} INFO - Setting next_dagrun for extract_raw_data_pipeline to 2025-07-02 07:59:00+00:00, run_after=2025-07-03 07:00:00+00:00
[2025-07-03T02:33:50.806+0000] {processor.py:208} INFO - Processing /opt/airflow/dags/driven_data_pipeline.py took 1.155 seconds
[2025-07-03T02:34:20.982+0000] {processor.py:186} INFO - Started process (PID=14889) to work on /opt/airflow/dags/driven_data_pipeline.py
[2025-07-03T02:34:21.411+0000] {processor.py:914} INFO - Processing file /opt/airflow/dags/driven_data_pipeline.py for tasks to queue
[2025-07-03T02:34:21.424+0000] {logging_mixin.py:190} INFO - [2025-07-03T02:34:21.422+0000] {dagbag.py:588} INFO - Filling up the DagBag from /opt/airflow/dags/driven_data_pipeline.py
[2025-07-03T02:34:21.634+0000] {processor.py:925} INFO - DAG(s) 'extract_raw_data_pipeline' retrieved from /opt/airflow/dags/driven_data_pipeline.py
[2025-07-03T02:34:21.658+0000] {logging_mixin.py:190} INFO - [2025-07-03T02:34:21.657+0000] {dag.py:3239} INFO - Sync 1 DAGs
[2025-07-03T02:34:21.819+0000] {logging_mixin.py:190} INFO - [2025-07-03T02:34:21.819+0000] {dag.py:4180} INFO - Setting next_dagrun for extract_raw_data_pipeline to 2025-07-02 07:59:00+00:00, run_after=2025-07-03 07:00:00+00:00
[2025-07-03T02:34:22.381+0000] {processor.py:208} INFO - Processing /opt/airflow/dags/driven_data_pipeline.py took 1.406 seconds
[2025-07-03T02:34:52.540+0000] {processor.py:186} INFO - Started process (PID=14897) to work on /opt/airflow/dags/driven_data_pipeline.py
[2025-07-03T02:34:52.648+0000] {processor.py:914} INFO - Processing file /opt/airflow/dags/driven_data_pipeline.py for tasks to queue
[2025-07-03T02:34:52.661+0000] {logging_mixin.py:190} INFO - [2025-07-03T02:34:52.660+0000] {dagbag.py:588} INFO - Filling up the DagBag from /opt/airflow/dags/driven_data_pipeline.py
[2025-07-03T02:34:52.856+0000] {processor.py:925} INFO - DAG(s) 'extract_raw_data_pipeline' retrieved from /opt/airflow/dags/driven_data_pipeline.py
[2025-07-03T02:34:52.881+0000] {logging_mixin.py:190} INFO - [2025-07-03T02:34:52.880+0000] {dag.py:3239} INFO - Sync 1 DAGs
[2025-07-03T02:34:53.078+0000] {logging_mixin.py:190} INFO - [2025-07-03T02:34:53.078+0000] {dag.py:4180} INFO - Setting next_dagrun for extract_raw_data_pipeline to 2025-07-02 07:59:00+00:00, run_after=2025-07-03 07:00:00+00:00
[2025-07-03T02:34:53.522+0000] {processor.py:208} INFO - Processing /opt/airflow/dags/driven_data_pipeline.py took 0.990 seconds
[2025-07-03T02:35:23.974+0000] {processor.py:186} INFO - Started process (PID=14905) to work on /opt/airflow/dags/driven_data_pipeline.py
[2025-07-03T02:35:24.002+0000] {processor.py:914} INFO - Processing file /opt/airflow/dags/driven_data_pipeline.py for tasks to queue
[2025-07-03T02:35:24.005+0000] {logging_mixin.py:190} INFO - [2025-07-03T02:35:24.004+0000] {dagbag.py:588} INFO - Filling up the DagBag from /opt/airflow/dags/driven_data_pipeline.py
[2025-07-03T02:35:24.185+0000] {processor.py:925} INFO - DAG(s) 'extract_raw_data_pipeline' retrieved from /opt/airflow/dags/driven_data_pipeline.py
[2025-07-03T02:35:24.208+0000] {logging_mixin.py:190} INFO - [2025-07-03T02:35:24.208+0000] {dag.py:3239} INFO - Sync 1 DAGs
[2025-07-03T02:35:24.232+0000] {logging_mixin.py:190} INFO - [2025-07-03T02:35:24.232+0000] {dag.py:4180} INFO - Setting next_dagrun for extract_raw_data_pipeline to 2025-07-02 07:59:00+00:00, run_after=2025-07-03 07:00:00+00:00
[2025-07-03T02:35:24.276+0000] {processor.py:208} INFO - Processing /opt/airflow/dags/driven_data_pipeline.py took 0.317 seconds
[2025-07-03T02:35:54.327+0000] {processor.py:186} INFO - Started process (PID=14913) to work on /opt/airflow/dags/driven_data_pipeline.py
[2025-07-03T02:35:54.328+0000] {processor.py:914} INFO - Processing file /opt/airflow/dags/driven_data_pipeline.py for tasks to queue
[2025-07-03T02:35:54.330+0000] {logging_mixin.py:190} INFO - [2025-07-03T02:35:54.330+0000] {dagbag.py:588} INFO - Filling up the DagBag from /opt/airflow/dags/driven_data_pipeline.py
[2025-07-03T02:35:54.501+0000] {processor.py:925} INFO - DAG(s) 'extract_raw_data_pipeline' retrieved from /opt/airflow/dags/driven_data_pipeline.py
[2025-07-03T02:35:54.527+0000] {logging_mixin.py:190} INFO - [2025-07-03T02:35:54.526+0000] {dag.py:3239} INFO - Sync 1 DAGs
[2025-07-03T02:35:54.549+0000] {logging_mixin.py:190} INFO - [2025-07-03T02:35:54.549+0000] {dag.py:4180} INFO - Setting next_dagrun for extract_raw_data_pipeline to 2025-07-02 07:59:00+00:00, run_after=2025-07-03 07:00:00+00:00
[2025-07-03T02:35:55.001+0000] {processor.py:208} INFO - Processing /opt/airflow/dags/driven_data_pipeline.py took 0.680 seconds
[2025-07-03T02:36:25.292+0000] {processor.py:186} INFO - Started process (PID=14921) to work on /opt/airflow/dags/driven_data_pipeline.py
[2025-07-03T02:36:25.292+0000] {processor.py:914} INFO - Processing file /opt/airflow/dags/driven_data_pipeline.py for tasks to queue
[2025-07-03T02:36:25.294+0000] {logging_mixin.py:190} INFO - [2025-07-03T02:36:25.294+0000] {dagbag.py:588} INFO - Filling up the DagBag from /opt/airflow/dags/driven_data_pipeline.py
[2025-07-03T02:36:25.481+0000] {processor.py:925} INFO - DAG(s) 'extract_raw_data_pipeline' retrieved from /opt/airflow/dags/driven_data_pipeline.py
[2025-07-03T02:36:25.510+0000] {logging_mixin.py:190} INFO - [2025-07-03T02:36:25.509+0000] {dag.py:3239} INFO - Sync 1 DAGs
[2025-07-03T02:36:25.543+0000] {logging_mixin.py:190} INFO - [2025-07-03T02:36:25.543+0000] {dag.py:4180} INFO - Setting next_dagrun for extract_raw_data_pipeline to 2025-07-02 07:59:00+00:00, run_after=2025-07-03 07:00:00+00:00
[2025-07-03T02:36:26.050+0000] {processor.py:208} INFO - Processing /opt/airflow/dags/driven_data_pipeline.py took 0.765 seconds
