[2025-06-29T01:40:13.227+0000] {processor.py:186} INFO - Started process (PID=1278) to work on /opt/airflow/dags/driven_data_pipeline.py
[2025-06-29T01:40:13.229+0000] {processor.py:914} INFO - Processing file /opt/airflow/dags/driven_data_pipeline.py for tasks to queue
[2025-06-29T01:40:13.240+0000] {logging_mixin.py:190} INFO - [2025-06-29T01:40:13.238+0000] {dagbag.py:588} INFO - Filling up the DagBag from /opt/airflow/dags/driven_data_pipeline.py
[2025-06-29T01:40:13.681+0000] {processor.py:925} INFO - DAG(s) 'extract_raw_data_pipeline' retrieved from /opt/airflow/dags/driven_data_pipeline.py
[2025-06-29T01:40:13.721+0000] {logging_mixin.py:190} INFO - [2025-06-29T01:40:13.720+0000] {dag.py:3239} INFO - Sync 1 DAGs
[2025-06-29T01:40:13.756+0000] {logging_mixin.py:190} INFO - [2025-06-29T01:40:13.755+0000] {dag.py:4180} INFO - Setting next_dagrun for extract_raw_data_pipeline to 2025-06-28 07:58:00+00:00, run_after=2025-06-28 07:59:00+00:00
[2025-06-29T01:40:13.853+0000] {processor.py:208} INFO - Processing /opt/airflow/dags/driven_data_pipeline.py took 0.658 seconds
[2025-06-29T01:40:44.292+0000] {processor.py:186} INFO - Started process (PID=1286) to work on /opt/airflow/dags/driven_data_pipeline.py
[2025-06-29T01:40:44.491+0000] {processor.py:914} INFO - Processing file /opt/airflow/dags/driven_data_pipeline.py for tasks to queue
[2025-06-29T01:40:44.502+0000] {logging_mixin.py:190} INFO - [2025-06-29T01:40:44.500+0000] {dagbag.py:588} INFO - Filling up the DagBag from /opt/airflow/dags/driven_data_pipeline.py
[2025-06-29T01:40:44.718+0000] {processor.py:925} INFO - DAG(s) 'extract_raw_data_pipeline' retrieved from /opt/airflow/dags/driven_data_pipeline.py
[2025-06-29T01:40:44.744+0000] {logging_mixin.py:190} INFO - [2025-06-29T01:40:44.744+0000] {dag.py:3239} INFO - Sync 1 DAGs
[2025-06-29T01:40:44.772+0000] {logging_mixin.py:190} INFO - [2025-06-29T01:40:44.772+0000] {dag.py:4180} INFO - Setting next_dagrun for extract_raw_data_pipeline to 2025-06-28 07:58:00+00:00, run_after=2025-06-28 07:59:00+00:00
[2025-06-29T01:40:46.515+0000] {processor.py:208} INFO - Processing /opt/airflow/dags/driven_data_pipeline.py took 2.234 seconds
[2025-06-29T01:41:16.674+0000] {processor.py:186} INFO - Started process (PID=1294) to work on /opt/airflow/dags/driven_data_pipeline.py
[2025-06-29T01:41:16.697+0000] {processor.py:914} INFO - Processing file /opt/airflow/dags/driven_data_pipeline.py for tasks to queue
[2025-06-29T01:41:16.707+0000] {logging_mixin.py:190} INFO - [2025-06-29T01:41:16.705+0000] {dagbag.py:588} INFO - Filling up the DagBag from /opt/airflow/dags/driven_data_pipeline.py
[2025-06-29T01:41:16.911+0000] {processor.py:925} INFO - DAG(s) 'extract_raw_data_pipeline' retrieved from /opt/airflow/dags/driven_data_pipeline.py
[2025-06-29T01:41:16.934+0000] {logging_mixin.py:190} INFO - [2025-06-29T01:41:16.933+0000] {dag.py:3239} INFO - Sync 1 DAGs
[2025-06-29T01:41:16.957+0000] {logging_mixin.py:190} INFO - [2025-06-29T01:41:16.957+0000] {dag.py:4180} INFO - Setting next_dagrun for extract_raw_data_pipeline to 2025-06-28 07:58:00+00:00, run_after=2025-06-28 07:59:00+00:00
[2025-06-29T01:41:17.859+0000] {processor.py:208} INFO - Processing /opt/airflow/dags/driven_data_pipeline.py took 1.192 seconds
[2025-06-29T01:41:48.197+0000] {processor.py:186} INFO - Started process (PID=1302) to work on /opt/airflow/dags/driven_data_pipeline.py
[2025-06-29T01:41:48.202+0000] {processor.py:914} INFO - Processing file /opt/airflow/dags/driven_data_pipeline.py for tasks to queue
[2025-06-29T01:41:48.204+0000] {logging_mixin.py:190} INFO - [2025-06-29T01:41:48.204+0000] {dagbag.py:588} INFO - Filling up the DagBag from /opt/airflow/dags/driven_data_pipeline.py
[2025-06-29T01:41:48.381+0000] {processor.py:925} INFO - DAG(s) 'extract_raw_data_pipeline' retrieved from /opt/airflow/dags/driven_data_pipeline.py
[2025-06-29T01:41:48.405+0000] {logging_mixin.py:190} INFO - [2025-06-29T01:41:48.405+0000] {dag.py:3239} INFO - Sync 1 DAGs
[2025-06-29T01:41:48.427+0000] {logging_mixin.py:190} INFO - [2025-06-29T01:41:48.427+0000] {dag.py:4180} INFO - Setting next_dagrun for extract_raw_data_pipeline to 2025-06-28 07:58:00+00:00, run_after=2025-06-28 07:59:00+00:00
[2025-06-29T01:41:49.274+0000] {processor.py:208} INFO - Processing /opt/airflow/dags/driven_data_pipeline.py took 1.083 seconds
[2025-06-29T01:42:19.548+0000] {processor.py:186} INFO - Started process (PID=1310) to work on /opt/airflow/dags/driven_data_pipeline.py
[2025-06-29T01:42:19.549+0000] {processor.py:914} INFO - Processing file /opt/airflow/dags/driven_data_pipeline.py for tasks to queue
[2025-06-29T01:42:19.551+0000] {logging_mixin.py:190} INFO - [2025-06-29T01:42:19.551+0000] {dagbag.py:588} INFO - Filling up the DagBag from /opt/airflow/dags/driven_data_pipeline.py
[2025-06-29T01:42:19.720+0000] {processor.py:925} INFO - DAG(s) 'extract_raw_data_pipeline' retrieved from /opt/airflow/dags/driven_data_pipeline.py
[2025-06-29T01:42:19.744+0000] {logging_mixin.py:190} INFO - [2025-06-29T01:42:19.744+0000] {dag.py:3239} INFO - Sync 1 DAGs
[2025-06-29T01:42:19.767+0000] {logging_mixin.py:190} INFO - [2025-06-29T01:42:19.767+0000] {dag.py:4180} INFO - Setting next_dagrun for extract_raw_data_pipeline to 2025-06-28 07:58:00+00:00, run_after=2025-06-28 07:59:00+00:00
[2025-06-29T01:42:19.907+0000] {processor.py:208} INFO - Processing /opt/airflow/dags/driven_data_pipeline.py took 0.365 seconds
[2025-06-29T01:42:50.267+0000] {processor.py:186} INFO - Started process (PID=1318) to work on /opt/airflow/dags/driven_data_pipeline.py
[2025-06-29T01:42:50.268+0000] {processor.py:914} INFO - Processing file /opt/airflow/dags/driven_data_pipeline.py for tasks to queue
[2025-06-29T01:42:50.271+0000] {logging_mixin.py:190} INFO - [2025-06-29T01:42:50.271+0000] {dagbag.py:588} INFO - Filling up the DagBag from /opt/airflow/dags/driven_data_pipeline.py
[2025-06-29T01:42:50.475+0000] {processor.py:925} INFO - DAG(s) 'extract_raw_data_pipeline' retrieved from /opt/airflow/dags/driven_data_pipeline.py
[2025-06-29T01:42:50.503+0000] {logging_mixin.py:190} INFO - [2025-06-29T01:42:50.503+0000] {dag.py:3239} INFO - Sync 1 DAGs
[2025-06-29T01:42:50.530+0000] {logging_mixin.py:190} INFO - [2025-06-29T01:42:50.530+0000] {dag.py:4180} INFO - Setting next_dagrun for extract_raw_data_pipeline to 2025-06-28 07:58:00+00:00, run_after=2025-06-28 07:59:00+00:00
[2025-06-29T01:42:50.881+0000] {processor.py:208} INFO - Processing /opt/airflow/dags/driven_data_pipeline.py took 0.627 seconds
[2025-06-29T01:43:21.244+0000] {processor.py:186} INFO - Started process (PID=1326) to work on /opt/airflow/dags/driven_data_pipeline.py
[2025-06-29T01:43:21.549+0000] {processor.py:914} INFO - Processing file /opt/airflow/dags/driven_data_pipeline.py for tasks to queue
[2025-06-29T01:43:21.559+0000] {logging_mixin.py:190} INFO - [2025-06-29T01:43:21.557+0000] {dagbag.py:588} INFO - Filling up the DagBag from /opt/airflow/dags/driven_data_pipeline.py
[2025-06-29T01:43:21.749+0000] {processor.py:925} INFO - DAG(s) 'extract_raw_data_pipeline' retrieved from /opt/airflow/dags/driven_data_pipeline.py
[2025-06-29T01:43:21.772+0000] {logging_mixin.py:190} INFO - [2025-06-29T01:43:21.771+0000] {dag.py:3239} INFO - Sync 1 DAGs
[2025-06-29T01:43:21.794+0000] {logging_mixin.py:190} INFO - [2025-06-29T01:43:21.794+0000] {dag.py:4180} INFO - Setting next_dagrun for extract_raw_data_pipeline to 2025-06-28 07:58:00+00:00, run_after=2025-06-28 07:59:00+00:00
[2025-06-29T01:43:22.734+0000] {processor.py:208} INFO - Processing /opt/airflow/dags/driven_data_pipeline.py took 1.498 seconds
[2025-06-29T01:43:53.223+0000] {processor.py:186} INFO - Started process (PID=1334) to work on /opt/airflow/dags/driven_data_pipeline.py
[2025-06-29T01:43:53.460+0000] {processor.py:914} INFO - Processing file /opt/airflow/dags/driven_data_pipeline.py for tasks to queue
[2025-06-29T01:43:53.472+0000] {logging_mixin.py:190} INFO - [2025-06-29T01:43:53.469+0000] {dagbag.py:588} INFO - Filling up the DagBag from /opt/airflow/dags/driven_data_pipeline.py
[2025-06-29T01:43:55.875+0000] {processor.py:925} INFO - DAG(s) 'extract_raw_data_pipeline' retrieved from /opt/airflow/dags/driven_data_pipeline.py
[2025-06-29T01:43:55.955+0000] {logging_mixin.py:190} INFO - [2025-06-29T01:43:55.955+0000] {dag.py:3239} INFO - Sync 1 DAGs
[2025-06-29T01:43:55.982+0000] {logging_mixin.py:190} INFO - [2025-06-29T01:43:55.982+0000] {dag.py:4180} INFO - Setting next_dagrun for extract_raw_data_pipeline to 2025-06-28 07:58:00+00:00, run_after=2025-06-28 07:59:00+00:00
[2025-06-29T01:43:56.034+0000] {processor.py:208} INFO - Processing /opt/airflow/dags/driven_data_pipeline.py took 2.911 seconds
[2025-06-29T01:44:26.368+0000] {processor.py:186} INFO - Started process (PID=1342) to work on /opt/airflow/dags/driven_data_pipeline.py
[2025-06-29T01:44:26.381+0000] {processor.py:914} INFO - Processing file /opt/airflow/dags/driven_data_pipeline.py for tasks to queue
[2025-06-29T01:44:26.388+0000] {logging_mixin.py:190} INFO - [2025-06-29T01:44:26.387+0000] {dagbag.py:588} INFO - Filling up the DagBag from /opt/airflow/dags/driven_data_pipeline.py
[2025-06-29T01:44:27.558+0000] {processor.py:925} INFO - DAG(s) 'extract_raw_data_pipeline' retrieved from /opt/airflow/dags/driven_data_pipeline.py
[2025-06-29T01:44:27.596+0000] {logging_mixin.py:190} INFO - [2025-06-29T01:44:27.596+0000] {dag.py:3239} INFO - Sync 1 DAGs
[2025-06-29T01:44:27.629+0000] {logging_mixin.py:190} INFO - [2025-06-29T01:44:27.629+0000] {dag.py:4180} INFO - Setting next_dagrun for extract_raw_data_pipeline to 2025-06-28 07:58:00+00:00, run_after=2025-06-28 07:59:00+00:00
[2025-06-29T01:44:27.712+0000] {processor.py:208} INFO - Processing /opt/airflow/dags/driven_data_pipeline.py took 1.352 seconds
[2025-06-29T01:44:58.031+0000] {processor.py:186} INFO - Started process (PID=1350) to work on /opt/airflow/dags/driven_data_pipeline.py
[2025-06-29T01:44:58.032+0000] {processor.py:914} INFO - Processing file /opt/airflow/dags/driven_data_pipeline.py for tasks to queue
[2025-06-29T01:44:58.034+0000] {logging_mixin.py:190} INFO - [2025-06-29T01:44:58.034+0000] {dagbag.py:588} INFO - Filling up the DagBag from /opt/airflow/dags/driven_data_pipeline.py
[2025-06-29T01:44:58.227+0000] {processor.py:925} INFO - DAG(s) 'extract_raw_data_pipeline' retrieved from /opt/airflow/dags/driven_data_pipeline.py
[2025-06-29T01:44:58.252+0000] {logging_mixin.py:190} INFO - [2025-06-29T01:44:58.252+0000] {dag.py:3239} INFO - Sync 1 DAGs
[2025-06-29T01:44:58.274+0000] {logging_mixin.py:190} INFO - [2025-06-29T01:44:58.274+0000] {dag.py:4180} INFO - Setting next_dagrun for extract_raw_data_pipeline to 2025-06-28 07:58:00+00:00, run_after=2025-06-28 07:59:00+00:00
[2025-06-29T01:44:59.100+0000] {processor.py:208} INFO - Processing /opt/airflow/dags/driven_data_pipeline.py took 1.077 seconds
[2025-06-29T01:45:29.653+0000] {processor.py:186} INFO - Started process (PID=1358) to work on /opt/airflow/dags/driven_data_pipeline.py
[2025-06-29T01:45:29.657+0000] {processor.py:914} INFO - Processing file /opt/airflow/dags/driven_data_pipeline.py for tasks to queue
[2025-06-29T01:45:29.667+0000] {logging_mixin.py:190} INFO - [2025-06-29T01:45:29.665+0000] {dagbag.py:588} INFO - Filling up the DagBag from /opt/airflow/dags/driven_data_pipeline.py
[2025-06-29T01:45:29.881+0000] {processor.py:925} INFO - DAG(s) 'extract_raw_data_pipeline' retrieved from /opt/airflow/dags/driven_data_pipeline.py
[2025-06-29T01:45:29.914+0000] {logging_mixin.py:190} INFO - [2025-06-29T01:45:29.914+0000] {dag.py:3239} INFO - Sync 1 DAGs
[2025-06-29T01:45:29.940+0000] {logging_mixin.py:190} INFO - [2025-06-29T01:45:29.939+0000] {dag.py:4180} INFO - Setting next_dagrun for extract_raw_data_pipeline to 2025-06-28 07:58:00+00:00, run_after=2025-06-28 07:59:00+00:00
[2025-06-29T01:45:30.856+0000] {processor.py:208} INFO - Processing /opt/airflow/dags/driven_data_pipeline.py took 1.235 seconds
[2025-06-29T01:46:01.019+0000] {processor.py:186} INFO - Started process (PID=1366) to work on /opt/airflow/dags/driven_data_pipeline.py
[2025-06-29T01:46:01.020+0000] {processor.py:914} INFO - Processing file /opt/airflow/dags/driven_data_pipeline.py for tasks to queue
[2025-06-29T01:46:01.022+0000] {logging_mixin.py:190} INFO - [2025-06-29T01:46:01.021+0000] {dagbag.py:588} INFO - Filling up the DagBag from /opt/airflow/dags/driven_data_pipeline.py
[2025-06-29T01:46:01.200+0000] {processor.py:925} INFO - DAG(s) 'extract_raw_data_pipeline' retrieved from /opt/airflow/dags/driven_data_pipeline.py
[2025-06-29T01:46:01.231+0000] {logging_mixin.py:190} INFO - [2025-06-29T01:46:01.230+0000] {dag.py:3239} INFO - Sync 1 DAGs
[2025-06-29T01:46:01.258+0000] {logging_mixin.py:190} INFO - [2025-06-29T01:46:01.258+0000] {dag.py:4180} INFO - Setting next_dagrun for extract_raw_data_pipeline to 2025-06-28 07:58:00+00:00, run_after=2025-06-28 07:59:00+00:00
[2025-06-29T01:46:01.413+0000] {processor.py:208} INFO - Processing /opt/airflow/dags/driven_data_pipeline.py took 0.400 seconds
[2025-06-29T01:46:31.644+0000] {processor.py:186} INFO - Started process (PID=1374) to work on /opt/airflow/dags/driven_data_pipeline.py
[2025-06-29T01:46:31.764+0000] {processor.py:914} INFO - Processing file /opt/airflow/dags/driven_data_pipeline.py for tasks to queue
[2025-06-29T01:46:31.772+0000] {logging_mixin.py:190} INFO - [2025-06-29T01:46:31.771+0000] {dagbag.py:588} INFO - Filling up the DagBag from /opt/airflow/dags/driven_data_pipeline.py
[2025-06-29T01:46:31.967+0000] {processor.py:925} INFO - DAG(s) 'extract_raw_data_pipeline' retrieved from /opt/airflow/dags/driven_data_pipeline.py
[2025-06-29T01:46:31.991+0000] {logging_mixin.py:190} INFO - [2025-06-29T01:46:31.990+0000] {dag.py:3239} INFO - Sync 1 DAGs
[2025-06-29T01:46:32.015+0000] {logging_mixin.py:190} INFO - [2025-06-29T01:46:32.015+0000] {dag.py:4180} INFO - Setting next_dagrun for extract_raw_data_pipeline to 2025-06-28 07:58:00+00:00, run_after=2025-06-28 07:59:00+00:00
[2025-06-29T01:46:32.052+0000] {processor.py:208} INFO - Processing /opt/airflow/dags/driven_data_pipeline.py took 0.424 seconds
[2025-06-29T01:47:02.092+0000] {processor.py:186} INFO - Started process (PID=1382) to work on /opt/airflow/dags/driven_data_pipeline.py
[2025-06-29T01:47:02.093+0000] {processor.py:914} INFO - Processing file /opt/airflow/dags/driven_data_pipeline.py for tasks to queue
[2025-06-29T01:47:02.095+0000] {logging_mixin.py:190} INFO - [2025-06-29T01:47:02.095+0000] {dagbag.py:588} INFO - Filling up the DagBag from /opt/airflow/dags/driven_data_pipeline.py
[2025-06-29T01:47:02.273+0000] {processor.py:925} INFO - DAG(s) 'extract_raw_data_pipeline' retrieved from /opt/airflow/dags/driven_data_pipeline.py
[2025-06-29T01:47:02.299+0000] {logging_mixin.py:190} INFO - [2025-06-29T01:47:02.299+0000] {dag.py:3239} INFO - Sync 1 DAGs
[2025-06-29T01:47:02.321+0000] {logging_mixin.py:190} INFO - [2025-06-29T01:47:02.321+0000] {dag.py:4180} INFO - Setting next_dagrun for extract_raw_data_pipeline to 2025-06-28 07:58:00+00:00, run_after=2025-06-28 07:59:00+00:00
[2025-06-29T01:47:03.352+0000] {processor.py:208} INFO - Processing /opt/airflow/dags/driven_data_pipeline.py took 1.268 seconds
[2025-06-29T01:47:33.464+0000] {processor.py:186} INFO - Started process (PID=1390) to work on /opt/airflow/dags/driven_data_pipeline.py
[2025-06-29T01:47:33.465+0000] {processor.py:914} INFO - Processing file /opt/airflow/dags/driven_data_pipeline.py for tasks to queue
[2025-06-29T01:47:33.467+0000] {logging_mixin.py:190} INFO - [2025-06-29T01:47:33.467+0000] {dagbag.py:588} INFO - Filling up the DagBag from /opt/airflow/dags/driven_data_pipeline.py
[2025-06-29T01:47:33.646+0000] {processor.py:925} INFO - DAG(s) 'extract_raw_data_pipeline' retrieved from /opt/airflow/dags/driven_data_pipeline.py
[2025-06-29T01:47:33.671+0000] {logging_mixin.py:190} INFO - [2025-06-29T01:47:33.670+0000] {dag.py:3239} INFO - Sync 1 DAGs
[2025-06-29T01:47:33.695+0000] {logging_mixin.py:190} INFO - [2025-06-29T01:47:33.694+0000] {dag.py:4180} INFO - Setting next_dagrun for extract_raw_data_pipeline to 2025-06-28 07:58:00+00:00, run_after=2025-06-28 07:59:00+00:00
[2025-06-29T01:47:33.736+0000] {processor.py:208} INFO - Processing /opt/airflow/dags/driven_data_pipeline.py took 0.279 seconds
[2025-06-29T01:48:04.062+0000] {processor.py:186} INFO - Started process (PID=1398) to work on /opt/airflow/dags/driven_data_pipeline.py
[2025-06-29T01:48:04.064+0000] {processor.py:914} INFO - Processing file /opt/airflow/dags/driven_data_pipeline.py for tasks to queue
[2025-06-29T01:48:04.067+0000] {logging_mixin.py:190} INFO - [2025-06-29T01:48:04.067+0000] {dagbag.py:588} INFO - Filling up the DagBag from /opt/airflow/dags/driven_data_pipeline.py
[2025-06-29T01:48:04.241+0000] {processor.py:925} INFO - DAG(s) 'extract_raw_data_pipeline' retrieved from /opt/airflow/dags/driven_data_pipeline.py
[2025-06-29T01:48:04.265+0000] {logging_mixin.py:190} INFO - [2025-06-29T01:48:04.265+0000] {dag.py:3239} INFO - Sync 1 DAGs
[2025-06-29T01:48:04.287+0000] {logging_mixin.py:190} INFO - [2025-06-29T01:48:04.287+0000] {dag.py:4180} INFO - Setting next_dagrun for extract_raw_data_pipeline to 2025-06-28 07:58:00+00:00, run_after=2025-06-28 07:59:00+00:00
[2025-06-29T01:48:04.329+0000] {processor.py:208} INFO - Processing /opt/airflow/dags/driven_data_pipeline.py took 0.278 seconds
[2025-06-29T01:48:34.440+0000] {processor.py:186} INFO - Started process (PID=1406) to work on /opt/airflow/dags/driven_data_pipeline.py
[2025-06-29T01:48:34.442+0000] {processor.py:914} INFO - Processing file /opt/airflow/dags/driven_data_pipeline.py for tasks to queue
[2025-06-29T01:48:34.449+0000] {logging_mixin.py:190} INFO - [2025-06-29T01:48:34.448+0000] {dagbag.py:588} INFO - Filling up the DagBag from /opt/airflow/dags/driven_data_pipeline.py
[2025-06-29T01:48:34.639+0000] {processor.py:925} INFO - DAG(s) 'extract_raw_data_pipeline' retrieved from /opt/airflow/dags/driven_data_pipeline.py
[2025-06-29T01:48:34.663+0000] {logging_mixin.py:190} INFO - [2025-06-29T01:48:34.663+0000] {dag.py:3239} INFO - Sync 1 DAGs
[2025-06-29T01:48:34.687+0000] {logging_mixin.py:190} INFO - [2025-06-29T01:48:34.686+0000] {dag.py:4180} INFO - Setting next_dagrun for extract_raw_data_pipeline to 2025-06-28 07:58:00+00:00, run_after=2025-06-28 07:59:00+00:00
[2025-06-29T01:48:34.720+0000] {processor.py:208} INFO - Processing /opt/airflow/dags/driven_data_pipeline.py took 0.301 seconds
[2025-06-29T01:49:05.004+0000] {processor.py:186} INFO - Started process (PID=1414) to work on /opt/airflow/dags/driven_data_pipeline.py
[2025-06-29T01:49:05.006+0000] {processor.py:914} INFO - Processing file /opt/airflow/dags/driven_data_pipeline.py for tasks to queue
[2025-06-29T01:49:05.008+0000] {logging_mixin.py:190} INFO - [2025-06-29T01:49:05.008+0000] {dagbag.py:588} INFO - Filling up the DagBag from /opt/airflow/dags/driven_data_pipeline.py
[2025-06-29T01:49:05.179+0000] {processor.py:925} INFO - DAG(s) 'extract_raw_data_pipeline' retrieved from /opt/airflow/dags/driven_data_pipeline.py
[2025-06-29T01:49:05.204+0000] {logging_mixin.py:190} INFO - [2025-06-29T01:49:05.203+0000] {dag.py:3239} INFO - Sync 1 DAGs
[2025-06-29T01:49:05.226+0000] {logging_mixin.py:190} INFO - [2025-06-29T01:49:05.226+0000] {dag.py:4180} INFO - Setting next_dagrun for extract_raw_data_pipeline to 2025-06-28 07:58:00+00:00, run_after=2025-06-28 07:59:00+00:00
[2025-06-29T01:49:05.259+0000] {processor.py:208} INFO - Processing /opt/airflow/dags/driven_data_pipeline.py took 0.264 seconds
[2025-06-29T01:49:35.341+0000] {processor.py:186} INFO - Started process (PID=1422) to work on /opt/airflow/dags/driven_data_pipeline.py
[2025-06-29T01:49:35.342+0000] {processor.py:914} INFO - Processing file /opt/airflow/dags/driven_data_pipeline.py for tasks to queue
[2025-06-29T01:49:35.344+0000] {logging_mixin.py:190} INFO - [2025-06-29T01:49:35.344+0000] {dagbag.py:588} INFO - Filling up the DagBag from /opt/airflow/dags/driven_data_pipeline.py
[2025-06-29T01:49:35.515+0000] {processor.py:925} INFO - DAG(s) 'extract_raw_data_pipeline' retrieved from /opt/airflow/dags/driven_data_pipeline.py
[2025-06-29T01:49:35.540+0000] {logging_mixin.py:190} INFO - [2025-06-29T01:49:35.539+0000] {dag.py:3239} INFO - Sync 1 DAGs
[2025-06-29T01:49:35.562+0000] {logging_mixin.py:190} INFO - [2025-06-29T01:49:35.561+0000] {dag.py:4180} INFO - Setting next_dagrun for extract_raw_data_pipeline to 2025-06-28 07:58:00+00:00, run_after=2025-06-28 07:59:00+00:00
[2025-06-29T01:49:35.587+0000] {processor.py:208} INFO - Processing /opt/airflow/dags/driven_data_pipeline.py took 0.252 seconds
[2025-06-29T01:50:05.951+0000] {processor.py:186} INFO - Started process (PID=1430) to work on /opt/airflow/dags/driven_data_pipeline.py
[2025-06-29T01:50:05.967+0000] {processor.py:914} INFO - Processing file /opt/airflow/dags/driven_data_pipeline.py for tasks to queue
[2025-06-29T01:50:05.969+0000] {logging_mixin.py:190} INFO - [2025-06-29T01:50:05.969+0000] {dagbag.py:588} INFO - Filling up the DagBag from /opt/airflow/dags/driven_data_pipeline.py
[2025-06-29T01:50:06.141+0000] {processor.py:925} INFO - DAG(s) 'extract_raw_data_pipeline' retrieved from /opt/airflow/dags/driven_data_pipeline.py
[2025-06-29T01:50:06.165+0000] {logging_mixin.py:190} INFO - [2025-06-29T01:50:06.165+0000] {dag.py:3239} INFO - Sync 1 DAGs
[2025-06-29T01:50:06.187+0000] {logging_mixin.py:190} INFO - [2025-06-29T01:50:06.187+0000] {dag.py:4180} INFO - Setting next_dagrun for extract_raw_data_pipeline to 2025-06-28 07:58:00+00:00, run_after=2025-06-28 07:59:00+00:00
[2025-06-29T01:50:06.244+0000] {processor.py:208} INFO - Processing /opt/airflow/dags/driven_data_pipeline.py took 0.302 seconds
[2025-06-29T01:50:36.313+0000] {processor.py:186} INFO - Started process (PID=1438) to work on /opt/airflow/dags/driven_data_pipeline.py
[2025-06-29T01:50:36.314+0000] {processor.py:914} INFO - Processing file /opt/airflow/dags/driven_data_pipeline.py for tasks to queue
[2025-06-29T01:50:36.317+0000] {logging_mixin.py:190} INFO - [2025-06-29T01:50:36.316+0000] {dagbag.py:588} INFO - Filling up the DagBag from /opt/airflow/dags/driven_data_pipeline.py
[2025-06-29T01:50:36.496+0000] {processor.py:925} INFO - DAG(s) 'extract_raw_data_pipeline' retrieved from /opt/airflow/dags/driven_data_pipeline.py
[2025-06-29T01:50:36.522+0000] {logging_mixin.py:190} INFO - [2025-06-29T01:50:36.521+0000] {dag.py:3239} INFO - Sync 1 DAGs
[2025-06-29T01:50:36.545+0000] {logging_mixin.py:190} INFO - [2025-06-29T01:50:36.545+0000] {dag.py:4180} INFO - Setting next_dagrun for extract_raw_data_pipeline to 2025-06-28 07:58:00+00:00, run_after=2025-06-28 07:59:00+00:00
[2025-06-29T01:50:36.579+0000] {processor.py:208} INFO - Processing /opt/airflow/dags/driven_data_pipeline.py took 0.274 seconds
[2025-06-29T01:51:06.931+0000] {processor.py:186} INFO - Started process (PID=1446) to work on /opt/airflow/dags/driven_data_pipeline.py
[2025-06-29T01:51:06.933+0000] {processor.py:914} INFO - Processing file /opt/airflow/dags/driven_data_pipeline.py for tasks to queue
[2025-06-29T01:51:06.935+0000] {logging_mixin.py:190} INFO - [2025-06-29T01:51:06.935+0000] {dagbag.py:588} INFO - Filling up the DagBag from /opt/airflow/dags/driven_data_pipeline.py
[2025-06-29T01:51:07.109+0000] {processor.py:925} INFO - DAG(s) 'extract_raw_data_pipeline' retrieved from /opt/airflow/dags/driven_data_pipeline.py
[2025-06-29T01:51:07.134+0000] {logging_mixin.py:190} INFO - [2025-06-29T01:51:07.134+0000] {dag.py:3239} INFO - Sync 1 DAGs
[2025-06-29T01:51:07.156+0000] {logging_mixin.py:190} INFO - [2025-06-29T01:51:07.156+0000] {dag.py:4180} INFO - Setting next_dagrun for extract_raw_data_pipeline to 2025-06-28 07:58:00+00:00, run_after=2025-06-28 07:59:00+00:00
[2025-06-29T01:51:07.486+0000] {processor.py:208} INFO - Processing /opt/airflow/dags/driven_data_pipeline.py took 0.564 seconds
[2025-06-29T01:51:37.845+0000] {processor.py:186} INFO - Started process (PID=1454) to work on /opt/airflow/dags/driven_data_pipeline.py
[2025-06-29T01:51:37.847+0000] {processor.py:914} INFO - Processing file /opt/airflow/dags/driven_data_pipeline.py for tasks to queue
[2025-06-29T01:51:37.849+0000] {logging_mixin.py:190} INFO - [2025-06-29T01:51:37.849+0000] {dagbag.py:588} INFO - Filling up the DagBag from /opt/airflow/dags/driven_data_pipeline.py
[2025-06-29T01:51:38.021+0000] {processor.py:925} INFO - DAG(s) 'extract_raw_data_pipeline' retrieved from /opt/airflow/dags/driven_data_pipeline.py
[2025-06-29T01:51:38.045+0000] {logging_mixin.py:190} INFO - [2025-06-29T01:51:38.045+0000] {dag.py:3239} INFO - Sync 1 DAGs
[2025-06-29T01:51:38.067+0000] {logging_mixin.py:190} INFO - [2025-06-29T01:51:38.067+0000] {dag.py:4180} INFO - Setting next_dagrun for extract_raw_data_pipeline to 2025-06-28 07:58:00+00:00, run_after=2025-06-28 07:59:00+00:00
[2025-06-29T01:51:38.107+0000] {processor.py:208} INFO - Processing /opt/airflow/dags/driven_data_pipeline.py took 0.268 seconds
[2025-06-29T01:52:08.400+0000] {processor.py:186} INFO - Started process (PID=1462) to work on /opt/airflow/dags/driven_data_pipeline.py
[2025-06-29T01:52:08.401+0000] {processor.py:914} INFO - Processing file /opt/airflow/dags/driven_data_pipeline.py for tasks to queue
[2025-06-29T01:52:08.403+0000] {logging_mixin.py:190} INFO - [2025-06-29T01:52:08.402+0000] {dagbag.py:588} INFO - Filling up the DagBag from /opt/airflow/dags/driven_data_pipeline.py
[2025-06-29T01:52:08.593+0000] {processor.py:925} INFO - DAG(s) 'extract_raw_data_pipeline' retrieved from /opt/airflow/dags/driven_data_pipeline.py
[2025-06-29T01:52:08.622+0000] {logging_mixin.py:190} INFO - [2025-06-29T01:52:08.621+0000] {dag.py:3239} INFO - Sync 1 DAGs
[2025-06-29T01:52:08.646+0000] {logging_mixin.py:190} INFO - [2025-06-29T01:52:08.646+0000] {dag.py:4180} INFO - Setting next_dagrun for extract_raw_data_pipeline to 2025-06-28 07:58:00+00:00, run_after=2025-06-28 07:59:00+00:00
[2025-06-29T01:52:08.680+0000] {processor.py:208} INFO - Processing /opt/airflow/dags/driven_data_pipeline.py took 0.287 seconds
[2025-06-29T01:52:38.761+0000] {processor.py:186} INFO - Started process (PID=1470) to work on /opt/airflow/dags/driven_data_pipeline.py
[2025-06-29T01:52:38.762+0000] {processor.py:914} INFO - Processing file /opt/airflow/dags/driven_data_pipeline.py for tasks to queue
[2025-06-29T01:52:38.764+0000] {logging_mixin.py:190} INFO - [2025-06-29T01:52:38.764+0000] {dagbag.py:588} INFO - Filling up the DagBag from /opt/airflow/dags/driven_data_pipeline.py
[2025-06-29T01:52:38.951+0000] {processor.py:925} INFO - DAG(s) 'extract_raw_data_pipeline' retrieved from /opt/airflow/dags/driven_data_pipeline.py
[2025-06-29T01:52:38.980+0000] {logging_mixin.py:190} INFO - [2025-06-29T01:52:38.979+0000] {dag.py:3239} INFO - Sync 1 DAGs
[2025-06-29T01:52:39.008+0000] {logging_mixin.py:190} INFO - [2025-06-29T01:52:39.007+0000] {dag.py:4180} INFO - Setting next_dagrun for extract_raw_data_pipeline to 2025-06-28 07:58:00+00:00, run_after=2025-06-28 07:59:00+00:00
[2025-06-29T01:52:39.056+0000] {processor.py:208} INFO - Processing /opt/airflow/dags/driven_data_pipeline.py took 0.303 seconds
[2025-06-29T01:53:09.419+0000] {processor.py:186} INFO - Started process (PID=1478) to work on /opt/airflow/dags/driven_data_pipeline.py
[2025-06-29T01:53:09.434+0000] {processor.py:914} INFO - Processing file /opt/airflow/dags/driven_data_pipeline.py for tasks to queue
[2025-06-29T01:53:09.437+0000] {logging_mixin.py:190} INFO - [2025-06-29T01:53:09.436+0000] {dagbag.py:588} INFO - Filling up the DagBag from /opt/airflow/dags/driven_data_pipeline.py
[2025-06-29T01:53:09.618+0000] {processor.py:925} INFO - DAG(s) 'extract_raw_data_pipeline' retrieved from /opt/airflow/dags/driven_data_pipeline.py
[2025-06-29T01:53:09.645+0000] {logging_mixin.py:190} INFO - [2025-06-29T01:53:09.644+0000] {dag.py:3239} INFO - Sync 1 DAGs
[2025-06-29T01:53:09.666+0000] {logging_mixin.py:190} INFO - [2025-06-29T01:53:09.666+0000] {dag.py:4180} INFO - Setting next_dagrun for extract_raw_data_pipeline to 2025-06-28 07:58:00+00:00, run_after=2025-06-28 07:59:00+00:00
[2025-06-29T01:53:09.711+0000] {processor.py:208} INFO - Processing /opt/airflow/dags/driven_data_pipeline.py took 0.299 seconds
[2025-06-29T01:53:39.793+0000] {processor.py:186} INFO - Started process (PID=1486) to work on /opt/airflow/dags/driven_data_pipeline.py
[2025-06-29T01:53:39.794+0000] {processor.py:914} INFO - Processing file /opt/airflow/dags/driven_data_pipeline.py for tasks to queue
[2025-06-29T01:53:39.796+0000] {logging_mixin.py:190} INFO - [2025-06-29T01:53:39.796+0000] {dagbag.py:588} INFO - Filling up the DagBag from /opt/airflow/dags/driven_data_pipeline.py
[2025-06-29T01:53:40.001+0000] {processor.py:925} INFO - DAG(s) 'extract_raw_data_pipeline' retrieved from /opt/airflow/dags/driven_data_pipeline.py
[2025-06-29T01:53:40.027+0000] {logging_mixin.py:190} INFO - [2025-06-29T01:53:40.027+0000] {dag.py:3239} INFO - Sync 1 DAGs
[2025-06-29T01:53:40.051+0000] {logging_mixin.py:190} INFO - [2025-06-29T01:53:40.050+0000] {dag.py:4180} INFO - Setting next_dagrun for extract_raw_data_pipeline to 2025-06-28 07:58:00+00:00, run_after=2025-06-28 07:59:00+00:00
[2025-06-29T01:53:40.084+0000] {processor.py:208} INFO - Processing /opt/airflow/dags/driven_data_pipeline.py took 0.302 seconds
[2025-06-29T01:54:10.188+0000] {processor.py:186} INFO - Started process (PID=1494) to work on /opt/airflow/dags/driven_data_pipeline.py
[2025-06-29T01:54:10.195+0000] {processor.py:914} INFO - Processing file /opt/airflow/dags/driven_data_pipeline.py for tasks to queue
[2025-06-29T01:54:10.198+0000] {logging_mixin.py:190} INFO - [2025-06-29T01:54:10.198+0000] {dagbag.py:588} INFO - Filling up the DagBag from /opt/airflow/dags/driven_data_pipeline.py
[2025-06-29T01:54:10.386+0000] {processor.py:925} INFO - DAG(s) 'extract_raw_data_pipeline' retrieved from /opt/airflow/dags/driven_data_pipeline.py
[2025-06-29T01:54:10.411+0000] {logging_mixin.py:190} INFO - [2025-06-29T01:54:10.411+0000] {dag.py:3239} INFO - Sync 1 DAGs
[2025-06-29T01:54:10.436+0000] {logging_mixin.py:190} INFO - [2025-06-29T01:54:10.436+0000] {dag.py:4180} INFO - Setting next_dagrun for extract_raw_data_pipeline to 2025-06-28 07:58:00+00:00, run_after=2025-06-28 07:59:00+00:00
[2025-06-29T01:54:10.499+0000] {processor.py:208} INFO - Processing /opt/airflow/dags/driven_data_pipeline.py took 0.323 seconds
[2025-06-29T01:54:40.876+0000] {processor.py:186} INFO - Started process (PID=1502) to work on /opt/airflow/dags/driven_data_pipeline.py
[2025-06-29T01:54:40.877+0000] {processor.py:914} INFO - Processing file /opt/airflow/dags/driven_data_pipeline.py for tasks to queue
[2025-06-29T01:54:40.879+0000] {logging_mixin.py:190} INFO - [2025-06-29T01:54:40.878+0000] {dagbag.py:588} INFO - Filling up the DagBag from /opt/airflow/dags/driven_data_pipeline.py
[2025-06-29T01:54:41.058+0000] {processor.py:925} INFO - DAG(s) 'extract_raw_data_pipeline' retrieved from /opt/airflow/dags/driven_data_pipeline.py
[2025-06-29T01:54:41.082+0000] {logging_mixin.py:190} INFO - [2025-06-29T01:54:41.081+0000] {dag.py:3239} INFO - Sync 1 DAGs
[2025-06-29T01:54:41.108+0000] {logging_mixin.py:190} INFO - [2025-06-29T01:54:41.108+0000] {dag.py:4180} INFO - Setting next_dagrun for extract_raw_data_pipeline to 2025-06-28 07:58:00+00:00, run_after=2025-06-28 07:59:00+00:00
[2025-06-29T01:54:41.144+0000] {processor.py:208} INFO - Processing /opt/airflow/dags/driven_data_pipeline.py took 0.277 seconds
[2025-06-29T01:55:11.322+0000] {processor.py:186} INFO - Started process (PID=1510) to work on /opt/airflow/dags/driven_data_pipeline.py
[2025-06-29T01:55:11.338+0000] {processor.py:914} INFO - Processing file /opt/airflow/dags/driven_data_pipeline.py for tasks to queue
[2025-06-29T01:55:11.349+0000] {logging_mixin.py:190} INFO - [2025-06-29T01:55:11.346+0000] {dagbag.py:588} INFO - Filling up the DagBag from /opt/airflow/dags/driven_data_pipeline.py
[2025-06-29T01:55:11.602+0000] {processor.py:925} INFO - DAG(s) 'extract_raw_data_pipeline' retrieved from /opt/airflow/dags/driven_data_pipeline.py
[2025-06-29T01:55:11.629+0000] {logging_mixin.py:190} INFO - [2025-06-29T01:55:11.629+0000] {dag.py:3239} INFO - Sync 1 DAGs
[2025-06-29T01:55:11.653+0000] {logging_mixin.py:190} INFO - [2025-06-29T01:55:11.653+0000] {dag.py:4180} INFO - Setting next_dagrun for extract_raw_data_pipeline to 2025-06-28 07:58:00+00:00, run_after=2025-06-28 07:59:00+00:00
[2025-06-29T01:55:11.696+0000] {processor.py:208} INFO - Processing /opt/airflow/dags/driven_data_pipeline.py took 0.411 seconds
[2025-06-29T01:55:41.903+0000] {processor.py:186} INFO - Started process (PID=1519) to work on /opt/airflow/dags/driven_data_pipeline.py
[2025-06-29T01:55:41.904+0000] {processor.py:914} INFO - Processing file /opt/airflow/dags/driven_data_pipeline.py for tasks to queue
[2025-06-29T01:55:41.908+0000] {logging_mixin.py:190} INFO - [2025-06-29T01:55:41.907+0000] {dagbag.py:588} INFO - Filling up the DagBag from /opt/airflow/dags/driven_data_pipeline.py
[2025-06-29T01:55:42.090+0000] {processor.py:925} INFO - DAG(s) 'extract_raw_data_pipeline' retrieved from /opt/airflow/dags/driven_data_pipeline.py
[2025-06-29T01:55:42.114+0000] {logging_mixin.py:190} INFO - [2025-06-29T01:55:42.114+0000] {dag.py:3239} INFO - Sync 1 DAGs
[2025-06-29T01:55:42.138+0000] {logging_mixin.py:190} INFO - [2025-06-29T01:55:42.138+0000] {dag.py:4180} INFO - Setting next_dagrun for extract_raw_data_pipeline to 2025-06-28 07:58:00+00:00, run_after=2025-06-28 07:59:00+00:00
[2025-06-29T01:55:42.166+0000] {processor.py:208} INFO - Processing /opt/airflow/dags/driven_data_pipeline.py took 0.272 seconds
[2025-06-29T01:56:12.478+0000] {processor.py:186} INFO - Started process (PID=1527) to work on /opt/airflow/dags/driven_data_pipeline.py
[2025-06-29T01:56:12.487+0000] {processor.py:914} INFO - Processing file /opt/airflow/dags/driven_data_pipeline.py for tasks to queue
[2025-06-29T01:56:12.490+0000] {logging_mixin.py:190} INFO - [2025-06-29T01:56:12.489+0000] {dagbag.py:588} INFO - Filling up the DagBag from /opt/airflow/dags/driven_data_pipeline.py
[2025-06-29T01:56:12.670+0000] {processor.py:925} INFO - DAG(s) 'extract_raw_data_pipeline' retrieved from /opt/airflow/dags/driven_data_pipeline.py
[2025-06-29T01:56:12.694+0000] {logging_mixin.py:190} INFO - [2025-06-29T01:56:12.694+0000] {dag.py:3239} INFO - Sync 1 DAGs
[2025-06-29T01:56:12.717+0000] {logging_mixin.py:190} INFO - [2025-06-29T01:56:12.716+0000] {dag.py:4180} INFO - Setting next_dagrun for extract_raw_data_pipeline to 2025-06-28 07:58:00+00:00, run_after=2025-06-28 07:59:00+00:00
[2025-06-29T01:56:12.859+0000] {processor.py:208} INFO - Processing /opt/airflow/dags/driven_data_pipeline.py took 0.395 seconds
[2025-06-29T01:56:43.281+0000] {processor.py:186} INFO - Started process (PID=1535) to work on /opt/airflow/dags/driven_data_pipeline.py
[2025-06-29T01:56:43.283+0000] {processor.py:914} INFO - Processing file /opt/airflow/dags/driven_data_pipeline.py for tasks to queue
[2025-06-29T01:56:43.286+0000] {logging_mixin.py:190} INFO - [2025-06-29T01:56:43.286+0000] {dagbag.py:588} INFO - Filling up the DagBag from /opt/airflow/dags/driven_data_pipeline.py
[2025-06-29T01:56:43.473+0000] {processor.py:925} INFO - DAG(s) 'extract_raw_data_pipeline' retrieved from /opt/airflow/dags/driven_data_pipeline.py
[2025-06-29T01:56:43.499+0000] {logging_mixin.py:190} INFO - [2025-06-29T01:56:43.498+0000] {dag.py:3239} INFO - Sync 1 DAGs
[2025-06-29T01:56:43.522+0000] {logging_mixin.py:190} INFO - [2025-06-29T01:56:43.522+0000] {dag.py:4180} INFO - Setting next_dagrun for extract_raw_data_pipeline to 2025-06-28 07:58:00+00:00, run_after=2025-06-28 07:59:00+00:00
[2025-06-29T01:56:43.568+0000] {processor.py:208} INFO - Processing /opt/airflow/dags/driven_data_pipeline.py took 0.298 seconds
[2025-06-29T01:57:13.702+0000] {processor.py:186} INFO - Started process (PID=1543) to work on /opt/airflow/dags/driven_data_pipeline.py
[2025-06-29T01:57:13.707+0000] {processor.py:914} INFO - Processing file /opt/airflow/dags/driven_data_pipeline.py for tasks to queue
[2025-06-29T01:57:13.710+0000] {logging_mixin.py:190} INFO - [2025-06-29T01:57:13.709+0000] {dagbag.py:588} INFO - Filling up the DagBag from /opt/airflow/dags/driven_data_pipeline.py
[2025-06-29T01:57:13.888+0000] {processor.py:925} INFO - DAG(s) 'extract_raw_data_pipeline' retrieved from /opt/airflow/dags/driven_data_pipeline.py
[2025-06-29T01:57:13.915+0000] {logging_mixin.py:190} INFO - [2025-06-29T01:57:13.914+0000] {dag.py:3239} INFO - Sync 1 DAGs
[2025-06-29T01:57:13.940+0000] {logging_mixin.py:190} INFO - [2025-06-29T01:57:13.939+0000] {dag.py:4180} INFO - Setting next_dagrun for extract_raw_data_pipeline to 2025-06-28 07:58:00+00:00, run_after=2025-06-28 07:59:00+00:00
[2025-06-29T01:57:13.973+0000] {processor.py:208} INFO - Processing /opt/airflow/dags/driven_data_pipeline.py took 0.283 seconds
[2025-06-29T01:57:44.303+0000] {processor.py:186} INFO - Started process (PID=1551) to work on /opt/airflow/dags/driven_data_pipeline.py
[2025-06-29T01:57:44.304+0000] {processor.py:914} INFO - Processing file /opt/airflow/dags/driven_data_pipeline.py for tasks to queue
[2025-06-29T01:57:44.306+0000] {logging_mixin.py:190} INFO - [2025-06-29T01:57:44.306+0000] {dagbag.py:588} INFO - Filling up the DagBag from /opt/airflow/dags/driven_data_pipeline.py
[2025-06-29T01:57:44.496+0000] {processor.py:925} INFO - DAG(s) 'extract_raw_data_pipeline' retrieved from /opt/airflow/dags/driven_data_pipeline.py
[2025-06-29T01:57:44.528+0000] {logging_mixin.py:190} INFO - [2025-06-29T01:57:44.528+0000] {dag.py:3239} INFO - Sync 1 DAGs
[2025-06-29T01:57:44.556+0000] {logging_mixin.py:190} INFO - [2025-06-29T01:57:44.555+0000] {dag.py:4180} INFO - Setting next_dagrun for extract_raw_data_pipeline to 2025-06-28 07:58:00+00:00, run_after=2025-06-28 07:59:00+00:00
[2025-06-29T01:57:44.602+0000] {processor.py:208} INFO - Processing /opt/airflow/dags/driven_data_pipeline.py took 0.305 seconds
[2025-06-29T01:58:14.746+0000] {processor.py:186} INFO - Started process (PID=1559) to work on /opt/airflow/dags/driven_data_pipeline.py
[2025-06-29T01:58:14.754+0000] {processor.py:914} INFO - Processing file /opt/airflow/dags/driven_data_pipeline.py for tasks to queue
[2025-06-29T01:58:14.758+0000] {logging_mixin.py:190} INFO - [2025-06-29T01:58:14.757+0000] {dagbag.py:588} INFO - Filling up the DagBag from /opt/airflow/dags/driven_data_pipeline.py
[2025-06-29T01:58:14.951+0000] {processor.py:925} INFO - DAG(s) 'extract_raw_data_pipeline' retrieved from /opt/airflow/dags/driven_data_pipeline.py
[2025-06-29T01:58:14.979+0000] {logging_mixin.py:190} INFO - [2025-06-29T01:58:14.979+0000] {dag.py:3239} INFO - Sync 1 DAGs
[2025-06-29T01:58:15.004+0000] {logging_mixin.py:190} INFO - [2025-06-29T01:58:15.004+0000] {dag.py:4180} INFO - Setting next_dagrun for extract_raw_data_pipeline to 2025-06-28 07:58:00+00:00, run_after=2025-06-28 07:59:00+00:00
[2025-06-29T01:58:15.187+0000] {processor.py:208} INFO - Processing /opt/airflow/dags/driven_data_pipeline.py took 0.450 seconds
[2025-06-29T01:58:45.370+0000] {processor.py:186} INFO - Started process (PID=1566) to work on /opt/airflow/dags/driven_data_pipeline.py
[2025-06-29T01:58:45.371+0000] {processor.py:914} INFO - Processing file /opt/airflow/dags/driven_data_pipeline.py for tasks to queue
[2025-06-29T01:58:45.376+0000] {logging_mixin.py:190} INFO - [2025-06-29T01:58:45.376+0000] {dagbag.py:588} INFO - Filling up the DagBag from /opt/airflow/dags/driven_data_pipeline.py
[2025-06-29T01:58:45.556+0000] {processor.py:925} INFO - DAG(s) 'extract_raw_data_pipeline' retrieved from /opt/airflow/dags/driven_data_pipeline.py
[2025-06-29T01:58:45.581+0000] {logging_mixin.py:190} INFO - [2025-06-29T01:58:45.581+0000] {dag.py:3239} INFO - Sync 1 DAGs
[2025-06-29T01:58:45.604+0000] {logging_mixin.py:190} INFO - [2025-06-29T01:58:45.604+0000] {dag.py:4180} INFO - Setting next_dagrun for extract_raw_data_pipeline to 2025-06-28 07:58:00+00:00, run_after=2025-06-28 07:59:00+00:00
[2025-06-29T01:58:45.645+0000] {processor.py:208} INFO - Processing /opt/airflow/dags/driven_data_pipeline.py took 0.288 seconds
[2025-06-29T01:59:15.967+0000] {processor.py:186} INFO - Started process (PID=1574) to work on /opt/airflow/dags/driven_data_pipeline.py
[2025-06-29T01:59:15.976+0000] {processor.py:914} INFO - Processing file /opt/airflow/dags/driven_data_pipeline.py for tasks to queue
[2025-06-29T01:59:15.979+0000] {logging_mixin.py:190} INFO - [2025-06-29T01:59:15.979+0000] {dagbag.py:588} INFO - Filling up the DagBag from /opt/airflow/dags/driven_data_pipeline.py
[2025-06-29T01:59:16.198+0000] {processor.py:925} INFO - DAG(s) 'extract_raw_data_pipeline' retrieved from /opt/airflow/dags/driven_data_pipeline.py
[2025-06-29T01:59:16.224+0000] {logging_mixin.py:190} INFO - [2025-06-29T01:59:16.224+0000] {dag.py:3239} INFO - Sync 1 DAGs
[2025-06-29T01:59:16.250+0000] {logging_mixin.py:190} INFO - [2025-06-29T01:59:16.250+0000] {dag.py:4180} INFO - Setting next_dagrun for extract_raw_data_pipeline to 2025-06-28 07:58:00+00:00, run_after=2025-06-28 07:59:00+00:00
[2025-06-29T01:59:17.113+0000] {processor.py:208} INFO - Processing /opt/airflow/dags/driven_data_pipeline.py took 1.159 seconds
[2025-06-29T01:59:47.360+0000] {processor.py:186} INFO - Started process (PID=1588) to work on /opt/airflow/dags/driven_data_pipeline.py
[2025-06-29T01:59:47.362+0000] {processor.py:914} INFO - Processing file /opt/airflow/dags/driven_data_pipeline.py for tasks to queue
[2025-06-29T01:59:47.365+0000] {logging_mixin.py:190} INFO - [2025-06-29T01:59:47.364+0000] {dagbag.py:588} INFO - Filling up the DagBag from /opt/airflow/dags/driven_data_pipeline.py
[2025-06-29T01:59:47.696+0000] {processor.py:925} INFO - DAG(s) 'extract_raw_data_pipeline' retrieved from /opt/airflow/dags/driven_data_pipeline.py
[2025-06-29T01:59:47.742+0000] {logging_mixin.py:190} INFO - [2025-06-29T01:59:47.741+0000] {dag.py:3239} INFO - Sync 1 DAGs
[2025-06-29T01:59:47.787+0000] {logging_mixin.py:190} INFO - [2025-06-29T01:59:47.786+0000] {dag.py:4180} INFO - Setting next_dagrun for extract_raw_data_pipeline to 2025-06-28 07:58:00+00:00, run_after=2025-06-28 07:59:00+00:00
[2025-06-29T01:59:48.645+0000] {processor.py:208} INFO - Processing /opt/airflow/dags/driven_data_pipeline.py took 1.296 seconds
[2025-06-29T02:00:18.817+0000] {processor.py:186} INFO - Started process (PID=1596) to work on /opt/airflow/dags/driven_data_pipeline.py
[2025-06-29T02:00:18.936+0000] {processor.py:914} INFO - Processing file /opt/airflow/dags/driven_data_pipeline.py for tasks to queue
[2025-06-29T02:00:18.947+0000] {logging_mixin.py:190} INFO - [2025-06-29T02:00:18.945+0000] {dagbag.py:588} INFO - Filling up the DagBag from /opt/airflow/dags/driven_data_pipeline.py
[2025-06-29T02:00:19.139+0000] {processor.py:925} INFO - DAG(s) 'extract_raw_data_pipeline' retrieved from /opt/airflow/dags/driven_data_pipeline.py
[2025-06-29T02:00:19.162+0000] {logging_mixin.py:190} INFO - [2025-06-29T02:00:19.162+0000] {dag.py:3239} INFO - Sync 1 DAGs
[2025-06-29T02:00:19.185+0000] {logging_mixin.py:190} INFO - [2025-06-29T02:00:19.184+0000] {dag.py:4180} INFO - Setting next_dagrun for extract_raw_data_pipeline to 2025-06-28 07:58:00+00:00, run_after=2025-06-28 07:59:00+00:00
[2025-06-29T02:00:19.353+0000] {processor.py:208} INFO - Processing /opt/airflow/dags/driven_data_pipeline.py took 0.542 seconds
[2025-06-29T02:00:49.683+0000] {processor.py:186} INFO - Started process (PID=1604) to work on /opt/airflow/dags/driven_data_pipeline.py
[2025-06-29T02:00:49.686+0000] {processor.py:914} INFO - Processing file /opt/airflow/dags/driven_data_pipeline.py for tasks to queue
[2025-06-29T02:00:49.696+0000] {logging_mixin.py:190} INFO - [2025-06-29T02:00:49.695+0000] {dagbag.py:588} INFO - Filling up the DagBag from /opt/airflow/dags/driven_data_pipeline.py
[2025-06-29T02:00:50.444+0000] {processor.py:925} INFO - DAG(s) 'extract_raw_data_pipeline' retrieved from /opt/airflow/dags/driven_data_pipeline.py
[2025-06-29T02:00:50.519+0000] {logging_mixin.py:190} INFO - [2025-06-29T02:00:50.519+0000] {dag.py:3239} INFO - Sync 1 DAGs
[2025-06-29T02:00:50.550+0000] {logging_mixin.py:190} INFO - [2025-06-29T02:00:50.550+0000] {dag.py:4180} INFO - Setting next_dagrun for extract_raw_data_pipeline to 2025-06-28 07:58:00+00:00, run_after=2025-06-28 07:59:00+00:00
[2025-06-29T02:00:50.652+0000] {processor.py:208} INFO - Processing /opt/airflow/dags/driven_data_pipeline.py took 0.998 seconds
[2025-06-29T02:01:20.988+0000] {processor.py:186} INFO - Started process (PID=1612) to work on /opt/airflow/dags/driven_data_pipeline.py
[2025-06-29T02:01:21.263+0000] {processor.py:914} INFO - Processing file /opt/airflow/dags/driven_data_pipeline.py for tasks to queue
[2025-06-29T02:01:21.271+0000] {logging_mixin.py:190} INFO - [2025-06-29T02:01:21.269+0000] {dagbag.py:588} INFO - Filling up the DagBag from /opt/airflow/dags/driven_data_pipeline.py
[2025-06-29T02:01:21.454+0000] {processor.py:925} INFO - DAG(s) 'extract_raw_data_pipeline' retrieved from /opt/airflow/dags/driven_data_pipeline.py
[2025-06-29T02:01:21.478+0000] {logging_mixin.py:190} INFO - [2025-06-29T02:01:21.478+0000] {dag.py:3239} INFO - Sync 1 DAGs
[2025-06-29T02:01:21.500+0000] {logging_mixin.py:190} INFO - [2025-06-29T02:01:21.500+0000] {dag.py:4180} INFO - Setting next_dagrun for extract_raw_data_pipeline to 2025-06-28 07:58:00+00:00, run_after=2025-06-28 07:59:00+00:00
[2025-06-29T02:01:21.535+0000] {processor.py:208} INFO - Processing /opt/airflow/dags/driven_data_pipeline.py took 0.556 seconds
[2025-06-29T02:01:51.909+0000] {processor.py:186} INFO - Started process (PID=1620) to work on /opt/airflow/dags/driven_data_pipeline.py
[2025-06-29T02:01:51.911+0000] {processor.py:914} INFO - Processing file /opt/airflow/dags/driven_data_pipeline.py for tasks to queue
[2025-06-29T02:01:51.914+0000] {logging_mixin.py:190} INFO - [2025-06-29T02:01:51.914+0000] {dagbag.py:588} INFO - Filling up the DagBag from /opt/airflow/dags/driven_data_pipeline.py
[2025-06-29T02:01:52.093+0000] {processor.py:925} INFO - DAG(s) 'extract_raw_data_pipeline' retrieved from /opt/airflow/dags/driven_data_pipeline.py
[2025-06-29T02:01:52.118+0000] {logging_mixin.py:190} INFO - [2025-06-29T02:01:52.118+0000] {dag.py:3239} INFO - Sync 1 DAGs
[2025-06-29T02:01:52.140+0000] {logging_mixin.py:190} INFO - [2025-06-29T02:01:52.139+0000] {dag.py:4180} INFO - Setting next_dagrun for extract_raw_data_pipeline to 2025-06-28 07:58:00+00:00, run_after=2025-06-28 07:59:00+00:00
[2025-06-29T02:01:52.170+0000] {processor.py:208} INFO - Processing /opt/airflow/dags/driven_data_pipeline.py took 0.271 seconds
[2025-06-29T02:02:22.237+0000] {processor.py:186} INFO - Started process (PID=1628) to work on /opt/airflow/dags/driven_data_pipeline.py
[2025-06-29T02:02:22.238+0000] {processor.py:914} INFO - Processing file /opt/airflow/dags/driven_data_pipeline.py for tasks to queue
[2025-06-29T02:02:22.240+0000] {logging_mixin.py:190} INFO - [2025-06-29T02:02:22.240+0000] {dagbag.py:588} INFO - Filling up the DagBag from /opt/airflow/dags/driven_data_pipeline.py
[2025-06-29T02:02:22.410+0000] {processor.py:925} INFO - DAG(s) 'extract_raw_data_pipeline' retrieved from /opt/airflow/dags/driven_data_pipeline.py
[2025-06-29T02:02:22.435+0000] {logging_mixin.py:190} INFO - [2025-06-29T02:02:22.434+0000] {dag.py:3239} INFO - Sync 1 DAGs
[2025-06-29T02:02:22.457+0000] {logging_mixin.py:190} INFO - [2025-06-29T02:02:22.456+0000] {dag.py:4180} INFO - Setting next_dagrun for extract_raw_data_pipeline to 2025-06-28 07:58:00+00:00, run_after=2025-06-28 07:59:00+00:00
[2025-06-29T02:02:22.639+0000] {processor.py:208} INFO - Processing /opt/airflow/dags/driven_data_pipeline.py took 0.410 seconds
[2025-06-29T02:02:52.853+0000] {processor.py:186} INFO - Started process (PID=1636) to work on /opt/airflow/dags/driven_data_pipeline.py
[2025-06-29T02:02:52.855+0000] {processor.py:914} INFO - Processing file /opt/airflow/dags/driven_data_pipeline.py for tasks to queue
[2025-06-29T02:02:52.859+0000] {logging_mixin.py:190} INFO - [2025-06-29T02:02:52.858+0000] {dagbag.py:588} INFO - Filling up the DagBag from /opt/airflow/dags/driven_data_pipeline.py
[2025-06-29T02:02:53.038+0000] {processor.py:925} INFO - DAG(s) 'extract_raw_data_pipeline' retrieved from /opt/airflow/dags/driven_data_pipeline.py
[2025-06-29T02:02:53.062+0000] {logging_mixin.py:190} INFO - [2025-06-29T02:02:53.062+0000] {dag.py:3239} INFO - Sync 1 DAGs
[2025-06-29T02:02:53.085+0000] {logging_mixin.py:190} INFO - [2025-06-29T02:02:53.085+0000] {dag.py:4180} INFO - Setting next_dagrun for extract_raw_data_pipeline to 2025-06-28 07:58:00+00:00, run_after=2025-06-28 07:59:00+00:00
[2025-06-29T02:02:53.119+0000] {processor.py:208} INFO - Processing /opt/airflow/dags/driven_data_pipeline.py took 0.278 seconds
[2025-06-29T02:03:23.304+0000] {processor.py:186} INFO - Started process (PID=1643) to work on /opt/airflow/dags/driven_data_pipeline.py
[2025-06-29T02:03:23.305+0000] {processor.py:914} INFO - Processing file /opt/airflow/dags/driven_data_pipeline.py for tasks to queue
[2025-06-29T02:03:23.307+0000] {logging_mixin.py:190} INFO - [2025-06-29T02:03:23.306+0000] {dagbag.py:588} INFO - Filling up the DagBag from /opt/airflow/dags/driven_data_pipeline.py
[2025-06-29T02:03:23.484+0000] {processor.py:925} INFO - DAG(s) 'extract_raw_data_pipeline' retrieved from /opt/airflow/dags/driven_data_pipeline.py
[2025-06-29T02:03:23.509+0000] {logging_mixin.py:190} INFO - [2025-06-29T02:03:23.509+0000] {dag.py:3239} INFO - Sync 1 DAGs
[2025-06-29T02:03:23.531+0000] {logging_mixin.py:190} INFO - [2025-06-29T02:03:23.531+0000] {dag.py:4180} INFO - Setting next_dagrun for extract_raw_data_pipeline to 2025-06-28 07:58:00+00:00, run_after=2025-06-28 07:59:00+00:00
[2025-06-29T02:03:23.565+0000] {processor.py:208} INFO - Processing /opt/airflow/dags/driven_data_pipeline.py took 0.267 seconds
[2025-06-29T02:03:53.763+0000] {processor.py:186} INFO - Started process (PID=1651) to work on /opt/airflow/dags/driven_data_pipeline.py
[2025-06-29T02:03:53.764+0000] {processor.py:914} INFO - Processing file /opt/airflow/dags/driven_data_pipeline.py for tasks to queue
[2025-06-29T02:03:53.767+0000] {logging_mixin.py:190} INFO - [2025-06-29T02:03:53.766+0000] {dagbag.py:588} INFO - Filling up the DagBag from /opt/airflow/dags/driven_data_pipeline.py
[2025-06-29T02:03:53.948+0000] {processor.py:925} INFO - DAG(s) 'extract_raw_data_pipeline' retrieved from /opt/airflow/dags/driven_data_pipeline.py
[2025-06-29T02:03:53.983+0000] {logging_mixin.py:190} INFO - [2025-06-29T02:03:53.983+0000] {dag.py:3239} INFO - Sync 1 DAGs
[2025-06-29T02:03:54.018+0000] {logging_mixin.py:190} INFO - [2025-06-29T02:03:54.018+0000] {dag.py:4180} INFO - Setting next_dagrun for extract_raw_data_pipeline to 2025-06-28 07:58:00+00:00, run_after=2025-06-28 07:59:00+00:00
[2025-06-29T02:03:54.053+0000] {processor.py:208} INFO - Processing /opt/airflow/dags/driven_data_pipeline.py took 0.297 seconds
[2025-06-29T02:04:24.236+0000] {processor.py:186} INFO - Started process (PID=1659) to work on /opt/airflow/dags/driven_data_pipeline.py
[2025-06-29T02:04:24.237+0000] {processor.py:914} INFO - Processing file /opt/airflow/dags/driven_data_pipeline.py for tasks to queue
[2025-06-29T02:04:24.240+0000] {logging_mixin.py:190} INFO - [2025-06-29T02:04:24.240+0000] {dagbag.py:588} INFO - Filling up the DagBag from /opt/airflow/dags/driven_data_pipeline.py
[2025-06-29T02:04:24.415+0000] {processor.py:925} INFO - DAG(s) 'extract_raw_data_pipeline' retrieved from /opt/airflow/dags/driven_data_pipeline.py
[2025-06-29T02:04:24.439+0000] {logging_mixin.py:190} INFO - [2025-06-29T02:04:24.439+0000] {dag.py:3239} INFO - Sync 1 DAGs
[2025-06-29T02:04:24.461+0000] {logging_mixin.py:190} INFO - [2025-06-29T02:04:24.461+0000] {dag.py:4180} INFO - Setting next_dagrun for extract_raw_data_pipeline to 2025-06-28 07:58:00+00:00, run_after=2025-06-28 07:59:00+00:00
[2025-06-29T02:04:24.632+0000] {processor.py:208} INFO - Processing /opt/airflow/dags/driven_data_pipeline.py took 0.407 seconds
[2025-06-29T02:04:54.731+0000] {processor.py:186} INFO - Started process (PID=1667) to work on /opt/airflow/dags/driven_data_pipeline.py
[2025-06-29T02:04:54.732+0000] {processor.py:914} INFO - Processing file /opt/airflow/dags/driven_data_pipeline.py for tasks to queue
[2025-06-29T02:04:54.734+0000] {logging_mixin.py:190} INFO - [2025-06-29T02:04:54.734+0000] {dagbag.py:588} INFO - Filling up the DagBag from /opt/airflow/dags/driven_data_pipeline.py
[2025-06-29T02:04:54.912+0000] {processor.py:925} INFO - DAG(s) 'extract_raw_data_pipeline' retrieved from /opt/airflow/dags/driven_data_pipeline.py
[2025-06-29T02:04:54.936+0000] {logging_mixin.py:190} INFO - [2025-06-29T02:04:54.936+0000] {dag.py:3239} INFO - Sync 1 DAGs
[2025-06-29T02:04:54.961+0000] {logging_mixin.py:190} INFO - [2025-06-29T02:04:54.961+0000] {dag.py:4180} INFO - Setting next_dagrun for extract_raw_data_pipeline to 2025-06-28 07:58:00+00:00, run_after=2025-06-28 07:59:00+00:00
[2025-06-29T02:04:54.998+0000] {processor.py:208} INFO - Processing /opt/airflow/dags/driven_data_pipeline.py took 0.273 seconds
[2025-06-29T02:05:25.299+0000] {processor.py:186} INFO - Started process (PID=1675) to work on /opt/airflow/dags/driven_data_pipeline.py
[2025-06-29T02:05:25.300+0000] {processor.py:914} INFO - Processing file /opt/airflow/dags/driven_data_pipeline.py for tasks to queue
[2025-06-29T02:05:25.302+0000] {logging_mixin.py:190} INFO - [2025-06-29T02:05:25.301+0000] {dagbag.py:588} INFO - Filling up the DagBag from /opt/airflow/dags/driven_data_pipeline.py
[2025-06-29T02:05:25.472+0000] {processor.py:925} INFO - DAG(s) 'extract_raw_data_pipeline' retrieved from /opt/airflow/dags/driven_data_pipeline.py
[2025-06-29T02:05:25.497+0000] {logging_mixin.py:190} INFO - [2025-06-29T02:05:25.497+0000] {dag.py:3239} INFO - Sync 1 DAGs
[2025-06-29T02:05:25.519+0000] {logging_mixin.py:190} INFO - [2025-06-29T02:05:25.518+0000] {dag.py:4180} INFO - Setting next_dagrun for extract_raw_data_pipeline to 2025-06-28 07:58:00+00:00, run_after=2025-06-28 07:59:00+00:00
[2025-06-29T02:05:25.550+0000] {processor.py:208} INFO - Processing /opt/airflow/dags/driven_data_pipeline.py took 0.260 seconds
[2025-06-29T02:05:55.618+0000] {processor.py:186} INFO - Started process (PID=1683) to work on /opt/airflow/dags/driven_data_pipeline.py
[2025-06-29T02:05:55.628+0000] {processor.py:914} INFO - Processing file /opt/airflow/dags/driven_data_pipeline.py for tasks to queue
[2025-06-29T02:05:55.630+0000] {logging_mixin.py:190} INFO - [2025-06-29T02:05:55.629+0000] {dagbag.py:588} INFO - Filling up the DagBag from /opt/airflow/dags/driven_data_pipeline.py
[2025-06-29T02:05:55.809+0000] {processor.py:925} INFO - DAG(s) 'extract_raw_data_pipeline' retrieved from /opt/airflow/dags/driven_data_pipeline.py
[2025-06-29T02:05:55.834+0000] {logging_mixin.py:190} INFO - [2025-06-29T02:05:55.834+0000] {dag.py:3239} INFO - Sync 1 DAGs
[2025-06-29T02:05:55.857+0000] {logging_mixin.py:190} INFO - [2025-06-29T02:05:55.857+0000] {dag.py:4180} INFO - Setting next_dagrun for extract_raw_data_pipeline to 2025-06-28 07:58:00+00:00, run_after=2025-06-28 07:59:00+00:00
[2025-06-29T02:05:55.895+0000] {processor.py:208} INFO - Processing /opt/airflow/dags/driven_data_pipeline.py took 0.284 seconds
[2025-06-29T02:06:26.252+0000] {processor.py:186} INFO - Started process (PID=1691) to work on /opt/airflow/dags/driven_data_pipeline.py
[2025-06-29T02:06:26.252+0000] {processor.py:914} INFO - Processing file /opt/airflow/dags/driven_data_pipeline.py for tasks to queue
[2025-06-29T02:06:26.254+0000] {logging_mixin.py:190} INFO - [2025-06-29T02:06:26.254+0000] {dagbag.py:588} INFO - Filling up the DagBag from /opt/airflow/dags/driven_data_pipeline.py
[2025-06-29T02:06:26.429+0000] {processor.py:925} INFO - DAG(s) 'extract_raw_data_pipeline' retrieved from /opt/airflow/dags/driven_data_pipeline.py
[2025-06-29T02:06:26.452+0000] {logging_mixin.py:190} INFO - [2025-06-29T02:06:26.452+0000] {dag.py:3239} INFO - Sync 1 DAGs
[2025-06-29T02:06:26.474+0000] {logging_mixin.py:190} INFO - [2025-06-29T02:06:26.474+0000] {dag.py:4180} INFO - Setting next_dagrun for extract_raw_data_pipeline to 2025-06-28 07:58:00+00:00, run_after=2025-06-28 07:59:00+00:00
[2025-06-29T02:06:26.641+0000] {processor.py:208} INFO - Processing /opt/airflow/dags/driven_data_pipeline.py took 0.400 seconds
[2025-06-29T02:06:56.954+0000] {processor.py:186} INFO - Started process (PID=1699) to work on /opt/airflow/dags/driven_data_pipeline.py
[2025-06-29T02:06:56.955+0000] {processor.py:914} INFO - Processing file /opt/airflow/dags/driven_data_pipeline.py for tasks to queue
[2025-06-29T02:06:56.960+0000] {logging_mixin.py:190} INFO - [2025-06-29T02:06:56.959+0000] {dagbag.py:588} INFO - Filling up the DagBag from /opt/airflow/dags/driven_data_pipeline.py
[2025-06-29T02:06:57.191+0000] {processor.py:925} INFO - DAG(s) 'extract_raw_data_pipeline' retrieved from /opt/airflow/dags/driven_data_pipeline.py
[2025-06-29T02:06:57.218+0000] {logging_mixin.py:190} INFO - [2025-06-29T02:06:57.218+0000] {dag.py:3239} INFO - Sync 1 DAGs
[2025-06-29T02:06:57.250+0000] {logging_mixin.py:190} INFO - [2025-06-29T02:06:57.250+0000] {dag.py:4180} INFO - Setting next_dagrun for extract_raw_data_pipeline to 2025-06-28 07:58:00+00:00, run_after=2025-06-28 07:59:00+00:00
[2025-06-29T02:06:57.282+0000] {processor.py:208} INFO - Processing /opt/airflow/dags/driven_data_pipeline.py took 0.344 seconds
[2025-06-29T02:07:27.663+0000] {processor.py:186} INFO - Started process (PID=1707) to work on /opt/airflow/dags/driven_data_pipeline.py
[2025-06-29T02:07:28.073+0000] {processor.py:914} INFO - Processing file /opt/airflow/dags/driven_data_pipeline.py for tasks to queue
[2025-06-29T02:07:28.085+0000] {logging_mixin.py:190} INFO - [2025-06-29T02:07:28.083+0000] {dagbag.py:588} INFO - Filling up the DagBag from /opt/airflow/dags/driven_data_pipeline.py
[2025-06-29T02:07:28.456+0000] {processor.py:925} INFO - DAG(s) 'extract_raw_data_pipeline' retrieved from /opt/airflow/dags/driven_data_pipeline.py
[2025-06-29T02:07:28.511+0000] {logging_mixin.py:190} INFO - [2025-06-29T02:07:28.511+0000] {dag.py:3239} INFO - Sync 1 DAGs
[2025-06-29T02:07:28.557+0000] {logging_mixin.py:190} INFO - [2025-06-29T02:07:28.556+0000] {dag.py:4180} INFO - Setting next_dagrun for extract_raw_data_pipeline to 2025-06-28 07:58:00+00:00, run_after=2025-06-28 07:59:00+00:00
[2025-06-29T02:07:29.072+0000] {processor.py:208} INFO - Processing /opt/airflow/dags/driven_data_pipeline.py took 1.424 seconds
[2025-06-29T02:07:59.447+0000] {processor.py:186} INFO - Started process (PID=1715) to work on /opt/airflow/dags/driven_data_pipeline.py
[2025-06-29T02:07:59.448+0000] {processor.py:914} INFO - Processing file /opt/airflow/dags/driven_data_pipeline.py for tasks to queue
[2025-06-29T02:07:59.451+0000] {logging_mixin.py:190} INFO - [2025-06-29T02:07:59.450+0000] {dagbag.py:588} INFO - Filling up the DagBag from /opt/airflow/dags/driven_data_pipeline.py
[2025-06-29T02:07:59.625+0000] {processor.py:925} INFO - DAG(s) 'extract_raw_data_pipeline' retrieved from /opt/airflow/dags/driven_data_pipeline.py
[2025-06-29T02:07:59.649+0000] {logging_mixin.py:190} INFO - [2025-06-29T02:07:59.649+0000] {dag.py:3239} INFO - Sync 1 DAGs
[2025-06-29T02:07:59.671+0000] {logging_mixin.py:190} INFO - [2025-06-29T02:07:59.671+0000] {dag.py:4180} INFO - Setting next_dagrun for extract_raw_data_pipeline to 2025-06-28 07:58:00+00:00, run_after=2025-06-28 07:59:00+00:00
[2025-06-29T02:07:59.922+0000] {processor.py:208} INFO - Processing /opt/airflow/dags/driven_data_pipeline.py took 0.484 seconds
[2025-06-29T02:08:30.287+0000] {processor.py:186} INFO - Started process (PID=1723) to work on /opt/airflow/dags/driven_data_pipeline.py
[2025-06-29T02:08:30.301+0000] {processor.py:914} INFO - Processing file /opt/airflow/dags/driven_data_pipeline.py for tasks to queue
[2025-06-29T02:08:30.303+0000] {logging_mixin.py:190} INFO - [2025-06-29T02:08:30.303+0000] {dagbag.py:588} INFO - Filling up the DagBag from /opt/airflow/dags/driven_data_pipeline.py
[2025-06-29T02:08:30.475+0000] {processor.py:925} INFO - DAG(s) 'extract_raw_data_pipeline' retrieved from /opt/airflow/dags/driven_data_pipeline.py
[2025-06-29T02:08:30.501+0000] {logging_mixin.py:190} INFO - [2025-06-29T02:08:30.501+0000] {dag.py:3239} INFO - Sync 1 DAGs
[2025-06-29T02:08:30.525+0000] {logging_mixin.py:190} INFO - [2025-06-29T02:08:30.525+0000] {dag.py:4180} INFO - Setting next_dagrun for extract_raw_data_pipeline to 2025-06-28 07:58:00+00:00, run_after=2025-06-28 07:59:00+00:00
[2025-06-29T02:08:30.697+0000] {processor.py:208} INFO - Processing /opt/airflow/dags/driven_data_pipeline.py took 0.416 seconds
[2025-06-29T02:09:01.060+0000] {processor.py:186} INFO - Started process (PID=1731) to work on /opt/airflow/dags/driven_data_pipeline.py
[2025-06-29T02:09:01.061+0000] {processor.py:914} INFO - Processing file /opt/airflow/dags/driven_data_pipeline.py for tasks to queue
[2025-06-29T02:09:01.063+0000] {logging_mixin.py:190} INFO - [2025-06-29T02:09:01.062+0000] {dagbag.py:588} INFO - Filling up the DagBag from /opt/airflow/dags/driven_data_pipeline.py
[2025-06-29T02:09:01.233+0000] {processor.py:925} INFO - DAG(s) 'extract_raw_data_pipeline' retrieved from /opt/airflow/dags/driven_data_pipeline.py
[2025-06-29T02:09:01.257+0000] {logging_mixin.py:190} INFO - [2025-06-29T02:09:01.257+0000] {dag.py:3239} INFO - Sync 1 DAGs
[2025-06-29T02:09:01.281+0000] {logging_mixin.py:190} INFO - [2025-06-29T02:09:01.281+0000] {dag.py:4180} INFO - Setting next_dagrun for extract_raw_data_pipeline to 2025-06-28 07:58:00+00:00, run_after=2025-06-28 07:59:00+00:00
[2025-06-29T02:09:01.315+0000] {processor.py:208} INFO - Processing /opt/airflow/dags/driven_data_pipeline.py took 0.263 seconds
[2025-06-29T02:09:31.386+0000] {processor.py:186} INFO - Started process (PID=1739) to work on /opt/airflow/dags/driven_data_pipeline.py
[2025-06-29T02:09:31.387+0000] {processor.py:914} INFO - Processing file /opt/airflow/dags/driven_data_pipeline.py for tasks to queue
[2025-06-29T02:09:31.389+0000] {logging_mixin.py:190} INFO - [2025-06-29T02:09:31.389+0000] {dagbag.py:588} INFO - Filling up the DagBag from /opt/airflow/dags/driven_data_pipeline.py
[2025-06-29T02:09:31.558+0000] {processor.py:925} INFO - DAG(s) 'extract_raw_data_pipeline' retrieved from /opt/airflow/dags/driven_data_pipeline.py
[2025-06-29T02:09:31.583+0000] {logging_mixin.py:190} INFO - [2025-06-29T02:09:31.583+0000] {dag.py:3239} INFO - Sync 1 DAGs
[2025-06-29T02:09:31.605+0000] {logging_mixin.py:190} INFO - [2025-06-29T02:09:31.605+0000] {dag.py:4180} INFO - Setting next_dagrun for extract_raw_data_pipeline to 2025-06-28 07:58:00+00:00, run_after=2025-06-28 07:59:00+00:00
[2025-06-29T02:09:31.641+0000] {processor.py:208} INFO - Processing /opt/airflow/dags/driven_data_pipeline.py took 0.261 seconds
[2025-06-29T02:10:01.971+0000] {processor.py:186} INFO - Started process (PID=1747) to work on /opt/airflow/dags/driven_data_pipeline.py
[2025-06-29T02:10:01.971+0000] {processor.py:914} INFO - Processing file /opt/airflow/dags/driven_data_pipeline.py for tasks to queue
[2025-06-29T02:10:01.974+0000] {logging_mixin.py:190} INFO - [2025-06-29T02:10:01.973+0000] {dagbag.py:588} INFO - Filling up the DagBag from /opt/airflow/dags/driven_data_pipeline.py
[2025-06-29T02:10:02.157+0000] {processor.py:925} INFO - DAG(s) 'extract_raw_data_pipeline' retrieved from /opt/airflow/dags/driven_data_pipeline.py
[2025-06-29T02:10:02.188+0000] {logging_mixin.py:190} INFO - [2025-06-29T02:10:02.188+0000] {dag.py:3239} INFO - Sync 1 DAGs
[2025-06-29T02:10:02.218+0000] {logging_mixin.py:190} INFO - [2025-06-29T02:10:02.218+0000] {dag.py:4180} INFO - Setting next_dagrun for extract_raw_data_pipeline to 2025-06-28 07:58:00+00:00, run_after=2025-06-28 07:59:00+00:00
[2025-06-29T02:10:02.254+0000] {processor.py:208} INFO - Processing /opt/airflow/dags/driven_data_pipeline.py took 0.291 seconds
[2025-06-29T02:10:32.370+0000] {processor.py:186} INFO - Started process (PID=1755) to work on /opt/airflow/dags/driven_data_pipeline.py
[2025-06-29T02:10:32.372+0000] {processor.py:914} INFO - Processing file /opt/airflow/dags/driven_data_pipeline.py for tasks to queue
[2025-06-29T02:10:32.374+0000] {logging_mixin.py:190} INFO - [2025-06-29T02:10:32.374+0000] {dagbag.py:588} INFO - Filling up the DagBag from /opt/airflow/dags/driven_data_pipeline.py
[2025-06-29T02:10:32.543+0000] {processor.py:925} INFO - DAG(s) 'extract_raw_data_pipeline' retrieved from /opt/airflow/dags/driven_data_pipeline.py
[2025-06-29T02:10:32.567+0000] {logging_mixin.py:190} INFO - [2025-06-29T02:10:32.567+0000] {dag.py:3239} INFO - Sync 1 DAGs
[2025-06-29T02:10:32.590+0000] {logging_mixin.py:190} INFO - [2025-06-29T02:10:32.590+0000] {dag.py:4180} INFO - Setting next_dagrun for extract_raw_data_pipeline to 2025-06-28 07:58:00+00:00, run_after=2025-06-28 07:59:00+00:00
[2025-06-29T02:10:33.646+0000] {processor.py:208} INFO - Processing /opt/airflow/dags/driven_data_pipeline.py took 1.285 seconds
[2025-06-29T02:11:03.900+0000] {processor.py:186} INFO - Started process (PID=1763) to work on /opt/airflow/dags/driven_data_pipeline.py
[2025-06-29T02:11:03.901+0000] {processor.py:914} INFO - Processing file /opt/airflow/dags/driven_data_pipeline.py for tasks to queue
[2025-06-29T02:11:03.903+0000] {logging_mixin.py:190} INFO - [2025-06-29T02:11:03.903+0000] {dagbag.py:588} INFO - Filling up the DagBag from /opt/airflow/dags/driven_data_pipeline.py
[2025-06-29T02:11:04.074+0000] {processor.py:925} INFO - DAG(s) 'extract_raw_data_pipeline' retrieved from /opt/airflow/dags/driven_data_pipeline.py
[2025-06-29T02:11:04.098+0000] {logging_mixin.py:190} INFO - [2025-06-29T02:11:04.097+0000] {dag.py:3239} INFO - Sync 1 DAGs
[2025-06-29T02:11:04.121+0000] {logging_mixin.py:190} INFO - [2025-06-29T02:11:04.121+0000] {dag.py:4180} INFO - Setting next_dagrun for extract_raw_data_pipeline to 2025-06-28 07:58:00+00:00, run_after=2025-06-28 07:59:00+00:00
[2025-06-29T02:11:04.156+0000] {processor.py:208} INFO - Processing /opt/airflow/dags/driven_data_pipeline.py took 0.263 seconds
[2025-06-29T02:11:34.258+0000] {processor.py:186} INFO - Started process (PID=1771) to work on /opt/airflow/dags/driven_data_pipeline.py
[2025-06-29T02:11:34.259+0000] {processor.py:914} INFO - Processing file /opt/airflow/dags/driven_data_pipeline.py for tasks to queue
[2025-06-29T02:11:34.261+0000] {logging_mixin.py:190} INFO - [2025-06-29T02:11:34.260+0000] {dagbag.py:588} INFO - Filling up the DagBag from /opt/airflow/dags/driven_data_pipeline.py
[2025-06-29T02:11:34.431+0000] {processor.py:925} INFO - DAG(s) 'extract_raw_data_pipeline' retrieved from /opt/airflow/dags/driven_data_pipeline.py
[2025-06-29T02:11:34.457+0000] {logging_mixin.py:190} INFO - [2025-06-29T02:11:34.456+0000] {dag.py:3239} INFO - Sync 1 DAGs
[2025-06-29T02:11:34.478+0000] {logging_mixin.py:190} INFO - [2025-06-29T02:11:34.478+0000] {dag.py:4180} INFO - Setting next_dagrun for extract_raw_data_pipeline to 2025-06-28 07:58:00+00:00, run_after=2025-06-28 07:59:00+00:00
[2025-06-29T02:11:34.509+0000] {processor.py:208} INFO - Processing /opt/airflow/dags/driven_data_pipeline.py took 0.257 seconds
[2025-06-29T02:12:04.735+0000] {processor.py:186} INFO - Started process (PID=1779) to work on /opt/airflow/dags/driven_data_pipeline.py
[2025-06-29T02:12:04.736+0000] {processor.py:914} INFO - Processing file /opt/airflow/dags/driven_data_pipeline.py for tasks to queue
[2025-06-29T02:12:04.738+0000] {logging_mixin.py:190} INFO - [2025-06-29T02:12:04.737+0000] {dagbag.py:588} INFO - Filling up the DagBag from /opt/airflow/dags/driven_data_pipeline.py
[2025-06-29T02:12:04.908+0000] {processor.py:925} INFO - DAG(s) 'extract_raw_data_pipeline' retrieved from /opt/airflow/dags/driven_data_pipeline.py
[2025-06-29T02:12:04.931+0000] {logging_mixin.py:190} INFO - [2025-06-29T02:12:04.931+0000] {dag.py:3239} INFO - Sync 1 DAGs
[2025-06-29T02:12:04.953+0000] {logging_mixin.py:190} INFO - [2025-06-29T02:12:04.953+0000] {dag.py:4180} INFO - Setting next_dagrun for extract_raw_data_pipeline to 2025-06-28 07:58:00+00:00, run_after=2025-06-28 07:59:00+00:00
[2025-06-29T02:12:04.993+0000] {processor.py:208} INFO - Processing /opt/airflow/dags/driven_data_pipeline.py took 0.264 seconds
[2025-06-29T02:12:35.117+0000] {processor.py:186} INFO - Started process (PID=1787) to work on /opt/airflow/dags/driven_data_pipeline.py
[2025-06-29T02:12:35.129+0000] {processor.py:914} INFO - Processing file /opt/airflow/dags/driven_data_pipeline.py for tasks to queue
[2025-06-29T02:12:35.132+0000] {logging_mixin.py:190} INFO - [2025-06-29T02:12:35.131+0000] {dagbag.py:588} INFO - Filling up the DagBag from /opt/airflow/dags/driven_data_pipeline.py
[2025-06-29T02:12:35.312+0000] {processor.py:925} INFO - DAG(s) 'extract_raw_data_pipeline' retrieved from /opt/airflow/dags/driven_data_pipeline.py
[2025-06-29T02:12:35.345+0000] {logging_mixin.py:190} INFO - [2025-06-29T02:12:35.345+0000] {dag.py:3239} INFO - Sync 1 DAGs
[2025-06-29T02:12:35.368+0000] {logging_mixin.py:190} INFO - [2025-06-29T02:12:35.367+0000] {dag.py:4180} INFO - Setting next_dagrun for extract_raw_data_pipeline to 2025-06-28 07:58:00+00:00, run_after=2025-06-28 07:59:00+00:00
[2025-06-29T02:12:35.541+0000] {processor.py:208} INFO - Processing /opt/airflow/dags/driven_data_pipeline.py took 0.430 seconds
[2025-06-29T02:13:05.724+0000] {processor.py:186} INFO - Started process (PID=1795) to work on /opt/airflow/dags/driven_data_pipeline.py
[2025-06-29T02:13:05.725+0000] {processor.py:914} INFO - Processing file /opt/airflow/dags/driven_data_pipeline.py for tasks to queue
[2025-06-29T02:13:05.728+0000] {logging_mixin.py:190} INFO - [2025-06-29T02:13:05.728+0000] {dagbag.py:588} INFO - Filling up the DagBag from /opt/airflow/dags/driven_data_pipeline.py
[2025-06-29T02:13:05.914+0000] {processor.py:925} INFO - DAG(s) 'extract_raw_data_pipeline' retrieved from /opt/airflow/dags/driven_data_pipeline.py
[2025-06-29T02:13:05.938+0000] {logging_mixin.py:190} INFO - [2025-06-29T02:13:05.938+0000] {dag.py:3239} INFO - Sync 1 DAGs
[2025-06-29T02:13:05.961+0000] {logging_mixin.py:190} INFO - [2025-06-29T02:13:05.961+0000] {dag.py:4180} INFO - Setting next_dagrun for extract_raw_data_pipeline to 2025-06-28 07:58:00+00:00, run_after=2025-06-28 07:59:00+00:00
[2025-06-29T02:13:06.968+0000] {processor.py:208} INFO - Processing /opt/airflow/dags/driven_data_pipeline.py took 1.254 seconds
[2025-06-29T02:13:37.216+0000] {processor.py:186} INFO - Started process (PID=1803) to work on /opt/airflow/dags/driven_data_pipeline.py
[2025-06-29T02:13:37.217+0000] {processor.py:914} INFO - Processing file /opt/airflow/dags/driven_data_pipeline.py for tasks to queue
[2025-06-29T02:13:37.220+0000] {logging_mixin.py:190} INFO - [2025-06-29T02:13:37.220+0000] {dagbag.py:588} INFO - Filling up the DagBag from /opt/airflow/dags/driven_data_pipeline.py
[2025-06-29T02:13:37.398+0000] {processor.py:925} INFO - DAG(s) 'extract_raw_data_pipeline' retrieved from /opt/airflow/dags/driven_data_pipeline.py
[2025-06-29T02:13:37.423+0000] {logging_mixin.py:190} INFO - [2025-06-29T02:13:37.423+0000] {dag.py:3239} INFO - Sync 1 DAGs
[2025-06-29T02:13:37.445+0000] {logging_mixin.py:190} INFO - [2025-06-29T02:13:37.444+0000] {dag.py:4180} INFO - Setting next_dagrun for extract_raw_data_pipeline to 2025-06-28 07:58:00+00:00, run_after=2025-06-28 07:59:00+00:00
[2025-06-29T02:13:37.475+0000] {processor.py:208} INFO - Processing /opt/airflow/dags/driven_data_pipeline.py took 0.270 seconds
[2025-06-29T02:14:07.615+0000] {processor.py:186} INFO - Started process (PID=1811) to work on /opt/airflow/dags/driven_data_pipeline.py
[2025-06-29T02:14:07.621+0000] {processor.py:914} INFO - Processing file /opt/airflow/dags/driven_data_pipeline.py for tasks to queue
[2025-06-29T02:14:07.625+0000] {logging_mixin.py:190} INFO - [2025-06-29T02:14:07.624+0000] {dagbag.py:588} INFO - Filling up the DagBag from /opt/airflow/dags/driven_data_pipeline.py
[2025-06-29T02:14:07.810+0000] {processor.py:925} INFO - DAG(s) 'extract_raw_data_pipeline' retrieved from /opt/airflow/dags/driven_data_pipeline.py
[2025-06-29T02:14:07.835+0000] {logging_mixin.py:190} INFO - [2025-06-29T02:14:07.834+0000] {dag.py:3239} INFO - Sync 1 DAGs
[2025-06-29T02:14:07.857+0000] {logging_mixin.py:190} INFO - [2025-06-29T02:14:07.856+0000] {dag.py:4180} INFO - Setting next_dagrun for extract_raw_data_pipeline to 2025-06-28 07:58:00+00:00, run_after=2025-06-28 07:59:00+00:00
[2025-06-29T02:14:07.891+0000] {processor.py:208} INFO - Processing /opt/airflow/dags/driven_data_pipeline.py took 0.290 seconds
[2025-06-29T02:14:38.030+0000] {processor.py:186} INFO - Started process (PID=1819) to work on /opt/airflow/dags/driven_data_pipeline.py
[2025-06-29T02:14:38.031+0000] {processor.py:914} INFO - Processing file /opt/airflow/dags/driven_data_pipeline.py for tasks to queue
[2025-06-29T02:14:38.033+0000] {logging_mixin.py:190} INFO - [2025-06-29T02:14:38.033+0000] {dagbag.py:588} INFO - Filling up the DagBag from /opt/airflow/dags/driven_data_pipeline.py
[2025-06-29T02:14:38.535+0000] {processor.py:925} INFO - DAG(s) 'extract_raw_data_pipeline' retrieved from /opt/airflow/dags/driven_data_pipeline.py
[2025-06-29T02:14:38.562+0000] {logging_mixin.py:190} INFO - [2025-06-29T02:14:38.562+0000] {dag.py:3239} INFO - Sync 1 DAGs
[2025-06-29T02:14:38.587+0000] {logging_mixin.py:190} INFO - [2025-06-29T02:14:38.587+0000] {dag.py:4180} INFO - Setting next_dagrun for extract_raw_data_pipeline to 2025-06-28 07:58:00+00:00, run_after=2025-06-28 07:59:00+00:00
[2025-06-29T02:14:38.860+0000] {processor.py:208} INFO - Processing /opt/airflow/dags/driven_data_pipeline.py took 0.836 seconds
[2025-06-29T02:15:09.261+0000] {processor.py:186} INFO - Started process (PID=1827) to work on /opt/airflow/dags/driven_data_pipeline.py
[2025-06-29T02:15:09.290+0000] {processor.py:914} INFO - Processing file /opt/airflow/dags/driven_data_pipeline.py for tasks to queue
[2025-06-29T02:15:09.299+0000] {logging_mixin.py:190} INFO - [2025-06-29T02:15:09.298+0000] {dagbag.py:588} INFO - Filling up the DagBag from /opt/airflow/dags/driven_data_pipeline.py
[2025-06-29T02:15:09.685+0000] {processor.py:925} INFO - DAG(s) 'extract_raw_data_pipeline' retrieved from /opt/airflow/dags/driven_data_pipeline.py
[2025-06-29T02:15:09.851+0000] {logging_mixin.py:190} INFO - [2025-06-29T02:15:09.851+0000] {dag.py:3239} INFO - Sync 1 DAGs
[2025-06-29T02:15:09.893+0000] {logging_mixin.py:190} INFO - [2025-06-29T02:15:09.892+0000] {dag.py:4180} INFO - Setting next_dagrun for extract_raw_data_pipeline to 2025-06-28 07:58:00+00:00, run_after=2025-06-28 07:59:00+00:00
[2025-06-29T02:15:09.937+0000] {processor.py:208} INFO - Processing /opt/airflow/dags/driven_data_pipeline.py took 0.754 seconds
[2025-06-29T02:15:40.305+0000] {processor.py:186} INFO - Started process (PID=1835) to work on /opt/airflow/dags/driven_data_pipeline.py
[2025-06-29T02:15:40.309+0000] {processor.py:914} INFO - Processing file /opt/airflow/dags/driven_data_pipeline.py for tasks to queue
[2025-06-29T02:15:40.312+0000] {logging_mixin.py:190} INFO - [2025-06-29T02:15:40.311+0000] {dagbag.py:588} INFO - Filling up the DagBag from /opt/airflow/dags/driven_data_pipeline.py
[2025-06-29T02:15:40.487+0000] {processor.py:925} INFO - DAG(s) 'extract_raw_data_pipeline' retrieved from /opt/airflow/dags/driven_data_pipeline.py
[2025-06-29T02:15:40.513+0000] {logging_mixin.py:190} INFO - [2025-06-29T02:15:40.513+0000] {dag.py:3239} INFO - Sync 1 DAGs
[2025-06-29T02:15:40.535+0000] {logging_mixin.py:190} INFO - [2025-06-29T02:15:40.535+0000] {dag.py:4180} INFO - Setting next_dagrun for extract_raw_data_pipeline to 2025-06-28 07:58:00+00:00, run_after=2025-06-28 07:59:00+00:00
[2025-06-29T02:15:42.235+0000] {processor.py:208} INFO - Processing /opt/airflow/dags/driven_data_pipeline.py took 1.939 seconds
[2025-06-29T02:16:12.650+0000] {processor.py:186} INFO - Started process (PID=1843) to work on /opt/airflow/dags/driven_data_pipeline.py
[2025-06-29T02:16:12.677+0000] {processor.py:914} INFO - Processing file /opt/airflow/dags/driven_data_pipeline.py for tasks to queue
[2025-06-29T02:16:12.683+0000] {logging_mixin.py:190} INFO - [2025-06-29T02:16:12.682+0000] {dagbag.py:588} INFO - Filling up the DagBag from /opt/airflow/dags/driven_data_pipeline.py
[2025-06-29T02:16:13.009+0000] {processor.py:925} INFO - DAG(s) 'extract_raw_data_pipeline' retrieved from /opt/airflow/dags/driven_data_pipeline.py
[2025-06-29T02:16:13.032+0000] {logging_mixin.py:190} INFO - [2025-06-29T02:16:13.032+0000] {dag.py:3239} INFO - Sync 1 DAGs
[2025-06-29T02:16:13.054+0000] {logging_mixin.py:190} INFO - [2025-06-29T02:16:13.054+0000] {dag.py:4180} INFO - Setting next_dagrun for extract_raw_data_pipeline to 2025-06-28 07:58:00+00:00, run_after=2025-06-28 07:59:00+00:00
[2025-06-29T02:16:14.264+0000] {processor.py:208} INFO - Processing /opt/airflow/dags/driven_data_pipeline.py took 1.634 seconds
[2025-06-29T02:16:44.581+0000] {processor.py:186} INFO - Started process (PID=1851) to work on /opt/airflow/dags/driven_data_pipeline.py
[2025-06-29T02:16:44.590+0000] {processor.py:914} INFO - Processing file /opt/airflow/dags/driven_data_pipeline.py for tasks to queue
[2025-06-29T02:16:44.593+0000] {logging_mixin.py:190} INFO - [2025-06-29T02:16:44.592+0000] {dagbag.py:588} INFO - Filling up the DagBag from /opt/airflow/dags/driven_data_pipeline.py
[2025-06-29T02:16:44.771+0000] {processor.py:925} INFO - DAG(s) 'extract_raw_data_pipeline' retrieved from /opt/airflow/dags/driven_data_pipeline.py
[2025-06-29T02:16:44.796+0000] {logging_mixin.py:190} INFO - [2025-06-29T02:16:44.796+0000] {dag.py:3239} INFO - Sync 1 DAGs
[2025-06-29T02:16:44.822+0000] {logging_mixin.py:190} INFO - [2025-06-29T02:16:44.822+0000] {dag.py:4180} INFO - Setting next_dagrun for extract_raw_data_pipeline to 2025-06-28 07:58:00+00:00, run_after=2025-06-28 07:59:00+00:00
[2025-06-29T02:16:44.995+0000] {processor.py:208} INFO - Processing /opt/airflow/dags/driven_data_pipeline.py took 0.421 seconds
[2025-06-29T02:17:15.377+0000] {processor.py:186} INFO - Started process (PID=1859) to work on /opt/airflow/dags/driven_data_pipeline.py
[2025-06-29T02:17:15.386+0000] {processor.py:914} INFO - Processing file /opt/airflow/dags/driven_data_pipeline.py for tasks to queue
[2025-06-29T02:17:15.389+0000] {logging_mixin.py:190} INFO - [2025-06-29T02:17:15.388+0000] {dagbag.py:588} INFO - Filling up the DagBag from /opt/airflow/dags/driven_data_pipeline.py
[2025-06-29T02:17:15.561+0000] {processor.py:925} INFO - DAG(s) 'extract_raw_data_pipeline' retrieved from /opt/airflow/dags/driven_data_pipeline.py
[2025-06-29T02:17:15.587+0000] {logging_mixin.py:190} INFO - [2025-06-29T02:17:15.587+0000] {dag.py:3239} INFO - Sync 1 DAGs
[2025-06-29T02:17:15.611+0000] {logging_mixin.py:190} INFO - [2025-06-29T02:17:15.611+0000] {dag.py:4180} INFO - Setting next_dagrun for extract_raw_data_pipeline to 2025-06-28 07:58:00+00:00, run_after=2025-06-28 07:59:00+00:00
[2025-06-29T02:17:15.648+0000] {processor.py:208} INFO - Processing /opt/airflow/dags/driven_data_pipeline.py took 0.279 seconds
[2025-06-29T02:17:45.717+0000] {processor.py:186} INFO - Started process (PID=1867) to work on /opt/airflow/dags/driven_data_pipeline.py
[2025-06-29T02:17:45.819+0000] {processor.py:914} INFO - Processing file /opt/airflow/dags/driven_data_pipeline.py for tasks to queue
[2025-06-29T02:17:45.829+0000] {logging_mixin.py:190} INFO - [2025-06-29T02:17:45.827+0000] {dagbag.py:588} INFO - Filling up the DagBag from /opt/airflow/dags/driven_data_pipeline.py
[2025-06-29T02:17:46.013+0000] {processor.py:925} INFO - DAG(s) 'extract_raw_data_pipeline' retrieved from /opt/airflow/dags/driven_data_pipeline.py
[2025-06-29T02:17:46.038+0000] {logging_mixin.py:190} INFO - [2025-06-29T02:17:46.038+0000] {dag.py:3239} INFO - Sync 1 DAGs
[2025-06-29T02:17:46.060+0000] {logging_mixin.py:190} INFO - [2025-06-29T02:17:46.060+0000] {dag.py:4180} INFO - Setting next_dagrun for extract_raw_data_pipeline to 2025-06-28 07:58:00+00:00, run_after=2025-06-28 07:59:00+00:00
[2025-06-29T02:17:46.926+0000] {processor.py:208} INFO - Processing /opt/airflow/dags/driven_data_pipeline.py took 1.222 seconds
[2025-06-29T02:18:17.291+0000] {processor.py:186} INFO - Started process (PID=1875) to work on /opt/airflow/dags/driven_data_pipeline.py
[2025-06-29T02:18:17.304+0000] {processor.py:914} INFO - Processing file /opt/airflow/dags/driven_data_pipeline.py for tasks to queue
[2025-06-29T02:18:17.306+0000] {logging_mixin.py:190} INFO - [2025-06-29T02:18:17.306+0000] {dagbag.py:588} INFO - Filling up the DagBag from /opt/airflow/dags/driven_data_pipeline.py
[2025-06-29T02:18:17.475+0000] {processor.py:925} INFO - DAG(s) 'extract_raw_data_pipeline' retrieved from /opt/airflow/dags/driven_data_pipeline.py
[2025-06-29T02:18:17.499+0000] {logging_mixin.py:190} INFO - [2025-06-29T02:18:17.499+0000] {dag.py:3239} INFO - Sync 1 DAGs
[2025-06-29T02:18:17.521+0000] {logging_mixin.py:190} INFO - [2025-06-29T02:18:17.521+0000] {dag.py:4180} INFO - Setting next_dagrun for extract_raw_data_pipeline to 2025-06-28 07:58:00+00:00, run_after=2025-06-28 07:59:00+00:00
[2025-06-29T02:18:18.312+0000] {processor.py:208} INFO - Processing /opt/airflow/dags/driven_data_pipeline.py took 1.031 seconds
[2025-06-29T02:18:48.608+0000] {processor.py:186} INFO - Started process (PID=1883) to work on /opt/airflow/dags/driven_data_pipeline.py
[2025-06-29T02:18:48.610+0000] {processor.py:914} INFO - Processing file /opt/airflow/dags/driven_data_pipeline.py for tasks to queue
[2025-06-29T02:18:48.612+0000] {logging_mixin.py:190} INFO - [2025-06-29T02:18:48.611+0000] {dagbag.py:588} INFO - Filling up the DagBag from /opt/airflow/dags/driven_data_pipeline.py
[2025-06-29T02:18:48.781+0000] {processor.py:925} INFO - DAG(s) 'extract_raw_data_pipeline' retrieved from /opt/airflow/dags/driven_data_pipeline.py
[2025-06-29T02:18:48.805+0000] {logging_mixin.py:190} INFO - [2025-06-29T02:18:48.804+0000] {dag.py:3239} INFO - Sync 1 DAGs
[2025-06-29T02:18:48.827+0000] {logging_mixin.py:190} INFO - [2025-06-29T02:18:48.826+0000] {dag.py:4180} INFO - Setting next_dagrun for extract_raw_data_pipeline to 2025-06-28 07:58:00+00:00, run_after=2025-06-28 07:59:00+00:00
[2025-06-29T02:18:49.028+0000] {processor.py:208} INFO - Processing /opt/airflow/dags/driven_data_pipeline.py took 0.426 seconds
[2025-06-29T02:19:19.348+0000] {processor.py:186} INFO - Started process (PID=1891) to work on /opt/airflow/dags/driven_data_pipeline.py
[2025-06-29T02:19:20.296+0000] {processor.py:914} INFO - Processing file /opt/airflow/dags/driven_data_pipeline.py for tasks to queue
[2025-06-29T02:19:20.303+0000] {logging_mixin.py:190} INFO - [2025-06-29T02:19:20.302+0000] {dagbag.py:588} INFO - Filling up the DagBag from /opt/airflow/dags/driven_data_pipeline.py
[2025-06-29T02:19:20.480+0000] {processor.py:925} INFO - DAG(s) 'extract_raw_data_pipeline' retrieved from /opt/airflow/dags/driven_data_pipeline.py
[2025-06-29T02:19:20.504+0000] {logging_mixin.py:190} INFO - [2025-06-29T02:19:20.504+0000] {dag.py:3239} INFO - Sync 1 DAGs
[2025-06-29T02:19:20.527+0000] {logging_mixin.py:190} INFO - [2025-06-29T02:19:20.527+0000] {dag.py:4180} INFO - Setting next_dagrun for extract_raw_data_pipeline to 2025-06-28 07:58:00+00:00, run_after=2025-06-28 07:59:00+00:00
[2025-06-29T02:19:20.562+0000] {processor.py:208} INFO - Processing /opt/airflow/dags/driven_data_pipeline.py took 1.226 seconds
[2025-06-29T02:19:50.699+0000] {processor.py:186} INFO - Started process (PID=1899) to work on /opt/airflow/dags/driven_data_pipeline.py
[2025-06-29T02:19:50.704+0000] {processor.py:914} INFO - Processing file /opt/airflow/dags/driven_data_pipeline.py for tasks to queue
[2025-06-29T02:19:50.707+0000] {logging_mixin.py:190} INFO - [2025-06-29T02:19:50.706+0000] {dagbag.py:588} INFO - Filling up the DagBag from /opt/airflow/dags/driven_data_pipeline.py
[2025-06-29T02:19:50.952+0000] {processor.py:925} INFO - DAG(s) 'extract_raw_data_pipeline' retrieved from /opt/airflow/dags/driven_data_pipeline.py
[2025-06-29T02:19:50.977+0000] {logging_mixin.py:190} INFO - [2025-06-29T02:19:50.977+0000] {dag.py:3239} INFO - Sync 1 DAGs
[2025-06-29T02:19:51.001+0000] {logging_mixin.py:190} INFO - [2025-06-29T02:19:51.000+0000] {dag.py:4180} INFO - Setting next_dagrun for extract_raw_data_pipeline to 2025-06-28 07:58:00+00:00, run_after=2025-06-28 07:59:00+00:00
[2025-06-29T02:19:51.039+0000] {processor.py:208} INFO - Processing /opt/airflow/dags/driven_data_pipeline.py took 0.347 seconds
[2025-06-29T02:20:21.264+0000] {processor.py:186} INFO - Started process (PID=1912) to work on /opt/airflow/dags/driven_data_pipeline.py
[2025-06-29T02:20:21.266+0000] {processor.py:914} INFO - Processing file /opt/airflow/dags/driven_data_pipeline.py for tasks to queue
[2025-06-29T02:20:21.269+0000] {logging_mixin.py:190} INFO - [2025-06-29T02:20:21.268+0000] {dagbag.py:588} INFO - Filling up the DagBag from /opt/airflow/dags/driven_data_pipeline.py
[2025-06-29T02:20:21.449+0000] {processor.py:925} INFO - DAG(s) 'extract_raw_data_pipeline' retrieved from /opt/airflow/dags/driven_data_pipeline.py
[2025-06-29T02:20:21.473+0000] {logging_mixin.py:190} INFO - [2025-06-29T02:20:21.472+0000] {dag.py:3239} INFO - Sync 1 DAGs
[2025-06-29T02:20:21.500+0000] {logging_mixin.py:190} INFO - [2025-06-29T02:20:21.499+0000] {dag.py:4180} INFO - Setting next_dagrun for extract_raw_data_pipeline to 2025-06-28 07:58:00+00:00, run_after=2025-06-28 07:59:00+00:00
[2025-06-29T02:20:21.725+0000] {processor.py:208} INFO - Processing /opt/airflow/dags/driven_data_pipeline.py took 0.479 seconds
[2025-06-29T02:20:52.071+0000] {processor.py:186} INFO - Started process (PID=1920) to work on /opt/airflow/dags/driven_data_pipeline.py
[2025-06-29T02:20:52.083+0000] {processor.py:914} INFO - Processing file /opt/airflow/dags/driven_data_pipeline.py for tasks to queue
[2025-06-29T02:20:52.087+0000] {logging_mixin.py:190} INFO - [2025-06-29T02:20:52.086+0000] {dagbag.py:588} INFO - Filling up the DagBag from /opt/airflow/dags/driven_data_pipeline.py
[2025-06-29T02:20:52.299+0000] {processor.py:925} INFO - DAG(s) 'extract_raw_data_pipeline' retrieved from /opt/airflow/dags/driven_data_pipeline.py
[2025-06-29T02:20:52.323+0000] {logging_mixin.py:190} INFO - [2025-06-29T02:20:52.322+0000] {dag.py:3239} INFO - Sync 1 DAGs
[2025-06-29T02:20:52.349+0000] {logging_mixin.py:190} INFO - [2025-06-29T02:20:52.348+0000] {dag.py:4180} INFO - Setting next_dagrun for extract_raw_data_pipeline to 2025-06-28 07:58:00+00:00, run_after=2025-06-28 07:59:00+00:00
[2025-06-29T02:20:52.528+0000] {processor.py:208} INFO - Processing /opt/airflow/dags/driven_data_pipeline.py took 0.466 seconds
[2025-06-29T02:21:22.924+0000] {processor.py:186} INFO - Started process (PID=1928) to work on /opt/airflow/dags/driven_data_pipeline.py
[2025-06-29T02:21:22.925+0000] {processor.py:914} INFO - Processing file /opt/airflow/dags/driven_data_pipeline.py for tasks to queue
[2025-06-29T02:21:22.927+0000] {logging_mixin.py:190} INFO - [2025-06-29T02:21:22.926+0000] {dagbag.py:588} INFO - Filling up the DagBag from /opt/airflow/dags/driven_data_pipeline.py
[2025-06-29T02:21:23.097+0000] {processor.py:925} INFO - DAG(s) 'extract_raw_data_pipeline' retrieved from /opt/airflow/dags/driven_data_pipeline.py
[2025-06-29T02:21:23.121+0000] {logging_mixin.py:190} INFO - [2025-06-29T02:21:23.120+0000] {dag.py:3239} INFO - Sync 1 DAGs
[2025-06-29T02:21:23.144+0000] {logging_mixin.py:190} INFO - [2025-06-29T02:21:23.143+0000] {dag.py:4180} INFO - Setting next_dagrun for extract_raw_data_pipeline to 2025-06-28 07:58:00+00:00, run_after=2025-06-28 07:59:00+00:00
[2025-06-29T02:21:23.185+0000] {processor.py:208} INFO - Processing /opt/airflow/dags/driven_data_pipeline.py took 0.267 seconds
[2025-06-29T02:21:53.293+0000] {processor.py:186} INFO - Started process (PID=1936) to work on /opt/airflow/dags/driven_data_pipeline.py
[2025-06-29T02:21:53.295+0000] {processor.py:914} INFO - Processing file /opt/airflow/dags/driven_data_pipeline.py for tasks to queue
[2025-06-29T02:21:53.299+0000] {logging_mixin.py:190} INFO - [2025-06-29T02:21:53.299+0000] {dagbag.py:588} INFO - Filling up the DagBag from /opt/airflow/dags/driven_data_pipeline.py
[2025-06-29T02:21:53.479+0000] {processor.py:925} INFO - DAG(s) 'extract_raw_data_pipeline' retrieved from /opt/airflow/dags/driven_data_pipeline.py
[2025-06-29T02:21:53.504+0000] {logging_mixin.py:190} INFO - [2025-06-29T02:21:53.504+0000] {dag.py:3239} INFO - Sync 1 DAGs
[2025-06-29T02:21:53.526+0000] {logging_mixin.py:190} INFO - [2025-06-29T02:21:53.526+0000] {dag.py:4180} INFO - Setting next_dagrun for extract_raw_data_pipeline to 2025-06-28 07:58:00+00:00, run_after=2025-06-28 07:59:00+00:00
[2025-06-29T02:21:53.566+0000] {processor.py:208} INFO - Processing /opt/airflow/dags/driven_data_pipeline.py took 0.286 seconds
[2025-06-29T02:22:23.786+0000] {processor.py:186} INFO - Started process (PID=1944) to work on /opt/airflow/dags/driven_data_pipeline.py
[2025-06-29T02:22:23.883+0000] {processor.py:914} INFO - Processing file /opt/airflow/dags/driven_data_pipeline.py for tasks to queue
[2025-06-29T02:22:23.892+0000] {logging_mixin.py:190} INFO - [2025-06-29T02:22:23.891+0000] {dagbag.py:588} INFO - Filling up the DagBag from /opt/airflow/dags/driven_data_pipeline.py
[2025-06-29T02:22:24.094+0000] {processor.py:925} INFO - DAG(s) 'extract_raw_data_pipeline' retrieved from /opt/airflow/dags/driven_data_pipeline.py
[2025-06-29T02:22:24.117+0000] {logging_mixin.py:190} INFO - [2025-06-29T02:22:24.117+0000] {dag.py:3239} INFO - Sync 1 DAGs
[2025-06-29T02:22:24.139+0000] {logging_mixin.py:190} INFO - [2025-06-29T02:22:24.139+0000] {dag.py:4180} INFO - Setting next_dagrun for extract_raw_data_pipeline to 2025-06-28 07:58:00+00:00, run_after=2025-06-28 07:59:00+00:00
[2025-06-29T02:22:24.507+0000] {processor.py:208} INFO - Processing /opt/airflow/dags/driven_data_pipeline.py took 0.738 seconds
[2025-06-29T02:22:54.861+0000] {processor.py:186} INFO - Started process (PID=1952) to work on /opt/airflow/dags/driven_data_pipeline.py
[2025-06-29T02:22:54.863+0000] {processor.py:914} INFO - Processing file /opt/airflow/dags/driven_data_pipeline.py for tasks to queue
[2025-06-29T02:22:54.867+0000] {logging_mixin.py:190} INFO - [2025-06-29T02:22:54.867+0000] {dagbag.py:588} INFO - Filling up the DagBag from /opt/airflow/dags/driven_data_pipeline.py
[2025-06-29T02:22:55.064+0000] {processor.py:925} INFO - DAG(s) 'extract_raw_data_pipeline' retrieved from /opt/airflow/dags/driven_data_pipeline.py
[2025-06-29T02:22:55.092+0000] {logging_mixin.py:190} INFO - [2025-06-29T02:22:55.092+0000] {dag.py:3239} INFO - Sync 1 DAGs
[2025-06-29T02:22:55.119+0000] {logging_mixin.py:190} INFO - [2025-06-29T02:22:55.119+0000] {dag.py:4180} INFO - Setting next_dagrun for extract_raw_data_pipeline to 2025-06-28 07:58:00+00:00, run_after=2025-06-28 07:59:00+00:00
[2025-06-29T02:22:55.306+0000] {processor.py:208} INFO - Processing /opt/airflow/dags/driven_data_pipeline.py took 0.459 seconds
[2025-06-29T02:23:25.573+0000] {processor.py:186} INFO - Started process (PID=1960) to work on /opt/airflow/dags/driven_data_pipeline.py
[2025-06-29T02:23:25.579+0000] {processor.py:914} INFO - Processing file /opt/airflow/dags/driven_data_pipeline.py for tasks to queue
[2025-06-29T02:23:25.582+0000] {logging_mixin.py:190} INFO - [2025-06-29T02:23:25.581+0000] {dagbag.py:588} INFO - Filling up the DagBag from /opt/airflow/dags/driven_data_pipeline.py
[2025-06-29T02:23:25.770+0000] {processor.py:925} INFO - DAG(s) 'extract_raw_data_pipeline' retrieved from /opt/airflow/dags/driven_data_pipeline.py
[2025-06-29T02:23:25.801+0000] {logging_mixin.py:190} INFO - [2025-06-29T02:23:25.800+0000] {dag.py:3239} INFO - Sync 1 DAGs
[2025-06-29T02:23:25.831+0000] {logging_mixin.py:190} INFO - [2025-06-29T02:23:25.831+0000] {dag.py:4180} INFO - Setting next_dagrun for extract_raw_data_pipeline to 2025-06-28 07:58:00+00:00, run_after=2025-06-28 07:59:00+00:00
[2025-06-29T02:23:25.862+0000] {processor.py:208} INFO - Processing /opt/airflow/dags/driven_data_pipeline.py took 0.295 seconds
[2025-06-29T02:23:56.003+0000] {processor.py:186} INFO - Started process (PID=1968) to work on /opt/airflow/dags/driven_data_pipeline.py
[2025-06-29T02:23:56.004+0000] {processor.py:914} INFO - Processing file /opt/airflow/dags/driven_data_pipeline.py for tasks to queue
[2025-06-29T02:23:56.008+0000] {logging_mixin.py:190} INFO - [2025-06-29T02:23:56.007+0000] {dagbag.py:588} INFO - Filling up the DagBag from /opt/airflow/dags/driven_data_pipeline.py
[2025-06-29T02:23:56.190+0000] {processor.py:925} INFO - DAG(s) 'extract_raw_data_pipeline' retrieved from /opt/airflow/dags/driven_data_pipeline.py
[2025-06-29T02:23:56.223+0000] {logging_mixin.py:190} INFO - [2025-06-29T02:23:56.223+0000] {dag.py:3239} INFO - Sync 1 DAGs
[2025-06-29T02:23:56.253+0000] {logging_mixin.py:190} INFO - [2025-06-29T02:23:56.252+0000] {dag.py:4180} INFO - Setting next_dagrun for extract_raw_data_pipeline to 2025-06-28 07:58:00+00:00, run_after=2025-06-28 07:59:00+00:00
[2025-06-29T02:23:56.886+0000] {processor.py:208} INFO - Processing /opt/airflow/dags/driven_data_pipeline.py took 0.894 seconds
[2025-06-29T02:24:27.199+0000] {processor.py:186} INFO - Started process (PID=1976) to work on /opt/airflow/dags/driven_data_pipeline.py
[2025-06-29T02:24:27.208+0000] {processor.py:914} INFO - Processing file /opt/airflow/dags/driven_data_pipeline.py for tasks to queue
[2025-06-29T02:24:27.211+0000] {logging_mixin.py:190} INFO - [2025-06-29T02:24:27.210+0000] {dagbag.py:588} INFO - Filling up the DagBag from /opt/airflow/dags/driven_data_pipeline.py
[2025-06-29T02:24:27.385+0000] {processor.py:925} INFO - DAG(s) 'extract_raw_data_pipeline' retrieved from /opt/airflow/dags/driven_data_pipeline.py
[2025-06-29T02:24:27.409+0000] {logging_mixin.py:190} INFO - [2025-06-29T02:24:27.409+0000] {dag.py:3239} INFO - Sync 1 DAGs
[2025-06-29T02:24:27.431+0000] {logging_mixin.py:190} INFO - [2025-06-29T02:24:27.431+0000] {dag.py:4180} INFO - Setting next_dagrun for extract_raw_data_pipeline to 2025-06-28 07:58:00+00:00, run_after=2025-06-28 07:59:00+00:00
[2025-06-29T02:24:27.460+0000] {processor.py:208} INFO - Processing /opt/airflow/dags/driven_data_pipeline.py took 0.267 seconds
[2025-06-29T02:24:57.792+0000] {processor.py:186} INFO - Started process (PID=1984) to work on /opt/airflow/dags/driven_data_pipeline.py
[2025-06-29T02:24:57.793+0000] {processor.py:914} INFO - Processing file /opt/airflow/dags/driven_data_pipeline.py for tasks to queue
[2025-06-29T02:24:57.797+0000] {logging_mixin.py:190} INFO - [2025-06-29T02:24:57.797+0000] {dagbag.py:588} INFO - Filling up the DagBag from /opt/airflow/dags/driven_data_pipeline.py
[2025-06-29T02:24:57.969+0000] {processor.py:925} INFO - DAG(s) 'extract_raw_data_pipeline' retrieved from /opt/airflow/dags/driven_data_pipeline.py
[2025-06-29T02:24:57.993+0000] {logging_mixin.py:190} INFO - [2025-06-29T02:24:57.993+0000] {dag.py:3239} INFO - Sync 1 DAGs
[2025-06-29T02:24:58.016+0000] {logging_mixin.py:190} INFO - [2025-06-29T02:24:58.016+0000] {dag.py:4180} INFO - Setting next_dagrun for extract_raw_data_pipeline to 2025-06-28 07:58:00+00:00, run_after=2025-06-28 07:59:00+00:00
[2025-06-29T02:24:58.184+0000] {processor.py:208} INFO - Processing /opt/airflow/dags/driven_data_pipeline.py took 0.403 seconds
[2025-06-29T02:25:28.506+0000] {processor.py:186} INFO - Started process (PID=1992) to work on /opt/airflow/dags/driven_data_pipeline.py
[2025-06-29T02:25:28.765+0000] {processor.py:914} INFO - Processing file /opt/airflow/dags/driven_data_pipeline.py for tasks to queue
[2025-06-29T02:25:28.774+0000] {logging_mixin.py:190} INFO - [2025-06-29T02:25:28.772+0000] {dagbag.py:588} INFO - Filling up the DagBag from /opt/airflow/dags/driven_data_pipeline.py
[2025-06-29T02:25:28.970+0000] {processor.py:925} INFO - DAG(s) 'extract_raw_data_pipeline' retrieved from /opt/airflow/dags/driven_data_pipeline.py
[2025-06-29T02:25:28.994+0000] {logging_mixin.py:190} INFO - [2025-06-29T02:25:28.994+0000] {dag.py:3239} INFO - Sync 1 DAGs
[2025-06-29T02:25:29.018+0000] {logging_mixin.py:190} INFO - [2025-06-29T02:25:29.018+0000] {dag.py:4180} INFO - Setting next_dagrun for extract_raw_data_pipeline to 2025-06-28 07:58:00+00:00, run_after=2025-06-28 07:59:00+00:00
[2025-06-29T02:25:29.053+0000] {processor.py:208} INFO - Processing /opt/airflow/dags/driven_data_pipeline.py took 0.553 seconds
[2025-06-29T02:25:59.391+0000] {processor.py:186} INFO - Started process (PID=2000) to work on /opt/airflow/dags/driven_data_pipeline.py
[2025-06-29T02:25:59.392+0000] {processor.py:914} INFO - Processing file /opt/airflow/dags/driven_data_pipeline.py for tasks to queue
[2025-06-29T02:25:59.394+0000] {logging_mixin.py:190} INFO - [2025-06-29T02:25:59.394+0000] {dagbag.py:588} INFO - Filling up the DagBag from /opt/airflow/dags/driven_data_pipeline.py
[2025-06-29T02:25:59.563+0000] {processor.py:925} INFO - DAG(s) 'extract_raw_data_pipeline' retrieved from /opt/airflow/dags/driven_data_pipeline.py
[2025-06-29T02:25:59.588+0000] {logging_mixin.py:190} INFO - [2025-06-29T02:25:59.588+0000] {dag.py:3239} INFO - Sync 1 DAGs
[2025-06-29T02:25:59.610+0000] {logging_mixin.py:190} INFO - [2025-06-29T02:25:59.610+0000] {dag.py:4180} INFO - Setting next_dagrun for extract_raw_data_pipeline to 2025-06-28 07:58:00+00:00, run_after=2025-06-28 07:59:00+00:00
[2025-06-29T02:25:59.647+0000] {processor.py:208} INFO - Processing /opt/airflow/dags/driven_data_pipeline.py took 0.262 seconds
[2025-06-29T02:26:29.713+0000] {processor.py:186} INFO - Started process (PID=2008) to work on /opt/airflow/dags/driven_data_pipeline.py
[2025-06-29T02:26:29.724+0000] {processor.py:914} INFO - Processing file /opt/airflow/dags/driven_data_pipeline.py for tasks to queue
[2025-06-29T02:26:29.726+0000] {logging_mixin.py:190} INFO - [2025-06-29T02:26:29.726+0000] {dagbag.py:588} INFO - Filling up the DagBag from /opt/airflow/dags/driven_data_pipeline.py
[2025-06-29T02:26:29.903+0000] {processor.py:925} INFO - DAG(s) 'extract_raw_data_pipeline' retrieved from /opt/airflow/dags/driven_data_pipeline.py
[2025-06-29T02:26:29.932+0000] {logging_mixin.py:190} INFO - [2025-06-29T02:26:29.931+0000] {dag.py:3239} INFO - Sync 1 DAGs
[2025-06-29T02:26:29.955+0000] {logging_mixin.py:190} INFO - [2025-06-29T02:26:29.954+0000] {dag.py:4180} INFO - Setting next_dagrun for extract_raw_data_pipeline to 2025-06-28 07:58:00+00:00, run_after=2025-06-28 07:59:00+00:00
[2025-06-29T02:26:29.985+0000] {processor.py:208} INFO - Processing /opt/airflow/dags/driven_data_pipeline.py took 0.278 seconds
[2025-06-29T02:27:00.260+0000] {processor.py:186} INFO - Started process (PID=2016) to work on /opt/airflow/dags/driven_data_pipeline.py
[2025-06-29T02:27:01.210+0000] {processor.py:914} INFO - Processing file /opt/airflow/dags/driven_data_pipeline.py for tasks to queue
[2025-06-29T02:27:01.221+0000] {logging_mixin.py:190} INFO - [2025-06-29T02:27:01.219+0000] {dagbag.py:588} INFO - Filling up the DagBag from /opt/airflow/dags/driven_data_pipeline.py
[2025-06-29T02:27:01.415+0000] {processor.py:925} INFO - DAG(s) 'extract_raw_data_pipeline' retrieved from /opt/airflow/dags/driven_data_pipeline.py
[2025-06-29T02:27:01.439+0000] {logging_mixin.py:190} INFO - [2025-06-29T02:27:01.438+0000] {dag.py:3239} INFO - Sync 1 DAGs
[2025-06-29T02:27:01.461+0000] {logging_mixin.py:190} INFO - [2025-06-29T02:27:01.460+0000] {dag.py:4180} INFO - Setting next_dagrun for extract_raw_data_pipeline to 2025-06-28 07:58:00+00:00, run_after=2025-06-28 07:59:00+00:00
[2025-06-29T02:27:01.630+0000] {processor.py:208} INFO - Processing /opt/airflow/dags/driven_data_pipeline.py took 1.379 seconds
[2025-06-29T02:27:31.997+0000] {processor.py:186} INFO - Started process (PID=2024) to work on /opt/airflow/dags/driven_data_pipeline.py
[2025-06-29T02:27:32.010+0000] {processor.py:914} INFO - Processing file /opt/airflow/dags/driven_data_pipeline.py for tasks to queue
[2025-06-29T02:27:32.013+0000] {logging_mixin.py:190} INFO - [2025-06-29T02:27:32.013+0000] {dagbag.py:588} INFO - Filling up the DagBag from /opt/airflow/dags/driven_data_pipeline.py
[2025-06-29T02:27:32.190+0000] {processor.py:925} INFO - DAG(s) 'extract_raw_data_pipeline' retrieved from /opt/airflow/dags/driven_data_pipeline.py
[2025-06-29T02:27:32.215+0000] {logging_mixin.py:190} INFO - [2025-06-29T02:27:32.215+0000] {dag.py:3239} INFO - Sync 1 DAGs
[2025-06-29T02:27:32.239+0000] {logging_mixin.py:190} INFO - [2025-06-29T02:27:32.239+0000] {dag.py:4180} INFO - Setting next_dagrun for extract_raw_data_pipeline to 2025-06-28 07:58:00+00:00, run_after=2025-06-28 07:59:00+00:00
[2025-06-29T02:27:32.272+0000] {processor.py:208} INFO - Processing /opt/airflow/dags/driven_data_pipeline.py took 0.286 seconds
[2025-06-29T02:28:02.649+0000] {processor.py:186} INFO - Started process (PID=2032) to work on /opt/airflow/dags/driven_data_pipeline.py
[2025-06-29T02:28:02.650+0000] {processor.py:914} INFO - Processing file /opt/airflow/dags/driven_data_pipeline.py for tasks to queue
[2025-06-29T02:28:02.655+0000] {logging_mixin.py:190} INFO - [2025-06-29T02:28:02.654+0000] {dagbag.py:588} INFO - Filling up the DagBag from /opt/airflow/dags/driven_data_pipeline.py
[2025-06-29T02:28:02.831+0000] {processor.py:925} INFO - DAG(s) 'extract_raw_data_pipeline' retrieved from /opt/airflow/dags/driven_data_pipeline.py
[2025-06-29T02:28:02.856+0000] {logging_mixin.py:190} INFO - [2025-06-29T02:28:02.856+0000] {dag.py:3239} INFO - Sync 1 DAGs
[2025-06-29T02:28:02.878+0000] {logging_mixin.py:190} INFO - [2025-06-29T02:28:02.878+0000] {dag.py:4180} INFO - Setting next_dagrun for extract_raw_data_pipeline to 2025-06-28 07:58:00+00:00, run_after=2025-06-28 07:59:00+00:00
[2025-06-29T02:28:02.914+0000] {processor.py:208} INFO - Processing /opt/airflow/dags/driven_data_pipeline.py took 0.277 seconds
[2025-06-29T02:28:33.276+0000] {processor.py:186} INFO - Started process (PID=2040) to work on /opt/airflow/dags/driven_data_pipeline.py
[2025-06-29T02:28:33.281+0000] {processor.py:914} INFO - Processing file /opt/airflow/dags/driven_data_pipeline.py for tasks to queue
[2025-06-29T02:28:33.283+0000] {logging_mixin.py:190} INFO - [2025-06-29T02:28:33.283+0000] {dagbag.py:588} INFO - Filling up the DagBag from /opt/airflow/dags/driven_data_pipeline.py
[2025-06-29T02:28:33.527+0000] {processor.py:925} INFO - DAG(s) 'extract_raw_data_pipeline' retrieved from /opt/airflow/dags/driven_data_pipeline.py
[2025-06-29T02:28:33.560+0000] {logging_mixin.py:190} INFO - [2025-06-29T02:28:33.560+0000] {dag.py:3239} INFO - Sync 1 DAGs
[2025-06-29T02:28:33.591+0000] {logging_mixin.py:190} INFO - [2025-06-29T02:28:33.591+0000] {dag.py:4180} INFO - Setting next_dagrun for extract_raw_data_pipeline to 2025-06-28 07:58:00+00:00, run_after=2025-06-28 07:59:00+00:00
[2025-06-29T02:28:33.631+0000] {processor.py:208} INFO - Processing /opt/airflow/dags/driven_data_pipeline.py took 0.367 seconds
[2025-06-29T02:29:04.006+0000] {processor.py:186} INFO - Started process (PID=2048) to work on /opt/airflow/dags/driven_data_pipeline.py
[2025-06-29T02:29:04.007+0000] {processor.py:914} INFO - Processing file /opt/airflow/dags/driven_data_pipeline.py for tasks to queue
[2025-06-29T02:29:04.009+0000] {logging_mixin.py:190} INFO - [2025-06-29T02:29:04.008+0000] {dagbag.py:588} INFO - Filling up the DagBag from /opt/airflow/dags/driven_data_pipeline.py
[2025-06-29T02:29:04.178+0000] {processor.py:925} INFO - DAG(s) 'extract_raw_data_pipeline' retrieved from /opt/airflow/dags/driven_data_pipeline.py
[2025-06-29T02:29:04.203+0000] {logging_mixin.py:190} INFO - [2025-06-29T02:29:04.202+0000] {dag.py:3239} INFO - Sync 1 DAGs
[2025-06-29T02:29:04.225+0000] {logging_mixin.py:190} INFO - [2025-06-29T02:29:04.224+0000] {dag.py:4180} INFO - Setting next_dagrun for extract_raw_data_pipeline to 2025-06-28 07:58:00+00:00, run_after=2025-06-28 07:59:00+00:00
[2025-06-29T02:29:04.392+0000] {processor.py:208} INFO - Processing /opt/airflow/dags/driven_data_pipeline.py took 0.393 seconds
[2025-06-29T02:29:34.680+0000] {processor.py:186} INFO - Started process (PID=2056) to work on /opt/airflow/dags/driven_data_pipeline.py
[2025-06-29T02:29:34.682+0000] {processor.py:914} INFO - Processing file /opt/airflow/dags/driven_data_pipeline.py for tasks to queue
[2025-06-29T02:29:34.685+0000] {logging_mixin.py:190} INFO - [2025-06-29T02:29:34.685+0000] {dagbag.py:588} INFO - Filling up the DagBag from /opt/airflow/dags/driven_data_pipeline.py
[2025-06-29T02:29:34.858+0000] {processor.py:925} INFO - DAG(s) 'extract_raw_data_pipeline' retrieved from /opt/airflow/dags/driven_data_pipeline.py
[2025-06-29T02:29:34.883+0000] {logging_mixin.py:190} INFO - [2025-06-29T02:29:34.882+0000] {dag.py:3239} INFO - Sync 1 DAGs
[2025-06-29T02:29:35.036+0000] {logging_mixin.py:190} INFO - [2025-06-29T02:29:35.036+0000] {dag.py:4180} INFO - Setting next_dagrun for extract_raw_data_pipeline to 2025-06-28 07:58:00+00:00, run_after=2025-06-28 07:59:00+00:00
[2025-06-29T02:29:35.075+0000] {processor.py:208} INFO - Processing /opt/airflow/dags/driven_data_pipeline.py took 0.410 seconds
[2025-06-29T02:30:05.376+0000] {processor.py:186} INFO - Started process (PID=2063) to work on /opt/airflow/dags/driven_data_pipeline.py
[2025-06-29T02:30:05.377+0000] {processor.py:914} INFO - Processing file /opt/airflow/dags/driven_data_pipeline.py for tasks to queue
[2025-06-29T02:30:05.379+0000] {logging_mixin.py:190} INFO - [2025-06-29T02:30:05.379+0000] {dagbag.py:588} INFO - Filling up the DagBag from /opt/airflow/dags/driven_data_pipeline.py
[2025-06-29T02:30:05.558+0000] {processor.py:925} INFO - DAG(s) 'extract_raw_data_pipeline' retrieved from /opt/airflow/dags/driven_data_pipeline.py
[2025-06-29T02:30:05.584+0000] {logging_mixin.py:190} INFO - [2025-06-29T02:30:05.584+0000] {dag.py:3239} INFO - Sync 1 DAGs
[2025-06-29T02:30:05.607+0000] {logging_mixin.py:190} INFO - [2025-06-29T02:30:05.606+0000] {dag.py:4180} INFO - Setting next_dagrun for extract_raw_data_pipeline to 2025-06-28 07:58:00+00:00, run_after=2025-06-28 07:59:00+00:00
[2025-06-29T02:30:05.645+0000] {processor.py:208} INFO - Processing /opt/airflow/dags/driven_data_pipeline.py took 0.275 seconds
[2025-06-29T02:30:35.724+0000] {processor.py:186} INFO - Started process (PID=2071) to work on /opt/airflow/dags/driven_data_pipeline.py
[2025-06-29T02:30:35.726+0000] {processor.py:914} INFO - Processing file /opt/airflow/dags/driven_data_pipeline.py for tasks to queue
[2025-06-29T02:30:35.729+0000] {logging_mixin.py:190} INFO - [2025-06-29T02:30:35.729+0000] {dagbag.py:588} INFO - Filling up the DagBag from /opt/airflow/dags/driven_data_pipeline.py
[2025-06-29T02:30:35.911+0000] {processor.py:925} INFO - DAG(s) 'extract_raw_data_pipeline' retrieved from /opt/airflow/dags/driven_data_pipeline.py
[2025-06-29T02:30:35.936+0000] {logging_mixin.py:190} INFO - [2025-06-29T02:30:35.936+0000] {dag.py:3239} INFO - Sync 1 DAGs
[2025-06-29T02:30:35.958+0000] {logging_mixin.py:190} INFO - [2025-06-29T02:30:35.958+0000] {dag.py:4180} INFO - Setting next_dagrun for extract_raw_data_pipeline to 2025-06-28 07:58:00+00:00, run_after=2025-06-28 07:59:00+00:00
[2025-06-29T02:30:36.174+0000] {processor.py:208} INFO - Processing /opt/airflow/dags/driven_data_pipeline.py took 0.460 seconds
[2025-06-29T02:31:06.354+0000] {processor.py:186} INFO - Started process (PID=2079) to work on /opt/airflow/dags/driven_data_pipeline.py
[2025-06-29T02:31:06.355+0000] {processor.py:914} INFO - Processing file /opt/airflow/dags/driven_data_pipeline.py for tasks to queue
[2025-06-29T02:31:06.359+0000] {logging_mixin.py:190} INFO - [2025-06-29T02:31:06.359+0000] {dagbag.py:588} INFO - Filling up the DagBag from /opt/airflow/dags/driven_data_pipeline.py
[2025-06-29T02:31:06.538+0000] {processor.py:925} INFO - DAG(s) 'extract_raw_data_pipeline' retrieved from /opt/airflow/dags/driven_data_pipeline.py
[2025-06-29T02:31:06.561+0000] {logging_mixin.py:190} INFO - [2025-06-29T02:31:06.561+0000] {dag.py:3239} INFO - Sync 1 DAGs
[2025-06-29T02:31:06.583+0000] {logging_mixin.py:190} INFO - [2025-06-29T02:31:06.583+0000] {dag.py:4180} INFO - Setting next_dagrun for extract_raw_data_pipeline to 2025-06-28 07:58:00+00:00, run_after=2025-06-28 07:59:00+00:00
[2025-06-29T02:31:06.750+0000] {processor.py:208} INFO - Processing /opt/airflow/dags/driven_data_pipeline.py took 0.410 seconds
[2025-06-29T02:31:36.802+0000] {processor.py:186} INFO - Started process (PID=2087) to work on /opt/airflow/dags/driven_data_pipeline.py
[2025-06-29T02:31:36.803+0000] {processor.py:914} INFO - Processing file /opt/airflow/dags/driven_data_pipeline.py for tasks to queue
[2025-06-29T02:31:36.806+0000] {logging_mixin.py:190} INFO - [2025-06-29T02:31:36.805+0000] {dagbag.py:588} INFO - Filling up the DagBag from /opt/airflow/dags/driven_data_pipeline.py
[2025-06-29T02:31:36.980+0000] {processor.py:925} INFO - DAG(s) 'extract_raw_data_pipeline' retrieved from /opt/airflow/dags/driven_data_pipeline.py
[2025-06-29T02:31:37.006+0000] {logging_mixin.py:190} INFO - [2025-06-29T02:31:37.006+0000] {dag.py:3239} INFO - Sync 1 DAGs
[2025-06-29T02:31:37.166+0000] {logging_mixin.py:190} INFO - [2025-06-29T02:31:37.165+0000] {dag.py:4180} INFO - Setting next_dagrun for extract_raw_data_pipeline to 2025-06-28 07:58:00+00:00, run_after=2025-06-28 07:59:00+00:00
[2025-06-29T02:31:37.198+0000] {processor.py:208} INFO - Processing /opt/airflow/dags/driven_data_pipeline.py took 0.403 seconds
[2025-06-29T02:32:07.371+0000] {processor.py:186} INFO - Started process (PID=2095) to work on /opt/airflow/dags/driven_data_pipeline.py
[2025-06-29T02:32:07.373+0000] {processor.py:914} INFO - Processing file /opt/airflow/dags/driven_data_pipeline.py for tasks to queue
[2025-06-29T02:32:07.377+0000] {logging_mixin.py:190} INFO - [2025-06-29T02:32:07.376+0000] {dagbag.py:588} INFO - Filling up the DagBag from /opt/airflow/dags/driven_data_pipeline.py
[2025-06-29T02:32:07.553+0000] {processor.py:925} INFO - DAG(s) 'extract_raw_data_pipeline' retrieved from /opt/airflow/dags/driven_data_pipeline.py
[2025-06-29T02:32:07.578+0000] {logging_mixin.py:190} INFO - [2025-06-29T02:32:07.578+0000] {dag.py:3239} INFO - Sync 1 DAGs
[2025-06-29T02:32:07.600+0000] {logging_mixin.py:190} INFO - [2025-06-29T02:32:07.600+0000] {dag.py:4180} INFO - Setting next_dagrun for extract_raw_data_pipeline to 2025-06-28 07:58:00+00:00, run_after=2025-06-28 07:59:00+00:00
[2025-06-29T02:32:07.649+0000] {processor.py:208} INFO - Processing /opt/airflow/dags/driven_data_pipeline.py took 0.290 seconds
[2025-06-29T02:32:37.840+0000] {processor.py:186} INFO - Started process (PID=2103) to work on /opt/airflow/dags/driven_data_pipeline.py
[2025-06-29T02:32:37.841+0000] {processor.py:914} INFO - Processing file /opt/airflow/dags/driven_data_pipeline.py for tasks to queue
[2025-06-29T02:32:37.844+0000] {logging_mixin.py:190} INFO - [2025-06-29T02:32:37.843+0000] {dagbag.py:588} INFO - Filling up the DagBag from /opt/airflow/dags/driven_data_pipeline.py
[2025-06-29T02:32:38.036+0000] {processor.py:925} INFO - DAG(s) 'extract_raw_data_pipeline' retrieved from /opt/airflow/dags/driven_data_pipeline.py
[2025-06-29T02:32:38.060+0000] {logging_mixin.py:190} INFO - [2025-06-29T02:32:38.059+0000] {dag.py:3239} INFO - Sync 1 DAGs
[2025-06-29T02:32:38.082+0000] {logging_mixin.py:190} INFO - [2025-06-29T02:32:38.081+0000] {dag.py:4180} INFO - Setting next_dagrun for extract_raw_data_pipeline to 2025-06-28 07:58:00+00:00, run_after=2025-06-28 07:59:00+00:00
[2025-06-29T02:32:38.288+0000] {processor.py:208} INFO - Processing /opt/airflow/dags/driven_data_pipeline.py took 0.457 seconds
[2025-06-29T02:33:08.622+0000] {processor.py:186} INFO - Started process (PID=2111) to work on /opt/airflow/dags/driven_data_pipeline.py
[2025-06-29T02:33:08.623+0000] {processor.py:914} INFO - Processing file /opt/airflow/dags/driven_data_pipeline.py for tasks to queue
[2025-06-29T02:33:08.626+0000] {logging_mixin.py:190} INFO - [2025-06-29T02:33:08.625+0000] {dagbag.py:588} INFO - Filling up the DagBag from /opt/airflow/dags/driven_data_pipeline.py
[2025-06-29T02:33:08.802+0000] {processor.py:925} INFO - DAG(s) 'extract_raw_data_pipeline' retrieved from /opt/airflow/dags/driven_data_pipeline.py
[2025-06-29T02:33:08.829+0000] {logging_mixin.py:190} INFO - [2025-06-29T02:33:08.828+0000] {dag.py:3239} INFO - Sync 1 DAGs
[2025-06-29T02:33:08.853+0000] {logging_mixin.py:190} INFO - [2025-06-29T02:33:08.853+0000] {dag.py:4180} INFO - Setting next_dagrun for extract_raw_data_pipeline to 2025-06-28 07:58:00+00:00, run_after=2025-06-28 07:59:00+00:00
[2025-06-29T02:33:09.018+0000] {processor.py:208} INFO - Processing /opt/airflow/dags/driven_data_pipeline.py took 0.402 seconds
[2025-06-29T02:33:39.407+0000] {processor.py:186} INFO - Started process (PID=2119) to work on /opt/airflow/dags/driven_data_pipeline.py
[2025-06-29T02:33:39.408+0000] {processor.py:914} INFO - Processing file /opt/airflow/dags/driven_data_pipeline.py for tasks to queue
[2025-06-29T02:33:39.410+0000] {logging_mixin.py:190} INFO - [2025-06-29T02:33:39.410+0000] {dagbag.py:588} INFO - Filling up the DagBag from /opt/airflow/dags/driven_data_pipeline.py
[2025-06-29T02:33:39.582+0000] {processor.py:925} INFO - DAG(s) 'extract_raw_data_pipeline' retrieved from /opt/airflow/dags/driven_data_pipeline.py
[2025-06-29T02:33:39.606+0000] {logging_mixin.py:190} INFO - [2025-06-29T02:33:39.606+0000] {dag.py:3239} INFO - Sync 1 DAGs
[2025-06-29T02:33:39.762+0000] {logging_mixin.py:190} INFO - [2025-06-29T02:33:39.762+0000] {dag.py:4180} INFO - Setting next_dagrun for extract_raw_data_pipeline to 2025-06-28 07:58:00+00:00, run_after=2025-06-28 07:59:00+00:00
[2025-06-29T02:33:39.800+0000] {processor.py:208} INFO - Processing /opt/airflow/dags/driven_data_pipeline.py took 0.400 seconds
[2025-06-29T02:34:10.103+0000] {processor.py:186} INFO - Started process (PID=2127) to work on /opt/airflow/dags/driven_data_pipeline.py
[2025-06-29T02:34:10.105+0000] {processor.py:914} INFO - Processing file /opt/airflow/dags/driven_data_pipeline.py for tasks to queue
[2025-06-29T02:34:10.107+0000] {logging_mixin.py:190} INFO - [2025-06-29T02:34:10.106+0000] {dagbag.py:588} INFO - Filling up the DagBag from /opt/airflow/dags/driven_data_pipeline.py
[2025-06-29T02:34:10.281+0000] {processor.py:925} INFO - DAG(s) 'extract_raw_data_pipeline' retrieved from /opt/airflow/dags/driven_data_pipeline.py
[2025-06-29T02:34:10.307+0000] {logging_mixin.py:190} INFO - [2025-06-29T02:34:10.307+0000] {dag.py:3239} INFO - Sync 1 DAGs
[2025-06-29T02:34:10.329+0000] {logging_mixin.py:190} INFO - [2025-06-29T02:34:10.329+0000] {dag.py:4180} INFO - Setting next_dagrun for extract_raw_data_pipeline to 2025-06-28 07:58:00+00:00, run_after=2025-06-28 07:59:00+00:00
[2025-06-29T02:34:10.367+0000] {processor.py:208} INFO - Processing /opt/airflow/dags/driven_data_pipeline.py took 0.270 seconds
[2025-06-29T02:34:40.693+0000] {processor.py:186} INFO - Started process (PID=2135) to work on /opt/airflow/dags/driven_data_pipeline.py
[2025-06-29T02:34:40.694+0000] {processor.py:914} INFO - Processing file /opt/airflow/dags/driven_data_pipeline.py for tasks to queue
[2025-06-29T02:34:40.697+0000] {logging_mixin.py:190} INFO - [2025-06-29T02:34:40.696+0000] {dagbag.py:588} INFO - Filling up the DagBag from /opt/airflow/dags/driven_data_pipeline.py
[2025-06-29T02:34:40.897+0000] {processor.py:925} INFO - DAG(s) 'extract_raw_data_pipeline' retrieved from /opt/airflow/dags/driven_data_pipeline.py
[2025-06-29T02:34:40.922+0000] {logging_mixin.py:190} INFO - [2025-06-29T02:34:40.921+0000] {dag.py:3239} INFO - Sync 1 DAGs
[2025-06-29T02:34:40.943+0000] {logging_mixin.py:190} INFO - [2025-06-29T02:34:40.943+0000] {dag.py:4180} INFO - Setting next_dagrun for extract_raw_data_pipeline to 2025-06-28 07:58:00+00:00, run_after=2025-06-28 07:59:00+00:00
[2025-06-29T02:34:40.987+0000] {processor.py:208} INFO - Processing /opt/airflow/dags/driven_data_pipeline.py took 0.302 seconds
[2025-06-29T02:35:11.326+0000] {processor.py:186} INFO - Started process (PID=2142) to work on /opt/airflow/dags/driven_data_pipeline.py
[2025-06-29T02:35:11.328+0000] {processor.py:914} INFO - Processing file /opt/airflow/dags/driven_data_pipeline.py for tasks to queue
[2025-06-29T02:35:11.333+0000] {logging_mixin.py:190} INFO - [2025-06-29T02:35:11.332+0000] {dagbag.py:588} INFO - Filling up the DagBag from /opt/airflow/dags/driven_data_pipeline.py
[2025-06-29T02:35:11.559+0000] {processor.py:925} INFO - DAG(s) 'extract_raw_data_pipeline' retrieved from /opt/airflow/dags/driven_data_pipeline.py
[2025-06-29T02:35:11.588+0000] {logging_mixin.py:190} INFO - [2025-06-29T02:35:11.588+0000] {dag.py:3239} INFO - Sync 1 DAGs
[2025-06-29T02:35:11.616+0000] {logging_mixin.py:190} INFO - [2025-06-29T02:35:11.616+0000] {dag.py:4180} INFO - Setting next_dagrun for extract_raw_data_pipeline to 2025-06-28 07:58:00+00:00, run_after=2025-06-28 07:59:00+00:00
[2025-06-29T02:35:11.816+0000] {processor.py:208} INFO - Processing /opt/airflow/dags/driven_data_pipeline.py took 0.505 seconds
[2025-06-29T02:35:42.280+0000] {processor.py:186} INFO - Started process (PID=2150) to work on /opt/airflow/dags/driven_data_pipeline.py
[2025-06-29T02:35:42.282+0000] {processor.py:914} INFO - Processing file /opt/airflow/dags/driven_data_pipeline.py for tasks to queue
[2025-06-29T02:35:42.286+0000] {logging_mixin.py:190} INFO - [2025-06-29T02:35:42.285+0000] {dagbag.py:588} INFO - Filling up the DagBag from /opt/airflow/dags/driven_data_pipeline.py
[2025-06-29T02:35:42.463+0000] {processor.py:925} INFO - DAG(s) 'extract_raw_data_pipeline' retrieved from /opt/airflow/dags/driven_data_pipeline.py
[2025-06-29T02:35:42.487+0000] {logging_mixin.py:190} INFO - [2025-06-29T02:35:42.487+0000] {dag.py:3239} INFO - Sync 1 DAGs
[2025-06-29T02:35:42.641+0000] {logging_mixin.py:190} INFO - [2025-06-29T02:35:42.641+0000] {dag.py:4180} INFO - Setting next_dagrun for extract_raw_data_pipeline to 2025-06-28 07:58:00+00:00, run_after=2025-06-28 07:59:00+00:00
[2025-06-29T02:35:42.678+0000] {processor.py:208} INFO - Processing /opt/airflow/dags/driven_data_pipeline.py took 0.419 seconds
[2025-06-29T02:36:13.011+0000] {processor.py:186} INFO - Started process (PID=2158) to work on /opt/airflow/dags/driven_data_pipeline.py
[2025-06-29T02:36:13.011+0000] {processor.py:914} INFO - Processing file /opt/airflow/dags/driven_data_pipeline.py for tasks to queue
[2025-06-29T02:36:13.014+0000] {logging_mixin.py:190} INFO - [2025-06-29T02:36:13.013+0000] {dagbag.py:588} INFO - Filling up the DagBag from /opt/airflow/dags/driven_data_pipeline.py
[2025-06-29T02:36:13.198+0000] {processor.py:925} INFO - DAG(s) 'extract_raw_data_pipeline' retrieved from /opt/airflow/dags/driven_data_pipeline.py
[2025-06-29T02:36:13.226+0000] {logging_mixin.py:190} INFO - [2025-06-29T02:36:13.225+0000] {dag.py:3239} INFO - Sync 1 DAGs
[2025-06-29T02:36:13.251+0000] {logging_mixin.py:190} INFO - [2025-06-29T02:36:13.250+0000] {dag.py:4180} INFO - Setting next_dagrun for extract_raw_data_pipeline to 2025-06-28 07:58:00+00:00, run_after=2025-06-28 07:59:00+00:00
[2025-06-29T02:36:13.292+0000] {processor.py:208} INFO - Processing /opt/airflow/dags/driven_data_pipeline.py took 0.290 seconds
[2025-06-29T02:36:43.619+0000] {processor.py:186} INFO - Started process (PID=2166) to work on /opt/airflow/dags/driven_data_pipeline.py
[2025-06-29T02:36:43.620+0000] {processor.py:914} INFO - Processing file /opt/airflow/dags/driven_data_pipeline.py for tasks to queue
[2025-06-29T02:36:43.622+0000] {logging_mixin.py:190} INFO - [2025-06-29T02:36:43.621+0000] {dagbag.py:588} INFO - Filling up the DagBag from /opt/airflow/dags/driven_data_pipeline.py
[2025-06-29T02:36:43.791+0000] {processor.py:925} INFO - DAG(s) 'extract_raw_data_pipeline' retrieved from /opt/airflow/dags/driven_data_pipeline.py
[2025-06-29T02:36:43.815+0000] {logging_mixin.py:190} INFO - [2025-06-29T02:36:43.815+0000] {dag.py:3239} INFO - Sync 1 DAGs
[2025-06-29T02:36:43.838+0000] {logging_mixin.py:190} INFO - [2025-06-29T02:36:43.838+0000] {dag.py:4180} INFO - Setting next_dagrun for extract_raw_data_pipeline to 2025-06-28 07:58:00+00:00, run_after=2025-06-28 07:59:00+00:00
[2025-06-29T02:36:43.871+0000] {processor.py:208} INFO - Processing /opt/airflow/dags/driven_data_pipeline.py took 0.259 seconds
[2025-06-29T02:37:14.218+0000] {processor.py:186} INFO - Started process (PID=2174) to work on /opt/airflow/dags/driven_data_pipeline.py
[2025-06-29T02:37:14.219+0000] {processor.py:914} INFO - Processing file /opt/airflow/dags/driven_data_pipeline.py for tasks to queue
[2025-06-29T02:37:14.222+0000] {logging_mixin.py:190} INFO - [2025-06-29T02:37:14.222+0000] {dagbag.py:588} INFO - Filling up the DagBag from /opt/airflow/dags/driven_data_pipeline.py
[2025-06-29T02:37:14.393+0000] {processor.py:925} INFO - DAG(s) 'extract_raw_data_pipeline' retrieved from /opt/airflow/dags/driven_data_pipeline.py
[2025-06-29T02:37:14.418+0000] {logging_mixin.py:190} INFO - [2025-06-29T02:37:14.418+0000] {dag.py:3239} INFO - Sync 1 DAGs
[2025-06-29T02:37:14.440+0000] {logging_mixin.py:190} INFO - [2025-06-29T02:37:14.440+0000] {dag.py:4180} INFO - Setting next_dagrun for extract_raw_data_pipeline to 2025-06-28 07:58:00+00:00, run_after=2025-06-28 07:59:00+00:00
[2025-06-29T02:37:14.602+0000] {processor.py:208} INFO - Processing /opt/airflow/dags/driven_data_pipeline.py took 0.393 seconds
[2025-06-29T02:37:44.961+0000] {processor.py:186} INFO - Started process (PID=2182) to work on /opt/airflow/dags/driven_data_pipeline.py
[2025-06-29T02:37:44.962+0000] {processor.py:914} INFO - Processing file /opt/airflow/dags/driven_data_pipeline.py for tasks to queue
[2025-06-29T02:37:44.965+0000] {logging_mixin.py:190} INFO - [2025-06-29T02:37:44.964+0000] {dagbag.py:588} INFO - Filling up the DagBag from /opt/airflow/dags/driven_data_pipeline.py
[2025-06-29T02:37:45.139+0000] {processor.py:925} INFO - DAG(s) 'extract_raw_data_pipeline' retrieved from /opt/airflow/dags/driven_data_pipeline.py
[2025-06-29T02:37:45.164+0000] {logging_mixin.py:190} INFO - [2025-06-29T02:37:45.164+0000] {dag.py:3239} INFO - Sync 1 DAGs
[2025-06-29T02:37:45.320+0000] {logging_mixin.py:190} INFO - [2025-06-29T02:37:45.319+0000] {dag.py:4180} INFO - Setting next_dagrun for extract_raw_data_pipeline to 2025-06-28 07:58:00+00:00, run_after=2025-06-28 07:59:00+00:00
[2025-06-29T02:37:45.355+0000] {processor.py:208} INFO - Processing /opt/airflow/dags/driven_data_pipeline.py took 0.406 seconds
[2025-06-29T02:38:15.712+0000] {processor.py:186} INFO - Started process (PID=2189) to work on /opt/airflow/dags/driven_data_pipeline.py
[2025-06-29T02:38:15.712+0000] {processor.py:914} INFO - Processing file /opt/airflow/dags/driven_data_pipeline.py for tasks to queue
[2025-06-29T02:38:15.715+0000] {logging_mixin.py:190} INFO - [2025-06-29T02:38:15.714+0000] {dagbag.py:588} INFO - Filling up the DagBag from /opt/airflow/dags/driven_data_pipeline.py
[2025-06-29T02:38:15.883+0000] {processor.py:925} INFO - DAG(s) 'extract_raw_data_pipeline' retrieved from /opt/airflow/dags/driven_data_pipeline.py
[2025-06-29T02:38:15.909+0000] {logging_mixin.py:190} INFO - [2025-06-29T02:38:15.908+0000] {dag.py:3239} INFO - Sync 1 DAGs
[2025-06-29T02:38:15.930+0000] {logging_mixin.py:190} INFO - [2025-06-29T02:38:15.930+0000] {dag.py:4180} INFO - Setting next_dagrun for extract_raw_data_pipeline to 2025-06-28 07:58:00+00:00, run_after=2025-06-28 07:59:00+00:00
[2025-06-29T02:38:15.968+0000] {processor.py:208} INFO - Processing /opt/airflow/dags/driven_data_pipeline.py took 0.263 seconds
[2025-06-29T02:38:46.034+0000] {processor.py:186} INFO - Started process (PID=2197) to work on /opt/airflow/dags/driven_data_pipeline.py
[2025-06-29T02:38:46.036+0000] {processor.py:914} INFO - Processing file /opt/airflow/dags/driven_data_pipeline.py for tasks to queue
[2025-06-29T02:38:46.039+0000] {logging_mixin.py:190} INFO - [2025-06-29T02:38:46.039+0000] {dagbag.py:588} INFO - Filling up the DagBag from /opt/airflow/dags/driven_data_pipeline.py
[2025-06-29T02:38:46.217+0000] {processor.py:925} INFO - DAG(s) 'extract_raw_data_pipeline' retrieved from /opt/airflow/dags/driven_data_pipeline.py
[2025-06-29T02:38:46.241+0000] {logging_mixin.py:190} INFO - [2025-06-29T02:38:46.241+0000] {dag.py:3239} INFO - Sync 1 DAGs
[2025-06-29T02:38:46.264+0000] {logging_mixin.py:190} INFO - [2025-06-29T02:38:46.263+0000] {dag.py:4180} INFO - Setting next_dagrun for extract_raw_data_pipeline to 2025-06-28 07:58:00+00:00, run_after=2025-06-28 07:59:00+00:00
[2025-06-29T02:38:46.297+0000] {processor.py:208} INFO - Processing /opt/airflow/dags/driven_data_pipeline.py took 0.272 seconds
[2025-06-29T02:39:16.545+0000] {processor.py:186} INFO - Started process (PID=2205) to work on /opt/airflow/dags/driven_data_pipeline.py
[2025-06-29T02:39:16.545+0000] {processor.py:914} INFO - Processing file /opt/airflow/dags/driven_data_pipeline.py for tasks to queue
[2025-06-29T02:39:16.548+0000] {logging_mixin.py:190} INFO - [2025-06-29T02:39:16.547+0000] {dagbag.py:588} INFO - Filling up the DagBag from /opt/airflow/dags/driven_data_pipeline.py
[2025-06-29T02:39:16.727+0000] {processor.py:925} INFO - DAG(s) 'extract_raw_data_pipeline' retrieved from /opt/airflow/dags/driven_data_pipeline.py
[2025-06-29T02:39:16.752+0000] {logging_mixin.py:190} INFO - [2025-06-29T02:39:16.751+0000] {dag.py:3239} INFO - Sync 1 DAGs
[2025-06-29T02:39:16.776+0000] {logging_mixin.py:190} INFO - [2025-06-29T02:39:16.776+0000] {dag.py:4180} INFO - Setting next_dagrun for extract_raw_data_pipeline to 2025-06-28 07:58:00+00:00, run_after=2025-06-28 07:59:00+00:00
[2025-06-29T02:39:16.954+0000] {processor.py:208} INFO - Processing /opt/airflow/dags/driven_data_pipeline.py took 0.416 seconds
[2025-06-29T02:39:47.331+0000] {processor.py:186} INFO - Started process (PID=2213) to work on /opt/airflow/dags/driven_data_pipeline.py
[2025-06-29T02:39:47.333+0000] {processor.py:914} INFO - Processing file /opt/airflow/dags/driven_data_pipeline.py for tasks to queue
[2025-06-29T02:39:47.337+0000] {logging_mixin.py:190} INFO - [2025-06-29T02:39:47.337+0000] {dagbag.py:588} INFO - Filling up the DagBag from /opt/airflow/dags/driven_data_pipeline.py
[2025-06-29T02:39:47.519+0000] {processor.py:925} INFO - DAG(s) 'extract_raw_data_pipeline' retrieved from /opt/airflow/dags/driven_data_pipeline.py
[2025-06-29T02:39:47.546+0000] {logging_mixin.py:190} INFO - [2025-06-29T02:39:47.545+0000] {dag.py:3239} INFO - Sync 1 DAGs
[2025-06-29T02:39:47.706+0000] {logging_mixin.py:190} INFO - [2025-06-29T02:39:47.706+0000] {dag.py:4180} INFO - Setting next_dagrun for extract_raw_data_pipeline to 2025-06-28 07:58:00+00:00, run_after=2025-06-28 07:59:00+00:00
[2025-06-29T02:39:47.746+0000] {processor.py:208} INFO - Processing /opt/airflow/dags/driven_data_pipeline.py took 0.428 seconds
[2025-06-29T02:40:18.101+0000] {processor.py:186} INFO - Started process (PID=2221) to work on /opt/airflow/dags/driven_data_pipeline.py
[2025-06-29T02:40:18.102+0000] {processor.py:914} INFO - Processing file /opt/airflow/dags/driven_data_pipeline.py for tasks to queue
[2025-06-29T02:40:18.105+0000] {logging_mixin.py:190} INFO - [2025-06-29T02:40:18.105+0000] {dagbag.py:588} INFO - Filling up the DagBag from /opt/airflow/dags/driven_data_pipeline.py
[2025-06-29T02:40:18.279+0000] {processor.py:925} INFO - DAG(s) 'extract_raw_data_pipeline' retrieved from /opt/airflow/dags/driven_data_pipeline.py
[2025-06-29T02:40:18.308+0000] {logging_mixin.py:190} INFO - [2025-06-29T02:40:18.308+0000] {dag.py:3239} INFO - Sync 1 DAGs
[2025-06-29T02:40:18.331+0000] {logging_mixin.py:190} INFO - [2025-06-29T02:40:18.331+0000] {dag.py:4180} INFO - Setting next_dagrun for extract_raw_data_pipeline to 2025-06-28 07:58:00+00:00, run_after=2025-06-28 07:59:00+00:00
[2025-06-29T02:40:18.369+0000] {processor.py:208} INFO - Processing /opt/airflow/dags/driven_data_pipeline.py took 0.279 seconds
[2025-06-29T02:40:48.426+0000] {processor.py:186} INFO - Started process (PID=2229) to work on /opt/airflow/dags/driven_data_pipeline.py
[2025-06-29T02:40:48.427+0000] {processor.py:914} INFO - Processing file /opt/airflow/dags/driven_data_pipeline.py for tasks to queue
[2025-06-29T02:40:48.429+0000] {logging_mixin.py:190} INFO - [2025-06-29T02:40:48.429+0000] {dagbag.py:588} INFO - Filling up the DagBag from /opt/airflow/dags/driven_data_pipeline.py
[2025-06-29T02:40:48.599+0000] {processor.py:925} INFO - DAG(s) 'extract_raw_data_pipeline' retrieved from /opt/airflow/dags/driven_data_pipeline.py
[2025-06-29T02:40:48.623+0000] {logging_mixin.py:190} INFO - [2025-06-29T02:40:48.623+0000] {dag.py:3239} INFO - Sync 1 DAGs
[2025-06-29T02:40:48.646+0000] {logging_mixin.py:190} INFO - [2025-06-29T02:40:48.646+0000] {dag.py:4180} INFO - Setting next_dagrun for extract_raw_data_pipeline to 2025-06-28 07:58:00+00:00, run_after=2025-06-28 07:59:00+00:00
[2025-06-29T02:40:48.692+0000] {processor.py:208} INFO - Processing /opt/airflow/dags/driven_data_pipeline.py took 0.272 seconds
[2025-06-29T02:41:18.981+0000] {processor.py:186} INFO - Started process (PID=2237) to work on /opt/airflow/dags/driven_data_pipeline.py
[2025-06-29T02:41:18.982+0000] {processor.py:914} INFO - Processing file /opt/airflow/dags/driven_data_pipeline.py for tasks to queue
[2025-06-29T02:41:18.985+0000] {logging_mixin.py:190} INFO - [2025-06-29T02:41:18.984+0000] {dagbag.py:588} INFO - Filling up the DagBag from /opt/airflow/dags/driven_data_pipeline.py
[2025-06-29T02:41:19.158+0000] {processor.py:925} INFO - DAG(s) 'extract_raw_data_pipeline' retrieved from /opt/airflow/dags/driven_data_pipeline.py
[2025-06-29T02:41:19.181+0000] {logging_mixin.py:190} INFO - [2025-06-29T02:41:19.181+0000] {dag.py:3239} INFO - Sync 1 DAGs
[2025-06-29T02:41:19.203+0000] {logging_mixin.py:190} INFO - [2025-06-29T02:41:19.203+0000] {dag.py:4180} INFO - Setting next_dagrun for extract_raw_data_pipeline to 2025-06-28 07:58:00+00:00, run_after=2025-06-28 07:59:00+00:00
[2025-06-29T02:41:19.389+0000] {processor.py:208} INFO - Processing /opt/airflow/dags/driven_data_pipeline.py took 0.417 seconds
[2025-06-29T02:41:49.706+0000] {processor.py:186} INFO - Started process (PID=2245) to work on /opt/airflow/dags/driven_data_pipeline.py
[2025-06-29T02:41:49.708+0000] {processor.py:914} INFO - Processing file /opt/airflow/dags/driven_data_pipeline.py for tasks to queue
[2025-06-29T02:41:49.710+0000] {logging_mixin.py:190} INFO - [2025-06-29T02:41:49.710+0000] {dagbag.py:588} INFO - Filling up the DagBag from /opt/airflow/dags/driven_data_pipeline.py
[2025-06-29T02:41:49.886+0000] {processor.py:925} INFO - DAG(s) 'extract_raw_data_pipeline' retrieved from /opt/airflow/dags/driven_data_pipeline.py
[2025-06-29T02:41:49.911+0000] {logging_mixin.py:190} INFO - [2025-06-29T02:41:49.910+0000] {dag.py:3239} INFO - Sync 1 DAGs
[2025-06-29T02:41:50.064+0000] {logging_mixin.py:190} INFO - [2025-06-29T02:41:50.063+0000] {dag.py:4180} INFO - Setting next_dagrun for extract_raw_data_pipeline to 2025-06-28 07:58:00+00:00, run_after=2025-06-28 07:59:00+00:00
[2025-06-29T02:41:50.468+0000] {processor.py:208} INFO - Processing /opt/airflow/dags/driven_data_pipeline.py took 0.768 seconds
[2025-06-29T02:42:20.624+0000] {processor.py:186} INFO - Started process (PID=2253) to work on /opt/airflow/dags/driven_data_pipeline.py
[2025-06-29T02:42:20.625+0000] {processor.py:914} INFO - Processing file /opt/airflow/dags/driven_data_pipeline.py for tasks to queue
[2025-06-29T02:42:20.627+0000] {logging_mixin.py:190} INFO - [2025-06-29T02:42:20.627+0000] {dagbag.py:588} INFO - Filling up the DagBag from /opt/airflow/dags/driven_data_pipeline.py
[2025-06-29T02:42:20.810+0000] {processor.py:925} INFO - DAG(s) 'extract_raw_data_pipeline' retrieved from /opt/airflow/dags/driven_data_pipeline.py
[2025-06-29T02:42:20.837+0000] {logging_mixin.py:190} INFO - [2025-06-29T02:42:20.836+0000] {dag.py:3239} INFO - Sync 1 DAGs
[2025-06-29T02:42:20.859+0000] {logging_mixin.py:190} INFO - [2025-06-29T02:42:20.859+0000] {dag.py:4180} INFO - Setting next_dagrun for extract_raw_data_pipeline to 2025-06-28 07:58:00+00:00, run_after=2025-06-28 07:59:00+00:00
[2025-06-29T02:42:20.895+0000] {processor.py:208} INFO - Processing /opt/airflow/dags/driven_data_pipeline.py took 0.278 seconds
[2025-06-29T02:42:51.157+0000] {processor.py:186} INFO - Started process (PID=2261) to work on /opt/airflow/dags/driven_data_pipeline.py
[2025-06-29T02:42:51.158+0000] {processor.py:914} INFO - Processing file /opt/airflow/dags/driven_data_pipeline.py for tasks to queue
[2025-06-29T02:42:51.162+0000] {logging_mixin.py:190} INFO - [2025-06-29T02:42:51.162+0000] {dagbag.py:588} INFO - Filling up the DagBag from /opt/airflow/dags/driven_data_pipeline.py
[2025-06-29T02:42:51.341+0000] {processor.py:925} INFO - DAG(s) 'extract_raw_data_pipeline' retrieved from /opt/airflow/dags/driven_data_pipeline.py
[2025-06-29T02:42:51.365+0000] {logging_mixin.py:190} INFO - [2025-06-29T02:42:51.364+0000] {dag.py:3239} INFO - Sync 1 DAGs
[2025-06-29T02:42:51.388+0000] {logging_mixin.py:190} INFO - [2025-06-29T02:42:51.388+0000] {dag.py:4180} INFO - Setting next_dagrun for extract_raw_data_pipeline to 2025-06-28 07:58:00+00:00, run_after=2025-06-28 07:59:00+00:00
[2025-06-29T02:42:51.434+0000] {processor.py:208} INFO - Processing /opt/airflow/dags/driven_data_pipeline.py took 0.290 seconds
[2025-06-29T02:43:21.519+0000] {processor.py:186} INFO - Started process (PID=2269) to work on /opt/airflow/dags/driven_data_pipeline.py
[2025-06-29T02:43:21.520+0000] {processor.py:914} INFO - Processing file /opt/airflow/dags/driven_data_pipeline.py for tasks to queue
[2025-06-29T02:43:21.523+0000] {logging_mixin.py:190} INFO - [2025-06-29T02:43:21.522+0000] {dagbag.py:588} INFO - Filling up the DagBag from /opt/airflow/dags/driven_data_pipeline.py
[2025-06-29T02:43:21.697+0000] {processor.py:925} INFO - DAG(s) 'extract_raw_data_pipeline' retrieved from /opt/airflow/dags/driven_data_pipeline.py
[2025-06-29T02:43:21.722+0000] {logging_mixin.py:190} INFO - [2025-06-29T02:43:21.722+0000] {dag.py:3239} INFO - Sync 1 DAGs
[2025-06-29T02:43:21.745+0000] {logging_mixin.py:190} INFO - [2025-06-29T02:43:21.745+0000] {dag.py:4180} INFO - Setting next_dagrun for extract_raw_data_pipeline to 2025-06-28 07:58:00+00:00, run_after=2025-06-28 07:59:00+00:00
[2025-06-29T02:43:22.354+0000] {processor.py:208} INFO - Processing /opt/airflow/dags/driven_data_pipeline.py took 0.843 seconds
[2025-06-29T02:43:52.747+0000] {processor.py:186} INFO - Started process (PID=2277) to work on /opt/airflow/dags/driven_data_pipeline.py
[2025-06-29T02:43:52.749+0000] {processor.py:914} INFO - Processing file /opt/airflow/dags/driven_data_pipeline.py for tasks to queue
[2025-06-29T02:43:52.751+0000] {logging_mixin.py:190} INFO - [2025-06-29T02:43:52.750+0000] {dagbag.py:588} INFO - Filling up the DagBag from /opt/airflow/dags/driven_data_pipeline.py
[2025-06-29T02:43:52.920+0000] {processor.py:925} INFO - DAG(s) 'extract_raw_data_pipeline' retrieved from /opt/airflow/dags/driven_data_pipeline.py
[2025-06-29T02:43:52.945+0000] {logging_mixin.py:190} INFO - [2025-06-29T02:43:52.944+0000] {dag.py:3239} INFO - Sync 1 DAGs
[2025-06-29T02:43:53.098+0000] {logging_mixin.py:190} INFO - [2025-06-29T02:43:53.098+0000] {dag.py:4180} INFO - Setting next_dagrun for extract_raw_data_pipeline to 2025-06-28 07:58:00+00:00, run_after=2025-06-28 07:59:00+00:00
[2025-06-29T02:43:53.128+0000] {processor.py:208} INFO - Processing /opt/airflow/dags/driven_data_pipeline.py took 0.387 seconds
[2025-06-29T02:44:23.351+0000] {processor.py:186} INFO - Started process (PID=2285) to work on /opt/airflow/dags/driven_data_pipeline.py
[2025-06-29T02:44:23.351+0000] {processor.py:914} INFO - Processing file /opt/airflow/dags/driven_data_pipeline.py for tasks to queue
[2025-06-29T02:44:23.354+0000] {logging_mixin.py:190} INFO - [2025-06-29T02:44:23.353+0000] {dagbag.py:588} INFO - Filling up the DagBag from /opt/airflow/dags/driven_data_pipeline.py
[2025-06-29T02:44:23.532+0000] {processor.py:925} INFO - DAG(s) 'extract_raw_data_pipeline' retrieved from /opt/airflow/dags/driven_data_pipeline.py
[2025-06-29T02:44:23.557+0000] {logging_mixin.py:190} INFO - [2025-06-29T02:44:23.556+0000] {dag.py:3239} INFO - Sync 1 DAGs
[2025-06-29T02:44:23.579+0000] {logging_mixin.py:190} INFO - [2025-06-29T02:44:23.578+0000] {dag.py:4180} INFO - Setting next_dagrun for extract_raw_data_pipeline to 2025-06-28 07:58:00+00:00, run_after=2025-06-28 07:59:00+00:00
[2025-06-29T02:44:23.619+0000] {processor.py:208} INFO - Processing /opt/airflow/dags/driven_data_pipeline.py took 0.278 seconds
[2025-06-29T02:44:53.738+0000] {processor.py:186} INFO - Started process (PID=2293) to work on /opt/airflow/dags/driven_data_pipeline.py
[2025-06-29T02:44:53.740+0000] {processor.py:914} INFO - Processing file /opt/airflow/dags/driven_data_pipeline.py for tasks to queue
[2025-06-29T02:44:53.743+0000] {logging_mixin.py:190} INFO - [2025-06-29T02:44:53.742+0000] {dagbag.py:588} INFO - Filling up the DagBag from /opt/airflow/dags/driven_data_pipeline.py
[2025-06-29T02:44:53.977+0000] {processor.py:925} INFO - DAG(s) 'extract_raw_data_pipeline' retrieved from /opt/airflow/dags/driven_data_pipeline.py
[2025-06-29T02:44:54.006+0000] {logging_mixin.py:190} INFO - [2025-06-29T02:44:54.006+0000] {dag.py:3239} INFO - Sync 1 DAGs
[2025-06-29T02:44:54.034+0000] {logging_mixin.py:190} INFO - [2025-06-29T02:44:54.034+0000] {dag.py:4180} INFO - Setting next_dagrun for extract_raw_data_pipeline to 2025-06-28 07:58:00+00:00, run_after=2025-06-28 07:59:00+00:00
[2025-06-29T02:44:54.091+0000] {processor.py:208} INFO - Processing /opt/airflow/dags/driven_data_pipeline.py took 0.364 seconds
[2025-06-29T02:45:24.372+0000] {processor.py:186} INFO - Started process (PID=2301) to work on /opt/airflow/dags/driven_data_pipeline.py
[2025-06-29T02:45:24.373+0000] {processor.py:914} INFO - Processing file /opt/airflow/dags/driven_data_pipeline.py for tasks to queue
[2025-06-29T02:45:24.378+0000] {logging_mixin.py:190} INFO - [2025-06-29T02:45:24.377+0000] {dagbag.py:588} INFO - Filling up the DagBag from /opt/airflow/dags/driven_data_pipeline.py
[2025-06-29T02:45:24.575+0000] {processor.py:925} INFO - DAG(s) 'extract_raw_data_pipeline' retrieved from /opt/airflow/dags/driven_data_pipeline.py
[2025-06-29T02:45:24.600+0000] {logging_mixin.py:190} INFO - [2025-06-29T02:45:24.599+0000] {dag.py:3239} INFO - Sync 1 DAGs
[2025-06-29T02:45:24.623+0000] {logging_mixin.py:190} INFO - [2025-06-29T02:45:24.622+0000] {dag.py:4180} INFO - Setting next_dagrun for extract_raw_data_pipeline to 2025-06-28 07:58:00+00:00, run_after=2025-06-28 07:59:00+00:00
[2025-06-29T02:45:24.792+0000] {processor.py:208} INFO - Processing /opt/airflow/dags/driven_data_pipeline.py took 0.454 seconds
[2025-06-29T02:45:55.170+0000] {processor.py:186} INFO - Started process (PID=2309) to work on /opt/airflow/dags/driven_data_pipeline.py
[2025-06-29T02:45:55.171+0000] {processor.py:914} INFO - Processing file /opt/airflow/dags/driven_data_pipeline.py for tasks to queue
[2025-06-29T02:45:55.174+0000] {logging_mixin.py:190} INFO - [2025-06-29T02:45:55.173+0000] {dagbag.py:588} INFO - Filling up the DagBag from /opt/airflow/dags/driven_data_pipeline.py
[2025-06-29T02:45:55.366+0000] {processor.py:925} INFO - DAG(s) 'extract_raw_data_pipeline' retrieved from /opt/airflow/dags/driven_data_pipeline.py
[2025-06-29T02:45:55.393+0000] {logging_mixin.py:190} INFO - [2025-06-29T02:45:55.393+0000] {dag.py:3239} INFO - Sync 1 DAGs
[2025-06-29T02:45:55.559+0000] {logging_mixin.py:190} INFO - [2025-06-29T02:45:55.559+0000] {dag.py:4180} INFO - Setting next_dagrun for extract_raw_data_pipeline to 2025-06-28 07:58:00+00:00, run_after=2025-06-28 07:59:00+00:00
[2025-06-29T02:45:55.618+0000] {processor.py:208} INFO - Processing /opt/airflow/dags/driven_data_pipeline.py took 0.457 seconds
[2025-06-29T02:46:26.040+0000] {processor.py:186} INFO - Started process (PID=2323) to work on /opt/airflow/dags/driven_data_pipeline.py
[2025-06-29T02:46:26.041+0000] {processor.py:914} INFO - Processing file /opt/airflow/dags/driven_data_pipeline.py for tasks to queue
[2025-06-29T02:46:26.043+0000] {logging_mixin.py:190} INFO - [2025-06-29T02:46:26.043+0000] {dagbag.py:588} INFO - Filling up the DagBag from /opt/airflow/dags/driven_data_pipeline.py
[2025-06-29T02:46:26.234+0000] {processor.py:925} INFO - DAG(s) 'extract_raw_data_pipeline' retrieved from /opt/airflow/dags/driven_data_pipeline.py
[2025-06-29T02:46:26.265+0000] {logging_mixin.py:190} INFO - [2025-06-29T02:46:26.265+0000] {dag.py:3239} INFO - Sync 1 DAGs
[2025-06-29T02:46:26.291+0000] {logging_mixin.py:190} INFO - [2025-06-29T02:46:26.291+0000] {dag.py:4180} INFO - Setting next_dagrun for extract_raw_data_pipeline to 2025-06-28 07:58:00+00:00, run_after=2025-06-28 07:59:00+00:00
[2025-06-29T02:46:26.410+0000] {processor.py:208} INFO - Processing /opt/airflow/dags/driven_data_pipeline.py took 0.377 seconds
[2025-06-29T02:46:56.792+0000] {processor.py:186} INFO - Started process (PID=2331) to work on /opt/airflow/dags/driven_data_pipeline.py
[2025-06-29T02:46:56.794+0000] {processor.py:914} INFO - Processing file /opt/airflow/dags/driven_data_pipeline.py for tasks to queue
[2025-06-29T02:46:56.801+0000] {logging_mixin.py:190} INFO - [2025-06-29T02:46:56.800+0000] {dagbag.py:588} INFO - Filling up the DagBag from /opt/airflow/dags/driven_data_pipeline.py
[2025-06-29T02:46:57.012+0000] {processor.py:925} INFO - DAG(s) 'extract_raw_data_pipeline' retrieved from /opt/airflow/dags/driven_data_pipeline.py
[2025-06-29T02:46:57.039+0000] {logging_mixin.py:190} INFO - [2025-06-29T02:46:57.039+0000] {dag.py:3239} INFO - Sync 1 DAGs
[2025-06-29T02:46:57.061+0000] {logging_mixin.py:190} INFO - [2025-06-29T02:46:57.061+0000] {dag.py:4180} INFO - Setting next_dagrun for extract_raw_data_pipeline to 2025-06-28 07:58:00+00:00, run_after=2025-06-28 07:59:00+00:00
[2025-06-29T02:46:57.181+0000] {processor.py:208} INFO - Processing /opt/airflow/dags/driven_data_pipeline.py took 0.409 seconds
[2025-06-29T02:47:27.570+0000] {processor.py:186} INFO - Started process (PID=2339) to work on /opt/airflow/dags/driven_data_pipeline.py
[2025-06-29T02:47:27.571+0000] {processor.py:914} INFO - Processing file /opt/airflow/dags/driven_data_pipeline.py for tasks to queue
[2025-06-29T02:47:27.574+0000] {logging_mixin.py:190} INFO - [2025-06-29T02:47:27.573+0000] {dagbag.py:588} INFO - Filling up the DagBag from /opt/airflow/dags/driven_data_pipeline.py
[2025-06-29T02:47:27.752+0000] {processor.py:925} INFO - DAG(s) 'extract_raw_data_pipeline' retrieved from /opt/airflow/dags/driven_data_pipeline.py
[2025-06-29T02:47:27.777+0000] {logging_mixin.py:190} INFO - [2025-06-29T02:47:27.777+0000] {dag.py:3239} INFO - Sync 1 DAGs
[2025-06-29T02:47:27.800+0000] {logging_mixin.py:190} INFO - [2025-06-29T02:47:27.800+0000] {dag.py:4180} INFO - Setting next_dagrun for extract_raw_data_pipeline to 2025-06-28 07:58:00+00:00, run_after=2025-06-28 07:59:00+00:00
[2025-06-29T02:47:27.968+0000] {processor.py:208} INFO - Processing /opt/airflow/dags/driven_data_pipeline.py took 0.406 seconds
[2025-06-29T02:47:58.352+0000] {processor.py:186} INFO - Started process (PID=2347) to work on /opt/airflow/dags/driven_data_pipeline.py
[2025-06-29T02:47:58.352+0000] {processor.py:914} INFO - Processing file /opt/airflow/dags/driven_data_pipeline.py for tasks to queue
[2025-06-29T02:47:58.355+0000] {logging_mixin.py:190} INFO - [2025-06-29T02:47:58.354+0000] {dagbag.py:588} INFO - Filling up the DagBag from /opt/airflow/dags/driven_data_pipeline.py
[2025-06-29T02:47:58.548+0000] {processor.py:925} INFO - DAG(s) 'extract_raw_data_pipeline' retrieved from /opt/airflow/dags/driven_data_pipeline.py
[2025-06-29T02:47:58.579+0000] {logging_mixin.py:190} INFO - [2025-06-29T02:47:58.578+0000] {dag.py:3239} INFO - Sync 1 DAGs
[2025-06-29T02:47:58.770+0000] {logging_mixin.py:190} INFO - [2025-06-29T02:47:58.770+0000] {dag.py:4180} INFO - Setting next_dagrun for extract_raw_data_pipeline to 2025-06-28 07:58:00+00:00, run_after=2025-06-28 07:59:00+00:00
[2025-06-29T02:47:59.167+0000] {processor.py:208} INFO - Processing /opt/airflow/dags/driven_data_pipeline.py took 0.821 seconds
[2025-06-29T02:48:29.279+0000] {processor.py:186} INFO - Started process (PID=2355) to work on /opt/airflow/dags/driven_data_pipeline.py
[2025-06-29T02:48:29.289+0000] {processor.py:914} INFO - Processing file /opt/airflow/dags/driven_data_pipeline.py for tasks to queue
[2025-06-29T02:48:29.294+0000] {logging_mixin.py:190} INFO - [2025-06-29T02:48:29.293+0000] {dagbag.py:588} INFO - Filling up the DagBag from /opt/airflow/dags/driven_data_pipeline.py
[2025-06-29T02:48:29.612+0000] {processor.py:925} INFO - DAG(s) 'extract_raw_data_pipeline' retrieved from /opt/airflow/dags/driven_data_pipeline.py
[2025-06-29T02:48:29.655+0000] {logging_mixin.py:190} INFO - [2025-06-29T02:48:29.655+0000] {dag.py:3239} INFO - Sync 1 DAGs
[2025-06-29T02:48:29.712+0000] {logging_mixin.py:190} INFO - [2025-06-29T02:48:29.711+0000] {dag.py:4180} INFO - Setting next_dagrun for extract_raw_data_pipeline to 2025-06-28 07:58:00+00:00, run_after=2025-06-28 07:59:00+00:00
[2025-06-29T02:48:29.767+0000] {processor.py:208} INFO - Processing /opt/airflow/dags/driven_data_pipeline.py took 0.500 seconds
[2025-06-29T02:48:59.851+0000] {processor.py:186} INFO - Started process (PID=2363) to work on /opt/airflow/dags/driven_data_pipeline.py
[2025-06-29T02:48:59.852+0000] {processor.py:914} INFO - Processing file /opt/airflow/dags/driven_data_pipeline.py for tasks to queue
[2025-06-29T02:48:59.855+0000] {logging_mixin.py:190} INFO - [2025-06-29T02:48:59.855+0000] {dagbag.py:588} INFO - Filling up the DagBag from /opt/airflow/dags/driven_data_pipeline.py
[2025-06-29T02:49:00.034+0000] {processor.py:925} INFO - DAG(s) 'extract_raw_data_pipeline' retrieved from /opt/airflow/dags/driven_data_pipeline.py
[2025-06-29T02:49:00.059+0000] {logging_mixin.py:190} INFO - [2025-06-29T02:49:00.058+0000] {dag.py:3239} INFO - Sync 1 DAGs
[2025-06-29T02:49:00.081+0000] {logging_mixin.py:190} INFO - [2025-06-29T02:49:00.080+0000] {dag.py:4180} INFO - Setting next_dagrun for extract_raw_data_pipeline to 2025-06-28 07:58:00+00:00, run_after=2025-06-28 07:59:00+00:00
[2025-06-29T02:49:00.341+0000] {processor.py:208} INFO - Processing /opt/airflow/dags/driven_data_pipeline.py took 0.500 seconds
[2025-06-29T02:49:30.511+0000] {processor.py:186} INFO - Started process (PID=2371) to work on /opt/airflow/dags/driven_data_pipeline.py
[2025-06-29T02:49:30.513+0000] {processor.py:914} INFO - Processing file /opt/airflow/dags/driven_data_pipeline.py for tasks to queue
[2025-06-29T02:49:30.518+0000] {logging_mixin.py:190} INFO - [2025-06-29T02:49:30.517+0000] {dagbag.py:588} INFO - Filling up the DagBag from /opt/airflow/dags/driven_data_pipeline.py
[2025-06-29T02:49:30.747+0000] {processor.py:925} INFO - DAG(s) 'extract_raw_data_pipeline' retrieved from /opt/airflow/dags/driven_data_pipeline.py
[2025-06-29T02:49:30.785+0000] {logging_mixin.py:190} INFO - [2025-06-29T02:49:30.785+0000] {dag.py:3239} INFO - Sync 1 DAGs
[2025-06-29T02:49:30.810+0000] {logging_mixin.py:190} INFO - [2025-06-29T02:49:30.809+0000] {dag.py:4180} INFO - Setting next_dagrun for extract_raw_data_pipeline to 2025-06-28 07:58:00+00:00, run_after=2025-06-28 07:59:00+00:00
[2025-06-29T02:49:31.043+0000] {processor.py:208} INFO - Processing /opt/airflow/dags/driven_data_pipeline.py took 0.559 seconds
[2025-06-29T02:50:01.443+0000] {processor.py:186} INFO - Started process (PID=2379) to work on /opt/airflow/dags/driven_data_pipeline.py
[2025-06-29T02:50:01.444+0000] {processor.py:914} INFO - Processing file /opt/airflow/dags/driven_data_pipeline.py for tasks to queue
[2025-06-29T02:50:01.447+0000] {logging_mixin.py:190} INFO - [2025-06-29T02:50:01.447+0000] {dagbag.py:588} INFO - Filling up the DagBag from /opt/airflow/dags/driven_data_pipeline.py
[2025-06-29T02:50:01.622+0000] {processor.py:925} INFO - DAG(s) 'extract_raw_data_pipeline' retrieved from /opt/airflow/dags/driven_data_pipeline.py
[2025-06-29T02:50:01.646+0000] {logging_mixin.py:190} INFO - [2025-06-29T02:50:01.646+0000] {dag.py:3239} INFO - Sync 1 DAGs
[2025-06-29T02:50:01.806+0000] {logging_mixin.py:190} INFO - [2025-06-29T02:50:01.806+0000] {dag.py:4180} INFO - Setting next_dagrun for extract_raw_data_pipeline to 2025-06-28 07:58:00+00:00, run_after=2025-06-28 07:59:00+00:00
[2025-06-29T02:50:01.952+0000] {processor.py:208} INFO - Processing /opt/airflow/dags/driven_data_pipeline.py took 0.520 seconds
[2025-06-29T02:50:32.304+0000] {processor.py:186} INFO - Started process (PID=2387) to work on /opt/airflow/dags/driven_data_pipeline.py
[2025-06-29T02:50:32.305+0000] {processor.py:914} INFO - Processing file /opt/airflow/dags/driven_data_pipeline.py for tasks to queue
[2025-06-29T02:50:32.307+0000] {logging_mixin.py:190} INFO - [2025-06-29T02:50:32.307+0000] {dagbag.py:588} INFO - Filling up the DagBag from /opt/airflow/dags/driven_data_pipeline.py
[2025-06-29T02:50:32.479+0000] {processor.py:925} INFO - DAG(s) 'extract_raw_data_pipeline' retrieved from /opt/airflow/dags/driven_data_pipeline.py
[2025-06-29T02:50:32.505+0000] {logging_mixin.py:190} INFO - [2025-06-29T02:50:32.505+0000] {dag.py:3239} INFO - Sync 1 DAGs
[2025-06-29T02:50:32.527+0000] {logging_mixin.py:190} INFO - [2025-06-29T02:50:32.527+0000] {dag.py:4180} INFO - Setting next_dagrun for extract_raw_data_pipeline to 2025-06-28 07:58:00+00:00, run_after=2025-06-28 07:59:00+00:00
[2025-06-29T02:50:32.564+0000] {processor.py:208} INFO - Processing /opt/airflow/dags/driven_data_pipeline.py took 0.268 seconds
[2025-06-29T02:51:02.626+0000] {processor.py:186} INFO - Started process (PID=2395) to work on /opt/airflow/dags/driven_data_pipeline.py
[2025-06-29T02:51:02.628+0000] {processor.py:914} INFO - Processing file /opt/airflow/dags/driven_data_pipeline.py for tasks to queue
[2025-06-29T02:51:02.632+0000] {logging_mixin.py:190} INFO - [2025-06-29T02:51:02.631+0000] {dagbag.py:588} INFO - Filling up the DagBag from /opt/airflow/dags/driven_data_pipeline.py
[2025-06-29T02:51:02.940+0000] {processor.py:925} INFO - DAG(s) 'extract_raw_data_pipeline' retrieved from /opt/airflow/dags/driven_data_pipeline.py
[2025-06-29T02:51:02.971+0000] {logging_mixin.py:190} INFO - [2025-06-29T02:51:02.971+0000] {dag.py:3239} INFO - Sync 1 DAGs
[2025-06-29T02:51:03.000+0000] {logging_mixin.py:190} INFO - [2025-06-29T02:51:03.000+0000] {dag.py:4180} INFO - Setting next_dagrun for extract_raw_data_pipeline to 2025-06-28 07:58:00+00:00, run_after=2025-06-28 07:59:00+00:00
[2025-06-29T02:51:03.042+0000] {processor.py:208} INFO - Processing /opt/airflow/dags/driven_data_pipeline.py took 0.430 seconds
[2025-06-29T02:51:33.273+0000] {processor.py:186} INFO - Started process (PID=2403) to work on /opt/airflow/dags/driven_data_pipeline.py
[2025-06-29T02:51:33.275+0000] {processor.py:914} INFO - Processing file /opt/airflow/dags/driven_data_pipeline.py for tasks to queue
[2025-06-29T02:51:33.279+0000] {logging_mixin.py:190} INFO - [2025-06-29T02:51:33.278+0000] {dagbag.py:588} INFO - Filling up the DagBag from /opt/airflow/dags/driven_data_pipeline.py
[2025-06-29T02:51:33.484+0000] {processor.py:925} INFO - DAG(s) 'extract_raw_data_pipeline' retrieved from /opt/airflow/dags/driven_data_pipeline.py
[2025-06-29T02:51:33.508+0000] {logging_mixin.py:190} INFO - [2025-06-29T02:51:33.508+0000] {dag.py:3239} INFO - Sync 1 DAGs
[2025-06-29T02:51:33.535+0000] {logging_mixin.py:190} INFO - [2025-06-29T02:51:33.534+0000] {dag.py:4180} INFO - Setting next_dagrun for extract_raw_data_pipeline to 2025-06-28 07:58:00+00:00, run_after=2025-06-28 07:59:00+00:00
[2025-06-29T02:51:33.727+0000] {processor.py:208} INFO - Processing /opt/airflow/dags/driven_data_pipeline.py took 0.468 seconds
[2025-06-29T02:52:03.767+0000] {processor.py:186} INFO - Started process (PID=2411) to work on /opt/airflow/dags/driven_data_pipeline.py
[2025-06-29T02:52:03.768+0000] {processor.py:914} INFO - Processing file /opt/airflow/dags/driven_data_pipeline.py for tasks to queue
[2025-06-29T02:52:03.770+0000] {logging_mixin.py:190} INFO - [2025-06-29T02:52:03.770+0000] {dagbag.py:588} INFO - Filling up the DagBag from /opt/airflow/dags/driven_data_pipeline.py
[2025-06-29T02:52:03.993+0000] {processor.py:925} INFO - DAG(s) 'extract_raw_data_pipeline' retrieved from /opt/airflow/dags/driven_data_pipeline.py
[2025-06-29T02:52:04.031+0000] {logging_mixin.py:190} INFO - [2025-06-29T02:52:04.030+0000] {dag.py:3239} INFO - Sync 1 DAGs
[2025-06-29T02:52:04.224+0000] {logging_mixin.py:190} INFO - [2025-06-29T02:52:04.224+0000] {dag.py:4180} INFO - Setting next_dagrun for extract_raw_data_pipeline to 2025-06-28 07:58:00+00:00, run_after=2025-06-28 07:59:00+00:00
[2025-06-29T02:52:04.265+0000] {processor.py:208} INFO - Processing /opt/airflow/dags/driven_data_pipeline.py took 0.506 seconds
[2025-06-29T02:52:34.546+0000] {processor.py:186} INFO - Started process (PID=2419) to work on /opt/airflow/dags/driven_data_pipeline.py
[2025-06-29T02:52:34.547+0000] {processor.py:914} INFO - Processing file /opt/airflow/dags/driven_data_pipeline.py for tasks to queue
[2025-06-29T02:52:34.551+0000] {logging_mixin.py:190} INFO - [2025-06-29T02:52:34.550+0000] {dagbag.py:588} INFO - Filling up the DagBag from /opt/airflow/dags/driven_data_pipeline.py
[2025-06-29T02:52:34.737+0000] {processor.py:925} INFO - DAG(s) 'extract_raw_data_pipeline' retrieved from /opt/airflow/dags/driven_data_pipeline.py
[2025-06-29T02:52:34.901+0000] {logging_mixin.py:190} INFO - [2025-06-29T02:52:34.901+0000] {dag.py:3239} INFO - Sync 1 DAGs
[2025-06-29T02:52:34.923+0000] {logging_mixin.py:190} INFO - [2025-06-29T02:52:34.922+0000] {dag.py:4180} INFO - Setting next_dagrun for extract_raw_data_pipeline to 2025-06-28 07:58:00+00:00, run_after=2025-06-28 07:59:00+00:00
[2025-06-29T02:52:34.963+0000] {processor.py:208} INFO - Processing /opt/airflow/dags/driven_data_pipeline.py took 0.427 seconds
[2025-06-29T02:53:05.339+0000] {processor.py:186} INFO - Started process (PID=2427) to work on /opt/airflow/dags/driven_data_pipeline.py
[2025-06-29T02:53:05.339+0000] {processor.py:914} INFO - Processing file /opt/airflow/dags/driven_data_pipeline.py for tasks to queue
[2025-06-29T02:53:05.342+0000] {logging_mixin.py:190} INFO - [2025-06-29T02:53:05.341+0000] {dagbag.py:588} INFO - Filling up the DagBag from /opt/airflow/dags/driven_data_pipeline.py
[2025-06-29T02:53:05.513+0000] {processor.py:925} INFO - DAG(s) 'extract_raw_data_pipeline' retrieved from /opt/airflow/dags/driven_data_pipeline.py
[2025-06-29T02:53:05.538+0000] {logging_mixin.py:190} INFO - [2025-06-29T02:53:05.538+0000] {dag.py:3239} INFO - Sync 1 DAGs
[2025-06-29T02:53:05.561+0000] {logging_mixin.py:190} INFO - [2025-06-29T02:53:05.561+0000] {dag.py:4180} INFO - Setting next_dagrun for extract_raw_data_pipeline to 2025-06-28 07:58:00+00:00, run_after=2025-06-28 07:59:00+00:00
[2025-06-29T02:53:06.167+0000] {processor.py:208} INFO - Processing /opt/airflow/dags/driven_data_pipeline.py took 0.837 seconds
[2025-06-29T02:53:36.271+0000] {processor.py:186} INFO - Started process (PID=2435) to work on /opt/airflow/dags/driven_data_pipeline.py
[2025-06-29T02:53:36.299+0000] {processor.py:914} INFO - Processing file /opt/airflow/dags/driven_data_pipeline.py for tasks to queue
[2025-06-29T02:53:36.303+0000] {logging_mixin.py:190} INFO - [2025-06-29T02:53:36.303+0000] {dagbag.py:588} INFO - Filling up the DagBag from /opt/airflow/dags/driven_data_pipeline.py
[2025-06-29T02:53:36.517+0000] {processor.py:925} INFO - DAG(s) 'extract_raw_data_pipeline' retrieved from /opt/airflow/dags/driven_data_pipeline.py
[2025-06-29T02:53:36.541+0000] {logging_mixin.py:190} INFO - [2025-06-29T02:53:36.541+0000] {dag.py:3239} INFO - Sync 1 DAGs
[2025-06-29T02:53:36.563+0000] {logging_mixin.py:190} INFO - [2025-06-29T02:53:36.563+0000] {dag.py:4180} INFO - Setting next_dagrun for extract_raw_data_pipeline to 2025-06-28 07:58:00+00:00, run_after=2025-06-28 07:59:00+00:00
[2025-06-29T02:53:36.727+0000] {processor.py:208} INFO - Processing /opt/airflow/dags/driven_data_pipeline.py took 0.468 seconds
[2025-06-29T02:54:06.836+0000] {processor.py:186} INFO - Started process (PID=2443) to work on /opt/airflow/dags/driven_data_pipeline.py
[2025-06-29T02:54:06.837+0000] {processor.py:914} INFO - Processing file /opt/airflow/dags/driven_data_pipeline.py for tasks to queue
[2025-06-29T02:54:06.839+0000] {logging_mixin.py:190} INFO - [2025-06-29T02:54:06.838+0000] {dagbag.py:588} INFO - Filling up the DagBag from /opt/airflow/dags/driven_data_pipeline.py
[2025-06-29T02:54:07.068+0000] {processor.py:925} INFO - DAG(s) 'extract_raw_data_pipeline' retrieved from /opt/airflow/dags/driven_data_pipeline.py
[2025-06-29T02:54:07.109+0000] {logging_mixin.py:190} INFO - [2025-06-29T02:54:07.109+0000] {dag.py:3239} INFO - Sync 1 DAGs
[2025-06-29T02:54:07.324+0000] {logging_mixin.py:190} INFO - [2025-06-29T02:54:07.323+0000] {dag.py:4180} INFO - Setting next_dagrun for extract_raw_data_pipeline to 2025-06-28 07:58:00+00:00, run_after=2025-06-28 07:59:00+00:00
[2025-06-29T02:54:07.362+0000] {processor.py:208} INFO - Processing /opt/airflow/dags/driven_data_pipeline.py took 0.533 seconds
[2025-06-29T02:54:37.462+0000] {processor.py:186} INFO - Started process (PID=2451) to work on /opt/airflow/dags/driven_data_pipeline.py
[2025-06-29T02:54:37.464+0000] {processor.py:914} INFO - Processing file /opt/airflow/dags/driven_data_pipeline.py for tasks to queue
[2025-06-29T02:54:37.468+0000] {logging_mixin.py:190} INFO - [2025-06-29T02:54:37.467+0000] {dagbag.py:588} INFO - Filling up the DagBag from /opt/airflow/dags/driven_data_pipeline.py
[2025-06-29T02:54:37.659+0000] {processor.py:925} INFO - DAG(s) 'extract_raw_data_pipeline' retrieved from /opt/airflow/dags/driven_data_pipeline.py
[2025-06-29T02:54:37.831+0000] {logging_mixin.py:190} INFO - [2025-06-29T02:54:37.831+0000] {dag.py:3239} INFO - Sync 1 DAGs
[2025-06-29T02:54:37.856+0000] {logging_mixin.py:190} INFO - [2025-06-29T02:54:37.856+0000] {dag.py:4180} INFO - Setting next_dagrun for extract_raw_data_pipeline to 2025-06-28 07:58:00+00:00, run_after=2025-06-28 07:59:00+00:00
[2025-06-29T02:54:38.164+0000] {processor.py:208} INFO - Processing /opt/airflow/dags/driven_data_pipeline.py took 0.712 seconds
[2025-06-29T02:55:08.582+0000] {processor.py:186} INFO - Started process (PID=2459) to work on /opt/airflow/dags/driven_data_pipeline.py
[2025-06-29T02:55:08.583+0000] {processor.py:914} INFO - Processing file /opt/airflow/dags/driven_data_pipeline.py for tasks to queue
[2025-06-29T02:55:08.587+0000] {logging_mixin.py:190} INFO - [2025-06-29T02:55:08.587+0000] {dagbag.py:588} INFO - Filling up the DagBag from /opt/airflow/dags/driven_data_pipeline.py
[2025-06-29T02:55:08.764+0000] {processor.py:925} INFO - DAG(s) 'extract_raw_data_pipeline' retrieved from /opt/airflow/dags/driven_data_pipeline.py
[2025-06-29T02:55:08.788+0000] {logging_mixin.py:190} INFO - [2025-06-29T02:55:08.788+0000] {dag.py:3239} INFO - Sync 1 DAGs
[2025-06-29T02:55:08.810+0000] {logging_mixin.py:190} INFO - [2025-06-29T02:55:08.810+0000] {dag.py:4180} INFO - Setting next_dagrun for extract_raw_data_pipeline to 2025-06-28 07:58:00+00:00, run_after=2025-06-28 07:59:00+00:00
[2025-06-29T02:55:09.014+0000] {processor.py:208} INFO - Processing /opt/airflow/dags/driven_data_pipeline.py took 0.459 seconds
[2025-06-29T02:55:39.365+0000] {processor.py:186} INFO - Started process (PID=2467) to work on /opt/airflow/dags/driven_data_pipeline.py
[2025-06-29T02:55:39.366+0000] {processor.py:914} INFO - Processing file /opt/airflow/dags/driven_data_pipeline.py for tasks to queue
[2025-06-29T02:55:39.368+0000] {logging_mixin.py:190} INFO - [2025-06-29T02:55:39.368+0000] {dagbag.py:588} INFO - Filling up the DagBag from /opt/airflow/dags/driven_data_pipeline.py
[2025-06-29T02:55:39.540+0000] {processor.py:925} INFO - DAG(s) 'extract_raw_data_pipeline' retrieved from /opt/airflow/dags/driven_data_pipeline.py
[2025-06-29T02:55:39.564+0000] {logging_mixin.py:190} INFO - [2025-06-29T02:55:39.564+0000] {dag.py:3239} INFO - Sync 1 DAGs
[2025-06-29T02:55:39.586+0000] {logging_mixin.py:190} INFO - [2025-06-29T02:55:39.586+0000] {dag.py:4180} INFO - Setting next_dagrun for extract_raw_data_pipeline to 2025-06-28 07:58:00+00:00, run_after=2025-06-28 07:59:00+00:00
[2025-06-29T02:55:39.760+0000] {processor.py:208} INFO - Processing /opt/airflow/dags/driven_data_pipeline.py took 0.405 seconds
[2025-06-29T02:56:10.126+0000] {processor.py:186} INFO - Started process (PID=2474) to work on /opt/airflow/dags/driven_data_pipeline.py
[2025-06-29T02:56:10.126+0000] {processor.py:914} INFO - Processing file /opt/airflow/dags/driven_data_pipeline.py for tasks to queue
[2025-06-29T02:56:10.129+0000] {logging_mixin.py:190} INFO - [2025-06-29T02:56:10.128+0000] {dagbag.py:588} INFO - Filling up the DagBag from /opt/airflow/dags/driven_data_pipeline.py
[2025-06-29T02:56:10.318+0000] {processor.py:925} INFO - DAG(s) 'extract_raw_data_pipeline' retrieved from /opt/airflow/dags/driven_data_pipeline.py
[2025-06-29T02:56:10.342+0000] {logging_mixin.py:190} INFO - [2025-06-29T02:56:10.342+0000] {dag.py:3239} INFO - Sync 1 DAGs
[2025-06-29T02:56:10.504+0000] {logging_mixin.py:190} INFO - [2025-06-29T02:56:10.503+0000] {dag.py:4180} INFO - Setting next_dagrun for extract_raw_data_pipeline to 2025-06-28 07:58:00+00:00, run_after=2025-06-28 07:59:00+00:00
[2025-06-29T02:56:10.553+0000] {processor.py:208} INFO - Processing /opt/airflow/dags/driven_data_pipeline.py took 0.435 seconds
[2025-06-29T02:56:40.954+0000] {processor.py:186} INFO - Started process (PID=2482) to work on /opt/airflow/dags/driven_data_pipeline.py
[2025-06-29T02:56:40.957+0000] {processor.py:914} INFO - Processing file /opt/airflow/dags/driven_data_pipeline.py for tasks to queue
[2025-06-29T02:56:40.963+0000] {logging_mixin.py:190} INFO - [2025-06-29T02:56:40.962+0000] {dagbag.py:588} INFO - Filling up the DagBag from /opt/airflow/dags/driven_data_pipeline.py
[2025-06-29T02:56:41.179+0000] {processor.py:925} INFO - DAG(s) 'extract_raw_data_pipeline' retrieved from /opt/airflow/dags/driven_data_pipeline.py
[2025-06-29T02:56:41.360+0000] {logging_mixin.py:190} INFO - [2025-06-29T02:56:41.360+0000] {dag.py:3239} INFO - Sync 1 DAGs
[2025-06-29T02:56:41.388+0000] {logging_mixin.py:190} INFO - [2025-06-29T02:56:41.388+0000] {dag.py:4180} INFO - Setting next_dagrun for extract_raw_data_pipeline to 2025-06-28 07:58:00+00:00, run_after=2025-06-28 07:59:00+00:00
[2025-06-29T02:56:41.421+0000] {processor.py:208} INFO - Processing /opt/airflow/dags/driven_data_pipeline.py took 0.489 seconds
[2025-06-29T02:57:11.836+0000] {processor.py:186} INFO - Started process (PID=2490) to work on /opt/airflow/dags/driven_data_pipeline.py
[2025-06-29T02:57:11.837+0000] {processor.py:914} INFO - Processing file /opt/airflow/dags/driven_data_pipeline.py for tasks to queue
[2025-06-29T02:57:11.842+0000] {logging_mixin.py:190} INFO - [2025-06-29T02:57:11.842+0000] {dagbag.py:588} INFO - Filling up the DagBag from /opt/airflow/dags/driven_data_pipeline.py
[2025-06-29T02:57:12.060+0000] {processor.py:925} INFO - DAG(s) 'extract_raw_data_pipeline' retrieved from /opt/airflow/dags/driven_data_pipeline.py
[2025-06-29T02:57:12.094+0000] {logging_mixin.py:190} INFO - [2025-06-29T02:57:12.093+0000] {dag.py:3239} INFO - Sync 1 DAGs
[2025-06-29T02:57:12.118+0000] {logging_mixin.py:190} INFO - [2025-06-29T02:57:12.118+0000] {dag.py:4180} INFO - Setting next_dagrun for extract_raw_data_pipeline to 2025-06-28 07:58:00+00:00, run_after=2025-06-28 07:59:00+00:00
[2025-06-29T02:57:12.161+0000] {processor.py:208} INFO - Processing /opt/airflow/dags/driven_data_pipeline.py took 0.338 seconds
[2025-06-29T02:57:42.610+0000] {processor.py:186} INFO - Started process (PID=2498) to work on /opt/airflow/dags/driven_data_pipeline.py
[2025-06-29T02:57:42.612+0000] {processor.py:914} INFO - Processing file /opt/airflow/dags/driven_data_pipeline.py for tasks to queue
[2025-06-29T02:57:42.617+0000] {logging_mixin.py:190} INFO - [2025-06-29T02:57:42.616+0000] {dagbag.py:588} INFO - Filling up the DagBag from /opt/airflow/dags/driven_data_pipeline.py
[2025-06-29T02:57:42.800+0000] {processor.py:925} INFO - DAG(s) 'extract_raw_data_pipeline' retrieved from /opt/airflow/dags/driven_data_pipeline.py
[2025-06-29T02:57:42.825+0000] {logging_mixin.py:190} INFO - [2025-06-29T02:57:42.824+0000] {dag.py:3239} INFO - Sync 1 DAGs
[2025-06-29T02:57:42.847+0000] {logging_mixin.py:190} INFO - [2025-06-29T02:57:42.847+0000] {dag.py:4180} INFO - Setting next_dagrun for extract_raw_data_pipeline to 2025-06-28 07:58:00+00:00, run_after=2025-06-28 07:59:00+00:00
[2025-06-29T02:57:44.088+0000] {processor.py:208} INFO - Processing /opt/airflow/dags/driven_data_pipeline.py took 1.501 seconds
[2025-06-29T02:58:14.494+0000] {processor.py:186} INFO - Started process (PID=2506) to work on /opt/airflow/dags/driven_data_pipeline.py
[2025-06-29T02:58:14.496+0000] {processor.py:914} INFO - Processing file /opt/airflow/dags/driven_data_pipeline.py for tasks to queue
[2025-06-29T02:58:14.500+0000] {logging_mixin.py:190} INFO - [2025-06-29T02:58:14.499+0000] {dagbag.py:588} INFO - Filling up the DagBag from /opt/airflow/dags/driven_data_pipeline.py
[2025-06-29T02:58:14.714+0000] {processor.py:925} INFO - DAG(s) 'extract_raw_data_pipeline' retrieved from /opt/airflow/dags/driven_data_pipeline.py
[2025-06-29T02:58:14.744+0000] {logging_mixin.py:190} INFO - [2025-06-29T02:58:14.743+0000] {dag.py:3239} INFO - Sync 1 DAGs
[2025-06-29T02:58:14.905+0000] {logging_mixin.py:190} INFO - [2025-06-29T02:58:14.905+0000] {dag.py:4180} INFO - Setting next_dagrun for extract_raw_data_pipeline to 2025-06-28 07:58:00+00:00, run_after=2025-06-28 07:59:00+00:00
[2025-06-29T02:58:14.941+0000] {processor.py:208} INFO - Processing /opt/airflow/dags/driven_data_pipeline.py took 0.456 seconds
[2025-06-29T02:58:45.292+0000] {processor.py:186} INFO - Started process (PID=2514) to work on /opt/airflow/dags/driven_data_pipeline.py
[2025-06-29T02:58:45.293+0000] {processor.py:914} INFO - Processing file /opt/airflow/dags/driven_data_pipeline.py for tasks to queue
[2025-06-29T02:58:45.295+0000] {logging_mixin.py:190} INFO - [2025-06-29T02:58:45.295+0000] {dagbag.py:588} INFO - Filling up the DagBag from /opt/airflow/dags/driven_data_pipeline.py
[2025-06-29T02:58:45.531+0000] {processor.py:925} INFO - DAG(s) 'extract_raw_data_pipeline' retrieved from /opt/airflow/dags/driven_data_pipeline.py
[2025-06-29T02:58:45.763+0000] {logging_mixin.py:190} INFO - [2025-06-29T02:58:45.763+0000] {dag.py:3239} INFO - Sync 1 DAGs
[2025-06-29T02:58:45.792+0000] {logging_mixin.py:190} INFO - [2025-06-29T02:58:45.791+0000] {dag.py:4180} INFO - Setting next_dagrun for extract_raw_data_pipeline to 2025-06-28 07:58:00+00:00, run_after=2025-06-28 07:59:00+00:00
[2025-06-29T02:58:46.147+0000] {processor.py:208} INFO - Processing /opt/airflow/dags/driven_data_pipeline.py took 0.865 seconds
[2025-06-29T02:59:16.588+0000] {processor.py:186} INFO - Started process (PID=2522) to work on /opt/airflow/dags/driven_data_pipeline.py
[2025-06-29T02:59:16.590+0000] {processor.py:914} INFO - Processing file /opt/airflow/dags/driven_data_pipeline.py for tasks to queue
[2025-06-29T02:59:16.594+0000] {logging_mixin.py:190} INFO - [2025-06-29T02:59:16.593+0000] {dagbag.py:588} INFO - Filling up the DagBag from /opt/airflow/dags/driven_data_pipeline.py
[2025-06-29T02:59:16.818+0000] {processor.py:925} INFO - DAG(s) 'extract_raw_data_pipeline' retrieved from /opt/airflow/dags/driven_data_pipeline.py
[2025-06-29T02:59:16.846+0000] {logging_mixin.py:190} INFO - [2025-06-29T02:59:16.846+0000] {dag.py:3239} INFO - Sync 1 DAGs
[2025-06-29T02:59:16.873+0000] {logging_mixin.py:190} INFO - [2025-06-29T02:59:16.873+0000] {dag.py:4180} INFO - Setting next_dagrun for extract_raw_data_pipeline to 2025-06-28 07:58:00+00:00, run_after=2025-06-28 07:59:00+00:00
[2025-06-29T02:59:16.924+0000] {processor.py:208} INFO - Processing /opt/airflow/dags/driven_data_pipeline.py took 0.346 seconds
[2025-06-29T02:59:46.985+0000] {processor.py:186} INFO - Started process (PID=2530) to work on /opt/airflow/dags/driven_data_pipeline.py
[2025-06-29T02:59:46.987+0000] {processor.py:914} INFO - Processing file /opt/airflow/dags/driven_data_pipeline.py for tasks to queue
[2025-06-29T02:59:46.991+0000] {logging_mixin.py:190} INFO - [2025-06-29T02:59:46.991+0000] {dagbag.py:588} INFO - Filling up the DagBag from /opt/airflow/dags/driven_data_pipeline.py
[2025-06-29T02:59:47.239+0000] {processor.py:925} INFO - DAG(s) 'extract_raw_data_pipeline' retrieved from /opt/airflow/dags/driven_data_pipeline.py
[2025-06-29T02:59:47.277+0000] {logging_mixin.py:190} INFO - [2025-06-29T02:59:47.277+0000] {dag.py:3239} INFO - Sync 1 DAGs
[2025-06-29T02:59:47.305+0000] {logging_mixin.py:190} INFO - [2025-06-29T02:59:47.305+0000] {dag.py:4180} INFO - Setting next_dagrun for extract_raw_data_pipeline to 2025-06-28 07:58:00+00:00, run_after=2025-06-28 07:59:00+00:00
[2025-06-29T02:59:47.483+0000] {processor.py:208} INFO - Processing /opt/airflow/dags/driven_data_pipeline.py took 0.506 seconds
[2025-06-29T03:00:17.681+0000] {processor.py:186} INFO - Started process (PID=2538) to work on /opt/airflow/dags/driven_data_pipeline.py
[2025-06-29T03:00:18.001+0000] {processor.py:914} INFO - Processing file /opt/airflow/dags/driven_data_pipeline.py for tasks to queue
[2025-06-29T03:00:18.004+0000] {logging_mixin.py:190} INFO - [2025-06-29T03:00:18.004+0000] {dagbag.py:588} INFO - Filling up the DagBag from /opt/airflow/dags/driven_data_pipeline.py
[2025-06-29T03:00:18.187+0000] {processor.py:925} INFO - DAG(s) 'extract_raw_data_pipeline' retrieved from /opt/airflow/dags/driven_data_pipeline.py
[2025-06-29T03:00:18.213+0000] {logging_mixin.py:190} INFO - [2025-06-29T03:00:18.213+0000] {dag.py:3239} INFO - Sync 1 DAGs
[2025-06-29T03:00:18.370+0000] {logging_mixin.py:190} INFO - [2025-06-29T03:00:18.370+0000] {dag.py:4180} INFO - Setting next_dagrun for extract_raw_data_pipeline to 2025-06-28 07:58:00+00:00, run_after=2025-06-28 07:59:00+00:00
[2025-06-29T03:00:18.414+0000] {processor.py:208} INFO - Processing /opt/airflow/dags/driven_data_pipeline.py took 0.740 seconds
[2025-06-29T03:00:48.801+0000] {processor.py:186} INFO - Started process (PID=2546) to work on /opt/airflow/dags/driven_data_pipeline.py
[2025-06-29T03:00:48.802+0000] {processor.py:914} INFO - Processing file /opt/airflow/dags/driven_data_pipeline.py for tasks to queue
[2025-06-29T03:00:48.806+0000] {logging_mixin.py:190} INFO - [2025-06-29T03:00:48.805+0000] {dagbag.py:588} INFO - Filling up the DagBag from /opt/airflow/dags/driven_data_pipeline.py
[2025-06-29T03:00:48.983+0000] {processor.py:925} INFO - DAG(s) 'extract_raw_data_pipeline' retrieved from /opt/airflow/dags/driven_data_pipeline.py
[2025-06-29T03:00:49.140+0000] {logging_mixin.py:190} INFO - [2025-06-29T03:00:49.140+0000] {dag.py:3239} INFO - Sync 1 DAGs
[2025-06-29T03:00:49.164+0000] {logging_mixin.py:190} INFO - [2025-06-29T03:00:49.164+0000] {dag.py:4180} INFO - Setting next_dagrun for extract_raw_data_pipeline to 2025-06-28 07:58:00+00:00, run_after=2025-06-28 07:59:00+00:00
[2025-06-29T03:00:49.210+0000] {processor.py:208} INFO - Processing /opt/airflow/dags/driven_data_pipeline.py took 0.420 seconds
[2025-06-29T03:01:19.552+0000] {processor.py:186} INFO - Started process (PID=2553) to work on /opt/airflow/dags/driven_data_pipeline.py
[2025-06-29T03:01:19.553+0000] {processor.py:914} INFO - Processing file /opt/airflow/dags/driven_data_pipeline.py for tasks to queue
[2025-06-29T03:01:19.556+0000] {logging_mixin.py:190} INFO - [2025-06-29T03:01:19.556+0000] {dagbag.py:588} INFO - Filling up the DagBag from /opt/airflow/dags/driven_data_pipeline.py
[2025-06-29T03:01:19.729+0000] {processor.py:925} INFO - DAG(s) 'extract_raw_data_pipeline' retrieved from /opt/airflow/dags/driven_data_pipeline.py
[2025-06-29T03:01:19.752+0000] {logging_mixin.py:190} INFO - [2025-06-29T03:01:19.751+0000] {dag.py:3239} INFO - Sync 1 DAGs
[2025-06-29T03:01:19.773+0000] {logging_mixin.py:190} INFO - [2025-06-29T03:01:19.773+0000] {dag.py:4180} INFO - Setting next_dagrun for extract_raw_data_pipeline to 2025-06-28 07:58:00+00:00, run_after=2025-06-28 07:59:00+00:00
[2025-06-29T03:01:19.825+0000] {processor.py:208} INFO - Processing /opt/airflow/dags/driven_data_pipeline.py took 0.284 seconds
[2025-06-29T03:01:49.897+0000] {processor.py:186} INFO - Started process (PID=2561) to work on /opt/airflow/dags/driven_data_pipeline.py
[2025-06-29T03:01:49.899+0000] {processor.py:914} INFO - Processing file /opt/airflow/dags/driven_data_pipeline.py for tasks to queue
[2025-06-29T03:01:49.904+0000] {logging_mixin.py:190} INFO - [2025-06-29T03:01:49.903+0000] {dagbag.py:588} INFO - Filling up the DagBag from /opt/airflow/dags/driven_data_pipeline.py
[2025-06-29T03:01:50.144+0000] {processor.py:925} INFO - DAG(s) 'extract_raw_data_pipeline' retrieved from /opt/airflow/dags/driven_data_pipeline.py
[2025-06-29T03:01:50.176+0000] {logging_mixin.py:190} INFO - [2025-06-29T03:01:50.175+0000] {dag.py:3239} INFO - Sync 1 DAGs
[2025-06-29T03:01:50.201+0000] {logging_mixin.py:190} INFO - [2025-06-29T03:01:50.200+0000] {dag.py:4180} INFO - Setting next_dagrun for extract_raw_data_pipeline to 2025-06-28 07:58:00+00:00, run_after=2025-06-28 07:59:00+00:00
[2025-06-29T03:01:50.567+0000] {processor.py:208} INFO - Processing /opt/airflow/dags/driven_data_pipeline.py took 0.682 seconds
[2025-06-29T03:02:20.988+0000] {processor.py:186} INFO - Started process (PID=2569) to work on /opt/airflow/dags/driven_data_pipeline.py
[2025-06-29T03:02:20.990+0000] {processor.py:914} INFO - Processing file /opt/airflow/dags/driven_data_pipeline.py for tasks to queue
[2025-06-29T03:02:20.996+0000] {logging_mixin.py:190} INFO - [2025-06-29T03:02:20.996+0000] {dagbag.py:588} INFO - Filling up the DagBag from /opt/airflow/dags/driven_data_pipeline.py
[2025-06-29T03:02:21.218+0000] {processor.py:925} INFO - DAG(s) 'extract_raw_data_pipeline' retrieved from /opt/airflow/dags/driven_data_pipeline.py
[2025-06-29T03:02:21.249+0000] {logging_mixin.py:190} INFO - [2025-06-29T03:02:21.249+0000] {dag.py:3239} INFO - Sync 1 DAGs
[2025-06-29T03:02:21.440+0000] {logging_mixin.py:190} INFO - [2025-06-29T03:02:21.439+0000] {dag.py:4180} INFO - Setting next_dagrun for extract_raw_data_pipeline to 2025-06-28 07:58:00+00:00, run_after=2025-06-28 07:59:00+00:00
[2025-06-29T03:02:21.480+0000] {processor.py:208} INFO - Processing /opt/airflow/dags/driven_data_pipeline.py took 0.511 seconds
[2025-06-29T03:02:51.906+0000] {processor.py:186} INFO - Started process (PID=2577) to work on /opt/airflow/dags/driven_data_pipeline.py
[2025-06-29T03:02:51.907+0000] {processor.py:914} INFO - Processing file /opt/airflow/dags/driven_data_pipeline.py for tasks to queue
[2025-06-29T03:02:51.909+0000] {logging_mixin.py:190} INFO - [2025-06-29T03:02:51.909+0000] {dagbag.py:588} INFO - Filling up the DagBag from /opt/airflow/dags/driven_data_pipeline.py
[2025-06-29T03:02:52.121+0000] {processor.py:925} INFO - DAG(s) 'extract_raw_data_pipeline' retrieved from /opt/airflow/dags/driven_data_pipeline.py
[2025-06-29T03:02:52.297+0000] {logging_mixin.py:190} INFO - [2025-06-29T03:02:52.297+0000] {dag.py:3239} INFO - Sync 1 DAGs
[2025-06-29T03:02:52.324+0000] {logging_mixin.py:190} INFO - [2025-06-29T03:02:52.324+0000] {dag.py:4180} INFO - Setting next_dagrun for extract_raw_data_pipeline to 2025-06-28 07:58:00+00:00, run_after=2025-06-28 07:59:00+00:00
[2025-06-29T03:02:52.386+0000] {processor.py:208} INFO - Processing /opt/airflow/dags/driven_data_pipeline.py took 0.497 seconds
[2025-06-29T03:03:22.800+0000] {processor.py:186} INFO - Started process (PID=2585) to work on /opt/airflow/dags/driven_data_pipeline.py
[2025-06-29T03:03:22.801+0000] {processor.py:914} INFO - Processing file /opt/airflow/dags/driven_data_pipeline.py for tasks to queue
[2025-06-29T03:03:22.805+0000] {logging_mixin.py:190} INFO - [2025-06-29T03:03:22.805+0000] {dagbag.py:588} INFO - Filling up the DagBag from /opt/airflow/dags/driven_data_pipeline.py
[2025-06-29T03:03:23.042+0000] {processor.py:925} INFO - DAG(s) 'extract_raw_data_pipeline' retrieved from /opt/airflow/dags/driven_data_pipeline.py
[2025-06-29T03:03:23.071+0000] {logging_mixin.py:190} INFO - [2025-06-29T03:03:23.071+0000] {dag.py:3239} INFO - Sync 1 DAGs
[2025-06-29T03:03:23.094+0000] {logging_mixin.py:190} INFO - [2025-06-29T03:03:23.094+0000] {dag.py:4180} INFO - Setting next_dagrun for extract_raw_data_pipeline to 2025-06-28 07:58:00+00:00, run_after=2025-06-28 07:59:00+00:00
[2025-06-29T03:03:23.136+0000] {processor.py:208} INFO - Processing /opt/airflow/dags/driven_data_pipeline.py took 0.350 seconds
[2025-06-29T03:03:53.221+0000] {processor.py:186} INFO - Started process (PID=2592) to work on /opt/airflow/dags/driven_data_pipeline.py
[2025-06-29T03:03:53.223+0000] {processor.py:914} INFO - Processing file /opt/airflow/dags/driven_data_pipeline.py for tasks to queue
[2025-06-29T03:03:53.227+0000] {logging_mixin.py:190} INFO - [2025-06-29T03:03:53.226+0000] {dagbag.py:588} INFO - Filling up the DagBag from /opt/airflow/dags/driven_data_pipeline.py
[2025-06-29T03:03:53.437+0000] {processor.py:925} INFO - DAG(s) 'extract_raw_data_pipeline' retrieved from /opt/airflow/dags/driven_data_pipeline.py
[2025-06-29T03:03:53.463+0000] {logging_mixin.py:190} INFO - [2025-06-29T03:03:53.463+0000] {dag.py:3239} INFO - Sync 1 DAGs
[2025-06-29T03:03:53.499+0000] {logging_mixin.py:190} INFO - [2025-06-29T03:03:53.498+0000] {dag.py:4180} INFO - Setting next_dagrun for extract_raw_data_pipeline to 2025-06-28 07:58:00+00:00, run_after=2025-06-28 07:59:00+00:00
[2025-06-29T03:03:53.711+0000] {processor.py:208} INFO - Processing /opt/airflow/dags/driven_data_pipeline.py took 0.503 seconds
[2025-06-29T03:04:23.882+0000] {processor.py:186} INFO - Started process (PID=2600) to work on /opt/airflow/dags/driven_data_pipeline.py
[2025-06-29T03:04:23.884+0000] {processor.py:914} INFO - Processing file /opt/airflow/dags/driven_data_pipeline.py for tasks to queue
[2025-06-29T03:04:23.888+0000] {logging_mixin.py:190} INFO - [2025-06-29T03:04:23.887+0000] {dagbag.py:588} INFO - Filling up the DagBag from /opt/airflow/dags/driven_data_pipeline.py
[2025-06-29T03:04:24.089+0000] {processor.py:925} INFO - DAG(s) 'extract_raw_data_pipeline' retrieved from /opt/airflow/dags/driven_data_pipeline.py
[2025-06-29T03:04:24.118+0000] {logging_mixin.py:190} INFO - [2025-06-29T03:04:24.118+0000] {dag.py:3239} INFO - Sync 1 DAGs
[2025-06-29T03:04:24.290+0000] {logging_mixin.py:190} INFO - [2025-06-29T03:04:24.290+0000] {dag.py:4180} INFO - Setting next_dagrun for extract_raw_data_pipeline to 2025-06-28 07:58:00+00:00, run_after=2025-06-28 07:59:00+00:00
[2025-06-29T03:04:24.327+0000] {processor.py:208} INFO - Processing /opt/airflow/dags/driven_data_pipeline.py took 0.459 seconds
[2025-06-29T03:04:54.488+0000] {processor.py:186} INFO - Started process (PID=2608) to work on /opt/airflow/dags/driven_data_pipeline.py
[2025-06-29T03:04:54.489+0000] {processor.py:914} INFO - Processing file /opt/airflow/dags/driven_data_pipeline.py for tasks to queue
[2025-06-29T03:04:54.492+0000] {logging_mixin.py:190} INFO - [2025-06-29T03:04:54.491+0000] {dagbag.py:588} INFO - Filling up the DagBag from /opt/airflow/dags/driven_data_pipeline.py
[2025-06-29T03:04:54.749+0000] {processor.py:925} INFO - DAG(s) 'extract_raw_data_pipeline' retrieved from /opt/airflow/dags/driven_data_pipeline.py
[2025-06-29T03:04:54.964+0000] {logging_mixin.py:190} INFO - [2025-06-29T03:04:54.964+0000] {dag.py:3239} INFO - Sync 1 DAGs
[2025-06-29T03:04:54.998+0000] {logging_mixin.py:190} INFO - [2025-06-29T03:04:54.998+0000] {dag.py:4180} INFO - Setting next_dagrun for extract_raw_data_pipeline to 2025-06-28 07:58:00+00:00, run_after=2025-06-28 07:59:00+00:00
[2025-06-29T03:04:55.041+0000] {processor.py:208} INFO - Processing /opt/airflow/dags/driven_data_pipeline.py took 0.562 seconds
[2025-06-29T03:05:25.160+0000] {processor.py:186} INFO - Started process (PID=2616) to work on /opt/airflow/dags/driven_data_pipeline.py
[2025-06-29T03:05:25.161+0000] {processor.py:914} INFO - Processing file /opt/airflow/dags/driven_data_pipeline.py for tasks to queue
[2025-06-29T03:05:25.163+0000] {logging_mixin.py:190} INFO - [2025-06-29T03:05:25.163+0000] {dagbag.py:588} INFO - Filling up the DagBag from /opt/airflow/dags/driven_data_pipeline.py
[2025-06-29T03:05:25.388+0000] {processor.py:925} INFO - DAG(s) 'extract_raw_data_pipeline' retrieved from /opt/airflow/dags/driven_data_pipeline.py
[2025-06-29T03:05:25.420+0000] {logging_mixin.py:190} INFO - [2025-06-29T03:05:25.420+0000] {dag.py:3239} INFO - Sync 1 DAGs
[2025-06-29T03:05:25.450+0000] {logging_mixin.py:190} INFO - [2025-06-29T03:05:25.450+0000] {dag.py:4180} INFO - Setting next_dagrun for extract_raw_data_pipeline to 2025-06-28 07:58:00+00:00, run_after=2025-06-28 07:59:00+00:00
[2025-06-29T03:05:25.873+0000] {processor.py:208} INFO - Processing /opt/airflow/dags/driven_data_pipeline.py took 0.719 seconds
[2025-06-29T03:05:56.390+0000] {processor.py:186} INFO - Started process (PID=2624) to work on /opt/airflow/dags/driven_data_pipeline.py
[2025-06-29T03:05:56.391+0000] {processor.py:914} INFO - Processing file /opt/airflow/dags/driven_data_pipeline.py for tasks to queue
[2025-06-29T03:05:56.395+0000] {logging_mixin.py:190} INFO - [2025-06-29T03:05:56.395+0000] {dagbag.py:588} INFO - Filling up the DagBag from /opt/airflow/dags/driven_data_pipeline.py
[2025-06-29T03:05:56.591+0000] {processor.py:925} INFO - DAG(s) 'extract_raw_data_pipeline' retrieved from /opt/airflow/dags/driven_data_pipeline.py
[2025-06-29T03:05:56.618+0000] {logging_mixin.py:190} INFO - [2025-06-29T03:05:56.617+0000] {dag.py:3239} INFO - Sync 1 DAGs
[2025-06-29T03:05:56.650+0000] {logging_mixin.py:190} INFO - [2025-06-29T03:05:56.649+0000] {dag.py:4180} INFO - Setting next_dagrun for extract_raw_data_pipeline to 2025-06-28 07:58:00+00:00, run_after=2025-06-28 07:59:00+00:00
[2025-06-29T03:05:56.835+0000] {processor.py:208} INFO - Processing /opt/airflow/dags/driven_data_pipeline.py took 0.459 seconds
[2025-06-29T03:06:27.347+0000] {processor.py:186} INFO - Started process (PID=2632) to work on /opt/airflow/dags/driven_data_pipeline.py
[2025-06-29T03:06:27.350+0000] {processor.py:914} INFO - Processing file /opt/airflow/dags/driven_data_pipeline.py for tasks to queue
[2025-06-29T03:06:27.354+0000] {logging_mixin.py:190} INFO - [2025-06-29T03:06:27.353+0000] {dagbag.py:588} INFO - Filling up the DagBag from /opt/airflow/dags/driven_data_pipeline.py
[2025-06-29T03:06:27.565+0000] {processor.py:925} INFO - DAG(s) 'extract_raw_data_pipeline' retrieved from /opt/airflow/dags/driven_data_pipeline.py
[2025-06-29T03:06:27.594+0000] {logging_mixin.py:190} INFO - [2025-06-29T03:06:27.594+0000] {dag.py:3239} INFO - Sync 1 DAGs
[2025-06-29T03:06:27.771+0000] {logging_mixin.py:190} INFO - [2025-06-29T03:06:27.771+0000] {dag.py:4180} INFO - Setting next_dagrun for extract_raw_data_pipeline to 2025-06-28 07:58:00+00:00, run_after=2025-06-28 07:59:00+00:00
[2025-06-29T03:06:27.808+0000] {processor.py:208} INFO - Processing /opt/airflow/dags/driven_data_pipeline.py took 0.493 seconds
[2025-06-29T03:06:58.191+0000] {processor.py:186} INFO - Started process (PID=2640) to work on /opt/airflow/dags/driven_data_pipeline.py
[2025-06-29T03:06:58.192+0000] {processor.py:914} INFO - Processing file /opt/airflow/dags/driven_data_pipeline.py for tasks to queue
[2025-06-29T03:06:58.195+0000] {logging_mixin.py:190} INFO - [2025-06-29T03:06:58.194+0000] {dagbag.py:588} INFO - Filling up the DagBag from /opt/airflow/dags/driven_data_pipeline.py
[2025-06-29T03:06:58.401+0000] {processor.py:925} INFO - DAG(s) 'extract_raw_data_pipeline' retrieved from /opt/airflow/dags/driven_data_pipeline.py
[2025-06-29T03:06:58.577+0000] {logging_mixin.py:190} INFO - [2025-06-29T03:06:58.577+0000] {dag.py:3239} INFO - Sync 1 DAGs
[2025-06-29T03:06:58.603+0000] {logging_mixin.py:190} INFO - [2025-06-29T03:06:58.603+0000] {dag.py:4180} INFO - Setting next_dagrun for extract_raw_data_pipeline to 2025-06-28 07:58:00+00:00, run_after=2025-06-28 07:59:00+00:00
[2025-06-29T03:06:58.637+0000] {processor.py:208} INFO - Processing /opt/airflow/dags/driven_data_pipeline.py took 0.455 seconds
[2025-06-29T03:07:29.129+0000] {processor.py:186} INFO - Started process (PID=2648) to work on /opt/airflow/dags/driven_data_pipeline.py
[2025-06-29T03:07:29.130+0000] {processor.py:914} INFO - Processing file /opt/airflow/dags/driven_data_pipeline.py for tasks to queue
[2025-06-29T03:07:29.133+0000] {logging_mixin.py:190} INFO - [2025-06-29T03:07:29.132+0000] {dagbag.py:588} INFO - Filling up the DagBag from /opt/airflow/dags/driven_data_pipeline.py
[2025-06-29T03:07:29.347+0000] {processor.py:925} INFO - DAG(s) 'extract_raw_data_pipeline' retrieved from /opt/airflow/dags/driven_data_pipeline.py
[2025-06-29T03:07:29.376+0000] {logging_mixin.py:190} INFO - [2025-06-29T03:07:29.376+0000] {dag.py:3239} INFO - Sync 1 DAGs
[2025-06-29T03:07:29.399+0000] {logging_mixin.py:190} INFO - [2025-06-29T03:07:29.399+0000] {dag.py:4180} INFO - Setting next_dagrun for extract_raw_data_pipeline to 2025-06-28 07:58:00+00:00, run_after=2025-06-28 07:59:00+00:00
[2025-06-29T03:07:29.448+0000] {processor.py:208} INFO - Processing /opt/airflow/dags/driven_data_pipeline.py took 0.332 seconds
[2025-06-29T03:07:59.651+0000] {processor.py:186} INFO - Started process (PID=2656) to work on /opt/airflow/dags/driven_data_pipeline.py
[2025-06-29T03:07:59.655+0000] {processor.py:914} INFO - Processing file /opt/airflow/dags/driven_data_pipeline.py for tasks to queue
[2025-06-29T03:07:59.667+0000] {logging_mixin.py:190} INFO - [2025-06-29T03:07:59.665+0000] {dagbag.py:588} INFO - Filling up the DagBag from /opt/airflow/dags/driven_data_pipeline.py
[2025-06-29T03:07:59.898+0000] {processor.py:925} INFO - DAG(s) 'extract_raw_data_pipeline' retrieved from /opt/airflow/dags/driven_data_pipeline.py
[2025-06-29T03:07:59.925+0000] {logging_mixin.py:190} INFO - [2025-06-29T03:07:59.925+0000] {dag.py:3239} INFO - Sync 1 DAGs
[2025-06-29T03:07:59.956+0000] {logging_mixin.py:190} INFO - [2025-06-29T03:07:59.956+0000] {dag.py:4180} INFO - Setting next_dagrun for extract_raw_data_pipeline to 2025-06-28 07:58:00+00:00, run_after=2025-06-28 07:59:00+00:00
[2025-06-29T03:08:00.210+0000] {processor.py:208} INFO - Processing /opt/airflow/dags/driven_data_pipeline.py took 0.601 seconds
[2025-06-29T03:08:30.707+0000] {processor.py:186} INFO - Started process (PID=2664) to work on /opt/airflow/dags/driven_data_pipeline.py
[2025-06-29T03:08:30.709+0000] {processor.py:914} INFO - Processing file /opt/airflow/dags/driven_data_pipeline.py for tasks to queue
[2025-06-29T03:08:30.714+0000] {logging_mixin.py:190} INFO - [2025-06-29T03:08:30.713+0000] {dagbag.py:588} INFO - Filling up the DagBag from /opt/airflow/dags/driven_data_pipeline.py
[2025-06-29T03:08:30.976+0000] {processor.py:925} INFO - DAG(s) 'extract_raw_data_pipeline' retrieved from /opt/airflow/dags/driven_data_pipeline.py
[2025-06-29T03:08:31.006+0000] {logging_mixin.py:190} INFO - [2025-06-29T03:08:31.006+0000] {dag.py:3239} INFO - Sync 1 DAGs
[2025-06-29T03:08:31.189+0000] {logging_mixin.py:190} INFO - [2025-06-29T03:08:31.188+0000] {dag.py:4180} INFO - Setting next_dagrun for extract_raw_data_pipeline to 2025-06-28 07:58:00+00:00, run_after=2025-06-28 07:59:00+00:00
[2025-06-29T03:08:31.258+0000] {processor.py:208} INFO - Processing /opt/airflow/dags/driven_data_pipeline.py took 0.568 seconds
[2025-06-29T03:09:01.665+0000] {processor.py:186} INFO - Started process (PID=2678) to work on /opt/airflow/dags/driven_data_pipeline.py
[2025-06-29T03:09:01.668+0000] {processor.py:914} INFO - Processing file /opt/airflow/dags/driven_data_pipeline.py for tasks to queue
[2025-06-29T03:09:01.676+0000] {logging_mixin.py:190} INFO - [2025-06-29T03:09:01.675+0000] {dagbag.py:588} INFO - Filling up the DagBag from /opt/airflow/dags/driven_data_pipeline.py
[2025-06-29T03:09:01.915+0000] {processor.py:925} INFO - DAG(s) 'extract_raw_data_pipeline' retrieved from /opt/airflow/dags/driven_data_pipeline.py
[2025-06-29T03:09:02.090+0000] {logging_mixin.py:190} INFO - [2025-06-29T03:09:02.089+0000] {dag.py:3239} INFO - Sync 1 DAGs
[2025-06-29T03:09:02.119+0000] {logging_mixin.py:190} INFO - [2025-06-29T03:09:02.119+0000] {dag.py:4180} INFO - Setting next_dagrun for extract_raw_data_pipeline to 2025-06-28 07:58:00+00:00, run_after=2025-06-28 07:59:00+00:00
[2025-06-29T03:09:02.160+0000] {processor.py:208} INFO - Processing /opt/airflow/dags/driven_data_pipeline.py took 0.523 seconds
[2025-06-29T03:09:32.600+0000] {processor.py:186} INFO - Started process (PID=2685) to work on /opt/airflow/dags/driven_data_pipeline.py
[2025-06-29T03:09:32.603+0000] {processor.py:914} INFO - Processing file /opt/airflow/dags/driven_data_pipeline.py for tasks to queue
[2025-06-29T03:09:32.609+0000] {logging_mixin.py:190} INFO - [2025-06-29T03:09:32.608+0000] {dagbag.py:588} INFO - Filling up the DagBag from /opt/airflow/dags/driven_data_pipeline.py
[2025-06-29T03:09:32.828+0000] {processor.py:925} INFO - DAG(s) 'extract_raw_data_pipeline' retrieved from /opt/airflow/dags/driven_data_pipeline.py
[2025-06-29T03:09:32.859+0000] {logging_mixin.py:190} INFO - [2025-06-29T03:09:32.859+0000] {dag.py:3239} INFO - Sync 1 DAGs
[2025-06-29T03:09:32.883+0000] {logging_mixin.py:190} INFO - [2025-06-29T03:09:32.882+0000] {dag.py:4180} INFO - Setting next_dagrun for extract_raw_data_pipeline to 2025-06-28 07:58:00+00:00, run_after=2025-06-28 07:59:00+00:00
[2025-06-29T03:09:32.922+0000] {processor.py:208} INFO - Processing /opt/airflow/dags/driven_data_pipeline.py took 0.341 seconds
[2025-06-29T03:10:03.027+0000] {processor.py:186} INFO - Started process (PID=2693) to work on /opt/airflow/dags/driven_data_pipeline.py
[2025-06-29T03:10:03.028+0000] {processor.py:914} INFO - Processing file /opt/airflow/dags/driven_data_pipeline.py for tasks to queue
[2025-06-29T03:10:03.031+0000] {logging_mixin.py:190} INFO - [2025-06-29T03:10:03.030+0000] {dagbag.py:588} INFO - Filling up the DagBag from /opt/airflow/dags/driven_data_pipeline.py
[2025-06-29T03:10:03.238+0000] {processor.py:925} INFO - DAG(s) 'extract_raw_data_pipeline' retrieved from /opt/airflow/dags/driven_data_pipeline.py
[2025-06-29T03:10:03.262+0000] {logging_mixin.py:190} INFO - [2025-06-29T03:10:03.262+0000] {dag.py:3239} INFO - Sync 1 DAGs
[2025-06-29T03:10:03.287+0000] {logging_mixin.py:190} INFO - [2025-06-29T03:10:03.287+0000] {dag.py:4180} INFO - Setting next_dagrun for extract_raw_data_pipeline to 2025-06-28 07:58:00+00:00, run_after=2025-06-28 07:59:00+00:00
[2025-06-29T03:10:03.624+0000] {processor.py:208} INFO - Processing /opt/airflow/dags/driven_data_pipeline.py took 0.606 seconds
[2025-06-29T03:10:33.843+0000] {processor.py:186} INFO - Started process (PID=2701) to work on /opt/airflow/dags/driven_data_pipeline.py
[2025-06-29T03:10:33.844+0000] {processor.py:914} INFO - Processing file /opt/airflow/dags/driven_data_pipeline.py for tasks to queue
[2025-06-29T03:10:33.847+0000] {logging_mixin.py:190} INFO - [2025-06-29T03:10:33.847+0000] {dagbag.py:588} INFO - Filling up the DagBag from /opt/airflow/dags/driven_data_pipeline.py
[2025-06-29T03:10:34.162+0000] {processor.py:925} INFO - DAG(s) 'extract_raw_data_pipeline' retrieved from /opt/airflow/dags/driven_data_pipeline.py
[2025-06-29T03:10:34.209+0000] {logging_mixin.py:190} INFO - [2025-06-29T03:10:34.209+0000] {dag.py:3239} INFO - Sync 1 DAGs
[2025-06-29T03:10:34.462+0000] {logging_mixin.py:190} INFO - [2025-06-29T03:10:34.462+0000] {dag.py:4180} INFO - Setting next_dagrun for extract_raw_data_pipeline to 2025-06-28 07:58:00+00:00, run_after=2025-06-28 07:59:00+00:00
[2025-06-29T03:10:34.510+0000] {processor.py:208} INFO - Processing /opt/airflow/dags/driven_data_pipeline.py took 0.679 seconds
[2025-06-29T03:11:04.732+0000] {processor.py:186} INFO - Started process (PID=2709) to work on /opt/airflow/dags/driven_data_pipeline.py
[2025-06-29T03:11:04.734+0000] {processor.py:914} INFO - Processing file /opt/airflow/dags/driven_data_pipeline.py for tasks to queue
[2025-06-29T03:11:04.739+0000] {logging_mixin.py:190} INFO - [2025-06-29T03:11:04.739+0000] {dagbag.py:588} INFO - Filling up the DagBag from /opt/airflow/dags/driven_data_pipeline.py
[2025-06-29T03:11:04.940+0000] {processor.py:925} INFO - DAG(s) 'extract_raw_data_pipeline' retrieved from /opt/airflow/dags/driven_data_pipeline.py
[2025-06-29T03:11:05.117+0000] {logging_mixin.py:190} INFO - [2025-06-29T03:11:05.117+0000] {dag.py:3239} INFO - Sync 1 DAGs
[2025-06-29T03:11:05.146+0000] {logging_mixin.py:190} INFO - [2025-06-29T03:11:05.146+0000] {dag.py:4180} INFO - Setting next_dagrun for extract_raw_data_pipeline to 2025-06-28 07:58:00+00:00, run_after=2025-06-28 07:59:00+00:00
[2025-06-29T03:11:05.186+0000] {processor.py:208} INFO - Processing /opt/airflow/dags/driven_data_pipeline.py took 0.474 seconds
[2025-06-29T03:11:35.448+0000] {processor.py:186} INFO - Started process (PID=2717) to work on /opt/airflow/dags/driven_data_pipeline.py
[2025-06-29T03:11:35.451+0000] {processor.py:914} INFO - Processing file /opt/airflow/dags/driven_data_pipeline.py for tasks to queue
[2025-06-29T03:11:35.457+0000] {logging_mixin.py:190} INFO - [2025-06-29T03:11:35.455+0000] {dagbag.py:588} INFO - Filling up the DagBag from /opt/airflow/dags/driven_data_pipeline.py
[2025-06-29T03:11:35.683+0000] {processor.py:925} INFO - DAG(s) 'extract_raw_data_pipeline' retrieved from /opt/airflow/dags/driven_data_pipeline.py
[2025-06-29T03:11:35.712+0000] {logging_mixin.py:190} INFO - [2025-06-29T03:11:35.712+0000] {dag.py:3239} INFO - Sync 1 DAGs
[2025-06-29T03:11:35.737+0000] {logging_mixin.py:190} INFO - [2025-06-29T03:11:35.737+0000] {dag.py:4180} INFO - Setting next_dagrun for extract_raw_data_pipeline to 2025-06-28 07:58:00+00:00, run_after=2025-06-28 07:59:00+00:00
[2025-06-29T03:11:35.769+0000] {processor.py:208} INFO - Processing /opt/airflow/dags/driven_data_pipeline.py took 0.366 seconds
[2025-06-29T03:12:06.101+0000] {processor.py:186} INFO - Started process (PID=2725) to work on /opt/airflow/dags/driven_data_pipeline.py
[2025-06-29T03:12:06.102+0000] {processor.py:914} INFO - Processing file /opt/airflow/dags/driven_data_pipeline.py for tasks to queue
[2025-06-29T03:12:06.105+0000] {logging_mixin.py:190} INFO - [2025-06-29T03:12:06.105+0000] {dagbag.py:588} INFO - Filling up the DagBag from /opt/airflow/dags/driven_data_pipeline.py
[2025-06-29T03:12:06.315+0000] {processor.py:925} INFO - DAG(s) 'extract_raw_data_pipeline' retrieved from /opt/airflow/dags/driven_data_pipeline.py
[2025-06-29T03:12:06.344+0000] {logging_mixin.py:190} INFO - [2025-06-29T03:12:06.343+0000] {dag.py:3239} INFO - Sync 1 DAGs
[2025-06-29T03:12:06.366+0000] {logging_mixin.py:190} INFO - [2025-06-29T03:12:06.366+0000] {dag.py:4180} INFO - Setting next_dagrun for extract_raw_data_pipeline to 2025-06-28 07:58:00+00:00, run_after=2025-06-28 07:59:00+00:00
[2025-06-29T03:12:06.566+0000] {processor.py:208} INFO - Processing /opt/airflow/dags/driven_data_pipeline.py took 0.487 seconds
[2025-06-29T03:12:37.085+0000] {processor.py:186} INFO - Started process (PID=2733) to work on /opt/airflow/dags/driven_data_pipeline.py
[2025-06-29T03:12:37.087+0000] {processor.py:914} INFO - Processing file /opt/airflow/dags/driven_data_pipeline.py for tasks to queue
[2025-06-29T03:12:37.091+0000] {logging_mixin.py:190} INFO - [2025-06-29T03:12:37.090+0000] {dagbag.py:588} INFO - Filling up the DagBag from /opt/airflow/dags/driven_data_pipeline.py
[2025-06-29T03:12:37.304+0000] {processor.py:925} INFO - DAG(s) 'extract_raw_data_pipeline' retrieved from /opt/airflow/dags/driven_data_pipeline.py
[2025-06-29T03:12:37.332+0000] {logging_mixin.py:190} INFO - [2025-06-29T03:12:37.332+0000] {dag.py:3239} INFO - Sync 1 DAGs
[2025-06-29T03:12:37.513+0000] {logging_mixin.py:190} INFO - [2025-06-29T03:12:37.512+0000] {dag.py:4180} INFO - Setting next_dagrun for extract_raw_data_pipeline to 2025-06-28 07:58:00+00:00, run_after=2025-06-28 07:59:00+00:00
[2025-06-29T03:12:37.565+0000] {processor.py:208} INFO - Processing /opt/airflow/dags/driven_data_pipeline.py took 0.509 seconds
[2025-06-29T03:13:08.123+0000] {processor.py:186} INFO - Started process (PID=2741) to work on /opt/airflow/dags/driven_data_pipeline.py
[2025-06-29T03:13:08.124+0000] {processor.py:914} INFO - Processing file /opt/airflow/dags/driven_data_pipeline.py for tasks to queue
[2025-06-29T03:13:08.129+0000] {logging_mixin.py:190} INFO - [2025-06-29T03:13:08.128+0000] {dagbag.py:588} INFO - Filling up the DagBag from /opt/airflow/dags/driven_data_pipeline.py
[2025-06-29T03:13:08.339+0000] {processor.py:925} INFO - DAG(s) 'extract_raw_data_pipeline' retrieved from /opt/airflow/dags/driven_data_pipeline.py
[2025-06-29T03:13:08.516+0000] {logging_mixin.py:190} INFO - [2025-06-29T03:13:08.516+0000] {dag.py:3239} INFO - Sync 1 DAGs
[2025-06-29T03:13:08.541+0000] {logging_mixin.py:190} INFO - [2025-06-29T03:13:08.541+0000] {dag.py:4180} INFO - Setting next_dagrun for extract_raw_data_pipeline to 2025-06-28 07:58:00+00:00, run_after=2025-06-28 07:59:00+00:00
[2025-06-29T03:13:08.604+0000] {processor.py:208} INFO - Processing /opt/airflow/dags/driven_data_pipeline.py took 0.495 seconds
[2025-06-29T03:13:39.131+0000] {processor.py:186} INFO - Started process (PID=2749) to work on /opt/airflow/dags/driven_data_pipeline.py
[2025-06-29T03:13:39.133+0000] {processor.py:914} INFO - Processing file /opt/airflow/dags/driven_data_pipeline.py for tasks to queue
[2025-06-29T03:13:39.139+0000] {logging_mixin.py:190} INFO - [2025-06-29T03:13:39.138+0000] {dagbag.py:588} INFO - Filling up the DagBag from /opt/airflow/dags/driven_data_pipeline.py
[2025-06-29T03:13:39.356+0000] {processor.py:925} INFO - DAG(s) 'extract_raw_data_pipeline' retrieved from /opt/airflow/dags/driven_data_pipeline.py
[2025-06-29T03:13:39.385+0000] {logging_mixin.py:190} INFO - [2025-06-29T03:13:39.384+0000] {dag.py:3239} INFO - Sync 1 DAGs
[2025-06-29T03:13:39.409+0000] {logging_mixin.py:190} INFO - [2025-06-29T03:13:39.409+0000] {dag.py:4180} INFO - Setting next_dagrun for extract_raw_data_pipeline to 2025-06-28 07:58:00+00:00, run_after=2025-06-28 07:59:00+00:00
[2025-06-29T03:13:39.481+0000] {processor.py:208} INFO - Processing /opt/airflow/dags/driven_data_pipeline.py took 0.384 seconds
[2025-06-29T03:14:09.889+0000] {processor.py:186} INFO - Started process (PID=2757) to work on /opt/airflow/dags/driven_data_pipeline.py
[2025-06-29T03:14:09.891+0000] {processor.py:914} INFO - Processing file /opt/airflow/dags/driven_data_pipeline.py for tasks to queue
[2025-06-29T03:14:09.896+0000] {logging_mixin.py:190} INFO - [2025-06-29T03:14:09.895+0000] {dagbag.py:588} INFO - Filling up the DagBag from /opt/airflow/dags/driven_data_pipeline.py
[2025-06-29T03:14:10.112+0000] {processor.py:925} INFO - DAG(s) 'extract_raw_data_pipeline' retrieved from /opt/airflow/dags/driven_data_pipeline.py
[2025-06-29T03:14:10.140+0000] {logging_mixin.py:190} INFO - [2025-06-29T03:14:10.140+0000] {dag.py:3239} INFO - Sync 1 DAGs
[2025-06-29T03:14:10.165+0000] {logging_mixin.py:190} INFO - [2025-06-29T03:14:10.164+0000] {dag.py:4180} INFO - Setting next_dagrun for extract_raw_data_pipeline to 2025-06-28 07:58:00+00:00, run_after=2025-06-28 07:59:00+00:00
[2025-06-29T03:14:10.394+0000] {processor.py:208} INFO - Processing /opt/airflow/dags/driven_data_pipeline.py took 0.515 seconds
[2025-06-29T03:14:40.892+0000] {processor.py:186} INFO - Started process (PID=2765) to work on /opt/airflow/dags/driven_data_pipeline.py
[2025-06-29T03:14:40.895+0000] {processor.py:914} INFO - Processing file /opt/airflow/dags/driven_data_pipeline.py for tasks to queue
[2025-06-29T03:14:40.899+0000] {logging_mixin.py:190} INFO - [2025-06-29T03:14:40.898+0000] {dagbag.py:588} INFO - Filling up the DagBag from /opt/airflow/dags/driven_data_pipeline.py
[2025-06-29T03:14:41.163+0000] {processor.py:925} INFO - DAG(s) 'extract_raw_data_pipeline' retrieved from /opt/airflow/dags/driven_data_pipeline.py
[2025-06-29T03:14:41.196+0000] {logging_mixin.py:190} INFO - [2025-06-29T03:14:41.196+0000] {dag.py:3239} INFO - Sync 1 DAGs
[2025-06-29T03:14:41.399+0000] {logging_mixin.py:190} INFO - [2025-06-29T03:14:41.399+0000] {dag.py:4180} INFO - Setting next_dagrun for extract_raw_data_pipeline to 2025-06-28 07:58:00+00:00, run_after=2025-06-28 07:59:00+00:00
[2025-06-29T03:14:41.432+0000] {processor.py:208} INFO - Processing /opt/airflow/dags/driven_data_pipeline.py took 0.576 seconds
[2025-06-29T03:15:11.760+0000] {processor.py:186} INFO - Started process (PID=2773) to work on /opt/airflow/dags/driven_data_pipeline.py
[2025-06-29T03:15:11.763+0000] {processor.py:914} INFO - Processing file /opt/airflow/dags/driven_data_pipeline.py for tasks to queue
[2025-06-29T03:15:11.774+0000] {logging_mixin.py:190} INFO - [2025-06-29T03:15:11.771+0000] {dagbag.py:588} INFO - Filling up the DagBag from /opt/airflow/dags/driven_data_pipeline.py
[2025-06-29T03:15:11.999+0000] {processor.py:925} INFO - DAG(s) 'extract_raw_data_pipeline' retrieved from /opt/airflow/dags/driven_data_pipeline.py
[2025-06-29T03:15:12.172+0000] {logging_mixin.py:190} INFO - [2025-06-29T03:15:12.172+0000] {dag.py:3239} INFO - Sync 1 DAGs
[2025-06-29T03:15:12.198+0000] {logging_mixin.py:190} INFO - [2025-06-29T03:15:12.198+0000] {dag.py:4180} INFO - Setting next_dagrun for extract_raw_data_pipeline to 2025-06-28 07:58:00+00:00, run_after=2025-06-28 07:59:00+00:00
[2025-06-29T03:15:12.287+0000] {processor.py:208} INFO - Processing /opt/airflow/dags/driven_data_pipeline.py took 0.551 seconds
[2025-06-29T03:15:42.352+0000] {processor.py:186} INFO - Started process (PID=2781) to work on /opt/airflow/dags/driven_data_pipeline.py
[2025-06-29T03:15:42.353+0000] {processor.py:914} INFO - Processing file /opt/airflow/dags/driven_data_pipeline.py for tasks to queue
[2025-06-29T03:15:42.357+0000] {logging_mixin.py:190} INFO - [2025-06-29T03:15:42.356+0000] {dagbag.py:588} INFO - Filling up the DagBag from /opt/airflow/dags/driven_data_pipeline.py
[2025-06-29T03:15:42.701+0000] {processor.py:925} INFO - DAG(s) 'extract_raw_data_pipeline' retrieved from /opt/airflow/dags/driven_data_pipeline.py
[2025-06-29T03:15:42.749+0000] {logging_mixin.py:190} INFO - [2025-06-29T03:15:42.748+0000] {dag.py:3239} INFO - Sync 1 DAGs
[2025-06-29T03:15:42.789+0000] {logging_mixin.py:190} INFO - [2025-06-29T03:15:42.789+0000] {dag.py:4180} INFO - Setting next_dagrun for extract_raw_data_pipeline to 2025-06-28 07:58:00+00:00, run_after=2025-06-28 07:59:00+00:00
[2025-06-29T03:15:42.839+0000] {processor.py:208} INFO - Processing /opt/airflow/dags/driven_data_pipeline.py took 0.497 seconds
[2025-06-29T03:16:13.261+0000] {processor.py:186} INFO - Started process (PID=2789) to work on /opt/airflow/dags/driven_data_pipeline.py
[2025-06-29T03:16:13.262+0000] {processor.py:914} INFO - Processing file /opt/airflow/dags/driven_data_pipeline.py for tasks to queue
[2025-06-29T03:16:13.267+0000] {logging_mixin.py:190} INFO - [2025-06-29T03:16:13.266+0000] {dagbag.py:588} INFO - Filling up the DagBag from /opt/airflow/dags/driven_data_pipeline.py
[2025-06-29T03:16:13.470+0000] {processor.py:925} INFO - DAG(s) 'extract_raw_data_pipeline' retrieved from /opt/airflow/dags/driven_data_pipeline.py
[2025-06-29T03:16:13.493+0000] {logging_mixin.py:190} INFO - [2025-06-29T03:16:13.493+0000] {dag.py:3239} INFO - Sync 1 DAGs
[2025-06-29T03:16:13.520+0000] {logging_mixin.py:190} INFO - [2025-06-29T03:16:13.520+0000] {dag.py:4180} INFO - Setting next_dagrun for extract_raw_data_pipeline to 2025-06-28 07:58:00+00:00, run_after=2025-06-28 07:59:00+00:00
[2025-06-29T03:16:13.696+0000] {processor.py:208} INFO - Processing /opt/airflow/dags/driven_data_pipeline.py took 0.453 seconds
[2025-06-29T03:16:43.787+0000] {processor.py:186} INFO - Started process (PID=2797) to work on /opt/airflow/dags/driven_data_pipeline.py
[2025-06-29T03:16:43.789+0000] {processor.py:914} INFO - Processing file /opt/airflow/dags/driven_data_pipeline.py for tasks to queue
[2025-06-29T03:16:43.793+0000] {logging_mixin.py:190} INFO - [2025-06-29T03:16:43.792+0000] {dagbag.py:588} INFO - Filling up the DagBag from /opt/airflow/dags/driven_data_pipeline.py
[2025-06-29T03:16:44.004+0000] {processor.py:925} INFO - DAG(s) 'extract_raw_data_pipeline' retrieved from /opt/airflow/dags/driven_data_pipeline.py
[2025-06-29T03:16:44.037+0000] {logging_mixin.py:190} INFO - [2025-06-29T03:16:44.036+0000] {dag.py:3239} INFO - Sync 1 DAGs
[2025-06-29T03:16:44.226+0000] {logging_mixin.py:190} INFO - [2025-06-29T03:16:44.225+0000] {dag.py:4180} INFO - Setting next_dagrun for extract_raw_data_pipeline to 2025-06-28 07:58:00+00:00, run_after=2025-06-28 07:59:00+00:00
[2025-06-29T03:16:44.275+0000] {processor.py:208} INFO - Processing /opt/airflow/dags/driven_data_pipeline.py took 0.505 seconds
[2025-06-29T03:17:14.488+0000] {processor.py:186} INFO - Started process (PID=2805) to work on /opt/airflow/dags/driven_data_pipeline.py
[2025-06-29T03:17:14.489+0000] {processor.py:914} INFO - Processing file /opt/airflow/dags/driven_data_pipeline.py for tasks to queue
[2025-06-29T03:17:14.492+0000] {logging_mixin.py:190} INFO - [2025-06-29T03:17:14.492+0000] {dagbag.py:588} INFO - Filling up the DagBag from /opt/airflow/dags/driven_data_pipeline.py
[2025-06-29T03:17:14.716+0000] {processor.py:925} INFO - DAG(s) 'extract_raw_data_pipeline' retrieved from /opt/airflow/dags/driven_data_pipeline.py
[2025-06-29T03:17:14.912+0000] {logging_mixin.py:190} INFO - [2025-06-29T03:17:14.911+0000] {dag.py:3239} INFO - Sync 1 DAGs
[2025-06-29T03:17:14.937+0000] {logging_mixin.py:190} INFO - [2025-06-29T03:17:14.936+0000] {dag.py:4180} INFO - Setting next_dagrun for extract_raw_data_pipeline to 2025-06-28 07:58:00+00:00, run_after=2025-06-28 07:59:00+00:00
[2025-06-29T03:17:14.965+0000] {processor.py:208} INFO - Processing /opt/airflow/dags/driven_data_pipeline.py took 0.487 seconds
[2025-06-29T03:17:45.170+0000] {processor.py:186} INFO - Started process (PID=2813) to work on /opt/airflow/dags/driven_data_pipeline.py
[2025-06-29T03:17:45.170+0000] {processor.py:914} INFO - Processing file /opt/airflow/dags/driven_data_pipeline.py for tasks to queue
[2025-06-29T03:17:45.173+0000] {logging_mixin.py:190} INFO - [2025-06-29T03:17:45.172+0000] {dagbag.py:588} INFO - Filling up the DagBag from /opt/airflow/dags/driven_data_pipeline.py
[2025-06-29T03:17:45.380+0000] {processor.py:925} INFO - DAG(s) 'extract_raw_data_pipeline' retrieved from /opt/airflow/dags/driven_data_pipeline.py
[2025-06-29T03:17:45.411+0000] {logging_mixin.py:190} INFO - [2025-06-29T03:17:45.410+0000] {dag.py:3239} INFO - Sync 1 DAGs
[2025-06-29T03:17:45.443+0000] {logging_mixin.py:190} INFO - [2025-06-29T03:17:45.442+0000] {dag.py:4180} INFO - Setting next_dagrun for extract_raw_data_pipeline to 2025-06-28 07:58:00+00:00, run_after=2025-06-28 07:59:00+00:00
[2025-06-29T03:17:45.480+0000] {processor.py:208} INFO - Processing /opt/airflow/dags/driven_data_pipeline.py took 0.319 seconds
[2025-06-29T03:18:15.904+0000] {processor.py:186} INFO - Started process (PID=2821) to work on /opt/airflow/dags/driven_data_pipeline.py
[2025-06-29T03:18:15.906+0000] {processor.py:914} INFO - Processing file /opt/airflow/dags/driven_data_pipeline.py for tasks to queue
[2025-06-29T03:18:15.911+0000] {logging_mixin.py:190} INFO - [2025-06-29T03:18:15.911+0000] {dagbag.py:588} INFO - Filling up the DagBag from /opt/airflow/dags/driven_data_pipeline.py
[2025-06-29T03:18:16.132+0000] {processor.py:925} INFO - DAG(s) 'extract_raw_data_pipeline' retrieved from /opt/airflow/dags/driven_data_pipeline.py
[2025-06-29T03:18:16.158+0000] {logging_mixin.py:190} INFO - [2025-06-29T03:18:16.158+0000] {dag.py:3239} INFO - Sync 1 DAGs
[2025-06-29T03:18:16.186+0000] {logging_mixin.py:190} INFO - [2025-06-29T03:18:16.185+0000] {dag.py:4180} INFO - Setting next_dagrun for extract_raw_data_pipeline to 2025-06-28 07:58:00+00:00, run_after=2025-06-28 07:59:00+00:00
[2025-06-29T03:18:16.378+0000] {processor.py:208} INFO - Processing /opt/airflow/dags/driven_data_pipeline.py took 0.505 seconds
[2025-06-29T03:18:46.797+0000] {processor.py:186} INFO - Started process (PID=2829) to work on /opt/airflow/dags/driven_data_pipeline.py
[2025-06-29T03:18:46.799+0000] {processor.py:914} INFO - Processing file /opt/airflow/dags/driven_data_pipeline.py for tasks to queue
[2025-06-29T03:18:46.803+0000] {logging_mixin.py:190} INFO - [2025-06-29T03:18:46.802+0000] {dagbag.py:588} INFO - Filling up the DagBag from /opt/airflow/dags/driven_data_pipeline.py
[2025-06-29T03:18:47.023+0000] {processor.py:925} INFO - DAG(s) 'extract_raw_data_pipeline' retrieved from /opt/airflow/dags/driven_data_pipeline.py
[2025-06-29T03:18:47.051+0000] {logging_mixin.py:190} INFO - [2025-06-29T03:18:47.051+0000] {dag.py:3239} INFO - Sync 1 DAGs
[2025-06-29T03:18:47.228+0000] {logging_mixin.py:190} INFO - [2025-06-29T03:18:47.227+0000] {dag.py:4180} INFO - Setting next_dagrun for extract_raw_data_pipeline to 2025-06-28 07:58:00+00:00, run_after=2025-06-28 07:59:00+00:00
[2025-06-29T03:18:47.264+0000] {processor.py:208} INFO - Processing /opt/airflow/dags/driven_data_pipeline.py took 0.478 seconds
[2025-06-29T03:19:17.776+0000] {processor.py:186} INFO - Started process (PID=2837) to work on /opt/airflow/dags/driven_data_pipeline.py
[2025-06-29T03:19:17.776+0000] {processor.py:914} INFO - Processing file /opt/airflow/dags/driven_data_pipeline.py for tasks to queue
[2025-06-29T03:19:17.779+0000] {logging_mixin.py:190} INFO - [2025-06-29T03:19:17.779+0000] {dagbag.py:588} INFO - Filling up the DagBag from /opt/airflow/dags/driven_data_pipeline.py
[2025-06-29T03:19:17.999+0000] {processor.py:925} INFO - DAG(s) 'extract_raw_data_pipeline' retrieved from /opt/airflow/dags/driven_data_pipeline.py
[2025-06-29T03:19:18.193+0000] {logging_mixin.py:190} INFO - [2025-06-29T03:19:18.193+0000] {dag.py:3239} INFO - Sync 1 DAGs
[2025-06-29T03:19:18.222+0000] {logging_mixin.py:190} INFO - [2025-06-29T03:19:18.222+0000] {dag.py:4180} INFO - Setting next_dagrun for extract_raw_data_pipeline to 2025-06-28 07:58:00+00:00, run_after=2025-06-28 07:59:00+00:00
[2025-06-29T03:19:18.288+0000] {processor.py:208} INFO - Processing /opt/airflow/dags/driven_data_pipeline.py took 0.523 seconds
[2025-06-29T03:19:48.834+0000] {processor.py:186} INFO - Started process (PID=2844) to work on /opt/airflow/dags/driven_data_pipeline.py
[2025-06-29T03:19:48.838+0000] {processor.py:914} INFO - Processing file /opt/airflow/dags/driven_data_pipeline.py for tasks to queue
[2025-06-29T03:19:48.846+0000] {logging_mixin.py:190} INFO - [2025-06-29T03:19:48.845+0000] {dagbag.py:588} INFO - Filling up the DagBag from /opt/airflow/dags/driven_data_pipeline.py
[2025-06-29T03:19:49.070+0000] {processor.py:925} INFO - DAG(s) 'extract_raw_data_pipeline' retrieved from /opt/airflow/dags/driven_data_pipeline.py
[2025-06-29T03:19:49.100+0000] {logging_mixin.py:190} INFO - [2025-06-29T03:19:49.100+0000] {dag.py:3239} INFO - Sync 1 DAGs
[2025-06-29T03:19:49.127+0000] {logging_mixin.py:190} INFO - [2025-06-29T03:19:49.127+0000] {dag.py:4180} INFO - Setting next_dagrun for extract_raw_data_pipeline to 2025-06-28 07:58:00+00:00, run_after=2025-06-28 07:59:00+00:00
[2025-06-29T03:19:49.180+0000] {processor.py:208} INFO - Processing /opt/airflow/dags/driven_data_pipeline.py took 0.374 seconds
[2025-06-29T03:20:19.611+0000] {processor.py:186} INFO - Started process (PID=2852) to work on /opt/airflow/dags/driven_data_pipeline.py
[2025-06-29T03:20:19.611+0000] {processor.py:914} INFO - Processing file /opt/airflow/dags/driven_data_pipeline.py for tasks to queue
[2025-06-29T03:20:19.617+0000] {logging_mixin.py:190} INFO - [2025-06-29T03:20:19.616+0000] {dagbag.py:588} INFO - Filling up the DagBag from /opt/airflow/dags/driven_data_pipeline.py
[2025-06-29T03:20:19.836+0000] {processor.py:925} INFO - DAG(s) 'extract_raw_data_pipeline' retrieved from /opt/airflow/dags/driven_data_pipeline.py
[2025-06-29T03:20:19.863+0000] {logging_mixin.py:190} INFO - [2025-06-29T03:20:19.862+0000] {dag.py:3239} INFO - Sync 1 DAGs
[2025-06-29T03:20:19.894+0000] {logging_mixin.py:190} INFO - [2025-06-29T03:20:19.894+0000] {dag.py:4180} INFO - Setting next_dagrun for extract_raw_data_pipeline to 2025-06-28 07:58:00+00:00, run_after=2025-06-28 07:59:00+00:00
[2025-06-29T03:20:20.232+0000] {processor.py:208} INFO - Processing /opt/airflow/dags/driven_data_pipeline.py took 0.627 seconds
[2025-06-29T03:20:50.649+0000] {processor.py:186} INFO - Started process (PID=2860) to work on /opt/airflow/dags/driven_data_pipeline.py
[2025-06-29T03:20:50.650+0000] {processor.py:914} INFO - Processing file /opt/airflow/dags/driven_data_pipeline.py for tasks to queue
[2025-06-29T03:20:50.652+0000] {logging_mixin.py:190} INFO - [2025-06-29T03:20:50.652+0000] {dagbag.py:588} INFO - Filling up the DagBag from /opt/airflow/dags/driven_data_pipeline.py
[2025-06-29T03:20:50.833+0000] {processor.py:925} INFO - DAG(s) 'extract_raw_data_pipeline' retrieved from /opt/airflow/dags/driven_data_pipeline.py
[2025-06-29T03:20:50.867+0000] {logging_mixin.py:190} INFO - [2025-06-29T03:20:50.866+0000] {dag.py:3239} INFO - Sync 1 DAGs
[2025-06-29T03:20:51.028+0000] {logging_mixin.py:190} INFO - [2025-06-29T03:20:51.028+0000] {dag.py:4180} INFO - Setting next_dagrun for extract_raw_data_pipeline to 2025-06-28 07:58:00+00:00, run_after=2025-06-28 07:59:00+00:00
[2025-06-29T03:20:51.059+0000] {processor.py:208} INFO - Processing /opt/airflow/dags/driven_data_pipeline.py took 0.416 seconds
[2025-06-29T03:21:21.390+0000] {processor.py:186} INFO - Started process (PID=2868) to work on /opt/airflow/dags/driven_data_pipeline.py
[2025-06-29T03:21:21.516+0000] {processor.py:914} INFO - Processing file /opt/airflow/dags/driven_data_pipeline.py for tasks to queue
[2025-06-29T03:21:21.526+0000] {logging_mixin.py:190} INFO - [2025-06-29T03:21:21.524+0000] {dagbag.py:588} INFO - Filling up the DagBag from /opt/airflow/dags/driven_data_pipeline.py
[2025-06-29T03:21:21.726+0000] {processor.py:925} INFO - DAG(s) 'extract_raw_data_pipeline' retrieved from /opt/airflow/dags/driven_data_pipeline.py
[2025-06-29T03:21:21.883+0000] {logging_mixin.py:190} INFO - [2025-06-29T03:21:21.883+0000] {dag.py:3239} INFO - Sync 1 DAGs
[2025-06-29T03:21:21.906+0000] {logging_mixin.py:190} INFO - [2025-06-29T03:21:21.905+0000] {dag.py:4180} INFO - Setting next_dagrun for extract_raw_data_pipeline to 2025-06-28 07:58:00+00:00, run_after=2025-06-28 07:59:00+00:00
[2025-06-29T03:21:21.945+0000] {processor.py:208} INFO - Processing /opt/airflow/dags/driven_data_pipeline.py took 0.565 seconds
[2025-06-29T03:21:52.340+0000] {processor.py:186} INFO - Started process (PID=2876) to work on /opt/airflow/dags/driven_data_pipeline.py
[2025-06-29T03:21:52.341+0000] {processor.py:914} INFO - Processing file /opt/airflow/dags/driven_data_pipeline.py for tasks to queue
[2025-06-29T03:21:52.345+0000] {logging_mixin.py:190} INFO - [2025-06-29T03:21:52.344+0000] {dagbag.py:588} INFO - Filling up the DagBag from /opt/airflow/dags/driven_data_pipeline.py
[2025-06-29T03:21:52.519+0000] {processor.py:925} INFO - DAG(s) 'extract_raw_data_pipeline' retrieved from /opt/airflow/dags/driven_data_pipeline.py
[2025-06-29T03:21:52.543+0000] {logging_mixin.py:190} INFO - [2025-06-29T03:21:52.543+0000] {dag.py:3239} INFO - Sync 1 DAGs
[2025-06-29T03:21:52.565+0000] {logging_mixin.py:190} INFO - [2025-06-29T03:21:52.565+0000] {dag.py:4180} INFO - Setting next_dagrun for extract_raw_data_pipeline to 2025-06-28 07:58:00+00:00, run_after=2025-06-28 07:59:00+00:00
[2025-06-29T03:21:52.597+0000] {processor.py:208} INFO - Processing /opt/airflow/dags/driven_data_pipeline.py took 0.267 seconds
[2025-06-29T03:22:22.645+0000] {processor.py:186} INFO - Started process (PID=2884) to work on /opt/airflow/dags/driven_data_pipeline.py
[2025-06-29T03:22:22.646+0000] {processor.py:914} INFO - Processing file /opt/airflow/dags/driven_data_pipeline.py for tasks to queue
[2025-06-29T03:22:22.648+0000] {logging_mixin.py:190} INFO - [2025-06-29T03:22:22.647+0000] {dagbag.py:588} INFO - Filling up the DagBag from /opt/airflow/dags/driven_data_pipeline.py
[2025-06-29T03:22:22.817+0000] {processor.py:925} INFO - DAG(s) 'extract_raw_data_pipeline' retrieved from /opt/airflow/dags/driven_data_pipeline.py
[2025-06-29T03:22:22.845+0000] {logging_mixin.py:190} INFO - [2025-06-29T03:22:22.845+0000] {dag.py:3239} INFO - Sync 1 DAGs
[2025-06-29T03:22:22.867+0000] {logging_mixin.py:190} INFO - [2025-06-29T03:22:22.866+0000] {dag.py:4180} INFO - Setting next_dagrun for extract_raw_data_pipeline to 2025-06-28 07:58:00+00:00, run_after=2025-06-28 07:59:00+00:00
[2025-06-29T03:22:23.034+0000] {processor.py:208} INFO - Processing /opt/airflow/dags/driven_data_pipeline.py took 0.396 seconds
[2025-06-29T03:22:53.323+0000] {processor.py:186} INFO - Started process (PID=2892) to work on /opt/airflow/dags/driven_data_pipeline.py
[2025-06-29T03:22:53.336+0000] {processor.py:914} INFO - Processing file /opt/airflow/dags/driven_data_pipeline.py for tasks to queue
[2025-06-29T03:22:53.339+0000] {logging_mixin.py:190} INFO - [2025-06-29T03:22:53.338+0000] {dagbag.py:588} INFO - Filling up the DagBag from /opt/airflow/dags/driven_data_pipeline.py
[2025-06-29T03:22:53.511+0000] {processor.py:925} INFO - DAG(s) 'extract_raw_data_pipeline' retrieved from /opt/airflow/dags/driven_data_pipeline.py
[2025-06-29T03:22:53.535+0000] {logging_mixin.py:190} INFO - [2025-06-29T03:22:53.535+0000] {dag.py:3239} INFO - Sync 1 DAGs
[2025-06-29T03:22:53.689+0000] {logging_mixin.py:190} INFO - [2025-06-29T03:22:53.689+0000] {dag.py:4180} INFO - Setting next_dagrun for extract_raw_data_pipeline to 2025-06-28 07:58:00+00:00, run_after=2025-06-28 07:59:00+00:00
[2025-06-29T03:22:53.723+0000] {processor.py:208} INFO - Processing /opt/airflow/dags/driven_data_pipeline.py took 0.409 seconds
[2025-06-29T03:23:24.097+0000] {processor.py:186} INFO - Started process (PID=2900) to work on /opt/airflow/dags/driven_data_pipeline.py
[2025-06-29T03:23:24.098+0000] {processor.py:914} INFO - Processing file /opt/airflow/dags/driven_data_pipeline.py for tasks to queue
[2025-06-29T03:23:24.100+0000] {logging_mixin.py:190} INFO - [2025-06-29T03:23:24.100+0000] {dagbag.py:588} INFO - Filling up the DagBag from /opt/airflow/dags/driven_data_pipeline.py
[2025-06-29T03:23:24.270+0000] {processor.py:925} INFO - DAG(s) 'extract_raw_data_pipeline' retrieved from /opt/airflow/dags/driven_data_pipeline.py
[2025-06-29T03:23:24.425+0000] {logging_mixin.py:190} INFO - [2025-06-29T03:23:24.425+0000] {dag.py:3239} INFO - Sync 1 DAGs
[2025-06-29T03:23:24.449+0000] {logging_mixin.py:190} INFO - [2025-06-29T03:23:24.449+0000] {dag.py:4180} INFO - Setting next_dagrun for extract_raw_data_pipeline to 2025-06-28 07:58:00+00:00, run_after=2025-06-28 07:59:00+00:00
[2025-06-29T03:23:24.486+0000] {processor.py:208} INFO - Processing /opt/airflow/dags/driven_data_pipeline.py took 0.395 seconds
[2025-06-29T03:23:54.846+0000] {processor.py:186} INFO - Started process (PID=2908) to work on /opt/airflow/dags/driven_data_pipeline.py
[2025-06-29T03:23:54.847+0000] {processor.py:914} INFO - Processing file /opt/airflow/dags/driven_data_pipeline.py for tasks to queue
[2025-06-29T03:23:54.851+0000] {logging_mixin.py:190} INFO - [2025-06-29T03:23:54.850+0000] {dagbag.py:588} INFO - Filling up the DagBag from /opt/airflow/dags/driven_data_pipeline.py
[2025-06-29T03:23:55.028+0000] {processor.py:925} INFO - DAG(s) 'extract_raw_data_pipeline' retrieved from /opt/airflow/dags/driven_data_pipeline.py
[2025-06-29T03:23:55.052+0000] {logging_mixin.py:190} INFO - [2025-06-29T03:23:55.052+0000] {dag.py:3239} INFO - Sync 1 DAGs
[2025-06-29T03:23:55.074+0000] {logging_mixin.py:190} INFO - [2025-06-29T03:23:55.074+0000] {dag.py:4180} INFO - Setting next_dagrun for extract_raw_data_pipeline to 2025-06-28 07:58:00+00:00, run_after=2025-06-28 07:59:00+00:00
[2025-06-29T03:23:55.109+0000] {processor.py:208} INFO - Processing /opt/airflow/dags/driven_data_pipeline.py took 0.273 seconds
[2025-06-29T03:24:25.171+0000] {processor.py:186} INFO - Started process (PID=2916) to work on /opt/airflow/dags/driven_data_pipeline.py
[2025-06-29T03:24:25.172+0000] {processor.py:914} INFO - Processing file /opt/airflow/dags/driven_data_pipeline.py for tasks to queue
[2025-06-29T03:24:25.175+0000] {logging_mixin.py:190} INFO - [2025-06-29T03:24:25.175+0000] {dagbag.py:588} INFO - Filling up the DagBag from /opt/airflow/dags/driven_data_pipeline.py
[2025-06-29T03:24:25.349+0000] {processor.py:925} INFO - DAG(s) 'extract_raw_data_pipeline' retrieved from /opt/airflow/dags/driven_data_pipeline.py
[2025-06-29T03:24:25.374+0000] {logging_mixin.py:190} INFO - [2025-06-29T03:24:25.374+0000] {dag.py:3239} INFO - Sync 1 DAGs
[2025-06-29T03:24:25.396+0000] {logging_mixin.py:190} INFO - [2025-06-29T03:24:25.396+0000] {dag.py:4180} INFO - Setting next_dagrun for extract_raw_data_pipeline to 2025-06-28 07:58:00+00:00, run_after=2025-06-28 07:59:00+00:00
[2025-06-29T03:24:26.547+0000] {processor.py:208} INFO - Processing /opt/airflow/dags/driven_data_pipeline.py took 1.386 seconds
[2025-06-29T03:24:56.776+0000] {processor.py:186} INFO - Started process (PID=2924) to work on /opt/airflow/dags/driven_data_pipeline.py
[2025-06-29T03:24:56.777+0000] {processor.py:914} INFO - Processing file /opt/airflow/dags/driven_data_pipeline.py for tasks to queue
[2025-06-29T03:24:56.781+0000] {logging_mixin.py:190} INFO - [2025-06-29T03:24:56.781+0000] {dagbag.py:588} INFO - Filling up the DagBag from /opt/airflow/dags/driven_data_pipeline.py
[2025-06-29T03:24:56.957+0000] {processor.py:925} INFO - DAG(s) 'extract_raw_data_pipeline' retrieved from /opt/airflow/dags/driven_data_pipeline.py
[2025-06-29T03:24:56.980+0000] {logging_mixin.py:190} INFO - [2025-06-29T03:24:56.980+0000] {dag.py:3239} INFO - Sync 1 DAGs
[2025-06-29T03:24:57.135+0000] {logging_mixin.py:190} INFO - [2025-06-29T03:24:57.135+0000] {dag.py:4180} INFO - Setting next_dagrun for extract_raw_data_pipeline to 2025-06-28 07:58:00+00:00, run_after=2025-06-28 07:59:00+00:00
[2025-06-29T03:24:57.172+0000] {processor.py:208} INFO - Processing /opt/airflow/dags/driven_data_pipeline.py took 0.418 seconds
[2025-06-29T03:25:27.552+0000] {processor.py:186} INFO - Started process (PID=2932) to work on /opt/airflow/dags/driven_data_pipeline.py
[2025-06-29T03:25:27.554+0000] {processor.py:914} INFO - Processing file /opt/airflow/dags/driven_data_pipeline.py for tasks to queue
[2025-06-29T03:25:27.558+0000] {logging_mixin.py:190} INFO - [2025-06-29T03:25:27.558+0000] {dagbag.py:588} INFO - Filling up the DagBag from /opt/airflow/dags/driven_data_pipeline.py
[2025-06-29T03:25:27.734+0000] {processor.py:925} INFO - DAG(s) 'extract_raw_data_pipeline' retrieved from /opt/airflow/dags/driven_data_pipeline.py
[2025-06-29T03:25:27.891+0000] {logging_mixin.py:190} INFO - [2025-06-29T03:25:27.891+0000] {dag.py:3239} INFO - Sync 1 DAGs
[2025-06-29T03:25:27.914+0000] {logging_mixin.py:190} INFO - [2025-06-29T03:25:27.914+0000] {dag.py:4180} INFO - Setting next_dagrun for extract_raw_data_pipeline to 2025-06-28 07:58:00+00:00, run_after=2025-06-28 07:59:00+00:00
[2025-06-29T03:25:27.973+0000] {processor.py:208} INFO - Processing /opt/airflow/dags/driven_data_pipeline.py took 0.433 seconds
[2025-06-29T03:25:58.333+0000] {processor.py:186} INFO - Started process (PID=2940) to work on /opt/airflow/dags/driven_data_pipeline.py
[2025-06-29T03:25:58.334+0000] {processor.py:914} INFO - Processing file /opt/airflow/dags/driven_data_pipeline.py for tasks to queue
[2025-06-29T03:25:58.338+0000] {logging_mixin.py:190} INFO - [2025-06-29T03:25:58.337+0000] {dagbag.py:588} INFO - Filling up the DagBag from /opt/airflow/dags/driven_data_pipeline.py
[2025-06-29T03:25:58.649+0000] {processor.py:925} INFO - DAG(s) 'extract_raw_data_pipeline' retrieved from /opt/airflow/dags/driven_data_pipeline.py
[2025-06-29T03:25:58.676+0000] {logging_mixin.py:190} INFO - [2025-06-29T03:25:58.675+0000] {dag.py:3239} INFO - Sync 1 DAGs
[2025-06-29T03:25:58.698+0000] {logging_mixin.py:190} INFO - [2025-06-29T03:25:58.697+0000] {dag.py:4180} INFO - Setting next_dagrun for extract_raw_data_pipeline to 2025-06-28 07:58:00+00:00, run_after=2025-06-28 07:59:00+00:00
[2025-06-29T03:25:58.730+0000] {processor.py:208} INFO - Processing /opt/airflow/dags/driven_data_pipeline.py took 0.409 seconds
[2025-06-29T03:26:29.076+0000] {processor.py:186} INFO - Started process (PID=2948) to work on /opt/airflow/dags/driven_data_pipeline.py
[2025-06-29T03:26:29.078+0000] {processor.py:914} INFO - Processing file /opt/airflow/dags/driven_data_pipeline.py for tasks to queue
[2025-06-29T03:26:29.081+0000] {logging_mixin.py:190} INFO - [2025-06-29T03:26:29.081+0000] {dagbag.py:588} INFO - Filling up the DagBag from /opt/airflow/dags/driven_data_pipeline.py
[2025-06-29T03:26:29.258+0000] {processor.py:925} INFO - DAG(s) 'extract_raw_data_pipeline' retrieved from /opt/airflow/dags/driven_data_pipeline.py
[2025-06-29T03:26:29.282+0000] {logging_mixin.py:190} INFO - [2025-06-29T03:26:29.281+0000] {dag.py:3239} INFO - Sync 1 DAGs
[2025-06-29T03:26:29.304+0000] {logging_mixin.py:190} INFO - [2025-06-29T03:26:29.303+0000] {dag.py:4180} INFO - Setting next_dagrun for extract_raw_data_pipeline to 2025-06-28 07:58:00+00:00, run_after=2025-06-28 07:59:00+00:00
[2025-06-29T03:26:29.465+0000] {processor.py:208} INFO - Processing /opt/airflow/dags/driven_data_pipeline.py took 0.399 seconds
[2025-06-29T03:26:59.806+0000] {processor.py:186} INFO - Started process (PID=2956) to work on /opt/airflow/dags/driven_data_pipeline.py
[2025-06-29T03:26:59.806+0000] {processor.py:914} INFO - Processing file /opt/airflow/dags/driven_data_pipeline.py for tasks to queue
[2025-06-29T03:26:59.809+0000] {logging_mixin.py:190} INFO - [2025-06-29T03:26:59.808+0000] {dagbag.py:588} INFO - Filling up the DagBag from /opt/airflow/dags/driven_data_pipeline.py
[2025-06-29T03:27:00.005+0000] {processor.py:925} INFO - DAG(s) 'extract_raw_data_pipeline' retrieved from /opt/airflow/dags/driven_data_pipeline.py
[2025-06-29T03:27:00.031+0000] {logging_mixin.py:190} INFO - [2025-06-29T03:27:00.030+0000] {dag.py:3239} INFO - Sync 1 DAGs
[2025-06-29T03:27:00.197+0000] {logging_mixin.py:190} INFO - [2025-06-29T03:27:00.197+0000] {dag.py:4180} INFO - Setting next_dagrun for extract_raw_data_pipeline to 2025-06-28 07:58:00+00:00, run_after=2025-06-28 07:59:00+00:00
[2025-06-29T03:27:00.229+0000] {processor.py:208} INFO - Processing /opt/airflow/dags/driven_data_pipeline.py took 0.429 seconds
[2025-06-29T03:27:30.558+0000] {processor.py:186} INFO - Started process (PID=2964) to work on /opt/airflow/dags/driven_data_pipeline.py
[2025-06-29T03:27:30.560+0000] {processor.py:914} INFO - Processing file /opt/airflow/dags/driven_data_pipeline.py for tasks to queue
[2025-06-29T03:27:30.563+0000] {logging_mixin.py:190} INFO - [2025-06-29T03:27:30.562+0000] {dagbag.py:588} INFO - Filling up the DagBag from /opt/airflow/dags/driven_data_pipeline.py
[2025-06-29T03:27:30.763+0000] {processor.py:925} INFO - DAG(s) 'extract_raw_data_pipeline' retrieved from /opt/airflow/dags/driven_data_pipeline.py
[2025-06-29T03:27:30.916+0000] {logging_mixin.py:190} INFO - [2025-06-29T03:27:30.916+0000] {dag.py:3239} INFO - Sync 1 DAGs
[2025-06-29T03:27:30.939+0000] {logging_mixin.py:190} INFO - [2025-06-29T03:27:30.938+0000] {dag.py:4180} INFO - Setting next_dagrun for extract_raw_data_pipeline to 2025-06-28 07:58:00+00:00, run_after=2025-06-28 07:59:00+00:00
[2025-06-29T03:27:30.973+0000] {processor.py:208} INFO - Processing /opt/airflow/dags/driven_data_pipeline.py took 0.423 seconds
[2025-06-29T03:28:01.336+0000] {processor.py:186} INFO - Started process (PID=2972) to work on /opt/airflow/dags/driven_data_pipeline.py
[2025-06-29T03:28:01.337+0000] {processor.py:914} INFO - Processing file /opt/airflow/dags/driven_data_pipeline.py for tasks to queue
[2025-06-29T03:28:01.339+0000] {logging_mixin.py:190} INFO - [2025-06-29T03:28:01.339+0000] {dagbag.py:588} INFO - Filling up the DagBag from /opt/airflow/dags/driven_data_pipeline.py
[2025-06-29T03:28:01.654+0000] {processor.py:925} INFO - DAG(s) 'extract_raw_data_pipeline' retrieved from /opt/airflow/dags/driven_data_pipeline.py
[2025-06-29T03:28:01.677+0000] {logging_mixin.py:190} INFO - [2025-06-29T03:28:01.676+0000] {dag.py:3239} INFO - Sync 1 DAGs
[2025-06-29T03:28:01.697+0000] {logging_mixin.py:190} INFO - [2025-06-29T03:28:01.697+0000] {dag.py:4180} INFO - Setting next_dagrun for extract_raw_data_pipeline to 2025-06-28 07:58:00+00:00, run_after=2025-06-28 07:59:00+00:00
[2025-06-29T03:28:01.837+0000] {processor.py:208} INFO - Processing /opt/airflow/dags/driven_data_pipeline.py took 0.507 seconds
[2025-06-29T03:28:32.221+0000] {processor.py:186} INFO - Started process (PID=2980) to work on /opt/airflow/dags/driven_data_pipeline.py
[2025-06-29T03:28:32.222+0000] {processor.py:914} INFO - Processing file /opt/airflow/dags/driven_data_pipeline.py for tasks to queue
[2025-06-29T03:28:32.226+0000] {logging_mixin.py:190} INFO - [2025-06-29T03:28:32.225+0000] {dagbag.py:588} INFO - Filling up the DagBag from /opt/airflow/dags/driven_data_pipeline.py
[2025-06-29T03:28:32.404+0000] {processor.py:925} INFO - DAG(s) 'extract_raw_data_pipeline' retrieved from /opt/airflow/dags/driven_data_pipeline.py
[2025-06-29T03:28:32.428+0000] {logging_mixin.py:190} INFO - [2025-06-29T03:28:32.428+0000] {dag.py:3239} INFO - Sync 1 DAGs
[2025-06-29T03:28:32.450+0000] {logging_mixin.py:190} INFO - [2025-06-29T03:28:32.450+0000] {dag.py:4180} INFO - Setting next_dagrun for extract_raw_data_pipeline to 2025-06-28 07:58:00+00:00, run_after=2025-06-28 07:59:00+00:00
[2025-06-29T03:28:32.614+0000] {processor.py:208} INFO - Processing /opt/airflow/dags/driven_data_pipeline.py took 0.403 seconds
[2025-06-29T13:56:11.686+0000] {processor.py:186} INFO - Started process (PID=2988) to work on /opt/airflow/dags/driven_data_pipeline.py
[2025-06-29T13:56:13.581+0000] {processor.py:914} INFO - Processing file /opt/airflow/dags/driven_data_pipeline.py for tasks to queue
[2025-06-29T13:56:13.589+0000] {logging_mixin.py:190} INFO - [2025-06-29T13:56:13.587+0000] {dagbag.py:588} INFO - Filling up the DagBag from /opt/airflow/dags/driven_data_pipeline.py
[2025-06-29T13:56:13.826+0000] {processor.py:925} INFO - DAG(s) 'extract_raw_data_pipeline' retrieved from /opt/airflow/dags/driven_data_pipeline.py
[2025-06-29T13:56:13.851+0000] {logging_mixin.py:190} INFO - [2025-06-29T13:56:13.851+0000] {dag.py:3239} INFO - Sync 1 DAGs
[2025-06-29T13:56:14.026+0000] {logging_mixin.py:190} INFO - [2025-06-29T13:56:14.025+0000] {dag.py:4180} INFO - Setting next_dagrun for extract_raw_data_pipeline to 2025-06-29 07:58:00+00:00, run_after=2025-06-29 07:59:00+00:00
[2025-06-29T13:56:14.223+0000] {processor.py:208} INFO - Processing /opt/airflow/dags/driven_data_pipeline.py took 2.547 seconds
[2025-06-29T13:56:44.603+0000] {processor.py:186} INFO - Started process (PID=2996) to work on /opt/airflow/dags/driven_data_pipeline.py
[2025-06-29T13:56:44.620+0000] {processor.py:914} INFO - Processing file /opt/airflow/dags/driven_data_pipeline.py for tasks to queue
[2025-06-29T13:56:44.624+0000] {logging_mixin.py:190} INFO - [2025-06-29T13:56:44.623+0000] {dagbag.py:588} INFO - Filling up the DagBag from /opt/airflow/dags/driven_data_pipeline.py
[2025-06-29T13:56:44.802+0000] {processor.py:925} INFO - DAG(s) 'extract_raw_data_pipeline' retrieved from /opt/airflow/dags/driven_data_pipeline.py
[2025-06-29T13:56:44.955+0000] {logging_mixin.py:190} INFO - [2025-06-29T13:56:44.955+0000] {dag.py:3239} INFO - Sync 1 DAGs
[2025-06-29T13:56:44.977+0000] {logging_mixin.py:190} INFO - [2025-06-29T13:56:44.977+0000] {dag.py:4180} INFO - Setting next_dagrun for extract_raw_data_pipeline to 2025-06-29 07:58:00+00:00, run_after=2025-06-29 07:59:00+00:00
[2025-06-29T13:56:45.292+0000] {processor.py:208} INFO - Processing /opt/airflow/dags/driven_data_pipeline.py took 0.698 seconds
[2025-06-29T13:57:15.653+0000] {processor.py:186} INFO - Started process (PID=3004) to work on /opt/airflow/dags/driven_data_pipeline.py
[2025-06-29T13:57:15.712+0000] {processor.py:914} INFO - Processing file /opt/airflow/dags/driven_data_pipeline.py for tasks to queue
[2025-06-29T13:57:15.722+0000] {logging_mixin.py:190} INFO - [2025-06-29T13:57:15.721+0000] {dagbag.py:588} INFO - Filling up the DagBag from /opt/airflow/dags/driven_data_pipeline.py
[2025-06-29T13:57:16.050+0000] {processor.py:925} INFO - DAG(s) 'extract_raw_data_pipeline' retrieved from /opt/airflow/dags/driven_data_pipeline.py
[2025-06-29T13:57:16.074+0000] {logging_mixin.py:190} INFO - [2025-06-29T13:57:16.074+0000] {dag.py:3239} INFO - Sync 1 DAGs
[2025-06-29T13:57:16.094+0000] {logging_mixin.py:190} INFO - [2025-06-29T13:57:16.094+0000] {dag.py:4180} INFO - Setting next_dagrun for extract_raw_data_pipeline to 2025-06-29 07:58:00+00:00, run_after=2025-06-29 07:59:00+00:00
[2025-06-29T13:57:16.270+0000] {processor.py:208} INFO - Processing /opt/airflow/dags/driven_data_pipeline.py took 0.627 seconds
[2025-06-29T13:57:46.613+0000] {processor.py:186} INFO - Started process (PID=3018) to work on /opt/airflow/dags/driven_data_pipeline.py
[2025-06-29T13:57:46.614+0000] {processor.py:914} INFO - Processing file /opt/airflow/dags/driven_data_pipeline.py for tasks to queue
[2025-06-29T13:57:46.617+0000] {logging_mixin.py:190} INFO - [2025-06-29T13:57:46.616+0000] {dagbag.py:588} INFO - Filling up the DagBag from /opt/airflow/dags/driven_data_pipeline.py
[2025-06-29T13:57:46.786+0000] {processor.py:925} INFO - DAG(s) 'extract_raw_data_pipeline' retrieved from /opt/airflow/dags/driven_data_pipeline.py
[2025-06-29T13:57:46.809+0000] {logging_mixin.py:190} INFO - [2025-06-29T13:57:46.809+0000] {dag.py:3239} INFO - Sync 1 DAGs
[2025-06-29T13:57:46.831+0000] {logging_mixin.py:190} INFO - [2025-06-29T13:57:46.830+0000] {dag.py:4180} INFO - Setting next_dagrun for extract_raw_data_pipeline to 2025-06-29 07:58:00+00:00, run_after=2025-06-29 07:59:00+00:00
[2025-06-29T13:57:48.088+0000] {processor.py:208} INFO - Processing /opt/airflow/dags/driven_data_pipeline.py took 1.484 seconds
[2025-06-29T13:58:18.434+0000] {processor.py:186} INFO - Started process (PID=3026) to work on /opt/airflow/dags/driven_data_pipeline.py
[2025-06-29T13:58:18.436+0000] {processor.py:914} INFO - Processing file /opt/airflow/dags/driven_data_pipeline.py for tasks to queue
[2025-06-29T13:58:18.438+0000] {logging_mixin.py:190} INFO - [2025-06-29T13:58:18.438+0000] {dagbag.py:588} INFO - Filling up the DagBag from /opt/airflow/dags/driven_data_pipeline.py
[2025-06-29T13:58:18.607+0000] {processor.py:925} INFO - DAG(s) 'extract_raw_data_pipeline' retrieved from /opt/airflow/dags/driven_data_pipeline.py
[2025-06-29T13:58:18.631+0000] {logging_mixin.py:190} INFO - [2025-06-29T13:58:18.631+0000] {dag.py:3239} INFO - Sync 1 DAGs
[2025-06-29T13:58:18.782+0000] {logging_mixin.py:190} INFO - [2025-06-29T13:58:18.782+0000] {dag.py:4180} INFO - Setting next_dagrun for extract_raw_data_pipeline to 2025-06-29 07:58:00+00:00, run_after=2025-06-29 07:59:00+00:00
[2025-06-29T13:58:19.587+0000] {processor.py:208} INFO - Processing /opt/airflow/dags/driven_data_pipeline.py took 1.162 seconds
[2025-06-29T13:58:49.764+0000] {processor.py:186} INFO - Started process (PID=3034) to work on /opt/airflow/dags/driven_data_pipeline.py
[2025-06-29T13:58:49.770+0000] {processor.py:914} INFO - Processing file /opt/airflow/dags/driven_data_pipeline.py for tasks to queue
[2025-06-29T13:58:49.773+0000] {logging_mixin.py:190} INFO - [2025-06-29T13:58:49.773+0000] {dagbag.py:588} INFO - Filling up the DagBag from /opt/airflow/dags/driven_data_pipeline.py
[2025-06-29T13:58:49.953+0000] {processor.py:925} INFO - DAG(s) 'extract_raw_data_pipeline' retrieved from /opt/airflow/dags/driven_data_pipeline.py
[2025-06-29T13:58:50.104+0000] {logging_mixin.py:190} INFO - [2025-06-29T13:58:50.104+0000] {dag.py:3239} INFO - Sync 1 DAGs
[2025-06-29T13:58:50.127+0000] {logging_mixin.py:190} INFO - [2025-06-29T13:58:50.127+0000] {dag.py:4180} INFO - Setting next_dagrun for extract_raw_data_pipeline to 2025-06-29 07:58:00+00:00, run_after=2025-06-29 07:59:00+00:00
[2025-06-29T13:58:50.163+0000] {processor.py:208} INFO - Processing /opt/airflow/dags/driven_data_pipeline.py took 0.406 seconds
[2025-06-29T13:59:20.224+0000] {processor.py:186} INFO - Started process (PID=3042) to work on /opt/airflow/dags/driven_data_pipeline.py
[2025-06-29T13:59:20.238+0000] {processor.py:914} INFO - Processing file /opt/airflow/dags/driven_data_pipeline.py for tasks to queue
[2025-06-29T13:59:20.240+0000] {logging_mixin.py:190} INFO - [2025-06-29T13:59:20.240+0000] {dagbag.py:588} INFO - Filling up the DagBag from /opt/airflow/dags/driven_data_pipeline.py
[2025-06-29T13:59:20.542+0000] {processor.py:925} INFO - DAG(s) 'extract_raw_data_pipeline' retrieved from /opt/airflow/dags/driven_data_pipeline.py
[2025-06-29T13:59:20.565+0000] {logging_mixin.py:190} INFO - [2025-06-29T13:59:20.565+0000] {dag.py:3239} INFO - Sync 1 DAGs
[2025-06-29T13:59:20.586+0000] {logging_mixin.py:190} INFO - [2025-06-29T13:59:20.585+0000] {dag.py:4180} INFO - Setting next_dagrun for extract_raw_data_pipeline to 2025-06-29 07:58:00+00:00, run_after=2025-06-29 07:59:00+00:00
[2025-06-29T13:59:20.621+0000] {processor.py:208} INFO - Processing /opt/airflow/dags/driven_data_pipeline.py took 0.404 seconds
[2025-06-29T13:59:50.857+0000] {processor.py:186} INFO - Started process (PID=3050) to work on /opt/airflow/dags/driven_data_pipeline.py
[2025-06-29T13:59:50.860+0000] {processor.py:914} INFO - Processing file /opt/airflow/dags/driven_data_pipeline.py for tasks to queue
[2025-06-29T13:59:50.864+0000] {logging_mixin.py:190} INFO - [2025-06-29T13:59:50.863+0000] {dagbag.py:588} INFO - Filling up the DagBag from /opt/airflow/dags/driven_data_pipeline.py
[2025-06-29T13:59:51.040+0000] {processor.py:925} INFO - DAG(s) 'extract_raw_data_pipeline' retrieved from /opt/airflow/dags/driven_data_pipeline.py
[2025-06-29T13:59:51.065+0000] {logging_mixin.py:190} INFO - [2025-06-29T13:59:51.065+0000] {dag.py:3239} INFO - Sync 1 DAGs
[2025-06-29T13:59:51.087+0000] {logging_mixin.py:190} INFO - [2025-06-29T13:59:51.087+0000] {dag.py:4180} INFO - Setting next_dagrun for extract_raw_data_pipeline to 2025-06-29 07:58:00+00:00, run_after=2025-06-29 07:59:00+00:00
[2025-06-29T13:59:51.246+0000] {processor.py:208} INFO - Processing /opt/airflow/dags/driven_data_pipeline.py took 0.399 seconds
[2025-06-29T14:00:21.602+0000] {processor.py:186} INFO - Started process (PID=3058) to work on /opt/airflow/dags/driven_data_pipeline.py
[2025-06-29T14:00:21.604+0000] {processor.py:914} INFO - Processing file /opt/airflow/dags/driven_data_pipeline.py for tasks to queue
[2025-06-29T14:00:21.609+0000] {logging_mixin.py:190} INFO - [2025-06-29T14:00:21.608+0000] {dagbag.py:588} INFO - Filling up the DagBag from /opt/airflow/dags/driven_data_pipeline.py
[2025-06-29T14:00:21.793+0000] {processor.py:925} INFO - DAG(s) 'extract_raw_data_pipeline' retrieved from /opt/airflow/dags/driven_data_pipeline.py
[2025-06-29T14:00:21.820+0000] {logging_mixin.py:190} INFO - [2025-06-29T14:00:21.820+0000] {dag.py:3239} INFO - Sync 1 DAGs
[2025-06-29T14:00:21.974+0000] {logging_mixin.py:190} INFO - [2025-06-29T14:00:21.973+0000] {dag.py:4180} INFO - Setting next_dagrun for extract_raw_data_pipeline to 2025-06-29 07:58:00+00:00, run_after=2025-06-29 07:59:00+00:00
[2025-06-29T14:00:22.013+0000] {processor.py:208} INFO - Processing /opt/airflow/dags/driven_data_pipeline.py took 0.428 seconds
[2025-06-29T14:00:52.414+0000] {processor.py:186} INFO - Started process (PID=3066) to work on /opt/airflow/dags/driven_data_pipeline.py
[2025-06-29T14:00:52.416+0000] {processor.py:914} INFO - Processing file /opt/airflow/dags/driven_data_pipeline.py for tasks to queue
[2025-06-29T14:00:52.421+0000] {logging_mixin.py:190} INFO - [2025-06-29T14:00:52.420+0000] {dagbag.py:588} INFO - Filling up the DagBag from /opt/airflow/dags/driven_data_pipeline.py
[2025-06-29T14:00:52.595+0000] {processor.py:925} INFO - DAG(s) 'extract_raw_data_pipeline' retrieved from /opt/airflow/dags/driven_data_pipeline.py
[2025-06-29T14:00:52.752+0000] {logging_mixin.py:190} INFO - [2025-06-29T14:00:52.751+0000] {dag.py:3239} INFO - Sync 1 DAGs
[2025-06-29T14:00:52.775+0000] {logging_mixin.py:190} INFO - [2025-06-29T14:00:52.775+0000] {dag.py:4180} INFO - Setting next_dagrun for extract_raw_data_pipeline to 2025-06-29 07:58:00+00:00, run_after=2025-06-29 07:59:00+00:00
[2025-06-29T14:00:52.864+0000] {processor.py:208} INFO - Processing /opt/airflow/dags/driven_data_pipeline.py took 0.465 seconds
[2025-06-29T14:01:23.219+0000] {processor.py:186} INFO - Started process (PID=3074) to work on /opt/airflow/dags/driven_data_pipeline.py
[2025-06-29T14:01:23.220+0000] {processor.py:914} INFO - Processing file /opt/airflow/dags/driven_data_pipeline.py for tasks to queue
[2025-06-29T14:01:23.222+0000] {logging_mixin.py:190} INFO - [2025-06-29T14:01:23.222+0000] {dagbag.py:588} INFO - Filling up the DagBag from /opt/airflow/dags/driven_data_pipeline.py
[2025-06-29T14:01:23.537+0000] {processor.py:925} INFO - DAG(s) 'extract_raw_data_pipeline' retrieved from /opt/airflow/dags/driven_data_pipeline.py
[2025-06-29T14:01:23.566+0000] {logging_mixin.py:190} INFO - [2025-06-29T14:01:23.566+0000] {dag.py:3239} INFO - Sync 1 DAGs
[2025-06-29T14:01:23.588+0000] {logging_mixin.py:190} INFO - [2025-06-29T14:01:23.588+0000] {dag.py:4180} INFO - Setting next_dagrun for extract_raw_data_pipeline to 2025-06-29 07:58:00+00:00, run_after=2025-06-29 07:59:00+00:00
[2025-06-29T14:01:23.624+0000] {processor.py:208} INFO - Processing /opt/airflow/dags/driven_data_pipeline.py took 0.412 seconds
[2025-06-29T14:01:54.033+0000] {processor.py:186} INFO - Started process (PID=3082) to work on /opt/airflow/dags/driven_data_pipeline.py
[2025-06-29T14:01:54.042+0000] {processor.py:914} INFO - Processing file /opt/airflow/dags/driven_data_pipeline.py for tasks to queue
[2025-06-29T14:01:54.044+0000] {logging_mixin.py:190} INFO - [2025-06-29T14:01:54.044+0000] {dagbag.py:588} INFO - Filling up the DagBag from /opt/airflow/dags/driven_data_pipeline.py
[2025-06-29T14:01:54.212+0000] {processor.py:925} INFO - DAG(s) 'extract_raw_data_pipeline' retrieved from /opt/airflow/dags/driven_data_pipeline.py
[2025-06-29T14:01:54.242+0000] {logging_mixin.py:190} INFO - [2025-06-29T14:01:54.242+0000] {dag.py:3239} INFO - Sync 1 DAGs
[2025-06-29T14:01:54.269+0000] {logging_mixin.py:190} INFO - [2025-06-29T14:01:54.269+0000] {dag.py:4180} INFO - Setting next_dagrun for extract_raw_data_pipeline to 2025-06-29 07:58:00+00:00, run_after=2025-06-29 07:59:00+00:00
[2025-06-29T14:01:54.438+0000] {processor.py:208} INFO - Processing /opt/airflow/dags/driven_data_pipeline.py took 0.415 seconds
[2025-06-29T14:02:24.802+0000] {processor.py:186} INFO - Started process (PID=3090) to work on /opt/airflow/dags/driven_data_pipeline.py
[2025-06-29T14:02:24.802+0000] {processor.py:914} INFO - Processing file /opt/airflow/dags/driven_data_pipeline.py for tasks to queue
[2025-06-29T14:02:24.804+0000] {logging_mixin.py:190} INFO - [2025-06-29T14:02:24.804+0000] {dagbag.py:588} INFO - Filling up the DagBag from /opt/airflow/dags/driven_data_pipeline.py
[2025-06-29T14:02:24.987+0000] {processor.py:925} INFO - DAG(s) 'extract_raw_data_pipeline' retrieved from /opt/airflow/dags/driven_data_pipeline.py
[2025-06-29T14:02:25.015+0000] {logging_mixin.py:190} INFO - [2025-06-29T14:02:25.015+0000] {dag.py:3239} INFO - Sync 1 DAGs
[2025-06-29T14:02:25.202+0000] {logging_mixin.py:190} INFO - [2025-06-29T14:02:25.202+0000] {dag.py:4180} INFO - Setting next_dagrun for extract_raw_data_pipeline to 2025-06-29 07:58:00+00:00, run_after=2025-06-29 07:59:00+00:00
[2025-06-29T14:02:25.235+0000] {processor.py:208} INFO - Processing /opt/airflow/dags/driven_data_pipeline.py took 0.440 seconds
[2025-06-29T14:02:55.572+0000] {processor.py:186} INFO - Started process (PID=3098) to work on /opt/airflow/dags/driven_data_pipeline.py
[2025-06-29T14:02:55.573+0000] {processor.py:914} INFO - Processing file /opt/airflow/dags/driven_data_pipeline.py for tasks to queue
[2025-06-29T14:02:55.575+0000] {logging_mixin.py:190} INFO - [2025-06-29T14:02:55.575+0000] {dagbag.py:588} INFO - Filling up the DagBag from /opt/airflow/dags/driven_data_pipeline.py
[2025-06-29T14:02:55.753+0000] {processor.py:925} INFO - DAG(s) 'extract_raw_data_pipeline' retrieved from /opt/airflow/dags/driven_data_pipeline.py
[2025-06-29T14:02:55.915+0000] {logging_mixin.py:190} INFO - [2025-06-29T14:02:55.915+0000] {dag.py:3239} INFO - Sync 1 DAGs
[2025-06-29T14:02:55.937+0000] {logging_mixin.py:190} INFO - [2025-06-29T14:02:55.937+0000] {dag.py:4180} INFO - Setting next_dagrun for extract_raw_data_pipeline to 2025-06-29 07:58:00+00:00, run_after=2025-06-29 07:59:00+00:00
[2025-06-29T14:02:55.978+0000] {processor.py:208} INFO - Processing /opt/airflow/dags/driven_data_pipeline.py took 0.413 seconds
[2025-06-29T14:03:26.377+0000] {processor.py:186} INFO - Started process (PID=3106) to work on /opt/airflow/dags/driven_data_pipeline.py
[2025-06-29T14:03:26.378+0000] {processor.py:914} INFO - Processing file /opt/airflow/dags/driven_data_pipeline.py for tasks to queue
[2025-06-29T14:03:26.382+0000] {logging_mixin.py:190} INFO - [2025-06-29T14:03:26.381+0000] {dagbag.py:588} INFO - Filling up the DagBag from /opt/airflow/dags/driven_data_pipeline.py
[2025-06-29T14:03:26.685+0000] {processor.py:925} INFO - DAG(s) 'extract_raw_data_pipeline' retrieved from /opt/airflow/dags/driven_data_pipeline.py
[2025-06-29T14:03:26.709+0000] {logging_mixin.py:190} INFO - [2025-06-29T14:03:26.709+0000] {dag.py:3239} INFO - Sync 1 DAGs
[2025-06-29T14:03:26.730+0000] {logging_mixin.py:190} INFO - [2025-06-29T14:03:26.730+0000] {dag.py:4180} INFO - Setting next_dagrun for extract_raw_data_pipeline to 2025-06-29 07:58:00+00:00, run_after=2025-06-29 07:59:00+00:00
[2025-06-29T14:03:26.760+0000] {processor.py:208} INFO - Processing /opt/airflow/dags/driven_data_pipeline.py took 0.393 seconds
[2025-06-29T14:03:57.130+0000] {processor.py:186} INFO - Started process (PID=3114) to work on /opt/airflow/dags/driven_data_pipeline.py
[2025-06-29T14:03:57.132+0000] {processor.py:914} INFO - Processing file /opt/airflow/dags/driven_data_pipeline.py for tasks to queue
[2025-06-29T14:03:57.136+0000] {logging_mixin.py:190} INFO - [2025-06-29T14:03:57.135+0000] {dagbag.py:588} INFO - Filling up the DagBag from /opt/airflow/dags/driven_data_pipeline.py
[2025-06-29T14:03:57.317+0000] {processor.py:925} INFO - DAG(s) 'extract_raw_data_pipeline' retrieved from /opt/airflow/dags/driven_data_pipeline.py
[2025-06-29T14:03:57.341+0000] {logging_mixin.py:190} INFO - [2025-06-29T14:03:57.341+0000] {dag.py:3239} INFO - Sync 1 DAGs
[2025-06-29T14:03:57.363+0000] {logging_mixin.py:190} INFO - [2025-06-29T14:03:57.362+0000] {dag.py:4180} INFO - Setting next_dagrun for extract_raw_data_pipeline to 2025-06-29 07:58:00+00:00, run_after=2025-06-29 07:59:00+00:00
[2025-06-29T14:03:57.517+0000] {processor.py:208} INFO - Processing /opt/airflow/dags/driven_data_pipeline.py took 0.397 seconds
[2025-06-29T14:04:27.868+0000] {processor.py:186} INFO - Started process (PID=3122) to work on /opt/airflow/dags/driven_data_pipeline.py
[2025-06-29T14:04:27.868+0000] {processor.py:914} INFO - Processing file /opt/airflow/dags/driven_data_pipeline.py for tasks to queue
[2025-06-29T14:04:27.871+0000] {logging_mixin.py:190} INFO - [2025-06-29T14:04:27.871+0000] {dagbag.py:588} INFO - Filling up the DagBag from /opt/airflow/dags/driven_data_pipeline.py
[2025-06-29T14:04:28.043+0000] {processor.py:925} INFO - DAG(s) 'extract_raw_data_pipeline' retrieved from /opt/airflow/dags/driven_data_pipeline.py
[2025-06-29T14:04:28.067+0000] {logging_mixin.py:190} INFO - [2025-06-29T14:04:28.067+0000] {dag.py:3239} INFO - Sync 1 DAGs
[2025-06-29T14:04:28.218+0000] {logging_mixin.py:190} INFO - [2025-06-29T14:04:28.218+0000] {dag.py:4180} INFO - Setting next_dagrun for extract_raw_data_pipeline to 2025-06-29 07:58:00+00:00, run_after=2025-06-29 07:59:00+00:00
[2025-06-29T14:04:28.254+0000] {processor.py:208} INFO - Processing /opt/airflow/dags/driven_data_pipeline.py took 0.393 seconds
[2025-06-29T14:04:58.611+0000] {processor.py:186} INFO - Started process (PID=3130) to work on /opt/airflow/dags/driven_data_pipeline.py
[2025-06-29T14:04:58.613+0000] {processor.py:914} INFO - Processing file /opt/airflow/dags/driven_data_pipeline.py for tasks to queue
[2025-06-29T14:04:58.617+0000] {logging_mixin.py:190} INFO - [2025-06-29T14:04:58.617+0000] {dagbag.py:588} INFO - Filling up the DagBag from /opt/airflow/dags/driven_data_pipeline.py
[2025-06-29T14:04:58.791+0000] {processor.py:925} INFO - DAG(s) 'extract_raw_data_pipeline' retrieved from /opt/airflow/dags/driven_data_pipeline.py
[2025-06-29T14:04:58.945+0000] {logging_mixin.py:190} INFO - [2025-06-29T14:04:58.944+0000] {dag.py:3239} INFO - Sync 1 DAGs
[2025-06-29T14:04:58.973+0000] {logging_mixin.py:190} INFO - [2025-06-29T14:04:58.973+0000] {dag.py:4180} INFO - Setting next_dagrun for extract_raw_data_pipeline to 2025-06-29 07:58:00+00:00, run_after=2025-06-29 07:59:00+00:00
[2025-06-29T14:04:59.013+0000] {processor.py:208} INFO - Processing /opt/airflow/dags/driven_data_pipeline.py took 0.415 seconds
[2025-06-29T14:05:29.319+0000] {processor.py:186} INFO - Started process (PID=3138) to work on /opt/airflow/dags/driven_data_pipeline.py
[2025-06-29T14:05:29.320+0000] {processor.py:914} INFO - Processing file /opt/airflow/dags/driven_data_pipeline.py for tasks to queue
[2025-06-29T14:05:29.322+0000] {logging_mixin.py:190} INFO - [2025-06-29T14:05:29.322+0000] {dagbag.py:588} INFO - Filling up the DagBag from /opt/airflow/dags/driven_data_pipeline.py
[2025-06-29T14:05:29.626+0000] {processor.py:925} INFO - DAG(s) 'extract_raw_data_pipeline' retrieved from /opt/airflow/dags/driven_data_pipeline.py
[2025-06-29T14:05:29.649+0000] {logging_mixin.py:190} INFO - [2025-06-29T14:05:29.649+0000] {dag.py:3239} INFO - Sync 1 DAGs
[2025-06-29T14:05:29.669+0000] {logging_mixin.py:190} INFO - [2025-06-29T14:05:29.669+0000] {dag.py:4180} INFO - Setting next_dagrun for extract_raw_data_pipeline to 2025-06-29 07:58:00+00:00, run_after=2025-06-29 07:59:00+00:00
[2025-06-29T14:05:30.981+0000] {processor.py:208} INFO - Processing /opt/airflow/dags/driven_data_pipeline.py took 1.668 seconds
[2025-06-29T14:06:01.267+0000] {processor.py:186} INFO - Started process (PID=3146) to work on /opt/airflow/dags/driven_data_pipeline.py
[2025-06-29T14:06:01.268+0000] {processor.py:914} INFO - Processing file /opt/airflow/dags/driven_data_pipeline.py for tasks to queue
[2025-06-29T14:06:01.271+0000] {logging_mixin.py:190} INFO - [2025-06-29T14:06:01.271+0000] {dagbag.py:588} INFO - Filling up the DagBag from /opt/airflow/dags/driven_data_pipeline.py
[2025-06-29T14:06:01.619+0000] {processor.py:925} INFO - DAG(s) 'extract_raw_data_pipeline' retrieved from /opt/airflow/dags/driven_data_pipeline.py
[2025-06-29T14:06:01.647+0000] {logging_mixin.py:190} INFO - [2025-06-29T14:06:01.647+0000] {dag.py:3239} INFO - Sync 1 DAGs
[2025-06-29T14:06:01.667+0000] {logging_mixin.py:190} INFO - [2025-06-29T14:06:01.667+0000] {dag.py:4180} INFO - Setting next_dagrun for extract_raw_data_pipeline to 2025-06-29 07:58:00+00:00, run_after=2025-06-29 07:59:00+00:00
[2025-06-29T14:06:01.704+0000] {processor.py:208} INFO - Processing /opt/airflow/dags/driven_data_pipeline.py took 0.447 seconds
[2025-06-29T14:06:32.021+0000] {processor.py:186} INFO - Started process (PID=3154) to work on /opt/airflow/dags/driven_data_pipeline.py
[2025-06-29T14:06:32.022+0000] {processor.py:914} INFO - Processing file /opt/airflow/dags/driven_data_pipeline.py for tasks to queue
[2025-06-29T14:06:32.024+0000] {logging_mixin.py:190} INFO - [2025-06-29T14:06:32.024+0000] {dagbag.py:588} INFO - Filling up the DagBag from /opt/airflow/dags/driven_data_pipeline.py
[2025-06-29T14:06:32.195+0000] {processor.py:925} INFO - DAG(s) 'extract_raw_data_pipeline' retrieved from /opt/airflow/dags/driven_data_pipeline.py
[2025-06-29T14:06:32.219+0000] {logging_mixin.py:190} INFO - [2025-06-29T14:06:32.219+0000] {dag.py:3239} INFO - Sync 1 DAGs
[2025-06-29T14:06:32.370+0000] {logging_mixin.py:190} INFO - [2025-06-29T14:06:32.370+0000] {dag.py:4180} INFO - Setting next_dagrun for extract_raw_data_pipeline to 2025-06-29 07:58:00+00:00, run_after=2025-06-29 07:59:00+00:00
[2025-06-29T14:06:32.407+0000] {processor.py:208} INFO - Processing /opt/airflow/dags/driven_data_pipeline.py took 0.392 seconds
[2025-06-29T14:07:02.726+0000] {processor.py:186} INFO - Started process (PID=3162) to work on /opt/airflow/dags/driven_data_pipeline.py
[2025-06-29T14:07:02.727+0000] {processor.py:914} INFO - Processing file /opt/airflow/dags/driven_data_pipeline.py for tasks to queue
[2025-06-29T14:07:02.729+0000] {logging_mixin.py:190} INFO - [2025-06-29T14:07:02.729+0000] {dagbag.py:588} INFO - Filling up the DagBag from /opt/airflow/dags/driven_data_pipeline.py
[2025-06-29T14:07:02.898+0000] {processor.py:925} INFO - DAG(s) 'extract_raw_data_pipeline' retrieved from /opt/airflow/dags/driven_data_pipeline.py
[2025-06-29T14:07:03.052+0000] {logging_mixin.py:190} INFO - [2025-06-29T14:07:03.052+0000] {dag.py:3239} INFO - Sync 1 DAGs
[2025-06-29T14:07:03.075+0000] {logging_mixin.py:190} INFO - [2025-06-29T14:07:03.075+0000] {dag.py:4180} INFO - Setting next_dagrun for extract_raw_data_pipeline to 2025-06-29 07:58:00+00:00, run_after=2025-06-29 07:59:00+00:00
[2025-06-29T14:07:03.113+0000] {processor.py:208} INFO - Processing /opt/airflow/dags/driven_data_pipeline.py took 0.393 seconds
[2025-06-29T14:07:33.484+0000] {processor.py:186} INFO - Started process (PID=3170) to work on /opt/airflow/dags/driven_data_pipeline.py
[2025-06-29T14:07:33.485+0000] {processor.py:914} INFO - Processing file /opt/airflow/dags/driven_data_pipeline.py for tasks to queue
[2025-06-29T14:07:33.487+0000] {logging_mixin.py:190} INFO - [2025-06-29T14:07:33.487+0000] {dagbag.py:588} INFO - Filling up the DagBag from /opt/airflow/dags/driven_data_pipeline.py
[2025-06-29T14:07:33.783+0000] {processor.py:925} INFO - DAG(s) 'extract_raw_data_pipeline' retrieved from /opt/airflow/dags/driven_data_pipeline.py
[2025-06-29T14:07:33.807+0000] {logging_mixin.py:190} INFO - [2025-06-29T14:07:33.806+0000] {dag.py:3239} INFO - Sync 1 DAGs
[2025-06-29T14:07:33.827+0000] {logging_mixin.py:190} INFO - [2025-06-29T14:07:33.826+0000] {dag.py:4180} INFO - Setting next_dagrun for extract_raw_data_pipeline to 2025-06-29 07:58:00+00:00, run_after=2025-06-29 07:59:00+00:00
[2025-06-29T14:07:34.022+0000] {processor.py:208} INFO - Processing /opt/airflow/dags/driven_data_pipeline.py took 0.544 seconds
[2025-06-29T14:08:04.375+0000] {processor.py:186} INFO - Started process (PID=3178) to work on /opt/airflow/dags/driven_data_pipeline.py
[2025-06-29T14:08:04.376+0000] {processor.py:914} INFO - Processing file /opt/airflow/dags/driven_data_pipeline.py for tasks to queue
[2025-06-29T14:08:04.379+0000] {logging_mixin.py:190} INFO - [2025-06-29T14:08:04.379+0000] {dagbag.py:588} INFO - Filling up the DagBag from /opt/airflow/dags/driven_data_pipeline.py
[2025-06-29T14:08:04.739+0000] {processor.py:925} INFO - DAG(s) 'extract_raw_data_pipeline' retrieved from /opt/airflow/dags/driven_data_pipeline.py
[2025-06-29T14:08:04.761+0000] {logging_mixin.py:190} INFO - [2025-06-29T14:08:04.760+0000] {dag.py:3239} INFO - Sync 1 DAGs
[2025-06-29T14:08:04.780+0000] {logging_mixin.py:190} INFO - [2025-06-29T14:08:04.780+0000] {dag.py:4180} INFO - Setting next_dagrun for extract_raw_data_pipeline to 2025-06-29 07:58:00+00:00, run_after=2025-06-29 07:59:00+00:00
[2025-06-29T14:08:04.815+0000] {processor.py:208} INFO - Processing /opt/airflow/dags/driven_data_pipeline.py took 0.451 seconds
[2025-06-29T14:08:35.143+0000] {processor.py:186} INFO - Started process (PID=3186) to work on /opt/airflow/dags/driven_data_pipeline.py
[2025-06-29T14:08:35.151+0000] {processor.py:914} INFO - Processing file /opt/airflow/dags/driven_data_pipeline.py for tasks to queue
[2025-06-29T14:08:35.154+0000] {logging_mixin.py:190} INFO - [2025-06-29T14:08:35.153+0000] {dagbag.py:588} INFO - Filling up the DagBag from /opt/airflow/dags/driven_data_pipeline.py
[2025-06-29T14:08:35.335+0000] {processor.py:925} INFO - DAG(s) 'extract_raw_data_pipeline' retrieved from /opt/airflow/dags/driven_data_pipeline.py
[2025-06-29T14:08:35.360+0000] {logging_mixin.py:190} INFO - [2025-06-29T14:08:35.360+0000] {dag.py:3239} INFO - Sync 1 DAGs
[2025-06-29T14:08:35.512+0000] {logging_mixin.py:190} INFO - [2025-06-29T14:08:35.512+0000] {dag.py:4180} INFO - Setting next_dagrun for extract_raw_data_pipeline to 2025-06-29 07:58:00+00:00, run_after=2025-06-29 07:59:00+00:00
[2025-06-29T14:08:36.041+0000] {processor.py:208} INFO - Processing /opt/airflow/dags/driven_data_pipeline.py took 0.905 seconds
[2025-06-29T14:09:06.082+0000] {processor.py:186} INFO - Started process (PID=3194) to work on /opt/airflow/dags/driven_data_pipeline.py
[2025-06-29T14:09:06.083+0000] {processor.py:914} INFO - Processing file /opt/airflow/dags/driven_data_pipeline.py for tasks to queue
[2025-06-29T14:09:06.085+0000] {logging_mixin.py:190} INFO - [2025-06-29T14:09:06.085+0000] {dagbag.py:588} INFO - Filling up the DagBag from /opt/airflow/dags/driven_data_pipeline.py
[2025-06-29T14:09:06.255+0000] {processor.py:925} INFO - DAG(s) 'extract_raw_data_pipeline' retrieved from /opt/airflow/dags/driven_data_pipeline.py
[2025-06-29T14:09:06.409+0000] {logging_mixin.py:190} INFO - [2025-06-29T14:09:06.409+0000] {dag.py:3239} INFO - Sync 1 DAGs
[2025-06-29T14:09:06.432+0000] {logging_mixin.py:190} INFO - [2025-06-29T14:09:06.432+0000] {dag.py:4180} INFO - Setting next_dagrun for extract_raw_data_pipeline to 2025-06-29 07:58:00+00:00, run_after=2025-06-29 07:59:00+00:00
[2025-06-29T14:09:06.467+0000] {processor.py:208} INFO - Processing /opt/airflow/dags/driven_data_pipeline.py took 0.392 seconds
[2025-06-29T14:09:36.741+0000] {processor.py:186} INFO - Started process (PID=3202) to work on /opt/airflow/dags/driven_data_pipeline.py
[2025-06-29T14:09:36.781+0000] {processor.py:914} INFO - Processing file /opt/airflow/dags/driven_data_pipeline.py for tasks to queue
[2025-06-29T14:09:36.791+0000] {logging_mixin.py:190} INFO - [2025-06-29T14:09:36.789+0000] {dagbag.py:588} INFO - Filling up the DagBag from /opt/airflow/dags/driven_data_pipeline.py
[2025-06-29T14:09:37.105+0000] {processor.py:925} INFO - DAG(s) 'extract_raw_data_pipeline' retrieved from /opt/airflow/dags/driven_data_pipeline.py
[2025-06-29T14:09:37.127+0000] {logging_mixin.py:190} INFO - [2025-06-29T14:09:37.127+0000] {dag.py:3239} INFO - Sync 1 DAGs
[2025-06-29T14:09:37.147+0000] {logging_mixin.py:190} INFO - [2025-06-29T14:09:37.147+0000] {dag.py:4180} INFO - Setting next_dagrun for extract_raw_data_pipeline to 2025-06-29 07:58:00+00:00, run_after=2025-06-29 07:59:00+00:00
[2025-06-29T14:09:37.464+0000] {processor.py:208} INFO - Processing /opt/airflow/dags/driven_data_pipeline.py took 0.743 seconds
[2025-06-29T14:10:07.827+0000] {processor.py:186} INFO - Started process (PID=3210) to work on /opt/airflow/dags/driven_data_pipeline.py
[2025-06-29T14:10:07.839+0000] {processor.py:914} INFO - Processing file /opt/airflow/dags/driven_data_pipeline.py for tasks to queue
[2025-06-29T14:10:07.841+0000] {logging_mixin.py:190} INFO - [2025-06-29T14:10:07.841+0000] {dagbag.py:588} INFO - Filling up the DagBag from /opt/airflow/dags/driven_data_pipeline.py
[2025-06-29T14:10:08.170+0000] {processor.py:925} INFO - DAG(s) 'extract_raw_data_pipeline' retrieved from /opt/airflow/dags/driven_data_pipeline.py
[2025-06-29T14:10:08.192+0000] {logging_mixin.py:190} INFO - [2025-06-29T14:10:08.191+0000] {dag.py:3239} INFO - Sync 1 DAGs
[2025-06-29T14:10:08.213+0000] {logging_mixin.py:190} INFO - [2025-06-29T14:10:08.212+0000] {dag.py:4180} INFO - Setting next_dagrun for extract_raw_data_pipeline to 2025-06-29 07:58:00+00:00, run_after=2025-06-29 07:59:00+00:00
[2025-06-29T14:10:08.248+0000] {processor.py:208} INFO - Processing /opt/airflow/dags/driven_data_pipeline.py took 0.427 seconds
[2025-06-29T14:10:38.491+0000] {processor.py:186} INFO - Started process (PID=3218) to work on /opt/airflow/dags/driven_data_pipeline.py
[2025-06-29T14:10:38.493+0000] {processor.py:914} INFO - Processing file /opt/airflow/dags/driven_data_pipeline.py for tasks to queue
[2025-06-29T14:10:38.496+0000] {logging_mixin.py:190} INFO - [2025-06-29T14:10:38.495+0000] {dagbag.py:588} INFO - Filling up the DagBag from /opt/airflow/dags/driven_data_pipeline.py
[2025-06-29T14:10:38.669+0000] {processor.py:925} INFO - DAG(s) 'extract_raw_data_pipeline' retrieved from /opt/airflow/dags/driven_data_pipeline.py
[2025-06-29T14:10:38.693+0000] {logging_mixin.py:190} INFO - [2025-06-29T14:10:38.693+0000] {dag.py:3239} INFO - Sync 1 DAGs
[2025-06-29T14:10:38.847+0000] {logging_mixin.py:190} INFO - [2025-06-29T14:10:38.847+0000] {dag.py:4180} INFO - Setting next_dagrun for extract_raw_data_pipeline to 2025-06-29 07:58:00+00:00, run_after=2025-06-29 07:59:00+00:00
[2025-06-29T14:10:38.879+0000] {processor.py:208} INFO - Processing /opt/airflow/dags/driven_data_pipeline.py took 0.397 seconds
[2025-06-29T14:11:09.234+0000] {processor.py:186} INFO - Started process (PID=3226) to work on /opt/airflow/dags/driven_data_pipeline.py
[2025-06-29T14:11:09.235+0000] {processor.py:914} INFO - Processing file /opt/airflow/dags/driven_data_pipeline.py for tasks to queue
[2025-06-29T14:11:09.239+0000] {logging_mixin.py:190} INFO - [2025-06-29T14:11:09.238+0000] {dagbag.py:588} INFO - Filling up the DagBag from /opt/airflow/dags/driven_data_pipeline.py
[2025-06-29T14:11:09.413+0000] {processor.py:925} INFO - DAG(s) 'extract_raw_data_pipeline' retrieved from /opt/airflow/dags/driven_data_pipeline.py
[2025-06-29T14:11:09.572+0000] {logging_mixin.py:190} INFO - [2025-06-29T14:11:09.571+0000] {dag.py:3239} INFO - Sync 1 DAGs
[2025-06-29T14:11:09.594+0000] {logging_mixin.py:190} INFO - [2025-06-29T14:11:09.594+0000] {dag.py:4180} INFO - Setting next_dagrun for extract_raw_data_pipeline to 2025-06-29 07:58:00+00:00, run_after=2025-06-29 07:59:00+00:00
[2025-06-29T14:11:09.640+0000] {processor.py:208} INFO - Processing /opt/airflow/dags/driven_data_pipeline.py took 0.417 seconds
[2025-06-29T14:11:39.999+0000] {processor.py:186} INFO - Started process (PID=3234) to work on /opt/airflow/dags/driven_data_pipeline.py
[2025-06-29T14:11:40.000+0000] {processor.py:914} INFO - Processing file /opt/airflow/dags/driven_data_pipeline.py for tasks to queue
[2025-06-29T14:11:40.004+0000] {logging_mixin.py:190} INFO - [2025-06-29T14:11:40.003+0000] {dagbag.py:588} INFO - Filling up the DagBag from /opt/airflow/dags/driven_data_pipeline.py
[2025-06-29T14:11:40.312+0000] {processor.py:925} INFO - DAG(s) 'extract_raw_data_pipeline' retrieved from /opt/airflow/dags/driven_data_pipeline.py
[2025-06-29T14:11:40.337+0000] {logging_mixin.py:190} INFO - [2025-06-29T14:11:40.337+0000] {dag.py:3239} INFO - Sync 1 DAGs
[2025-06-29T14:11:40.357+0000] {logging_mixin.py:190} INFO - [2025-06-29T14:11:40.357+0000] {dag.py:4180} INFO - Setting next_dagrun for extract_raw_data_pipeline to 2025-06-29 07:58:00+00:00, run_after=2025-06-29 07:59:00+00:00
[2025-06-29T14:11:40.388+0000] {processor.py:208} INFO - Processing /opt/airflow/dags/driven_data_pipeline.py took 0.397 seconds
[2025-06-29T14:12:10.781+0000] {processor.py:186} INFO - Started process (PID=3242) to work on /opt/airflow/dags/driven_data_pipeline.py
[2025-06-29T14:12:10.783+0000] {processor.py:914} INFO - Processing file /opt/airflow/dags/driven_data_pipeline.py for tasks to queue
[2025-06-29T14:12:10.786+0000] {logging_mixin.py:190} INFO - [2025-06-29T14:12:10.786+0000] {dagbag.py:588} INFO - Filling up the DagBag from /opt/airflow/dags/driven_data_pipeline.py
[2025-06-29T14:12:11.096+0000] {processor.py:925} INFO - DAG(s) 'extract_raw_data_pipeline' retrieved from /opt/airflow/dags/driven_data_pipeline.py
[2025-06-29T14:12:11.118+0000] {logging_mixin.py:190} INFO - [2025-06-29T14:12:11.118+0000] {dag.py:3239} INFO - Sync 1 DAGs
[2025-06-29T14:12:11.138+0000] {logging_mixin.py:190} INFO - [2025-06-29T14:12:11.138+0000] {dag.py:4180} INFO - Setting next_dagrun for extract_raw_data_pipeline to 2025-06-29 07:58:00+00:00, run_after=2025-06-29 07:59:00+00:00
[2025-06-29T14:12:11.171+0000] {processor.py:208} INFO - Processing /opt/airflow/dags/driven_data_pipeline.py took 0.400 seconds
[2025-06-29T14:12:41.568+0000] {processor.py:186} INFO - Started process (PID=3250) to work on /opt/airflow/dags/driven_data_pipeline.py
[2025-06-29T14:12:41.570+0000] {processor.py:914} INFO - Processing file /opt/airflow/dags/driven_data_pipeline.py for tasks to queue
[2025-06-29T14:12:41.575+0000] {logging_mixin.py:190} INFO - [2025-06-29T14:12:41.574+0000] {dagbag.py:588} INFO - Filling up the DagBag from /opt/airflow/dags/driven_data_pipeline.py
[2025-06-29T14:12:41.751+0000] {processor.py:925} INFO - DAG(s) 'extract_raw_data_pipeline' retrieved from /opt/airflow/dags/driven_data_pipeline.py
[2025-06-29T14:12:41.775+0000] {logging_mixin.py:190} INFO - [2025-06-29T14:12:41.775+0000] {dag.py:3239} INFO - Sync 1 DAGs
[2025-06-29T14:12:41.930+0000] {logging_mixin.py:190} INFO - [2025-06-29T14:12:41.930+0000] {dag.py:4180} INFO - Setting next_dagrun for extract_raw_data_pipeline to 2025-06-29 07:58:00+00:00, run_after=2025-06-29 07:59:00+00:00
[2025-06-29T14:12:41.970+0000] {processor.py:208} INFO - Processing /opt/airflow/dags/driven_data_pipeline.py took 0.415 seconds
[2025-06-29T14:13:12.355+0000] {processor.py:186} INFO - Started process (PID=3258) to work on /opt/airflow/dags/driven_data_pipeline.py
[2025-06-29T14:13:12.356+0000] {processor.py:914} INFO - Processing file /opt/airflow/dags/driven_data_pipeline.py for tasks to queue
[2025-06-29T14:13:12.358+0000] {logging_mixin.py:190} INFO - [2025-06-29T14:13:12.358+0000] {dagbag.py:588} INFO - Filling up the DagBag from /opt/airflow/dags/driven_data_pipeline.py
[2025-06-29T14:13:12.528+0000] {processor.py:925} INFO - DAG(s) 'extract_raw_data_pipeline' retrieved from /opt/airflow/dags/driven_data_pipeline.py
[2025-06-29T14:13:12.683+0000] {logging_mixin.py:190} INFO - [2025-06-29T14:13:12.683+0000] {dag.py:3239} INFO - Sync 1 DAGs
[2025-06-29T14:13:12.707+0000] {logging_mixin.py:190} INFO - [2025-06-29T14:13:12.706+0000] {dag.py:4180} INFO - Setting next_dagrun for extract_raw_data_pipeline to 2025-06-29 07:58:00+00:00, run_after=2025-06-29 07:59:00+00:00
[2025-06-29T14:13:13.129+0000] {processor.py:208} INFO - Processing /opt/airflow/dags/driven_data_pipeline.py took 0.780 seconds
[2025-06-29T14:13:43.313+0000] {processor.py:186} INFO - Started process (PID=3266) to work on /opt/airflow/dags/driven_data_pipeline.py
[2025-06-29T14:13:43.317+0000] {processor.py:914} INFO - Processing file /opt/airflow/dags/driven_data_pipeline.py for tasks to queue
[2025-06-29T14:13:43.330+0000] {logging_mixin.py:190} INFO - [2025-06-29T14:13:43.328+0000] {dagbag.py:588} INFO - Filling up the DagBag from /opt/airflow/dags/driven_data_pipeline.py
[2025-06-29T14:13:43.694+0000] {processor.py:925} INFO - DAG(s) 'extract_raw_data_pipeline' retrieved from /opt/airflow/dags/driven_data_pipeline.py
[2025-06-29T14:13:43.722+0000] {logging_mixin.py:190} INFO - [2025-06-29T14:13:43.722+0000] {dag.py:3239} INFO - Sync 1 DAGs
[2025-06-29T14:13:43.743+0000] {logging_mixin.py:190} INFO - [2025-06-29T14:13:43.743+0000] {dag.py:4180} INFO - Setting next_dagrun for extract_raw_data_pipeline to 2025-06-29 07:58:00+00:00, run_after=2025-06-29 07:59:00+00:00
[2025-06-29T14:13:43.778+0000] {processor.py:208} INFO - Processing /opt/airflow/dags/driven_data_pipeline.py took 0.498 seconds
[2025-06-29T14:14:13.866+0000] {processor.py:186} INFO - Started process (PID=3274) to work on /opt/airflow/dags/driven_data_pipeline.py
[2025-06-29T14:14:13.866+0000] {processor.py:914} INFO - Processing file /opt/airflow/dags/driven_data_pipeline.py for tasks to queue
[2025-06-29T14:14:13.869+0000] {logging_mixin.py:190} INFO - [2025-06-29T14:14:13.868+0000] {dagbag.py:588} INFO - Filling up the DagBag from /opt/airflow/dags/driven_data_pipeline.py
[2025-06-29T14:14:14.170+0000] {processor.py:925} INFO - DAG(s) 'extract_raw_data_pipeline' retrieved from /opt/airflow/dags/driven_data_pipeline.py
[2025-06-29T14:14:14.191+0000] {logging_mixin.py:190} INFO - [2025-06-29T14:14:14.191+0000] {dag.py:3239} INFO - Sync 1 DAGs
[2025-06-29T14:14:14.211+0000] {logging_mixin.py:190} INFO - [2025-06-29T14:14:14.210+0000] {dag.py:4180} INFO - Setting next_dagrun for extract_raw_data_pipeline to 2025-06-29 07:58:00+00:00, run_after=2025-06-29 07:59:00+00:00
[2025-06-29T14:14:14.242+0000] {processor.py:208} INFO - Processing /opt/airflow/dags/driven_data_pipeline.py took 0.382 seconds
[2025-06-29T14:14:44.407+0000] {processor.py:186} INFO - Started process (PID=3282) to work on /opt/airflow/dags/driven_data_pipeline.py
[2025-06-29T14:14:44.408+0000] {processor.py:914} INFO - Processing file /opt/airflow/dags/driven_data_pipeline.py for tasks to queue
[2025-06-29T14:14:44.411+0000] {logging_mixin.py:190} INFO - [2025-06-29T14:14:44.410+0000] {dagbag.py:588} INFO - Filling up the DagBag from /opt/airflow/dags/driven_data_pipeline.py
[2025-06-29T14:14:44.591+0000] {processor.py:925} INFO - DAG(s) 'extract_raw_data_pipeline' retrieved from /opt/airflow/dags/driven_data_pipeline.py
[2025-06-29T14:14:44.616+0000] {logging_mixin.py:190} INFO - [2025-06-29T14:14:44.616+0000] {dag.py:3239} INFO - Sync 1 DAGs
[2025-06-29T14:14:44.770+0000] {logging_mixin.py:190} INFO - [2025-06-29T14:14:44.769+0000] {dag.py:4180} INFO - Setting next_dagrun for extract_raw_data_pipeline to 2025-06-29 07:58:00+00:00, run_after=2025-06-29 07:59:00+00:00
[2025-06-29T14:14:44.809+0000] {processor.py:208} INFO - Processing /opt/airflow/dags/driven_data_pipeline.py took 0.408 seconds
[2025-06-29T14:15:14.963+0000] {processor.py:186} INFO - Started process (PID=3290) to work on /opt/airflow/dags/driven_data_pipeline.py
[2025-06-29T14:15:14.964+0000] {processor.py:914} INFO - Processing file /opt/airflow/dags/driven_data_pipeline.py for tasks to queue
[2025-06-29T14:15:14.968+0000] {logging_mixin.py:190} INFO - [2025-06-29T14:15:14.967+0000] {dagbag.py:588} INFO - Filling up the DagBag from /opt/airflow/dags/driven_data_pipeline.py
[2025-06-29T14:15:15.151+0000] {processor.py:925} INFO - DAG(s) 'extract_raw_data_pipeline' retrieved from /opt/airflow/dags/driven_data_pipeline.py
[2025-06-29T14:15:15.307+0000] {logging_mixin.py:190} INFO - [2025-06-29T14:15:15.306+0000] {dag.py:3239} INFO - Sync 1 DAGs
[2025-06-29T14:15:15.335+0000] {logging_mixin.py:190} INFO - [2025-06-29T14:15:15.335+0000] {dag.py:4180} INFO - Setting next_dagrun for extract_raw_data_pipeline to 2025-06-29 07:58:00+00:00, run_after=2025-06-29 07:59:00+00:00
[2025-06-29T14:15:15.407+0000] {processor.py:208} INFO - Processing /opt/airflow/dags/driven_data_pipeline.py took 0.455 seconds
[2025-06-29T14:15:45.756+0000] {processor.py:186} INFO - Started process (PID=3298) to work on /opt/airflow/dags/driven_data_pipeline.py
[2025-06-29T14:15:46.226+0000] {processor.py:914} INFO - Processing file /opt/airflow/dags/driven_data_pipeline.py for tasks to queue
[2025-06-29T14:15:46.237+0000] {logging_mixin.py:190} INFO - [2025-06-29T14:15:46.235+0000] {dagbag.py:588} INFO - Filling up the DagBag from /opt/airflow/dags/driven_data_pipeline.py
[2025-06-29T14:15:46.581+0000] {processor.py:925} INFO - DAG(s) 'extract_raw_data_pipeline' retrieved from /opt/airflow/dags/driven_data_pipeline.py
[2025-06-29T14:15:46.605+0000] {logging_mixin.py:190} INFO - [2025-06-29T14:15:46.605+0000] {dag.py:3239} INFO - Sync 1 DAGs
[2025-06-29T14:15:46.624+0000] {logging_mixin.py:190} INFO - [2025-06-29T14:15:46.624+0000] {dag.py:4180} INFO - Setting next_dagrun for extract_raw_data_pipeline to 2025-06-29 07:58:00+00:00, run_after=2025-06-29 07:59:00+00:00
[2025-06-29T14:15:46.663+0000] {processor.py:208} INFO - Processing /opt/airflow/dags/driven_data_pipeline.py took 0.913 seconds
[2025-06-29T14:16:16.732+0000] {processor.py:186} INFO - Started process (PID=3306) to work on /opt/airflow/dags/driven_data_pipeline.py
[2025-06-29T14:16:16.733+0000] {processor.py:914} INFO - Processing file /opt/airflow/dags/driven_data_pipeline.py for tasks to queue
[2025-06-29T14:16:16.736+0000] {logging_mixin.py:190} INFO - [2025-06-29T14:16:16.736+0000] {dagbag.py:588} INFO - Filling up the DagBag from /opt/airflow/dags/driven_data_pipeline.py
[2025-06-29T14:16:17.064+0000] {processor.py:925} INFO - DAG(s) 'extract_raw_data_pipeline' retrieved from /opt/airflow/dags/driven_data_pipeline.py
[2025-06-29T14:16:17.085+0000] {logging_mixin.py:190} INFO - [2025-06-29T14:16:17.085+0000] {dag.py:3239} INFO - Sync 1 DAGs
[2025-06-29T14:16:17.106+0000] {logging_mixin.py:190} INFO - [2025-06-29T14:16:17.105+0000] {dag.py:4180} INFO - Setting next_dagrun for extract_raw_data_pipeline to 2025-06-29 07:58:00+00:00, run_after=2025-06-29 07:59:00+00:00
[2025-06-29T14:16:17.137+0000] {processor.py:208} INFO - Processing /opt/airflow/dags/driven_data_pipeline.py took 0.418 seconds
[2025-06-29T14:16:47.293+0000] {processor.py:186} INFO - Started process (PID=3314) to work on /opt/airflow/dags/driven_data_pipeline.py
[2025-06-29T14:16:47.295+0000] {processor.py:914} INFO - Processing file /opt/airflow/dags/driven_data_pipeline.py for tasks to queue
[2025-06-29T14:16:47.297+0000] {logging_mixin.py:190} INFO - [2025-06-29T14:16:47.297+0000] {dagbag.py:588} INFO - Filling up the DagBag from /opt/airflow/dags/driven_data_pipeline.py
[2025-06-29T14:16:47.479+0000] {processor.py:925} INFO - DAG(s) 'extract_raw_data_pipeline' retrieved from /opt/airflow/dags/driven_data_pipeline.py
[2025-06-29T14:16:47.504+0000] {logging_mixin.py:190} INFO - [2025-06-29T14:16:47.504+0000] {dag.py:3239} INFO - Sync 1 DAGs
[2025-06-29T14:16:47.678+0000] {logging_mixin.py:190} INFO - [2025-06-29T14:16:47.678+0000] {dag.py:4180} INFO - Setting next_dagrun for extract_raw_data_pipeline to 2025-06-29 07:58:00+00:00, run_after=2025-06-29 07:59:00+00:00
[2025-06-29T14:16:47.731+0000] {processor.py:208} INFO - Processing /opt/airflow/dags/driven_data_pipeline.py took 0.445 seconds
[2025-06-29T14:17:17.883+0000] {processor.py:186} INFO - Started process (PID=3322) to work on /opt/airflow/dags/driven_data_pipeline.py
[2025-06-29T14:17:17.884+0000] {processor.py:914} INFO - Processing file /opt/airflow/dags/driven_data_pipeline.py for tasks to queue
[2025-06-29T14:17:17.888+0000] {logging_mixin.py:190} INFO - [2025-06-29T14:17:17.887+0000] {dagbag.py:588} INFO - Filling up the DagBag from /opt/airflow/dags/driven_data_pipeline.py
[2025-06-29T14:17:18.081+0000] {processor.py:925} INFO - DAG(s) 'extract_raw_data_pipeline' retrieved from /opt/airflow/dags/driven_data_pipeline.py
[2025-06-29T14:17:18.245+0000] {logging_mixin.py:190} INFO - [2025-06-29T14:17:18.245+0000] {dag.py:3239} INFO - Sync 1 DAGs
[2025-06-29T14:17:18.268+0000] {logging_mixin.py:190} INFO - [2025-06-29T14:17:18.268+0000] {dag.py:4180} INFO - Setting next_dagrun for extract_raw_data_pipeline to 2025-06-29 07:58:00+00:00, run_after=2025-06-29 07:59:00+00:00
[2025-06-29T14:17:18.944+0000] {processor.py:208} INFO - Processing /opt/airflow/dags/driven_data_pipeline.py took 1.070 seconds
[2025-06-29T14:17:49.222+0000] {processor.py:186} INFO - Started process (PID=3330) to work on /opt/airflow/dags/driven_data_pipeline.py
[2025-06-29T14:17:49.224+0000] {processor.py:914} INFO - Processing file /opt/airflow/dags/driven_data_pipeline.py for tasks to queue
[2025-06-29T14:17:49.226+0000] {logging_mixin.py:190} INFO - [2025-06-29T14:17:49.226+0000] {dagbag.py:588} INFO - Filling up the DagBag from /opt/airflow/dags/driven_data_pipeline.py
[2025-06-29T14:17:49.534+0000] {processor.py:925} INFO - DAG(s) 'extract_raw_data_pipeline' retrieved from /opt/airflow/dags/driven_data_pipeline.py
[2025-06-29T14:17:49.563+0000] {logging_mixin.py:190} INFO - [2025-06-29T14:17:49.563+0000] {dag.py:3239} INFO - Sync 1 DAGs
[2025-06-29T14:17:49.584+0000] {logging_mixin.py:190} INFO - [2025-06-29T14:17:49.584+0000] {dag.py:4180} INFO - Setting next_dagrun for extract_raw_data_pipeline to 2025-06-29 07:58:00+00:00, run_after=2025-06-29 07:59:00+00:00
[2025-06-29T14:17:50.611+0000] {processor.py:208} INFO - Processing /opt/airflow/dags/driven_data_pipeline.py took 1.396 seconds
[2025-06-29T14:18:20.960+0000] {processor.py:186} INFO - Started process (PID=3338) to work on /opt/airflow/dags/driven_data_pipeline.py
[2025-06-29T14:18:20.962+0000] {processor.py:914} INFO - Processing file /opt/airflow/dags/driven_data_pipeline.py for tasks to queue
[2025-06-29T14:18:20.964+0000] {logging_mixin.py:190} INFO - [2025-06-29T14:18:20.964+0000] {dagbag.py:588} INFO - Filling up the DagBag from /opt/airflow/dags/driven_data_pipeline.py
[2025-06-29T14:18:21.272+0000] {processor.py:925} INFO - DAG(s) 'extract_raw_data_pipeline' retrieved from /opt/airflow/dags/driven_data_pipeline.py
[2025-06-29T14:18:21.293+0000] {logging_mixin.py:190} INFO - [2025-06-29T14:18:21.293+0000] {dag.py:3239} INFO - Sync 1 DAGs
[2025-06-29T14:18:21.314+0000] {logging_mixin.py:190} INFO - [2025-06-29T14:18:21.314+0000] {dag.py:4180} INFO - Setting next_dagrun for extract_raw_data_pipeline to 2025-06-29 07:58:00+00:00, run_after=2025-06-29 07:59:00+00:00
[2025-06-29T14:18:21.352+0000] {processor.py:208} INFO - Processing /opt/airflow/dags/driven_data_pipeline.py took 0.397 seconds
[2025-06-29T14:18:51.717+0000] {processor.py:186} INFO - Started process (PID=3346) to work on /opt/airflow/dags/driven_data_pipeline.py
[2025-06-29T14:18:51.718+0000] {processor.py:914} INFO - Processing file /opt/airflow/dags/driven_data_pipeline.py for tasks to queue
[2025-06-29T14:18:51.721+0000] {logging_mixin.py:190} INFO - [2025-06-29T14:18:51.721+0000] {dagbag.py:588} INFO - Filling up the DagBag from /opt/airflow/dags/driven_data_pipeline.py
[2025-06-29T14:18:51.898+0000] {processor.py:925} INFO - DAG(s) 'extract_raw_data_pipeline' retrieved from /opt/airflow/dags/driven_data_pipeline.py
[2025-06-29T14:18:51.922+0000] {logging_mixin.py:190} INFO - [2025-06-29T14:18:51.921+0000] {dag.py:3239} INFO - Sync 1 DAGs
[2025-06-29T14:18:52.079+0000] {logging_mixin.py:190} INFO - [2025-06-29T14:18:52.079+0000] {dag.py:4180} INFO - Setting next_dagrun for extract_raw_data_pipeline to 2025-06-29 07:58:00+00:00, run_after=2025-06-29 07:59:00+00:00
[2025-06-29T14:18:52.123+0000] {processor.py:208} INFO - Processing /opt/airflow/dags/driven_data_pipeline.py took 0.416 seconds
[2025-06-29T14:19:22.478+0000] {processor.py:186} INFO - Started process (PID=3360) to work on /opt/airflow/dags/driven_data_pipeline.py
[2025-06-29T14:19:22.479+0000] {processor.py:914} INFO - Processing file /opt/airflow/dags/driven_data_pipeline.py for tasks to queue
[2025-06-29T14:19:22.482+0000] {logging_mixin.py:190} INFO - [2025-06-29T14:19:22.481+0000] {dagbag.py:588} INFO - Filling up the DagBag from /opt/airflow/dags/driven_data_pipeline.py
[2025-06-29T14:19:22.654+0000] {processor.py:925} INFO - DAG(s) 'extract_raw_data_pipeline' retrieved from /opt/airflow/dags/driven_data_pipeline.py
[2025-06-29T14:19:22.809+0000] {logging_mixin.py:190} INFO - [2025-06-29T14:19:22.809+0000] {dag.py:3239} INFO - Sync 1 DAGs
[2025-06-29T14:19:22.833+0000] {logging_mixin.py:190} INFO - [2025-06-29T14:19:22.833+0000] {dag.py:4180} INFO - Setting next_dagrun for extract_raw_data_pipeline to 2025-06-29 07:58:00+00:00, run_after=2025-06-29 07:59:00+00:00
[2025-06-29T14:19:22.880+0000] {processor.py:208} INFO - Processing /opt/airflow/dags/driven_data_pipeline.py took 0.412 seconds
[2025-06-29T14:19:53.196+0000] {processor.py:186} INFO - Started process (PID=3368) to work on /opt/airflow/dags/driven_data_pipeline.py
[2025-06-29T14:19:53.197+0000] {processor.py:914} INFO - Processing file /opt/airflow/dags/driven_data_pipeline.py for tasks to queue
[2025-06-29T14:19:53.200+0000] {logging_mixin.py:190} INFO - [2025-06-29T14:19:53.200+0000] {dagbag.py:588} INFO - Filling up the DagBag from /opt/airflow/dags/driven_data_pipeline.py
[2025-06-29T14:19:53.515+0000] {processor.py:925} INFO - DAG(s) 'extract_raw_data_pipeline' retrieved from /opt/airflow/dags/driven_data_pipeline.py
[2025-06-29T14:19:53.539+0000] {logging_mixin.py:190} INFO - [2025-06-29T14:19:53.539+0000] {dag.py:3239} INFO - Sync 1 DAGs
[2025-06-29T14:19:53.560+0000] {logging_mixin.py:190} INFO - [2025-06-29T14:19:53.559+0000] {dag.py:4180} INFO - Setting next_dagrun for extract_raw_data_pipeline to 2025-06-29 07:58:00+00:00, run_after=2025-06-29 07:59:00+00:00
[2025-06-29T14:19:53.595+0000] {processor.py:208} INFO - Processing /opt/airflow/dags/driven_data_pipeline.py took 0.410 seconds
[2025-06-29T14:20:23.995+0000] {processor.py:186} INFO - Started process (PID=3376) to work on /opt/airflow/dags/driven_data_pipeline.py
[2025-06-29T14:20:23.996+0000] {processor.py:914} INFO - Processing file /opt/airflow/dags/driven_data_pipeline.py for tasks to queue
[2025-06-29T14:20:24.002+0000] {logging_mixin.py:190} INFO - [2025-06-29T14:20:24.000+0000] {dagbag.py:588} INFO - Filling up the DagBag from /opt/airflow/dags/driven_data_pipeline.py
[2025-06-29T14:20:24.365+0000] {processor.py:925} INFO - DAG(s) 'extract_raw_data_pipeline' retrieved from /opt/airflow/dags/driven_data_pipeline.py
[2025-06-29T14:20:24.387+0000] {logging_mixin.py:190} INFO - [2025-06-29T14:20:24.386+0000] {dag.py:3239} INFO - Sync 1 DAGs
[2025-06-29T14:20:25.352+0000] {logging_mixin.py:190} INFO - [2025-06-29T14:20:25.352+0000] {dag.py:4180} INFO - Setting next_dagrun for extract_raw_data_pipeline to 2025-06-29 07:58:00+00:00, run_after=2025-06-29 07:59:00+00:00
[2025-06-29T14:20:25.402+0000] {processor.py:208} INFO - Processing /opt/airflow/dags/driven_data_pipeline.py took 1.420 seconds
[2025-06-29T14:20:55.784+0000] {processor.py:186} INFO - Started process (PID=3384) to work on /opt/airflow/dags/driven_data_pipeline.py
[2025-06-29T14:20:55.785+0000] {processor.py:914} INFO - Processing file /opt/airflow/dags/driven_data_pipeline.py for tasks to queue
[2025-06-29T14:20:55.789+0000] {logging_mixin.py:190} INFO - [2025-06-29T14:20:55.788+0000] {dagbag.py:588} INFO - Filling up the DagBag from /opt/airflow/dags/driven_data_pipeline.py
[2025-06-29T14:20:56.004+0000] {processor.py:925} INFO - DAG(s) 'extract_raw_data_pipeline' retrieved from /opt/airflow/dags/driven_data_pipeline.py
[2025-06-29T14:20:56.035+0000] {logging_mixin.py:190} INFO - [2025-06-29T14:20:56.035+0000] {dag.py:3239} INFO - Sync 1 DAGs
[2025-06-29T14:20:56.210+0000] {logging_mixin.py:190} INFO - [2025-06-29T14:20:56.209+0000] {dag.py:4180} INFO - Setting next_dagrun for extract_raw_data_pipeline to 2025-06-29 07:58:00+00:00, run_after=2025-06-29 07:59:00+00:00
[2025-06-29T14:20:56.647+0000] {processor.py:208} INFO - Processing /opt/airflow/dags/driven_data_pipeline.py took 0.877 seconds
[2025-06-29T14:21:26.730+0000] {processor.py:186} INFO - Started process (PID=3392) to work on /opt/airflow/dags/driven_data_pipeline.py
[2025-06-29T14:21:27.129+0000] {processor.py:914} INFO - Processing file /opt/airflow/dags/driven_data_pipeline.py for tasks to queue
[2025-06-29T14:21:27.133+0000] {logging_mixin.py:190} INFO - [2025-06-29T14:21:27.133+0000] {dagbag.py:588} INFO - Filling up the DagBag from /opt/airflow/dags/driven_data_pipeline.py
[2025-06-29T14:21:27.405+0000] {processor.py:925} INFO - DAG(s) 'extract_raw_data_pipeline' retrieved from /opt/airflow/dags/driven_data_pipeline.py
[2025-06-29T14:21:27.608+0000] {logging_mixin.py:190} INFO - [2025-06-29T14:21:27.608+0000] {dag.py:3239} INFO - Sync 1 DAGs
[2025-06-29T14:21:27.634+0000] {logging_mixin.py:190} INFO - [2025-06-29T14:21:27.633+0000] {dag.py:4180} INFO - Setting next_dagrun for extract_raw_data_pipeline to 2025-06-29 07:58:00+00:00, run_after=2025-06-29 07:59:00+00:00
[2025-06-29T14:21:27.667+0000] {processor.py:208} INFO - Processing /opt/airflow/dags/driven_data_pipeline.py took 0.947 seconds
[2025-06-29T14:21:58.097+0000] {processor.py:186} INFO - Started process (PID=3400) to work on /opt/airflow/dags/driven_data_pipeline.py
[2025-06-29T14:21:58.099+0000] {processor.py:914} INFO - Processing file /opt/airflow/dags/driven_data_pipeline.py for tasks to queue
[2025-06-29T14:21:58.103+0000] {logging_mixin.py:190} INFO - [2025-06-29T14:21:58.102+0000] {dagbag.py:588} INFO - Filling up the DagBag from /opt/airflow/dags/driven_data_pipeline.py
[2025-06-29T14:21:58.416+0000] {processor.py:925} INFO - DAG(s) 'extract_raw_data_pipeline' retrieved from /opt/airflow/dags/driven_data_pipeline.py
[2025-06-29T14:21:58.440+0000] {logging_mixin.py:190} INFO - [2025-06-29T14:21:58.440+0000] {dag.py:3239} INFO - Sync 1 DAGs
[2025-06-29T14:21:58.460+0000] {logging_mixin.py:190} INFO - [2025-06-29T14:21:58.460+0000] {dag.py:4180} INFO - Setting next_dagrun for extract_raw_data_pipeline to 2025-06-29 07:58:00+00:00, run_after=2025-06-29 07:59:00+00:00
[2025-06-29T14:21:58.499+0000] {processor.py:208} INFO - Processing /opt/airflow/dags/driven_data_pipeline.py took 0.411 seconds
[2025-06-29T14:22:28.700+0000] {processor.py:186} INFO - Started process (PID=3408) to work on /opt/airflow/dags/driven_data_pipeline.py
[2025-06-29T14:22:28.702+0000] {processor.py:914} INFO - Processing file /opt/airflow/dags/driven_data_pipeline.py for tasks to queue
[2025-06-29T14:22:28.706+0000] {logging_mixin.py:190} INFO - [2025-06-29T14:22:28.705+0000] {dagbag.py:588} INFO - Filling up the DagBag from /opt/airflow/dags/driven_data_pipeline.py
[2025-06-29T14:22:29.024+0000] {processor.py:925} INFO - DAG(s) 'extract_raw_data_pipeline' retrieved from /opt/airflow/dags/driven_data_pipeline.py
[2025-06-29T14:22:29.045+0000] {logging_mixin.py:190} INFO - [2025-06-29T14:22:29.044+0000] {dag.py:3239} INFO - Sync 1 DAGs
[2025-06-29T14:22:29.065+0000] {logging_mixin.py:190} INFO - [2025-06-29T14:22:29.064+0000] {dag.py:4180} INFO - Setting next_dagrun for extract_raw_data_pipeline to 2025-06-29 07:58:00+00:00, run_after=2025-06-29 07:59:00+00:00
[2025-06-29T14:22:29.098+0000] {processor.py:208} INFO - Processing /opt/airflow/dags/driven_data_pipeline.py took 0.408 seconds
[2025-06-29T14:22:59.183+0000] {processor.py:186} INFO - Started process (PID=3416) to work on /opt/airflow/dags/driven_data_pipeline.py
[2025-06-29T14:22:59.184+0000] {processor.py:914} INFO - Processing file /opt/airflow/dags/driven_data_pipeline.py for tasks to queue
[2025-06-29T14:22:59.188+0000] {logging_mixin.py:190} INFO - [2025-06-29T14:22:59.187+0000] {dagbag.py:588} INFO - Filling up the DagBag from /opt/airflow/dags/driven_data_pipeline.py
[2025-06-29T14:22:59.503+0000] {processor.py:925} INFO - DAG(s) 'extract_raw_data_pipeline' retrieved from /opt/airflow/dags/driven_data_pipeline.py
[2025-06-29T14:22:59.525+0000] {logging_mixin.py:190} INFO - [2025-06-29T14:22:59.524+0000] {dag.py:3239} INFO - Sync 1 DAGs
[2025-06-29T14:22:59.546+0000] {logging_mixin.py:190} INFO - [2025-06-29T14:22:59.546+0000] {dag.py:4180} INFO - Setting next_dagrun for extract_raw_data_pipeline to 2025-06-29 07:58:00+00:00, run_after=2025-06-29 07:59:00+00:00
[2025-06-29T14:22:59.586+0000] {processor.py:208} INFO - Processing /opt/airflow/dags/driven_data_pipeline.py took 0.413 seconds
[2025-06-29T14:23:29.806+0000] {processor.py:186} INFO - Started process (PID=3424) to work on /opt/airflow/dags/driven_data_pipeline.py
[2025-06-29T14:23:29.808+0000] {processor.py:914} INFO - Processing file /opt/airflow/dags/driven_data_pipeline.py for tasks to queue
[2025-06-29T14:23:29.812+0000] {logging_mixin.py:190} INFO - [2025-06-29T14:23:29.811+0000] {dagbag.py:588} INFO - Filling up the DagBag from /opt/airflow/dags/driven_data_pipeline.py
[2025-06-29T14:23:29.995+0000] {processor.py:925} INFO - DAG(s) 'extract_raw_data_pipeline' retrieved from /opt/airflow/dags/driven_data_pipeline.py
[2025-06-29T14:23:30.154+0000] {logging_mixin.py:190} INFO - [2025-06-29T14:23:30.153+0000] {dag.py:3239} INFO - Sync 1 DAGs
[2025-06-29T14:23:30.177+0000] {logging_mixin.py:190} INFO - [2025-06-29T14:23:30.177+0000] {dag.py:4180} INFO - Setting next_dagrun for extract_raw_data_pipeline to 2025-06-29 07:58:00+00:00, run_after=2025-06-29 07:59:00+00:00
[2025-06-29T14:23:30.228+0000] {processor.py:208} INFO - Processing /opt/airflow/dags/driven_data_pipeline.py took 0.437 seconds
[2025-06-29T14:24:00.576+0000] {processor.py:186} INFO - Started process (PID=3432) to work on /opt/airflow/dags/driven_data_pipeline.py
[2025-06-29T14:24:00.577+0000] {processor.py:914} INFO - Processing file /opt/airflow/dags/driven_data_pipeline.py for tasks to queue
[2025-06-29T14:24:00.580+0000] {logging_mixin.py:190} INFO - [2025-06-29T14:24:00.580+0000] {dagbag.py:588} INFO - Filling up the DagBag from /opt/airflow/dags/driven_data_pipeline.py
[2025-06-29T14:24:00.915+0000] {processor.py:925} INFO - DAG(s) 'extract_raw_data_pipeline' retrieved from /opt/airflow/dags/driven_data_pipeline.py
[2025-06-29T14:24:00.945+0000] {logging_mixin.py:190} INFO - [2025-06-29T14:24:00.944+0000] {dag.py:3239} INFO - Sync 1 DAGs
[2025-06-29T14:24:00.972+0000] {logging_mixin.py:190} INFO - [2025-06-29T14:24:00.971+0000] {dag.py:4180} INFO - Setting next_dagrun for extract_raw_data_pipeline to 2025-06-29 07:58:00+00:00, run_after=2025-06-29 07:59:00+00:00
[2025-06-29T14:24:01.010+0000] {processor.py:208} INFO - Processing /opt/airflow/dags/driven_data_pipeline.py took 0.444 seconds
[2025-06-29T14:24:31.409+0000] {processor.py:186} INFO - Started process (PID=3440) to work on /opt/airflow/dags/driven_data_pipeline.py
[2025-06-29T14:24:31.410+0000] {processor.py:914} INFO - Processing file /opt/airflow/dags/driven_data_pipeline.py for tasks to queue
[2025-06-29T14:24:31.412+0000] {logging_mixin.py:190} INFO - [2025-06-29T14:24:31.411+0000] {dagbag.py:588} INFO - Filling up the DagBag from /opt/airflow/dags/driven_data_pipeline.py
[2025-06-29T14:24:31.731+0000] {processor.py:925} INFO - DAG(s) 'extract_raw_data_pipeline' retrieved from /opt/airflow/dags/driven_data_pipeline.py
[2025-06-29T14:24:31.753+0000] {logging_mixin.py:190} INFO - [2025-06-29T14:24:31.753+0000] {dag.py:3239} INFO - Sync 1 DAGs
[2025-06-29T14:24:31.774+0000] {logging_mixin.py:190} INFO - [2025-06-29T14:24:31.774+0000] {dag.py:4180} INFO - Setting next_dagrun for extract_raw_data_pipeline to 2025-06-29 07:58:00+00:00, run_after=2025-06-29 07:59:00+00:00
[2025-06-29T14:24:31.806+0000] {processor.py:208} INFO - Processing /opt/airflow/dags/driven_data_pipeline.py took 0.404 seconds
[2025-06-29T14:25:02.177+0000] {processor.py:186} INFO - Started process (PID=3448) to work on /opt/airflow/dags/driven_data_pipeline.py
[2025-06-29T14:25:02.225+0000] {processor.py:914} INFO - Processing file /opt/airflow/dags/driven_data_pipeline.py for tasks to queue
[2025-06-29T14:25:02.236+0000] {logging_mixin.py:190} INFO - [2025-06-29T14:25:02.234+0000] {dagbag.py:588} INFO - Filling up the DagBag from /opt/airflow/dags/driven_data_pipeline.py
[2025-06-29T14:25:02.569+0000] {processor.py:925} INFO - DAG(s) 'extract_raw_data_pipeline' retrieved from /opt/airflow/dags/driven_data_pipeline.py
[2025-06-29T14:25:02.590+0000] {logging_mixin.py:190} INFO - [2025-06-29T14:25:02.590+0000] {dag.py:3239} INFO - Sync 1 DAGs
[2025-06-29T14:25:02.613+0000] {logging_mixin.py:190} INFO - [2025-06-29T14:25:02.612+0000] {dag.py:4180} INFO - Setting next_dagrun for extract_raw_data_pipeline to 2025-06-29 07:58:00+00:00, run_after=2025-06-29 07:59:00+00:00
[2025-06-29T14:25:02.661+0000] {processor.py:208} INFO - Processing /opt/airflow/dags/driven_data_pipeline.py took 0.494 seconds
[2025-06-29T14:25:33.022+0000] {processor.py:186} INFO - Started process (PID=3456) to work on /opt/airflow/dags/driven_data_pipeline.py
[2025-06-29T14:25:33.024+0000] {processor.py:914} INFO - Processing file /opt/airflow/dags/driven_data_pipeline.py for tasks to queue
[2025-06-29T14:25:33.028+0000] {logging_mixin.py:190} INFO - [2025-06-29T14:25:33.027+0000] {dagbag.py:588} INFO - Filling up the DagBag from /opt/airflow/dags/driven_data_pipeline.py
[2025-06-29T14:25:33.202+0000] {processor.py:925} INFO - DAG(s) 'extract_raw_data_pipeline' retrieved from /opt/airflow/dags/driven_data_pipeline.py
[2025-06-29T14:25:33.367+0000] {logging_mixin.py:190} INFO - [2025-06-29T14:25:33.366+0000] {dag.py:3239} INFO - Sync 1 DAGs
[2025-06-29T14:25:33.387+0000] {logging_mixin.py:190} INFO - [2025-06-29T14:25:33.387+0000] {dag.py:4180} INFO - Setting next_dagrun for extract_raw_data_pipeline to 2025-06-29 07:58:00+00:00, run_after=2025-06-29 07:59:00+00:00
[2025-06-29T14:25:33.425+0000] {processor.py:208} INFO - Processing /opt/airflow/dags/driven_data_pipeline.py took 0.413 seconds
[2025-06-29T14:26:03.745+0000] {processor.py:186} INFO - Started process (PID=3464) to work on /opt/airflow/dags/driven_data_pipeline.py
[2025-06-29T14:26:03.747+0000] {processor.py:914} INFO - Processing file /opt/airflow/dags/driven_data_pipeline.py for tasks to queue
[2025-06-29T14:26:03.749+0000] {logging_mixin.py:190} INFO - [2025-06-29T14:26:03.749+0000] {dagbag.py:588} INFO - Filling up the DagBag from /opt/airflow/dags/driven_data_pipeline.py
[2025-06-29T14:26:04.058+0000] {processor.py:925} INFO - DAG(s) 'extract_raw_data_pipeline' retrieved from /opt/airflow/dags/driven_data_pipeline.py
[2025-06-29T14:26:04.083+0000] {logging_mixin.py:190} INFO - [2025-06-29T14:26:04.082+0000] {dag.py:3239} INFO - Sync 1 DAGs
[2025-06-29T14:26:04.104+0000] {logging_mixin.py:190} INFO - [2025-06-29T14:26:04.104+0000] {dag.py:4180} INFO - Setting next_dagrun for extract_raw_data_pipeline to 2025-06-29 07:58:00+00:00, run_after=2025-06-29 07:59:00+00:00
[2025-06-29T14:26:04.135+0000] {processor.py:208} INFO - Processing /opt/airflow/dags/driven_data_pipeline.py took 0.396 seconds
[2025-06-29T14:26:34.478+0000] {processor.py:186} INFO - Started process (PID=3472) to work on /opt/airflow/dags/driven_data_pipeline.py
[2025-06-29T14:26:34.479+0000] {processor.py:914} INFO - Processing file /opt/airflow/dags/driven_data_pipeline.py for tasks to queue
[2025-06-29T14:26:34.483+0000] {logging_mixin.py:190} INFO - [2025-06-29T14:26:34.482+0000] {dagbag.py:588} INFO - Filling up the DagBag from /opt/airflow/dags/driven_data_pipeline.py
[2025-06-29T14:26:34.807+0000] {processor.py:925} INFO - DAG(s) 'extract_raw_data_pipeline' retrieved from /opt/airflow/dags/driven_data_pipeline.py
[2025-06-29T14:26:34.828+0000] {logging_mixin.py:190} INFO - [2025-06-29T14:26:34.828+0000] {dag.py:3239} INFO - Sync 1 DAGs
[2025-06-29T14:26:34.848+0000] {logging_mixin.py:190} INFO - [2025-06-29T14:26:34.848+0000] {dag.py:4180} INFO - Setting next_dagrun for extract_raw_data_pipeline to 2025-06-29 07:58:00+00:00, run_after=2025-06-29 07:59:00+00:00
[2025-06-29T14:26:34.883+0000] {processor.py:208} INFO - Processing /opt/airflow/dags/driven_data_pipeline.py took 0.415 seconds
[2025-06-29T14:27:05.243+0000] {processor.py:186} INFO - Started process (PID=3480) to work on /opt/airflow/dags/driven_data_pipeline.py
[2025-06-29T14:27:05.245+0000] {processor.py:914} INFO - Processing file /opt/airflow/dags/driven_data_pipeline.py for tasks to queue
[2025-06-29T14:27:05.250+0000] {logging_mixin.py:190} INFO - [2025-06-29T14:27:05.249+0000] {dagbag.py:588} INFO - Filling up the DagBag from /opt/airflow/dags/driven_data_pipeline.py
[2025-06-29T14:27:05.569+0000] {processor.py:925} INFO - DAG(s) 'extract_raw_data_pipeline' retrieved from /opt/airflow/dags/driven_data_pipeline.py
[2025-06-29T14:27:05.590+0000] {logging_mixin.py:190} INFO - [2025-06-29T14:27:05.590+0000] {dag.py:3239} INFO - Sync 1 DAGs
[2025-06-29T14:27:05.612+0000] {logging_mixin.py:190} INFO - [2025-06-29T14:27:05.611+0000] {dag.py:4180} INFO - Setting next_dagrun for extract_raw_data_pipeline to 2025-06-29 07:58:00+00:00, run_after=2025-06-29 07:59:00+00:00
[2025-06-29T14:27:05.644+0000] {processor.py:208} INFO - Processing /opt/airflow/dags/driven_data_pipeline.py took 0.416 seconds
[2025-06-29T14:27:35.977+0000] {processor.py:186} INFO - Started process (PID=3488) to work on /opt/airflow/dags/driven_data_pipeline.py
[2025-06-29T14:27:35.979+0000] {processor.py:914} INFO - Processing file /opt/airflow/dags/driven_data_pipeline.py for tasks to queue
[2025-06-29T14:27:35.982+0000] {logging_mixin.py:190} INFO - [2025-06-29T14:27:35.981+0000] {dagbag.py:588} INFO - Filling up the DagBag from /opt/airflow/dags/driven_data_pipeline.py
[2025-06-29T14:27:36.173+0000] {processor.py:925} INFO - DAG(s) 'extract_raw_data_pipeline' retrieved from /opt/airflow/dags/driven_data_pipeline.py
[2025-06-29T14:27:36.326+0000] {logging_mixin.py:190} INFO - [2025-06-29T14:27:36.326+0000] {dag.py:3239} INFO - Sync 1 DAGs
[2025-06-29T14:27:36.348+0000] {logging_mixin.py:190} INFO - [2025-06-29T14:27:36.348+0000] {dag.py:4180} INFO - Setting next_dagrun for extract_raw_data_pipeline to 2025-06-29 07:58:00+00:00, run_after=2025-06-29 07:59:00+00:00
[2025-06-29T14:27:36.383+0000] {processor.py:208} INFO - Processing /opt/airflow/dags/driven_data_pipeline.py took 0.413 seconds
[2025-06-29T14:28:06.758+0000] {processor.py:186} INFO - Started process (PID=3496) to work on /opt/airflow/dags/driven_data_pipeline.py
[2025-06-29T14:28:06.759+0000] {processor.py:914} INFO - Processing file /opt/airflow/dags/driven_data_pipeline.py for tasks to queue
[2025-06-29T14:28:06.761+0000] {logging_mixin.py:190} INFO - [2025-06-29T14:28:06.761+0000] {dagbag.py:588} INFO - Filling up the DagBag from /opt/airflow/dags/driven_data_pipeline.py
[2025-06-29T14:28:07.098+0000] {processor.py:925} INFO - DAG(s) 'extract_raw_data_pipeline' retrieved from /opt/airflow/dags/driven_data_pipeline.py
[2025-06-29T14:28:07.121+0000] {logging_mixin.py:190} INFO - [2025-06-29T14:28:07.121+0000] {dag.py:3239} INFO - Sync 1 DAGs
[2025-06-29T14:28:07.143+0000] {logging_mixin.py:190} INFO - [2025-06-29T14:28:07.143+0000] {dag.py:4180} INFO - Setting next_dagrun for extract_raw_data_pipeline to 2025-06-29 07:58:00+00:00, run_after=2025-06-29 07:59:00+00:00
[2025-06-29T14:28:07.183+0000] {processor.py:208} INFO - Processing /opt/airflow/dags/driven_data_pipeline.py took 0.432 seconds
[2025-06-29T14:28:37.540+0000] {processor.py:186} INFO - Started process (PID=3504) to work on /opt/airflow/dags/driven_data_pipeline.py
[2025-06-29T14:28:37.540+0000] {processor.py:914} INFO - Processing file /opt/airflow/dags/driven_data_pipeline.py for tasks to queue
[2025-06-29T14:28:37.543+0000] {logging_mixin.py:190} INFO - [2025-06-29T14:28:37.542+0000] {dagbag.py:588} INFO - Filling up the DagBag from /opt/airflow/dags/driven_data_pipeline.py
[2025-06-29T14:28:37.858+0000] {processor.py:925} INFO - DAG(s) 'extract_raw_data_pipeline' retrieved from /opt/airflow/dags/driven_data_pipeline.py
[2025-06-29T14:28:37.880+0000] {logging_mixin.py:190} INFO - [2025-06-29T14:28:37.879+0000] {dag.py:3239} INFO - Sync 1 DAGs
[2025-06-29T14:28:37.900+0000] {logging_mixin.py:190} INFO - [2025-06-29T14:28:37.900+0000] {dag.py:4180} INFO - Setting next_dagrun for extract_raw_data_pipeline to 2025-06-29 07:58:00+00:00, run_after=2025-06-29 07:59:00+00:00
[2025-06-29T14:28:37.940+0000] {processor.py:208} INFO - Processing /opt/airflow/dags/driven_data_pipeline.py took 0.410 seconds
[2025-06-29T14:29:08.321+0000] {processor.py:186} INFO - Started process (PID=3512) to work on /opt/airflow/dags/driven_data_pipeline.py
[2025-06-29T14:29:08.323+0000] {processor.py:914} INFO - Processing file /opt/airflow/dags/driven_data_pipeline.py for tasks to queue
[2025-06-29T14:29:08.326+0000] {logging_mixin.py:190} INFO - [2025-06-29T14:29:08.326+0000] {dagbag.py:588} INFO - Filling up the DagBag from /opt/airflow/dags/driven_data_pipeline.py
[2025-06-29T14:29:08.638+0000] {processor.py:925} INFO - DAG(s) 'extract_raw_data_pipeline' retrieved from /opt/airflow/dags/driven_data_pipeline.py
[2025-06-29T14:29:08.659+0000] {logging_mixin.py:190} INFO - [2025-06-29T14:29:08.659+0000] {dag.py:3239} INFO - Sync 1 DAGs
[2025-06-29T14:29:08.681+0000] {logging_mixin.py:190} INFO - [2025-06-29T14:29:08.681+0000] {dag.py:4180} INFO - Setting next_dagrun for extract_raw_data_pipeline to 2025-06-29 07:58:00+00:00, run_after=2025-06-29 07:59:00+00:00
[2025-06-29T14:29:09.027+0000] {processor.py:208} INFO - Processing /opt/airflow/dags/driven_data_pipeline.py took 0.719 seconds
[2025-06-29T14:29:39.253+0000] {processor.py:186} INFO - Started process (PID=3520) to work on /opt/airflow/dags/driven_data_pipeline.py
[2025-06-29T14:29:39.255+0000] {processor.py:914} INFO - Processing file /opt/airflow/dags/driven_data_pipeline.py for tasks to queue
[2025-06-29T14:29:39.259+0000] {logging_mixin.py:190} INFO - [2025-06-29T14:29:39.258+0000] {dagbag.py:588} INFO - Filling up the DagBag from /opt/airflow/dags/driven_data_pipeline.py
[2025-06-29T14:29:39.433+0000] {processor.py:925} INFO - DAG(s) 'extract_raw_data_pipeline' retrieved from /opt/airflow/dags/driven_data_pipeline.py
[2025-06-29T14:29:39.591+0000] {logging_mixin.py:190} INFO - [2025-06-29T14:29:39.591+0000] {dag.py:3239} INFO - Sync 1 DAGs
[2025-06-29T14:29:39.615+0000] {logging_mixin.py:190} INFO - [2025-06-29T14:29:39.614+0000] {dag.py:4180} INFO - Setting next_dagrun for extract_raw_data_pipeline to 2025-06-29 07:58:00+00:00, run_after=2025-06-29 07:59:00+00:00
[2025-06-29T14:29:39.650+0000] {processor.py:208} INFO - Processing /opt/airflow/dags/driven_data_pipeline.py took 0.407 seconds
[2025-06-29T14:30:09.734+0000] {processor.py:186} INFO - Started process (PID=3528) to work on /opt/airflow/dags/driven_data_pipeline.py
[2025-06-29T14:30:09.735+0000] {processor.py:914} INFO - Processing file /opt/airflow/dags/driven_data_pipeline.py for tasks to queue
[2025-06-29T14:30:09.739+0000] {logging_mixin.py:190} INFO - [2025-06-29T14:30:09.739+0000] {dagbag.py:588} INFO - Filling up the DagBag from /opt/airflow/dags/driven_data_pipeline.py
[2025-06-29T14:30:10.063+0000] {processor.py:925} INFO - DAG(s) 'extract_raw_data_pipeline' retrieved from /opt/airflow/dags/driven_data_pipeline.py
[2025-06-29T14:30:10.087+0000] {logging_mixin.py:190} INFO - [2025-06-29T14:30:10.087+0000] {dag.py:3239} INFO - Sync 1 DAGs
[2025-06-29T14:30:10.107+0000] {logging_mixin.py:190} INFO - [2025-06-29T14:30:10.107+0000] {dag.py:4180} INFO - Setting next_dagrun for extract_raw_data_pipeline to 2025-06-29 07:58:00+00:00, run_after=2025-06-29 07:59:00+00:00
[2025-06-29T14:30:10.150+0000] {processor.py:208} INFO - Processing /opt/airflow/dags/driven_data_pipeline.py took 0.428 seconds
[2025-06-29T14:30:40.335+0000] {processor.py:186} INFO - Started process (PID=3536) to work on /opt/airflow/dags/driven_data_pipeline.py
[2025-06-29T14:30:40.336+0000] {processor.py:914} INFO - Processing file /opt/airflow/dags/driven_data_pipeline.py for tasks to queue
[2025-06-29T14:30:40.339+0000] {logging_mixin.py:190} INFO - [2025-06-29T14:30:40.339+0000] {dagbag.py:588} INFO - Filling up the DagBag from /opt/airflow/dags/driven_data_pipeline.py
[2025-06-29T14:30:40.647+0000] {processor.py:925} INFO - DAG(s) 'extract_raw_data_pipeline' retrieved from /opt/airflow/dags/driven_data_pipeline.py
[2025-06-29T14:30:40.668+0000] {logging_mixin.py:190} INFO - [2025-06-29T14:30:40.668+0000] {dag.py:3239} INFO - Sync 1 DAGs
[2025-06-29T14:30:40.688+0000] {logging_mixin.py:190} INFO - [2025-06-29T14:30:40.688+0000] {dag.py:4180} INFO - Setting next_dagrun for extract_raw_data_pipeline to 2025-06-29 07:58:00+00:00, run_after=2025-06-29 07:59:00+00:00
[2025-06-29T14:30:40.737+0000] {processor.py:208} INFO - Processing /opt/airflow/dags/driven_data_pipeline.py took 0.410 seconds
[2025-06-29T14:31:10.813+0000] {processor.py:186} INFO - Started process (PID=3544) to work on /opt/airflow/dags/driven_data_pipeline.py
[2025-06-29T14:31:10.813+0000] {processor.py:914} INFO - Processing file /opt/airflow/dags/driven_data_pipeline.py for tasks to queue
[2025-06-29T14:31:10.816+0000] {logging_mixin.py:190} INFO - [2025-06-29T14:31:10.815+0000] {dagbag.py:588} INFO - Filling up the DagBag from /opt/airflow/dags/driven_data_pipeline.py
[2025-06-29T14:31:11.141+0000] {processor.py:925} INFO - DAG(s) 'extract_raw_data_pipeline' retrieved from /opt/airflow/dags/driven_data_pipeline.py
[2025-06-29T14:31:11.163+0000] {logging_mixin.py:190} INFO - [2025-06-29T14:31:11.163+0000] {dag.py:3239} INFO - Sync 1 DAGs
[2025-06-29T14:31:11.185+0000] {logging_mixin.py:190} INFO - [2025-06-29T14:31:11.185+0000] {dag.py:4180} INFO - Setting next_dagrun for extract_raw_data_pipeline to 2025-06-29 07:58:00+00:00, run_after=2025-06-29 07:59:00+00:00
[2025-06-29T14:31:11.220+0000] {processor.py:208} INFO - Processing /opt/airflow/dags/driven_data_pipeline.py took 0.413 seconds
[2025-06-29T14:31:41.489+0000] {processor.py:186} INFO - Started process (PID=3552) to work on /opt/airflow/dags/driven_data_pipeline.py
[2025-06-29T14:31:41.491+0000] {processor.py:914} INFO - Processing file /opt/airflow/dags/driven_data_pipeline.py for tasks to queue
[2025-06-29T14:31:41.494+0000] {logging_mixin.py:190} INFO - [2025-06-29T14:31:41.493+0000] {dagbag.py:588} INFO - Filling up the DagBag from /opt/airflow/dags/driven_data_pipeline.py
[2025-06-29T14:31:41.676+0000] {processor.py:925} INFO - DAG(s) 'extract_raw_data_pipeline' retrieved from /opt/airflow/dags/driven_data_pipeline.py
[2025-06-29T14:31:41.834+0000] {logging_mixin.py:190} INFO - [2025-06-29T14:31:41.834+0000] {dag.py:3239} INFO - Sync 1 DAGs
[2025-06-29T14:31:41.858+0000] {logging_mixin.py:190} INFO - [2025-06-29T14:31:41.858+0000] {dag.py:4180} INFO - Setting next_dagrun for extract_raw_data_pipeline to 2025-06-29 07:58:00+00:00, run_after=2025-06-29 07:59:00+00:00
[2025-06-29T14:31:41.892+0000] {processor.py:208} INFO - Processing /opt/airflow/dags/driven_data_pipeline.py took 0.411 seconds
[2025-06-29T14:32:12.239+0000] {processor.py:186} INFO - Started process (PID=3560) to work on /opt/airflow/dags/driven_data_pipeline.py
[2025-06-29T14:32:12.240+0000] {processor.py:914} INFO - Processing file /opt/airflow/dags/driven_data_pipeline.py for tasks to queue
[2025-06-29T14:32:12.243+0000] {logging_mixin.py:190} INFO - [2025-06-29T14:32:12.243+0000] {dagbag.py:588} INFO - Filling up the DagBag from /opt/airflow/dags/driven_data_pipeline.py
[2025-06-29T14:32:12.555+0000] {processor.py:925} INFO - DAG(s) 'extract_raw_data_pipeline' retrieved from /opt/airflow/dags/driven_data_pipeline.py
[2025-06-29T14:32:12.580+0000] {logging_mixin.py:190} INFO - [2025-06-29T14:32:12.579+0000] {dag.py:3239} INFO - Sync 1 DAGs
[2025-06-29T14:32:12.600+0000] {logging_mixin.py:190} INFO - [2025-06-29T14:32:12.600+0000] {dag.py:4180} INFO - Setting next_dagrun for extract_raw_data_pipeline to 2025-06-29 07:58:00+00:00, run_after=2025-06-29 07:59:00+00:00
[2025-06-29T14:32:12.801+0000] {processor.py:208} INFO - Processing /opt/airflow/dags/driven_data_pipeline.py took 0.573 seconds
[2025-06-29T14:32:43.198+0000] {processor.py:186} INFO - Started process (PID=3568) to work on /opt/airflow/dags/driven_data_pipeline.py
[2025-06-29T14:32:43.199+0000] {processor.py:914} INFO - Processing file /opt/airflow/dags/driven_data_pipeline.py for tasks to queue
[2025-06-29T14:32:43.202+0000] {logging_mixin.py:190} INFO - [2025-06-29T14:32:43.201+0000] {dagbag.py:588} INFO - Filling up the DagBag from /opt/airflow/dags/driven_data_pipeline.py
[2025-06-29T14:32:43.513+0000] {processor.py:925} INFO - DAG(s) 'extract_raw_data_pipeline' retrieved from /opt/airflow/dags/driven_data_pipeline.py
[2025-06-29T14:32:43.535+0000] {logging_mixin.py:190} INFO - [2025-06-29T14:32:43.535+0000] {dag.py:3239} INFO - Sync 1 DAGs
[2025-06-29T14:32:43.555+0000] {logging_mixin.py:190} INFO - [2025-06-29T14:32:43.555+0000] {dag.py:4180} INFO - Setting next_dagrun for extract_raw_data_pipeline to 2025-06-29 07:58:00+00:00, run_after=2025-06-29 07:59:00+00:00
[2025-06-29T14:32:43.587+0000] {processor.py:208} INFO - Processing /opt/airflow/dags/driven_data_pipeline.py took 0.398 seconds
[2025-06-29T14:33:13.896+0000] {processor.py:186} INFO - Started process (PID=3576) to work on /opt/airflow/dags/driven_data_pipeline.py
[2025-06-29T14:33:13.897+0000] {processor.py:914} INFO - Processing file /opt/airflow/dags/driven_data_pipeline.py for tasks to queue
[2025-06-29T14:33:13.900+0000] {logging_mixin.py:190} INFO - [2025-06-29T14:33:13.899+0000] {dagbag.py:588} INFO - Filling up the DagBag from /opt/airflow/dags/driven_data_pipeline.py
[2025-06-29T14:33:14.213+0000] {processor.py:925} INFO - DAG(s) 'extract_raw_data_pipeline' retrieved from /opt/airflow/dags/driven_data_pipeline.py
[2025-06-29T14:33:14.234+0000] {logging_mixin.py:190} INFO - [2025-06-29T14:33:14.234+0000] {dag.py:3239} INFO - Sync 1 DAGs
[2025-06-29T14:33:14.255+0000] {logging_mixin.py:190} INFO - [2025-06-29T14:33:14.255+0000] {dag.py:4180} INFO - Setting next_dagrun for extract_raw_data_pipeline to 2025-06-29 07:58:00+00:00, run_after=2025-06-29 07:59:00+00:00
[2025-06-29T14:33:14.312+0000] {processor.py:208} INFO - Processing /opt/airflow/dags/driven_data_pipeline.py took 0.425 seconds
[2025-06-29T14:33:44.691+0000] {processor.py:186} INFO - Started process (PID=3584) to work on /opt/airflow/dags/driven_data_pipeline.py
[2025-06-29T14:33:44.692+0000] {processor.py:914} INFO - Processing file /opt/airflow/dags/driven_data_pipeline.py for tasks to queue
[2025-06-29T14:33:44.697+0000] {logging_mixin.py:190} INFO - [2025-06-29T14:33:44.696+0000] {dagbag.py:588} INFO - Filling up the DagBag from /opt/airflow/dags/driven_data_pipeline.py
[2025-06-29T14:33:44.878+0000] {processor.py:925} INFO - DAG(s) 'extract_raw_data_pipeline' retrieved from /opt/airflow/dags/driven_data_pipeline.py
[2025-06-29T14:33:45.035+0000] {logging_mixin.py:190} INFO - [2025-06-29T14:33:45.034+0000] {dag.py:3239} INFO - Sync 1 DAGs
[2025-06-29T14:33:45.058+0000] {logging_mixin.py:190} INFO - [2025-06-29T14:33:45.058+0000] {dag.py:4180} INFO - Setting next_dagrun for extract_raw_data_pipeline to 2025-06-29 07:58:00+00:00, run_after=2025-06-29 07:59:00+00:00
[2025-06-29T14:33:45.107+0000] {processor.py:208} INFO - Processing /opt/airflow/dags/driven_data_pipeline.py took 0.432 seconds
[2025-06-29T14:34:15.453+0000] {processor.py:186} INFO - Started process (PID=3592) to work on /opt/airflow/dags/driven_data_pipeline.py
[2025-06-29T14:34:15.454+0000] {processor.py:914} INFO - Processing file /opt/airflow/dags/driven_data_pipeline.py for tasks to queue
[2025-06-29T14:34:15.456+0000] {logging_mixin.py:190} INFO - [2025-06-29T14:34:15.456+0000] {dagbag.py:588} INFO - Filling up the DagBag from /opt/airflow/dags/driven_data_pipeline.py
[2025-06-29T14:34:15.777+0000] {processor.py:925} INFO - DAG(s) 'extract_raw_data_pipeline' retrieved from /opt/airflow/dags/driven_data_pipeline.py
[2025-06-29T14:34:15.799+0000] {logging_mixin.py:190} INFO - [2025-06-29T14:34:15.799+0000] {dag.py:3239} INFO - Sync 1 DAGs
[2025-06-29T14:34:15.825+0000] {logging_mixin.py:190} INFO - [2025-06-29T14:34:15.824+0000] {dag.py:4180} INFO - Setting next_dagrun for extract_raw_data_pipeline to 2025-06-29 07:58:00+00:00, run_after=2025-06-29 07:59:00+00:00
[2025-06-29T14:34:15.867+0000] {processor.py:208} INFO - Processing /opt/airflow/dags/driven_data_pipeline.py took 0.421 seconds
[2025-06-29T14:34:46.256+0000] {processor.py:186} INFO - Started process (PID=3600) to work on /opt/airflow/dags/driven_data_pipeline.py
[2025-06-29T14:34:46.257+0000] {processor.py:914} INFO - Processing file /opt/airflow/dags/driven_data_pipeline.py for tasks to queue
[2025-06-29T14:34:46.259+0000] {logging_mixin.py:190} INFO - [2025-06-29T14:34:46.259+0000] {dagbag.py:588} INFO - Filling up the DagBag from /opt/airflow/dags/driven_data_pipeline.py
[2025-06-29T14:34:46.575+0000] {processor.py:925} INFO - DAG(s) 'extract_raw_data_pipeline' retrieved from /opt/airflow/dags/driven_data_pipeline.py
[2025-06-29T14:34:46.596+0000] {logging_mixin.py:190} INFO - [2025-06-29T14:34:46.596+0000] {dag.py:3239} INFO - Sync 1 DAGs
[2025-06-29T14:34:46.616+0000] {logging_mixin.py:190} INFO - [2025-06-29T14:34:46.616+0000] {dag.py:4180} INFO - Setting next_dagrun for extract_raw_data_pipeline to 2025-06-29 07:58:00+00:00, run_after=2025-06-29 07:59:00+00:00
[2025-06-29T14:34:46.833+0000] {processor.py:208} INFO - Processing /opt/airflow/dags/driven_data_pipeline.py took 0.584 seconds
[2025-06-29T14:35:17.129+0000] {processor.py:186} INFO - Started process (PID=3608) to work on /opt/airflow/dags/driven_data_pipeline.py
[2025-06-29T14:35:17.130+0000] {processor.py:914} INFO - Processing file /opt/airflow/dags/driven_data_pipeline.py for tasks to queue
[2025-06-29T14:35:17.133+0000] {logging_mixin.py:190} INFO - [2025-06-29T14:35:17.133+0000] {dagbag.py:588} INFO - Filling up the DagBag from /opt/airflow/dags/driven_data_pipeline.py
[2025-06-29T14:35:17.444+0000] {processor.py:925} INFO - DAG(s) 'extract_raw_data_pipeline' retrieved from /opt/airflow/dags/driven_data_pipeline.py
[2025-06-29T14:35:17.465+0000] {logging_mixin.py:190} INFO - [2025-06-29T14:35:17.465+0000] {dag.py:3239} INFO - Sync 1 DAGs
[2025-06-29T14:35:17.486+0000] {logging_mixin.py:190} INFO - [2025-06-29T14:35:17.486+0000] {dag.py:4180} INFO - Setting next_dagrun for extract_raw_data_pipeline to 2025-06-29 07:58:00+00:00, run_after=2025-06-29 07:59:00+00:00
[2025-06-29T14:35:17.516+0000] {processor.py:208} INFO - Processing /opt/airflow/dags/driven_data_pipeline.py took 0.398 seconds
[2025-06-29T14:35:47.887+0000] {processor.py:186} INFO - Started process (PID=3616) to work on /opt/airflow/dags/driven_data_pipeline.py
[2025-06-29T14:35:47.889+0000] {processor.py:914} INFO - Processing file /opt/airflow/dags/driven_data_pipeline.py for tasks to queue
[2025-06-29T14:35:47.893+0000] {logging_mixin.py:190} INFO - [2025-06-29T14:35:47.892+0000] {dagbag.py:588} INFO - Filling up the DagBag from /opt/airflow/dags/driven_data_pipeline.py
[2025-06-29T14:35:48.075+0000] {processor.py:925} INFO - DAG(s) 'extract_raw_data_pipeline' retrieved from /opt/airflow/dags/driven_data_pipeline.py
[2025-06-29T14:35:48.231+0000] {logging_mixin.py:190} INFO - [2025-06-29T14:35:48.231+0000] {dag.py:3239} INFO - Sync 1 DAGs
[2025-06-29T14:35:48.254+0000] {logging_mixin.py:190} INFO - [2025-06-29T14:35:48.254+0000] {dag.py:4180} INFO - Setting next_dagrun for extract_raw_data_pipeline to 2025-06-29 07:58:00+00:00, run_after=2025-06-29 07:59:00+00:00
[2025-06-29T14:35:48.286+0000] {processor.py:208} INFO - Processing /opt/airflow/dags/driven_data_pipeline.py took 0.409 seconds
[2025-06-29T14:36:18.640+0000] {processor.py:186} INFO - Started process (PID=3624) to work on /opt/airflow/dags/driven_data_pipeline.py
[2025-06-29T14:36:18.642+0000] {processor.py:914} INFO - Processing file /opt/airflow/dags/driven_data_pipeline.py for tasks to queue
[2025-06-29T14:36:18.645+0000] {logging_mixin.py:190} INFO - [2025-06-29T14:36:18.645+0000] {dagbag.py:588} INFO - Filling up the DagBag from /opt/airflow/dags/driven_data_pipeline.py
[2025-06-29T14:36:18.957+0000] {processor.py:925} INFO - DAG(s) 'extract_raw_data_pipeline' retrieved from /opt/airflow/dags/driven_data_pipeline.py
[2025-06-29T14:36:18.982+0000] {logging_mixin.py:190} INFO - [2025-06-29T14:36:18.982+0000] {dag.py:3239} INFO - Sync 1 DAGs
[2025-06-29T14:36:19.003+0000] {logging_mixin.py:190} INFO - [2025-06-29T14:36:19.002+0000] {dag.py:4180} INFO - Setting next_dagrun for extract_raw_data_pipeline to 2025-06-29 07:58:00+00:00, run_after=2025-06-29 07:59:00+00:00
[2025-06-29T14:36:19.059+0000] {processor.py:208} INFO - Processing /opt/airflow/dags/driven_data_pipeline.py took 0.429 seconds
[2025-06-29T14:36:49.434+0000] {processor.py:186} INFO - Started process (PID=3632) to work on /opt/airflow/dags/driven_data_pipeline.py
[2025-06-29T14:36:49.455+0000] {processor.py:914} INFO - Processing file /opt/airflow/dags/driven_data_pipeline.py for tasks to queue
[2025-06-29T14:36:49.457+0000] {logging_mixin.py:190} INFO - [2025-06-29T14:36:49.457+0000] {dagbag.py:588} INFO - Filling up the DagBag from /opt/airflow/dags/driven_data_pipeline.py
[2025-06-29T14:36:49.765+0000] {processor.py:925} INFO - DAG(s) 'extract_raw_data_pipeline' retrieved from /opt/airflow/dags/driven_data_pipeline.py
[2025-06-29T14:36:49.787+0000] {logging_mixin.py:190} INFO - [2025-06-29T14:36:49.786+0000] {dag.py:3239} INFO - Sync 1 DAGs
[2025-06-29T14:36:49.807+0000] {logging_mixin.py:190} INFO - [2025-06-29T14:36:49.807+0000] {dag.py:4180} INFO - Setting next_dagrun for extract_raw_data_pipeline to 2025-06-29 07:58:00+00:00, run_after=2025-06-29 07:59:00+00:00
[2025-06-29T14:36:49.898+0000] {processor.py:208} INFO - Processing /opt/airflow/dags/driven_data_pipeline.py took 0.472 seconds
[2025-06-29T14:37:20.289+0000] {processor.py:186} INFO - Started process (PID=3640) to work on /opt/airflow/dags/driven_data_pipeline.py
[2025-06-29T14:37:20.290+0000] {processor.py:914} INFO - Processing file /opt/airflow/dags/driven_data_pipeline.py for tasks to queue
[2025-06-29T14:37:20.292+0000] {logging_mixin.py:190} INFO - [2025-06-29T14:37:20.292+0000] {dagbag.py:588} INFO - Filling up the DagBag from /opt/airflow/dags/driven_data_pipeline.py
[2025-06-29T14:37:20.600+0000] {processor.py:925} INFO - DAG(s) 'extract_raw_data_pipeline' retrieved from /opt/airflow/dags/driven_data_pipeline.py
[2025-06-29T14:37:20.621+0000] {logging_mixin.py:190} INFO - [2025-06-29T14:37:20.621+0000] {dag.py:3239} INFO - Sync 1 DAGs
[2025-06-29T14:37:20.642+0000] {logging_mixin.py:190} INFO - [2025-06-29T14:37:20.642+0000] {dag.py:4180} INFO - Setting next_dagrun for extract_raw_data_pipeline to 2025-06-29 07:58:00+00:00, run_after=2025-06-29 07:59:00+00:00
[2025-06-29T14:37:20.685+0000] {processor.py:208} INFO - Processing /opt/airflow/dags/driven_data_pipeline.py took 0.405 seconds
[2025-06-29T14:37:51.044+0000] {processor.py:186} INFO - Started process (PID=3649) to work on /opt/airflow/dags/driven_data_pipeline.py
[2025-06-29T14:37:51.045+0000] {processor.py:914} INFO - Processing file /opt/airflow/dags/driven_data_pipeline.py for tasks to queue
[2025-06-29T14:37:51.047+0000] {logging_mixin.py:190} INFO - [2025-06-29T14:37:51.046+0000] {dagbag.py:588} INFO - Filling up the DagBag from /opt/airflow/dags/driven_data_pipeline.py
[2025-06-29T14:37:51.228+0000] {processor.py:925} INFO - DAG(s) 'extract_raw_data_pipeline' retrieved from /opt/airflow/dags/driven_data_pipeline.py
[2025-06-29T14:37:51.400+0000] {logging_mixin.py:190} INFO - [2025-06-29T14:37:51.400+0000] {dag.py:3239} INFO - Sync 1 DAGs
[2025-06-29T14:37:51.421+0000] {logging_mixin.py:190} INFO - [2025-06-29T14:37:51.421+0000] {dag.py:4180} INFO - Setting next_dagrun for extract_raw_data_pipeline to 2025-06-29 07:58:00+00:00, run_after=2025-06-29 07:59:00+00:00
[2025-06-29T14:37:51.458+0000] {processor.py:208} INFO - Processing /opt/airflow/dags/driven_data_pipeline.py took 0.421 seconds
[2025-06-29T14:38:21.896+0000] {processor.py:186} INFO - Started process (PID=3657) to work on /opt/airflow/dags/driven_data_pipeline.py
[2025-06-29T14:38:21.897+0000] {processor.py:914} INFO - Processing file /opt/airflow/dags/driven_data_pipeline.py for tasks to queue
[2025-06-29T14:38:21.899+0000] {logging_mixin.py:190} INFO - [2025-06-29T14:38:21.899+0000] {dagbag.py:588} INFO - Filling up the DagBag from /opt/airflow/dags/driven_data_pipeline.py
[2025-06-29T14:38:22.255+0000] {processor.py:925} INFO - DAG(s) 'extract_raw_data_pipeline' retrieved from /opt/airflow/dags/driven_data_pipeline.py
[2025-06-29T14:38:22.285+0000] {logging_mixin.py:190} INFO - [2025-06-29T14:38:22.284+0000] {dag.py:3239} INFO - Sync 1 DAGs
[2025-06-29T14:38:22.314+0000] {logging_mixin.py:190} INFO - [2025-06-29T14:38:22.314+0000] {dag.py:4180} INFO - Setting next_dagrun for extract_raw_data_pipeline to 2025-06-29 07:58:00+00:00, run_after=2025-06-29 07:59:00+00:00
[2025-06-29T14:38:22.348+0000] {processor.py:208} INFO - Processing /opt/airflow/dags/driven_data_pipeline.py took 0.461 seconds
[2025-06-29T14:38:52.702+0000] {processor.py:186} INFO - Started process (PID=3665) to work on /opt/airflow/dags/driven_data_pipeline.py
[2025-06-29T14:38:52.704+0000] {processor.py:914} INFO - Processing file /opt/airflow/dags/driven_data_pipeline.py for tasks to queue
[2025-06-29T14:38:52.706+0000] {logging_mixin.py:190} INFO - [2025-06-29T14:38:52.705+0000] {dagbag.py:588} INFO - Filling up the DagBag from /opt/airflow/dags/driven_data_pipeline.py
[2025-06-29T14:38:53.013+0000] {processor.py:925} INFO - DAG(s) 'extract_raw_data_pipeline' retrieved from /opt/airflow/dags/driven_data_pipeline.py
[2025-06-29T14:38:53.034+0000] {logging_mixin.py:190} INFO - [2025-06-29T14:38:53.034+0000] {dag.py:3239} INFO - Sync 1 DAGs
[2025-06-29T14:38:53.054+0000] {logging_mixin.py:190} INFO - [2025-06-29T14:38:53.054+0000] {dag.py:4180} INFO - Setting next_dagrun for extract_raw_data_pipeline to 2025-06-29 07:58:00+00:00, run_after=2025-06-29 07:59:00+00:00
[2025-06-29T14:38:53.112+0000] {processor.py:208} INFO - Processing /opt/airflow/dags/driven_data_pipeline.py took 0.416 seconds
[2025-06-29T14:39:23.538+0000] {processor.py:186} INFO - Started process (PID=3673) to work on /opt/airflow/dags/driven_data_pipeline.py
[2025-06-29T14:39:23.539+0000] {processor.py:914} INFO - Processing file /opt/airflow/dags/driven_data_pipeline.py for tasks to queue
[2025-06-29T14:39:23.543+0000] {logging_mixin.py:190} INFO - [2025-06-29T14:39:23.542+0000] {dagbag.py:588} INFO - Filling up the DagBag from /opt/airflow/dags/driven_data_pipeline.py
[2025-06-29T14:39:23.851+0000] {processor.py:925} INFO - DAG(s) 'extract_raw_data_pipeline' retrieved from /opt/airflow/dags/driven_data_pipeline.py
[2025-06-29T14:39:23.873+0000] {logging_mixin.py:190} INFO - [2025-06-29T14:39:23.872+0000] {dag.py:3239} INFO - Sync 1 DAGs
[2025-06-29T14:39:23.894+0000] {logging_mixin.py:190} INFO - [2025-06-29T14:39:23.894+0000] {dag.py:4180} INFO - Setting next_dagrun for extract_raw_data_pipeline to 2025-06-29 07:58:00+00:00, run_after=2025-06-29 07:59:00+00:00
[2025-06-29T14:39:24.403+0000] {processor.py:208} INFO - Processing /opt/airflow/dags/driven_data_pipeline.py took 0.875 seconds
[2025-06-29T14:39:54.809+0000] {processor.py:186} INFO - Started process (PID=3681) to work on /opt/airflow/dags/driven_data_pipeline.py
[2025-06-29T14:39:54.811+0000] {processor.py:914} INFO - Processing file /opt/airflow/dags/driven_data_pipeline.py for tasks to queue
[2025-06-29T14:39:54.815+0000] {logging_mixin.py:190} INFO - [2025-06-29T14:39:54.815+0000] {dagbag.py:588} INFO - Filling up the DagBag from /opt/airflow/dags/driven_data_pipeline.py
[2025-06-29T14:39:55.132+0000] {processor.py:925} INFO - DAG(s) 'extract_raw_data_pipeline' retrieved from /opt/airflow/dags/driven_data_pipeline.py
[2025-06-29T14:39:55.156+0000] {logging_mixin.py:190} INFO - [2025-06-29T14:39:55.156+0000] {dag.py:3239} INFO - Sync 1 DAGs
[2025-06-29T14:39:55.177+0000] {logging_mixin.py:190} INFO - [2025-06-29T14:39:55.177+0000] {dag.py:4180} INFO - Setting next_dagrun for extract_raw_data_pipeline to 2025-06-29 07:58:00+00:00, run_after=2025-06-29 07:59:00+00:00
[2025-06-29T14:39:55.208+0000] {processor.py:208} INFO - Processing /opt/airflow/dags/driven_data_pipeline.py took 0.412 seconds
[2025-06-29T14:40:25.582+0000] {processor.py:186} INFO - Started process (PID=3689) to work on /opt/airflow/dags/driven_data_pipeline.py
[2025-06-29T14:40:25.585+0000] {processor.py:914} INFO - Processing file /opt/airflow/dags/driven_data_pipeline.py for tasks to queue
[2025-06-29T14:40:25.590+0000] {logging_mixin.py:190} INFO - [2025-06-29T14:40:25.589+0000] {dagbag.py:588} INFO - Filling up the DagBag from /opt/airflow/dags/driven_data_pipeline.py
[2025-06-29T14:40:25.908+0000] {processor.py:925} INFO - DAG(s) 'extract_raw_data_pipeline' retrieved from /opt/airflow/dags/driven_data_pipeline.py
[2025-06-29T14:40:25.932+0000] {logging_mixin.py:190} INFO - [2025-06-29T14:40:25.932+0000] {dag.py:3239} INFO - Sync 1 DAGs
[2025-06-29T14:40:25.952+0000] {logging_mixin.py:190} INFO - [2025-06-29T14:40:25.952+0000] {dag.py:4180} INFO - Setting next_dagrun for extract_raw_data_pipeline to 2025-06-29 07:58:00+00:00, run_after=2025-06-29 07:59:00+00:00
[2025-06-29T14:40:25.992+0000] {processor.py:208} INFO - Processing /opt/airflow/dags/driven_data_pipeline.py took 0.425 seconds
[2025-06-29T14:40:56.359+0000] {processor.py:186} INFO - Started process (PID=3703) to work on /opt/airflow/dags/driven_data_pipeline.py
[2025-06-29T14:40:56.360+0000] {processor.py:914} INFO - Processing file /opt/airflow/dags/driven_data_pipeline.py for tasks to queue
[2025-06-29T14:40:56.363+0000] {logging_mixin.py:190} INFO - [2025-06-29T14:40:56.363+0000] {dagbag.py:588} INFO - Filling up the DagBag from /opt/airflow/dags/driven_data_pipeline.py
[2025-06-29T14:40:56.700+0000] {processor.py:925} INFO - DAG(s) 'extract_raw_data_pipeline' retrieved from /opt/airflow/dags/driven_data_pipeline.py
[2025-06-29T14:40:56.723+0000] {logging_mixin.py:190} INFO - [2025-06-29T14:40:56.723+0000] {dag.py:3239} INFO - Sync 1 DAGs
[2025-06-29T14:40:56.745+0000] {logging_mixin.py:190} INFO - [2025-06-29T14:40:56.745+0000] {dag.py:4180} INFO - Setting next_dagrun for extract_raw_data_pipeline to 2025-06-29 07:58:00+00:00, run_after=2025-06-29 07:59:00+00:00
[2025-06-29T14:40:56.788+0000] {processor.py:208} INFO - Processing /opt/airflow/dags/driven_data_pipeline.py took 0.439 seconds
[2025-06-29T14:41:27.191+0000] {processor.py:186} INFO - Started process (PID=3711) to work on /opt/airflow/dags/driven_data_pipeline.py
[2025-06-29T14:41:27.192+0000] {processor.py:914} INFO - Processing file /opt/airflow/dags/driven_data_pipeline.py for tasks to queue
[2025-06-29T14:41:27.196+0000] {logging_mixin.py:190} INFO - [2025-06-29T14:41:27.195+0000] {dagbag.py:588} INFO - Filling up the DagBag from /opt/airflow/dags/driven_data_pipeline.py
[2025-06-29T14:41:27.510+0000] {processor.py:925} INFO - DAG(s) 'extract_raw_data_pipeline' retrieved from /opt/airflow/dags/driven_data_pipeline.py
[2025-06-29T14:41:27.531+0000] {logging_mixin.py:190} INFO - [2025-06-29T14:41:27.531+0000] {dag.py:3239} INFO - Sync 1 DAGs
[2025-06-29T14:41:27.558+0000] {logging_mixin.py:190} INFO - [2025-06-29T14:41:27.558+0000] {dag.py:4180} INFO - Setting next_dagrun for extract_raw_data_pipeline to 2025-06-29 07:58:00+00:00, run_after=2025-06-29 07:59:00+00:00
[2025-06-29T14:41:27.591+0000] {processor.py:208} INFO - Processing /opt/airflow/dags/driven_data_pipeline.py took 0.409 seconds
[2025-06-29T14:41:57.969+0000] {processor.py:186} INFO - Started process (PID=3719) to work on /opt/airflow/dags/driven_data_pipeline.py
[2025-06-29T14:41:57.970+0000] {processor.py:914} INFO - Processing file /opt/airflow/dags/driven_data_pipeline.py for tasks to queue
[2025-06-29T14:41:57.973+0000] {logging_mixin.py:190} INFO - [2025-06-29T14:41:57.973+0000] {dagbag.py:588} INFO - Filling up the DagBag from /opt/airflow/dags/driven_data_pipeline.py
[2025-06-29T14:41:58.285+0000] {processor.py:925} INFO - DAG(s) 'extract_raw_data_pipeline' retrieved from /opt/airflow/dags/driven_data_pipeline.py
[2025-06-29T14:41:58.308+0000] {logging_mixin.py:190} INFO - [2025-06-29T14:41:58.308+0000] {dag.py:3239} INFO - Sync 1 DAGs
[2025-06-29T14:41:58.328+0000] {logging_mixin.py:190} INFO - [2025-06-29T14:41:58.328+0000] {dag.py:4180} INFO - Setting next_dagrun for extract_raw_data_pipeline to 2025-06-29 07:58:00+00:00, run_after=2025-06-29 07:59:00+00:00
[2025-06-29T14:41:58.367+0000] {processor.py:208} INFO - Processing /opt/airflow/dags/driven_data_pipeline.py took 0.408 seconds
[2025-06-29T14:42:28.691+0000] {processor.py:186} INFO - Started process (PID=3727) to work on /opt/airflow/dags/driven_data_pipeline.py
[2025-06-29T14:42:28.692+0000] {processor.py:914} INFO - Processing file /opt/airflow/dags/driven_data_pipeline.py for tasks to queue
[2025-06-29T14:42:28.695+0000] {logging_mixin.py:190} INFO - [2025-06-29T14:42:28.694+0000] {dagbag.py:588} INFO - Filling up the DagBag from /opt/airflow/dags/driven_data_pipeline.py
[2025-06-29T14:42:29.005+0000] {processor.py:925} INFO - DAG(s) 'extract_raw_data_pipeline' retrieved from /opt/airflow/dags/driven_data_pipeline.py
[2025-06-29T14:42:29.028+0000] {logging_mixin.py:190} INFO - [2025-06-29T14:42:29.028+0000] {dag.py:3239} INFO - Sync 1 DAGs
[2025-06-29T14:42:29.049+0000] {logging_mixin.py:190} INFO - [2025-06-29T14:42:29.049+0000] {dag.py:4180} INFO - Setting next_dagrun for extract_raw_data_pipeline to 2025-06-29 07:58:00+00:00, run_after=2025-06-29 07:59:00+00:00
[2025-06-29T14:42:29.387+0000] {processor.py:208} INFO - Processing /opt/airflow/dags/driven_data_pipeline.py took 0.701 seconds
[2025-06-29T14:42:59.699+0000] {processor.py:186} INFO - Started process (PID=3735) to work on /opt/airflow/dags/driven_data_pipeline.py
[2025-06-29T14:42:59.700+0000] {processor.py:914} INFO - Processing file /opt/airflow/dags/driven_data_pipeline.py for tasks to queue
[2025-06-29T14:42:59.703+0000] {logging_mixin.py:190} INFO - [2025-06-29T14:42:59.703+0000] {dagbag.py:588} INFO - Filling up the DagBag from /opt/airflow/dags/driven_data_pipeline.py
[2025-06-29T14:43:00.011+0000] {processor.py:925} INFO - DAG(s) 'extract_raw_data_pipeline' retrieved from /opt/airflow/dags/driven_data_pipeline.py
[2025-06-29T14:43:00.033+0000] {logging_mixin.py:190} INFO - [2025-06-29T14:43:00.032+0000] {dag.py:3239} INFO - Sync 1 DAGs
[2025-06-29T14:43:00.054+0000] {logging_mixin.py:190} INFO - [2025-06-29T14:43:00.053+0000] {dag.py:4180} INFO - Setting next_dagrun for extract_raw_data_pipeline to 2025-06-29 07:58:00+00:00, run_after=2025-06-29 07:59:00+00:00
[2025-06-29T14:43:00.126+0000] {processor.py:208} INFO - Processing /opt/airflow/dags/driven_data_pipeline.py took 0.437 seconds
[2025-06-29T14:43:30.531+0000] {processor.py:186} INFO - Started process (PID=3743) to work on /opt/airflow/dags/driven_data_pipeline.py
[2025-06-29T14:43:30.532+0000] {processor.py:914} INFO - Processing file /opt/airflow/dags/driven_data_pipeline.py for tasks to queue
[2025-06-29T14:43:30.535+0000] {logging_mixin.py:190} INFO - [2025-06-29T14:43:30.535+0000] {dagbag.py:588} INFO - Filling up the DagBag from /opt/airflow/dags/driven_data_pipeline.py
[2025-06-29T14:43:30.848+0000] {processor.py:925} INFO - DAG(s) 'extract_raw_data_pipeline' retrieved from /opt/airflow/dags/driven_data_pipeline.py
[2025-06-29T14:43:30.870+0000] {logging_mixin.py:190} INFO - [2025-06-29T14:43:30.869+0000] {dag.py:3239} INFO - Sync 1 DAGs
[2025-06-29T14:43:30.891+0000] {logging_mixin.py:190} INFO - [2025-06-29T14:43:30.891+0000] {dag.py:4180} INFO - Setting next_dagrun for extract_raw_data_pipeline to 2025-06-29 07:58:00+00:00, run_after=2025-06-29 07:59:00+00:00
[2025-06-29T14:43:30.926+0000] {processor.py:208} INFO - Processing /opt/airflow/dags/driven_data_pipeline.py took 0.404 seconds
[2025-06-29T14:44:01.263+0000] {processor.py:186} INFO - Started process (PID=3751) to work on /opt/airflow/dags/driven_data_pipeline.py
[2025-06-29T14:44:01.264+0000] {processor.py:914} INFO - Processing file /opt/airflow/dags/driven_data_pipeline.py for tasks to queue
[2025-06-29T14:44:01.266+0000] {logging_mixin.py:190} INFO - [2025-06-29T14:44:01.266+0000] {dagbag.py:588} INFO - Filling up the DagBag from /opt/airflow/dags/driven_data_pipeline.py
[2025-06-29T14:44:01.569+0000] {processor.py:925} INFO - DAG(s) 'extract_raw_data_pipeline' retrieved from /opt/airflow/dags/driven_data_pipeline.py
[2025-06-29T14:44:01.592+0000] {logging_mixin.py:190} INFO - [2025-06-29T14:44:01.592+0000] {dag.py:3239} INFO - Sync 1 DAGs
[2025-06-29T14:44:01.612+0000] {logging_mixin.py:190} INFO - [2025-06-29T14:44:01.612+0000] {dag.py:4180} INFO - Setting next_dagrun for extract_raw_data_pipeline to 2025-06-29 07:58:00+00:00, run_after=2025-06-29 07:59:00+00:00
[2025-06-29T14:44:01.642+0000] {processor.py:208} INFO - Processing /opt/airflow/dags/driven_data_pipeline.py took 0.386 seconds
[2025-06-29T14:44:32.025+0000] {processor.py:186} INFO - Started process (PID=3759) to work on /opt/airflow/dags/driven_data_pipeline.py
[2025-06-29T14:44:32.027+0000] {processor.py:914} INFO - Processing file /opt/airflow/dags/driven_data_pipeline.py for tasks to queue
[2025-06-29T14:44:32.031+0000] {logging_mixin.py:190} INFO - [2025-06-29T14:44:32.031+0000] {dagbag.py:588} INFO - Filling up the DagBag from /opt/airflow/dags/driven_data_pipeline.py
[2025-06-29T14:44:32.339+0000] {processor.py:925} INFO - DAG(s) 'extract_raw_data_pipeline' retrieved from /opt/airflow/dags/driven_data_pipeline.py
[2025-06-29T14:44:32.363+0000] {logging_mixin.py:190} INFO - [2025-06-29T14:44:32.363+0000] {dag.py:3239} INFO - Sync 1 DAGs
[2025-06-29T14:44:32.383+0000] {logging_mixin.py:190} INFO - [2025-06-29T14:44:32.383+0000] {dag.py:4180} INFO - Setting next_dagrun for extract_raw_data_pipeline to 2025-06-29 07:58:00+00:00, run_after=2025-06-29 07:59:00+00:00
[2025-06-29T14:44:32.416+0000] {processor.py:208} INFO - Processing /opt/airflow/dags/driven_data_pipeline.py took 0.402 seconds
[2025-06-29T14:45:02.774+0000] {processor.py:186} INFO - Started process (PID=3767) to work on /opt/airflow/dags/driven_data_pipeline.py
[2025-06-29T14:45:02.775+0000] {processor.py:914} INFO - Processing file /opt/airflow/dags/driven_data_pipeline.py for tasks to queue
[2025-06-29T14:45:02.778+0000] {logging_mixin.py:190} INFO - [2025-06-29T14:45:02.777+0000] {dagbag.py:588} INFO - Filling up the DagBag from /opt/airflow/dags/driven_data_pipeline.py
[2025-06-29T14:45:03.100+0000] {processor.py:925} INFO - DAG(s) 'extract_raw_data_pipeline' retrieved from /opt/airflow/dags/driven_data_pipeline.py
[2025-06-29T14:45:03.130+0000] {logging_mixin.py:190} INFO - [2025-06-29T14:45:03.130+0000] {dag.py:3239} INFO - Sync 1 DAGs
[2025-06-29T14:45:03.157+0000] {logging_mixin.py:190} INFO - [2025-06-29T14:45:03.157+0000] {dag.py:4180} INFO - Setting next_dagrun for extract_raw_data_pipeline to 2025-06-29 07:58:00+00:00, run_after=2025-06-29 07:59:00+00:00
[2025-06-29T14:45:03.193+0000] {processor.py:208} INFO - Processing /opt/airflow/dags/driven_data_pipeline.py took 0.425 seconds
[2025-06-29T14:45:33.615+0000] {processor.py:186} INFO - Started process (PID=3775) to work on /opt/airflow/dags/driven_data_pipeline.py
[2025-06-29T14:45:33.617+0000] {processor.py:914} INFO - Processing file /opt/airflow/dags/driven_data_pipeline.py for tasks to queue
[2025-06-29T14:45:33.621+0000] {logging_mixin.py:190} INFO - [2025-06-29T14:45:33.620+0000] {dagbag.py:588} INFO - Filling up the DagBag from /opt/airflow/dags/driven_data_pipeline.py
[2025-06-29T14:45:33.935+0000] {processor.py:925} INFO - DAG(s) 'extract_raw_data_pipeline' retrieved from /opt/airflow/dags/driven_data_pipeline.py
[2025-06-29T14:45:33.957+0000] {logging_mixin.py:190} INFO - [2025-06-29T14:45:33.957+0000] {dag.py:3239} INFO - Sync 1 DAGs
[2025-06-29T14:45:33.983+0000] {logging_mixin.py:190} INFO - [2025-06-29T14:45:33.983+0000] {dag.py:4180} INFO - Setting next_dagrun for extract_raw_data_pipeline to 2025-06-29 07:58:00+00:00, run_after=2025-06-29 07:59:00+00:00
[2025-06-29T14:45:34.023+0000] {processor.py:208} INFO - Processing /opt/airflow/dags/driven_data_pipeline.py took 0.418 seconds
[2025-06-29T14:46:04.429+0000] {processor.py:186} INFO - Started process (PID=3783) to work on /opt/airflow/dags/driven_data_pipeline.py
[2025-06-29T14:46:04.440+0000] {processor.py:914} INFO - Processing file /opt/airflow/dags/driven_data_pipeline.py for tasks to queue
[2025-06-29T14:46:04.448+0000] {logging_mixin.py:190} INFO - [2025-06-29T14:46:04.447+0000] {dagbag.py:588} INFO - Filling up the DagBag from /opt/airflow/dags/driven_data_pipeline.py
[2025-06-29T14:46:04.773+0000] {processor.py:925} INFO - DAG(s) 'extract_raw_data_pipeline' retrieved from /opt/airflow/dags/driven_data_pipeline.py
[2025-06-29T14:46:04.796+0000] {logging_mixin.py:190} INFO - [2025-06-29T14:46:04.795+0000] {dag.py:3239} INFO - Sync 1 DAGs
[2025-06-29T14:46:04.816+0000] {logging_mixin.py:190} INFO - [2025-06-29T14:46:04.815+0000] {dag.py:4180} INFO - Setting next_dagrun for extract_raw_data_pipeline to 2025-06-29 07:58:00+00:00, run_after=2025-06-29 07:59:00+00:00
[2025-06-29T14:46:04.852+0000] {processor.py:208} INFO - Processing /opt/airflow/dags/driven_data_pipeline.py took 0.435 seconds
[2025-06-29T14:46:35.260+0000] {processor.py:186} INFO - Started process (PID=3791) to work on /opt/airflow/dags/driven_data_pipeline.py
[2025-06-29T14:46:35.262+0000] {processor.py:914} INFO - Processing file /opt/airflow/dags/driven_data_pipeline.py for tasks to queue
[2025-06-29T14:46:35.264+0000] {logging_mixin.py:190} INFO - [2025-06-29T14:46:35.263+0000] {dagbag.py:588} INFO - Filling up the DagBag from /opt/airflow/dags/driven_data_pipeline.py
[2025-06-29T14:46:35.605+0000] {processor.py:925} INFO - DAG(s) 'extract_raw_data_pipeline' retrieved from /opt/airflow/dags/driven_data_pipeline.py
[2025-06-29T14:46:35.631+0000] {logging_mixin.py:190} INFO - [2025-06-29T14:46:35.631+0000] {dag.py:3239} INFO - Sync 1 DAGs
[2025-06-29T14:46:35.655+0000] {logging_mixin.py:190} INFO - [2025-06-29T14:46:35.654+0000] {dag.py:4180} INFO - Setting next_dagrun for extract_raw_data_pipeline to 2025-06-29 07:58:00+00:00, run_after=2025-06-29 07:59:00+00:00
[2025-06-29T14:46:35.686+0000] {processor.py:208} INFO - Processing /opt/airflow/dags/driven_data_pipeline.py took 0.434 seconds
[2025-06-29T14:47:06.035+0000] {processor.py:186} INFO - Started process (PID=3799) to work on /opt/airflow/dags/driven_data_pipeline.py
[2025-06-29T14:47:06.040+0000] {processor.py:914} INFO - Processing file /opt/airflow/dags/driven_data_pipeline.py for tasks to queue
[2025-06-29T14:47:06.043+0000] {logging_mixin.py:190} INFO - [2025-06-29T14:47:06.042+0000] {dagbag.py:588} INFO - Filling up the DagBag from /opt/airflow/dags/driven_data_pipeline.py
[2025-06-29T14:47:06.367+0000] {processor.py:925} INFO - DAG(s) 'extract_raw_data_pipeline' retrieved from /opt/airflow/dags/driven_data_pipeline.py
[2025-06-29T14:47:06.389+0000] {logging_mixin.py:190} INFO - [2025-06-29T14:47:06.388+0000] {dag.py:3239} INFO - Sync 1 DAGs
[2025-06-29T14:47:06.409+0000] {logging_mixin.py:190} INFO - [2025-06-29T14:47:06.409+0000] {dag.py:4180} INFO - Setting next_dagrun for extract_raw_data_pipeline to 2025-06-29 07:58:00+00:00, run_after=2025-06-29 07:59:00+00:00
[2025-06-29T14:47:06.468+0000] {processor.py:208} INFO - Processing /opt/airflow/dags/driven_data_pipeline.py took 0.444 seconds
[2025-06-29T14:47:36.859+0000] {processor.py:186} INFO - Started process (PID=3807) to work on /opt/airflow/dags/driven_data_pipeline.py
[2025-06-29T14:47:36.860+0000] {processor.py:914} INFO - Processing file /opt/airflow/dags/driven_data_pipeline.py for tasks to queue
[2025-06-29T14:47:36.862+0000] {logging_mixin.py:190} INFO - [2025-06-29T14:47:36.862+0000] {dagbag.py:588} INFO - Filling up the DagBag from /opt/airflow/dags/driven_data_pipeline.py
[2025-06-29T14:47:37.197+0000] {processor.py:925} INFO - DAG(s) 'extract_raw_data_pipeline' retrieved from /opt/airflow/dags/driven_data_pipeline.py
[2025-06-29T14:47:37.219+0000] {logging_mixin.py:190} INFO - [2025-06-29T14:47:37.219+0000] {dag.py:3239} INFO - Sync 1 DAGs
[2025-06-29T14:47:37.242+0000] {logging_mixin.py:190} INFO - [2025-06-29T14:47:37.241+0000] {dag.py:4180} INFO - Setting next_dagrun for extract_raw_data_pipeline to 2025-06-29 07:58:00+00:00, run_after=2025-06-29 07:59:00+00:00
[2025-06-29T14:47:37.279+0000] {processor.py:208} INFO - Processing /opt/airflow/dags/driven_data_pipeline.py took 0.427 seconds
[2025-06-29T14:48:07.724+0000] {processor.py:186} INFO - Started process (PID=3815) to work on /opt/airflow/dags/driven_data_pipeline.py
[2025-06-29T14:48:07.726+0000] {processor.py:914} INFO - Processing file /opt/airflow/dags/driven_data_pipeline.py for tasks to queue
[2025-06-29T14:48:07.729+0000] {logging_mixin.py:190} INFO - [2025-06-29T14:48:07.729+0000] {dagbag.py:588} INFO - Filling up the DagBag from /opt/airflow/dags/driven_data_pipeline.py
[2025-06-29T14:48:08.054+0000] {processor.py:925} INFO - DAG(s) 'extract_raw_data_pipeline' retrieved from /opt/airflow/dags/driven_data_pipeline.py
[2025-06-29T14:48:08.077+0000] {logging_mixin.py:190} INFO - [2025-06-29T14:48:08.076+0000] {dag.py:3239} INFO - Sync 1 DAGs
[2025-06-29T14:48:08.097+0000] {logging_mixin.py:190} INFO - [2025-06-29T14:48:08.097+0000] {dag.py:4180} INFO - Setting next_dagrun for extract_raw_data_pipeline to 2025-06-29 07:58:00+00:00, run_after=2025-06-29 07:59:00+00:00
[2025-06-29T14:48:08.146+0000] {processor.py:208} INFO - Processing /opt/airflow/dags/driven_data_pipeline.py took 0.439 seconds
[2025-06-29T14:48:38.532+0000] {processor.py:186} INFO - Started process (PID=3823) to work on /opt/airflow/dags/driven_data_pipeline.py
[2025-06-29T14:48:38.534+0000] {processor.py:914} INFO - Processing file /opt/airflow/dags/driven_data_pipeline.py for tasks to queue
[2025-06-29T14:48:38.537+0000] {logging_mixin.py:190} INFO - [2025-06-29T14:48:38.536+0000] {dagbag.py:588} INFO - Filling up the DagBag from /opt/airflow/dags/driven_data_pipeline.py
[2025-06-29T14:48:38.863+0000] {processor.py:925} INFO - DAG(s) 'extract_raw_data_pipeline' retrieved from /opt/airflow/dags/driven_data_pipeline.py
[2025-06-29T14:48:38.887+0000] {logging_mixin.py:190} INFO - [2025-06-29T14:48:38.886+0000] {dag.py:3239} INFO - Sync 1 DAGs
[2025-06-29T14:48:38.908+0000] {logging_mixin.py:190} INFO - [2025-06-29T14:48:38.908+0000] {dag.py:4180} INFO - Setting next_dagrun for extract_raw_data_pipeline to 2025-06-29 07:58:00+00:00, run_after=2025-06-29 07:59:00+00:00
[2025-06-29T14:48:38.944+0000] {processor.py:208} INFO - Processing /opt/airflow/dags/driven_data_pipeline.py took 0.420 seconds
[2025-06-29T14:49:09.299+0000] {processor.py:186} INFO - Started process (PID=3831) to work on /opt/airflow/dags/driven_data_pipeline.py
[2025-06-29T14:49:09.300+0000] {processor.py:914} INFO - Processing file /opt/airflow/dags/driven_data_pipeline.py for tasks to queue
[2025-06-29T14:49:09.304+0000] {logging_mixin.py:190} INFO - [2025-06-29T14:49:09.303+0000] {dagbag.py:588} INFO - Filling up the DagBag from /opt/airflow/dags/driven_data_pipeline.py
[2025-06-29T14:49:09.616+0000] {processor.py:925} INFO - DAG(s) 'extract_raw_data_pipeline' retrieved from /opt/airflow/dags/driven_data_pipeline.py
[2025-06-29T14:49:09.637+0000] {logging_mixin.py:190} INFO - [2025-06-29T14:49:09.637+0000] {dag.py:3239} INFO - Sync 1 DAGs
[2025-06-29T14:49:09.657+0000] {logging_mixin.py:190} INFO - [2025-06-29T14:49:09.657+0000] {dag.py:4180} INFO - Setting next_dagrun for extract_raw_data_pipeline to 2025-06-29 07:58:00+00:00, run_after=2025-06-29 07:59:00+00:00
[2025-06-29T14:49:09.719+0000] {processor.py:208} INFO - Processing /opt/airflow/dags/driven_data_pipeline.py took 0.431 seconds
[2025-06-29T14:49:40.080+0000] {processor.py:186} INFO - Started process (PID=3838) to work on /opt/airflow/dags/driven_data_pipeline.py
[2025-06-29T14:49:40.082+0000] {processor.py:914} INFO - Processing file /opt/airflow/dags/driven_data_pipeline.py for tasks to queue
[2025-06-29T14:49:40.088+0000] {logging_mixin.py:190} INFO - [2025-06-29T14:49:40.087+0000] {dagbag.py:588} INFO - Filling up the DagBag from /opt/airflow/dags/driven_data_pipeline.py
[2025-06-29T14:49:40.400+0000] {processor.py:925} INFO - DAG(s) 'extract_raw_data_pipeline' retrieved from /opt/airflow/dags/driven_data_pipeline.py
[2025-06-29T14:49:40.421+0000] {logging_mixin.py:190} INFO - [2025-06-29T14:49:40.421+0000] {dag.py:3239} INFO - Sync 1 DAGs
[2025-06-29T14:49:40.443+0000] {logging_mixin.py:190} INFO - [2025-06-29T14:49:40.442+0000] {dag.py:4180} INFO - Setting next_dagrun for extract_raw_data_pipeline to 2025-06-29 07:58:00+00:00, run_after=2025-06-29 07:59:00+00:00
[2025-06-29T14:49:40.483+0000] {processor.py:208} INFO - Processing /opt/airflow/dags/driven_data_pipeline.py took 0.431 seconds
[2025-06-29T14:50:10.786+0000] {processor.py:186} INFO - Started process (PID=3846) to work on /opt/airflow/dags/driven_data_pipeline.py
[2025-06-29T14:50:10.787+0000] {processor.py:914} INFO - Processing file /opt/airflow/dags/driven_data_pipeline.py for tasks to queue
[2025-06-29T14:50:10.790+0000] {logging_mixin.py:190} INFO - [2025-06-29T14:50:10.789+0000] {dagbag.py:588} INFO - Filling up the DagBag from /opt/airflow/dags/driven_data_pipeline.py
[2025-06-29T14:50:11.241+0000] {processor.py:925} INFO - DAG(s) 'extract_raw_data_pipeline' retrieved from /opt/airflow/dags/driven_data_pipeline.py
[2025-06-29T14:50:11.270+0000] {logging_mixin.py:190} INFO - [2025-06-29T14:50:11.270+0000] {dag.py:3239} INFO - Sync 1 DAGs
[2025-06-29T14:50:11.298+0000] {logging_mixin.py:190} INFO - [2025-06-29T14:50:11.298+0000] {dag.py:4180} INFO - Setting next_dagrun for extract_raw_data_pipeline to 2025-06-29 07:58:00+00:00, run_after=2025-06-29 07:59:00+00:00
[2025-06-29T14:50:12.044+0000] {processor.py:208} INFO - Processing /opt/airflow/dags/driven_data_pipeline.py took 1.267 seconds
[2025-06-29T14:50:42.369+0000] {processor.py:186} INFO - Started process (PID=3854) to work on /opt/airflow/dags/driven_data_pipeline.py
[2025-06-29T14:50:42.370+0000] {processor.py:914} INFO - Processing file /opt/airflow/dags/driven_data_pipeline.py for tasks to queue
[2025-06-29T14:50:42.373+0000] {logging_mixin.py:190} INFO - [2025-06-29T14:50:42.373+0000] {dagbag.py:588} INFO - Filling up the DagBag from /opt/airflow/dags/driven_data_pipeline.py
[2025-06-29T14:50:42.748+0000] {processor.py:925} INFO - DAG(s) 'extract_raw_data_pipeline' retrieved from /opt/airflow/dags/driven_data_pipeline.py
[2025-06-29T14:50:42.774+0000] {logging_mixin.py:190} INFO - [2025-06-29T14:50:42.773+0000] {dag.py:3239} INFO - Sync 1 DAGs
[2025-06-29T14:50:42.803+0000] {logging_mixin.py:190} INFO - [2025-06-29T14:50:42.802+0000] {dag.py:4180} INFO - Setting next_dagrun for extract_raw_data_pipeline to 2025-06-29 07:58:00+00:00, run_after=2025-06-29 07:59:00+00:00
[2025-06-29T14:50:42.839+0000] {processor.py:208} INFO - Processing /opt/airflow/dags/driven_data_pipeline.py took 0.480 seconds
[2025-06-29T14:51:13.185+0000] {processor.py:186} INFO - Started process (PID=3862) to work on /opt/airflow/dags/driven_data_pipeline.py
[2025-06-29T14:51:13.186+0000] {processor.py:914} INFO - Processing file /opt/airflow/dags/driven_data_pipeline.py for tasks to queue
[2025-06-29T14:51:13.189+0000] {logging_mixin.py:190} INFO - [2025-06-29T14:51:13.189+0000] {dagbag.py:588} INFO - Filling up the DagBag from /opt/airflow/dags/driven_data_pipeline.py
[2025-06-29T14:51:14.092+0000] {processor.py:925} INFO - DAG(s) 'extract_raw_data_pipeline' retrieved from /opt/airflow/dags/driven_data_pipeline.py
[2025-06-29T14:51:14.351+0000] {logging_mixin.py:190} INFO - [2025-06-29T14:51:14.351+0000] {dag.py:3239} INFO - Sync 1 DAGs
[2025-06-29T14:51:14.399+0000] {logging_mixin.py:190} INFO - [2025-06-29T14:51:14.399+0000] {dag.py:4180} INFO - Setting next_dagrun for extract_raw_data_pipeline to 2025-06-29 07:58:00+00:00, run_after=2025-06-29 07:59:00+00:00
[2025-06-29T14:51:14.931+0000] {processor.py:208} INFO - Processing /opt/airflow/dags/driven_data_pipeline.py took 1.755 seconds
[2025-06-29T14:51:44.991+0000] {processor.py:186} INFO - Started process (PID=3870) to work on /opt/airflow/dags/driven_data_pipeline.py
[2025-06-29T14:51:45.767+0000] {processor.py:914} INFO - Processing file /opt/airflow/dags/driven_data_pipeline.py for tasks to queue
[2025-06-29T14:51:45.769+0000] {logging_mixin.py:190} INFO - [2025-06-29T14:51:45.769+0000] {dagbag.py:588} INFO - Filling up the DagBag from /opt/airflow/dags/driven_data_pipeline.py
[2025-06-29T14:51:46.168+0000] {processor.py:925} INFO - DAG(s) 'extract_raw_data_pipeline' retrieved from /opt/airflow/dags/driven_data_pipeline.py
[2025-06-29T14:51:46.189+0000] {logging_mixin.py:190} INFO - [2025-06-29T14:51:46.188+0000] {dag.py:3239} INFO - Sync 1 DAGs
[2025-06-29T14:51:46.210+0000] {logging_mixin.py:190} INFO - [2025-06-29T14:51:46.210+0000] {dag.py:4180} INFO - Setting next_dagrun for extract_raw_data_pipeline to 2025-06-29 07:58:00+00:00, run_after=2025-06-29 07:59:00+00:00
[2025-06-29T14:51:46.365+0000] {processor.py:208} INFO - Processing /opt/airflow/dags/driven_data_pipeline.py took 1.381 seconds
[2025-06-29T14:52:16.536+0000] {processor.py:186} INFO - Started process (PID=3878) to work on /opt/airflow/dags/driven_data_pipeline.py
[2025-06-29T14:52:16.537+0000] {processor.py:914} INFO - Processing file /opt/airflow/dags/driven_data_pipeline.py for tasks to queue
[2025-06-29T14:52:16.540+0000] {logging_mixin.py:190} INFO - [2025-06-29T14:52:16.540+0000] {dagbag.py:588} INFO - Filling up the DagBag from /opt/airflow/dags/driven_data_pipeline.py
[2025-06-29T14:52:16.949+0000] {processor.py:925} INFO - DAG(s) 'extract_raw_data_pipeline' retrieved from /opt/airflow/dags/driven_data_pipeline.py
[2025-06-29T14:52:16.974+0000] {logging_mixin.py:190} INFO - [2025-06-29T14:52:16.974+0000] {dag.py:3239} INFO - Sync 1 DAGs
[2025-06-29T14:52:16.996+0000] {logging_mixin.py:190} INFO - [2025-06-29T14:52:16.996+0000] {dag.py:4180} INFO - Setting next_dagrun for extract_raw_data_pipeline to 2025-06-29 07:58:00+00:00, run_after=2025-06-29 07:59:00+00:00
[2025-06-29T14:52:18.370+0000] {processor.py:208} INFO - Processing /opt/airflow/dags/driven_data_pipeline.py took 1.841 seconds
[2025-06-29T14:52:48.665+0000] {processor.py:186} INFO - Started process (PID=3886) to work on /opt/airflow/dags/driven_data_pipeline.py
[2025-06-29T14:52:48.666+0000] {processor.py:914} INFO - Processing file /opt/airflow/dags/driven_data_pipeline.py for tasks to queue
[2025-06-29T14:52:48.669+0000] {logging_mixin.py:190} INFO - [2025-06-29T14:52:48.668+0000] {dagbag.py:588} INFO - Filling up the DagBag from /opt/airflow/dags/driven_data_pipeline.py
[2025-06-29T14:52:48.991+0000] {processor.py:925} INFO - DAG(s) 'extract_raw_data_pipeline' retrieved from /opt/airflow/dags/driven_data_pipeline.py
[2025-06-29T14:52:49.015+0000] {logging_mixin.py:190} INFO - [2025-06-29T14:52:49.015+0000] {dag.py:3239} INFO - Sync 1 DAGs
[2025-06-29T14:52:49.034+0000] {logging_mixin.py:190} INFO - [2025-06-29T14:52:49.034+0000] {dag.py:4180} INFO - Setting next_dagrun for extract_raw_data_pipeline to 2025-06-29 07:58:00+00:00, run_after=2025-06-29 07:59:00+00:00
[2025-06-29T14:52:49.064+0000] {processor.py:208} INFO - Processing /opt/airflow/dags/driven_data_pipeline.py took 0.408 seconds
[2025-06-29T14:53:19.265+0000] {processor.py:186} INFO - Started process (PID=3894) to work on /opt/airflow/dags/driven_data_pipeline.py
[2025-06-29T14:53:19.283+0000] {processor.py:914} INFO - Processing file /opt/airflow/dags/driven_data_pipeline.py for tasks to queue
[2025-06-29T14:53:19.286+0000] {logging_mixin.py:190} INFO - [2025-06-29T14:53:19.286+0000] {dagbag.py:588} INFO - Filling up the DagBag from /opt/airflow/dags/driven_data_pipeline.py
[2025-06-29T14:53:19.771+0000] {processor.py:925} INFO - DAG(s) 'extract_raw_data_pipeline' retrieved from /opt/airflow/dags/driven_data_pipeline.py
[2025-06-29T14:53:19.807+0000] {logging_mixin.py:190} INFO - [2025-06-29T14:53:19.807+0000] {dag.py:3239} INFO - Sync 1 DAGs
[2025-06-29T14:53:19.839+0000] {logging_mixin.py:190} INFO - [2025-06-29T14:53:19.839+0000] {dag.py:4180} INFO - Setting next_dagrun for extract_raw_data_pipeline to 2025-06-29 07:58:00+00:00, run_after=2025-06-29 07:59:00+00:00
[2025-06-29T14:53:20.121+0000] {processor.py:208} INFO - Processing /opt/airflow/dags/driven_data_pipeline.py took 0.865 seconds
[2025-06-29T14:53:50.509+0000] {processor.py:186} INFO - Started process (PID=3902) to work on /opt/airflow/dags/driven_data_pipeline.py
[2025-06-29T14:53:50.511+0000] {processor.py:914} INFO - Processing file /opt/airflow/dags/driven_data_pipeline.py for tasks to queue
[2025-06-29T14:53:50.515+0000] {logging_mixin.py:190} INFO - [2025-06-29T14:53:50.514+0000] {dagbag.py:588} INFO - Filling up the DagBag from /opt/airflow/dags/driven_data_pipeline.py
[2025-06-29T14:53:51.213+0000] {processor.py:925} INFO - DAG(s) 'extract_raw_data_pipeline' retrieved from /opt/airflow/dags/driven_data_pipeline.py
[2025-06-29T14:53:51.273+0000] {logging_mixin.py:190} INFO - [2025-06-29T14:53:51.273+0000] {dag.py:3239} INFO - Sync 1 DAGs
[2025-06-29T14:53:51.323+0000] {logging_mixin.py:190} INFO - [2025-06-29T14:53:51.322+0000] {dag.py:4180} INFO - Setting next_dagrun for extract_raw_data_pipeline to 2025-06-29 07:58:00+00:00, run_after=2025-06-29 07:59:00+00:00
[2025-06-29T14:53:51.636+0000] {processor.py:208} INFO - Processing /opt/airflow/dags/driven_data_pipeline.py took 1.139 seconds
[2025-06-29T14:54:22.047+0000] {processor.py:186} INFO - Started process (PID=3910) to work on /opt/airflow/dags/driven_data_pipeline.py
[2025-06-29T14:54:22.049+0000] {processor.py:914} INFO - Processing file /opt/airflow/dags/driven_data_pipeline.py for tasks to queue
[2025-06-29T14:54:22.054+0000] {logging_mixin.py:190} INFO - [2025-06-29T14:54:22.054+0000] {dagbag.py:588} INFO - Filling up the DagBag from /opt/airflow/dags/driven_data_pipeline.py
[2025-06-29T14:54:22.705+0000] {processor.py:925} INFO - DAG(s) 'extract_raw_data_pipeline' retrieved from /opt/airflow/dags/driven_data_pipeline.py
[2025-06-29T14:54:22.755+0000] {logging_mixin.py:190} INFO - [2025-06-29T14:54:22.755+0000] {dag.py:3239} INFO - Sync 1 DAGs
[2025-06-29T14:54:22.805+0000] {logging_mixin.py:190} INFO - [2025-06-29T14:54:22.804+0000] {dag.py:4180} INFO - Setting next_dagrun for extract_raw_data_pipeline to 2025-06-29 07:58:00+00:00, run_after=2025-06-29 07:59:00+00:00
[2025-06-29T14:54:22.865+0000] {processor.py:208} INFO - Processing /opt/airflow/dags/driven_data_pipeline.py took 0.837 seconds
[2025-06-29T14:54:53.354+0000] {processor.py:186} INFO - Started process (PID=3918) to work on /opt/airflow/dags/driven_data_pipeline.py
[2025-06-29T14:54:53.355+0000] {processor.py:914} INFO - Processing file /opt/airflow/dags/driven_data_pipeline.py for tasks to queue
[2025-06-29T14:54:53.358+0000] {logging_mixin.py:190} INFO - [2025-06-29T14:54:53.357+0000] {dagbag.py:588} INFO - Filling up the DagBag from /opt/airflow/dags/driven_data_pipeline.py
[2025-06-29T14:54:53.724+0000] {processor.py:925} INFO - DAG(s) 'extract_raw_data_pipeline' retrieved from /opt/airflow/dags/driven_data_pipeline.py
[2025-06-29T14:54:53.751+0000] {logging_mixin.py:190} INFO - [2025-06-29T14:54:53.751+0000] {dag.py:3239} INFO - Sync 1 DAGs
[2025-06-29T14:54:53.773+0000] {logging_mixin.py:190} INFO - [2025-06-29T14:54:53.772+0000] {dag.py:4180} INFO - Setting next_dagrun for extract_raw_data_pipeline to 2025-06-29 07:58:00+00:00, run_after=2025-06-29 07:59:00+00:00
[2025-06-29T14:54:53.814+0000] {processor.py:208} INFO - Processing /opt/airflow/dags/driven_data_pipeline.py took 0.476 seconds
[2025-06-29T14:55:24.330+0000] {processor.py:186} INFO - Started process (PID=3927) to work on /opt/airflow/dags/driven_data_pipeline.py
[2025-06-29T14:55:24.331+0000] {processor.py:914} INFO - Processing file /opt/airflow/dags/driven_data_pipeline.py for tasks to queue
[2025-06-29T14:55:24.334+0000] {logging_mixin.py:190} INFO - [2025-06-29T14:55:24.334+0000] {dagbag.py:588} INFO - Filling up the DagBag from /opt/airflow/dags/driven_data_pipeline.py
[2025-06-29T14:55:24.690+0000] {processor.py:925} INFO - DAG(s) 'extract_raw_data_pipeline' retrieved from /opt/airflow/dags/driven_data_pipeline.py
[2025-06-29T14:55:24.719+0000] {logging_mixin.py:190} INFO - [2025-06-29T14:55:24.718+0000] {dag.py:3239} INFO - Sync 1 DAGs
[2025-06-29T14:55:24.747+0000] {logging_mixin.py:190} INFO - [2025-06-29T14:55:24.746+0000] {dag.py:4180} INFO - Setting next_dagrun for extract_raw_data_pipeline to 2025-06-29 07:58:00+00:00, run_after=2025-06-29 07:59:00+00:00
[2025-06-29T14:55:25.042+0000] {processor.py:208} INFO - Processing /opt/airflow/dags/driven_data_pipeline.py took 0.728 seconds
[2025-06-29T14:55:55.523+0000] {processor.py:186} INFO - Started process (PID=3935) to work on /opt/airflow/dags/driven_data_pipeline.py
[2025-06-29T14:55:55.525+0000] {processor.py:914} INFO - Processing file /opt/airflow/dags/driven_data_pipeline.py for tasks to queue
[2025-06-29T14:55:55.528+0000] {logging_mixin.py:190} INFO - [2025-06-29T14:55:55.528+0000] {dagbag.py:588} INFO - Filling up the DagBag from /opt/airflow/dags/driven_data_pipeline.py
[2025-06-29T14:55:55.875+0000] {processor.py:925} INFO - DAG(s) 'extract_raw_data_pipeline' retrieved from /opt/airflow/dags/driven_data_pipeline.py
[2025-06-29T14:55:55.898+0000] {logging_mixin.py:190} INFO - [2025-06-29T14:55:55.897+0000] {dag.py:3239} INFO - Sync 1 DAGs
[2025-06-29T14:55:55.922+0000] {logging_mixin.py:190} INFO - [2025-06-29T14:55:55.921+0000] {dag.py:4180} INFO - Setting next_dagrun for extract_raw_data_pipeline to 2025-06-29 07:58:00+00:00, run_after=2025-06-29 07:59:00+00:00
[2025-06-29T14:55:57.055+0000] {processor.py:208} INFO - Processing /opt/airflow/dags/driven_data_pipeline.py took 1.542 seconds
[2025-06-29T14:56:27.614+0000] {processor.py:186} INFO - Started process (PID=3943) to work on /opt/airflow/dags/driven_data_pipeline.py
[2025-06-29T14:56:27.616+0000] {processor.py:914} INFO - Processing file /opt/airflow/dags/driven_data_pipeline.py for tasks to queue
[2025-06-29T14:56:27.621+0000] {logging_mixin.py:190} INFO - [2025-06-29T14:56:27.620+0000] {dagbag.py:588} INFO - Filling up the DagBag from /opt/airflow/dags/driven_data_pipeline.py
[2025-06-29T14:56:27.995+0000] {processor.py:925} INFO - DAG(s) 'extract_raw_data_pipeline' retrieved from /opt/airflow/dags/driven_data_pipeline.py
[2025-06-29T14:56:28.020+0000] {logging_mixin.py:190} INFO - [2025-06-29T14:56:28.020+0000] {dag.py:3239} INFO - Sync 1 DAGs
[2025-06-29T14:56:28.046+0000] {logging_mixin.py:190} INFO - [2025-06-29T14:56:28.045+0000] {dag.py:4180} INFO - Setting next_dagrun for extract_raw_data_pipeline to 2025-06-29 07:58:00+00:00, run_after=2025-06-29 07:59:00+00:00
[2025-06-29T14:56:28.086+0000] {processor.py:208} INFO - Processing /opt/airflow/dags/driven_data_pipeline.py took 0.508 seconds
[2025-06-29T14:56:58.557+0000] {processor.py:186} INFO - Started process (PID=3951) to work on /opt/airflow/dags/driven_data_pipeline.py
[2025-06-29T14:56:58.559+0000] {processor.py:914} INFO - Processing file /opt/airflow/dags/driven_data_pipeline.py for tasks to queue
[2025-06-29T14:56:58.566+0000] {logging_mixin.py:190} INFO - [2025-06-29T14:56:58.565+0000] {dagbag.py:588} INFO - Filling up the DagBag from /opt/airflow/dags/driven_data_pipeline.py
[2025-06-29T14:56:58.911+0000] {processor.py:925} INFO - DAG(s) 'extract_raw_data_pipeline' retrieved from /opt/airflow/dags/driven_data_pipeline.py
[2025-06-29T14:56:58.938+0000] {logging_mixin.py:190} INFO - [2025-06-29T14:56:58.938+0000] {dag.py:3239} INFO - Sync 1 DAGs
[2025-06-29T14:56:58.962+0000] {logging_mixin.py:190} INFO - [2025-06-29T14:56:58.961+0000] {dag.py:4180} INFO - Setting next_dagrun for extract_raw_data_pipeline to 2025-06-29 07:58:00+00:00, run_after=2025-06-29 07:59:00+00:00
[2025-06-29T14:56:59.005+0000] {processor.py:208} INFO - Processing /opt/airflow/dags/driven_data_pipeline.py took 0.478 seconds
[2025-06-29T14:57:29.432+0000] {processor.py:186} INFO - Started process (PID=3959) to work on /opt/airflow/dags/driven_data_pipeline.py
[2025-06-29T14:57:29.434+0000] {processor.py:914} INFO - Processing file /opt/airflow/dags/driven_data_pipeline.py for tasks to queue
[2025-06-29T14:57:29.437+0000] {logging_mixin.py:190} INFO - [2025-06-29T14:57:29.436+0000] {dagbag.py:588} INFO - Filling up the DagBag from /opt/airflow/dags/driven_data_pipeline.py
[2025-06-29T14:57:29.806+0000] {processor.py:925} INFO - DAG(s) 'extract_raw_data_pipeline' retrieved from /opt/airflow/dags/driven_data_pipeline.py
[2025-06-29T14:57:29.832+0000] {logging_mixin.py:190} INFO - [2025-06-29T14:57:29.831+0000] {dag.py:3239} INFO - Sync 1 DAGs
[2025-06-29T14:57:29.859+0000] {logging_mixin.py:190} INFO - [2025-06-29T14:57:29.859+0000] {dag.py:4180} INFO - Setting next_dagrun for extract_raw_data_pipeline to 2025-06-29 07:58:00+00:00, run_after=2025-06-29 07:59:00+00:00
[2025-06-29T14:57:29.905+0000] {processor.py:208} INFO - Processing /opt/airflow/dags/driven_data_pipeline.py took 0.484 seconds
[2025-06-29T14:58:00.348+0000] {processor.py:186} INFO - Started process (PID=3967) to work on /opt/airflow/dags/driven_data_pipeline.py
[2025-06-29T14:58:00.352+0000] {processor.py:914} INFO - Processing file /opt/airflow/dags/driven_data_pipeline.py for tasks to queue
[2025-06-29T14:58:00.361+0000] {logging_mixin.py:190} INFO - [2025-06-29T14:58:00.359+0000] {dagbag.py:588} INFO - Filling up the DagBag from /opt/airflow/dags/driven_data_pipeline.py
[2025-06-29T14:58:00.755+0000] {processor.py:925} INFO - DAG(s) 'extract_raw_data_pipeline' retrieved from /opt/airflow/dags/driven_data_pipeline.py
[2025-06-29T14:58:00.777+0000] {logging_mixin.py:190} INFO - [2025-06-29T14:58:00.777+0000] {dag.py:3239} INFO - Sync 1 DAGs
[2025-06-29T14:58:00.804+0000] {logging_mixin.py:190} INFO - [2025-06-29T14:58:00.803+0000] {dag.py:4180} INFO - Setting next_dagrun for extract_raw_data_pipeline to 2025-06-29 07:58:00+00:00, run_after=2025-06-29 07:59:00+00:00
[2025-06-29T14:58:00.850+0000] {processor.py:208} INFO - Processing /opt/airflow/dags/driven_data_pipeline.py took 0.534 seconds
[2025-06-29T14:58:31.143+0000] {processor.py:186} INFO - Started process (PID=3975) to work on /opt/airflow/dags/driven_data_pipeline.py
[2025-06-29T14:58:31.145+0000] {processor.py:914} INFO - Processing file /opt/airflow/dags/driven_data_pipeline.py for tasks to queue
[2025-06-29T14:58:31.147+0000] {logging_mixin.py:190} INFO - [2025-06-29T14:58:31.147+0000] {dagbag.py:588} INFO - Filling up the DagBag from /opt/airflow/dags/driven_data_pipeline.py
[2025-06-29T14:58:32.240+0000] {processor.py:925} INFO - DAG(s) 'extract_raw_data_pipeline' retrieved from /opt/airflow/dags/driven_data_pipeline.py
[2025-06-29T14:58:32.285+0000] {logging_mixin.py:190} INFO - [2025-06-29T14:58:32.285+0000] {dag.py:3239} INFO - Sync 1 DAGs
[2025-06-29T14:58:32.311+0000] {logging_mixin.py:190} INFO - [2025-06-29T14:58:32.311+0000] {dag.py:4180} INFO - Setting next_dagrun for extract_raw_data_pipeline to 2025-06-29 07:58:00+00:00, run_after=2025-06-29 07:59:00+00:00
[2025-06-29T14:58:32.529+0000] {processor.py:208} INFO - Processing /opt/airflow/dags/driven_data_pipeline.py took 1.394 seconds
[2025-06-29T14:59:02.704+0000] {processor.py:186} INFO - Started process (PID=3989) to work on /opt/airflow/dags/driven_data_pipeline.py
[2025-06-29T14:59:02.721+0000] {processor.py:914} INFO - Processing file /opt/airflow/dags/driven_data_pipeline.py for tasks to queue
[2025-06-29T14:59:02.736+0000] {logging_mixin.py:190} INFO - [2025-06-29T14:59:02.734+0000] {dagbag.py:588} INFO - Filling up the DagBag from /opt/airflow/dags/driven_data_pipeline.py
[2025-06-29T14:59:03.106+0000] {processor.py:925} INFO - DAG(s) 'extract_raw_data_pipeline' retrieved from /opt/airflow/dags/driven_data_pipeline.py
[2025-06-29T14:59:03.131+0000] {logging_mixin.py:190} INFO - [2025-06-29T14:59:03.131+0000] {dag.py:3239} INFO - Sync 1 DAGs
[2025-06-29T14:59:03.154+0000] {logging_mixin.py:190} INFO - [2025-06-29T14:59:03.153+0000] {dag.py:4180} INFO - Setting next_dagrun for extract_raw_data_pipeline to 2025-06-29 07:58:00+00:00, run_after=2025-06-29 07:59:00+00:00
[2025-06-29T14:59:03.211+0000] {processor.py:208} INFO - Processing /opt/airflow/dags/driven_data_pipeline.py took 0.545 seconds
[2025-06-29T14:59:33.345+0000] {processor.py:186} INFO - Started process (PID=3997) to work on /opt/airflow/dags/driven_data_pipeline.py
[2025-06-29T14:59:33.347+0000] {processor.py:914} INFO - Processing file /opt/airflow/dags/driven_data_pipeline.py for tasks to queue
[2025-06-29T14:59:33.349+0000] {logging_mixin.py:190} INFO - [2025-06-29T14:59:33.349+0000] {dagbag.py:588} INFO - Filling up the DagBag from /opt/airflow/dags/driven_data_pipeline.py
[2025-06-29T14:59:33.692+0000] {processor.py:925} INFO - DAG(s) 'extract_raw_data_pipeline' retrieved from /opt/airflow/dags/driven_data_pipeline.py
[2025-06-29T14:59:33.713+0000] {logging_mixin.py:190} INFO - [2025-06-29T14:59:33.712+0000] {dag.py:3239} INFO - Sync 1 DAGs
[2025-06-29T14:59:33.733+0000] {logging_mixin.py:190} INFO - [2025-06-29T14:59:33.733+0000] {dag.py:4180} INFO - Setting next_dagrun for extract_raw_data_pipeline to 2025-06-29 07:58:00+00:00, run_after=2025-06-29 07:59:00+00:00
[2025-06-29T14:59:34.552+0000] {processor.py:208} INFO - Processing /opt/airflow/dags/driven_data_pipeline.py took 1.219 seconds
[2025-06-29T15:00:04.956+0000] {processor.py:186} INFO - Started process (PID=4005) to work on /opt/airflow/dags/driven_data_pipeline.py
[2025-06-29T15:00:05.114+0000] {processor.py:914} INFO - Processing file /opt/airflow/dags/driven_data_pipeline.py for tasks to queue
[2025-06-29T15:00:05.128+0000] {logging_mixin.py:190} INFO - [2025-06-29T15:00:05.126+0000] {dagbag.py:588} INFO - Filling up the DagBag from /opt/airflow/dags/driven_data_pipeline.py
[2025-06-29T15:00:05.602+0000] {processor.py:925} INFO - DAG(s) 'extract_raw_data_pipeline' retrieved from /opt/airflow/dags/driven_data_pipeline.py
[2025-06-29T15:00:05.632+0000] {logging_mixin.py:190} INFO - [2025-06-29T15:00:05.631+0000] {dag.py:3239} INFO - Sync 1 DAGs
[2025-06-29T15:00:05.658+0000] {logging_mixin.py:190} INFO - [2025-06-29T15:00:05.658+0000] {dag.py:4180} INFO - Setting next_dagrun for extract_raw_data_pipeline to 2025-06-29 07:58:00+00:00, run_after=2025-06-29 07:59:00+00:00
[2025-06-29T15:00:05.791+0000] {processor.py:208} INFO - Processing /opt/airflow/dags/driven_data_pipeline.py took 0.848 seconds
[2025-06-29T15:00:36.230+0000] {processor.py:186} INFO - Started process (PID=4013) to work on /opt/airflow/dags/driven_data_pipeline.py
[2025-06-29T15:00:36.277+0000] {processor.py:914} INFO - Processing file /opt/airflow/dags/driven_data_pipeline.py for tasks to queue
[2025-06-29T15:00:36.288+0000] {logging_mixin.py:190} INFO - [2025-06-29T15:00:36.286+0000] {dagbag.py:588} INFO - Filling up the DagBag from /opt/airflow/dags/driven_data_pipeline.py
[2025-06-29T15:00:36.685+0000] {processor.py:925} INFO - DAG(s) 'extract_raw_data_pipeline' retrieved from /opt/airflow/dags/driven_data_pipeline.py
[2025-06-29T15:00:36.710+0000] {logging_mixin.py:190} INFO - [2025-06-29T15:00:36.710+0000] {dag.py:3239} INFO - Sync 1 DAGs
[2025-06-29T15:00:36.737+0000] {logging_mixin.py:190} INFO - [2025-06-29T15:00:36.737+0000] {dag.py:4180} INFO - Setting next_dagrun for extract_raw_data_pipeline to 2025-06-29 07:58:00+00:00, run_after=2025-06-29 07:59:00+00:00
[2025-06-29T15:00:37.855+0000] {processor.py:208} INFO - Processing /opt/airflow/dags/driven_data_pipeline.py took 1.649 seconds
[2025-06-29T15:01:08.360+0000] {processor.py:186} INFO - Started process (PID=4021) to work on /opt/airflow/dags/driven_data_pipeline.py
[2025-06-29T15:01:08.362+0000] {processor.py:914} INFO - Processing file /opt/airflow/dags/driven_data_pipeline.py for tasks to queue
[2025-06-29T15:01:08.367+0000] {logging_mixin.py:190} INFO - [2025-06-29T15:01:08.367+0000] {dagbag.py:588} INFO - Filling up the DagBag from /opt/airflow/dags/driven_data_pipeline.py
[2025-06-29T15:01:08.751+0000] {processor.py:925} INFO - DAG(s) 'extract_raw_data_pipeline' retrieved from /opt/airflow/dags/driven_data_pipeline.py
[2025-06-29T15:01:08.778+0000] {logging_mixin.py:190} INFO - [2025-06-29T15:01:08.778+0000] {dag.py:3239} INFO - Sync 1 DAGs
[2025-06-29T15:01:08.804+0000] {logging_mixin.py:190} INFO - [2025-06-29T15:01:08.803+0000] {dag.py:4180} INFO - Setting next_dagrun for extract_raw_data_pipeline to 2025-06-29 07:58:00+00:00, run_after=2025-06-29 07:59:00+00:00
[2025-06-29T15:01:08.851+0000] {processor.py:208} INFO - Processing /opt/airflow/dags/driven_data_pipeline.py took 0.521 seconds
[2025-06-29T15:01:39.131+0000] {processor.py:186} INFO - Started process (PID=4029) to work on /opt/airflow/dags/driven_data_pipeline.py
[2025-06-29T15:01:39.133+0000] {processor.py:914} INFO - Processing file /opt/airflow/dags/driven_data_pipeline.py for tasks to queue
[2025-06-29T15:01:39.137+0000] {logging_mixin.py:190} INFO - [2025-06-29T15:01:39.137+0000] {dagbag.py:588} INFO - Filling up the DagBag from /opt/airflow/dags/driven_data_pipeline.py
[2025-06-29T15:01:39.506+0000] {processor.py:925} INFO - DAG(s) 'extract_raw_data_pipeline' retrieved from /opt/airflow/dags/driven_data_pipeline.py
[2025-06-29T15:01:39.531+0000] {logging_mixin.py:190} INFO - [2025-06-29T15:01:39.530+0000] {dag.py:3239} INFO - Sync 1 DAGs
[2025-06-29T15:01:39.555+0000] {logging_mixin.py:190} INFO - [2025-06-29T15:01:39.555+0000] {dag.py:4180} INFO - Setting next_dagrun for extract_raw_data_pipeline to 2025-06-29 07:58:00+00:00, run_after=2025-06-29 07:59:00+00:00
[2025-06-29T15:01:39.611+0000] {processor.py:208} INFO - Processing /opt/airflow/dags/driven_data_pipeline.py took 0.499 seconds
[2025-06-29T15:02:10.055+0000] {processor.py:186} INFO - Started process (PID=4037) to work on /opt/airflow/dags/driven_data_pipeline.py
[2025-06-29T15:02:10.058+0000] {processor.py:914} INFO - Processing file /opt/airflow/dags/driven_data_pipeline.py for tasks to queue
[2025-06-29T15:02:10.064+0000] {logging_mixin.py:190} INFO - [2025-06-29T15:02:10.063+0000] {dagbag.py:588} INFO - Filling up the DagBag from /opt/airflow/dags/driven_data_pipeline.py
[2025-06-29T15:02:10.503+0000] {processor.py:925} INFO - DAG(s) 'extract_raw_data_pipeline' retrieved from /opt/airflow/dags/driven_data_pipeline.py
[2025-06-29T15:02:10.532+0000] {logging_mixin.py:190} INFO - [2025-06-29T15:02:10.531+0000] {dag.py:3239} INFO - Sync 1 DAGs
[2025-06-29T15:02:10.565+0000] {logging_mixin.py:190} INFO - [2025-06-29T15:02:10.565+0000] {dag.py:4180} INFO - Setting next_dagrun for extract_raw_data_pipeline to 2025-06-29 07:58:00+00:00, run_after=2025-06-29 07:59:00+00:00
[2025-06-29T15:02:10.645+0000] {processor.py:208} INFO - Processing /opt/airflow/dags/driven_data_pipeline.py took 0.615 seconds
[2025-06-29T15:02:40.964+0000] {processor.py:186} INFO - Started process (PID=4045) to work on /opt/airflow/dags/driven_data_pipeline.py
[2025-06-29T15:02:40.966+0000] {processor.py:914} INFO - Processing file /opt/airflow/dags/driven_data_pipeline.py for tasks to queue
[2025-06-29T15:02:40.970+0000] {logging_mixin.py:190} INFO - [2025-06-29T15:02:40.969+0000] {dagbag.py:588} INFO - Filling up the DagBag from /opt/airflow/dags/driven_data_pipeline.py
[2025-06-29T15:02:41.461+0000] {processor.py:925} INFO - DAG(s) 'extract_raw_data_pipeline' retrieved from /opt/airflow/dags/driven_data_pipeline.py
[2025-06-29T15:02:41.486+0000] {logging_mixin.py:190} INFO - [2025-06-29T15:02:41.486+0000] {dag.py:3239} INFO - Sync 1 DAGs
[2025-06-29T15:02:41.509+0000] {logging_mixin.py:190} INFO - [2025-06-29T15:02:41.509+0000] {dag.py:4180} INFO - Setting next_dagrun for extract_raw_data_pipeline to 2025-06-29 07:58:00+00:00, run_after=2025-06-29 07:59:00+00:00
[2025-06-29T15:02:42.179+0000] {processor.py:208} INFO - Processing /opt/airflow/dags/driven_data_pipeline.py took 1.228 seconds
[2025-06-29T15:03:12.437+0000] {processor.py:186} INFO - Started process (PID=4053) to work on /opt/airflow/dags/driven_data_pipeline.py
[2025-06-29T15:03:12.439+0000] {processor.py:914} INFO - Processing file /opt/airflow/dags/driven_data_pipeline.py for tasks to queue
[2025-06-29T15:03:12.443+0000] {logging_mixin.py:190} INFO - [2025-06-29T15:03:12.442+0000] {dagbag.py:588} INFO - Filling up the DagBag from /opt/airflow/dags/driven_data_pipeline.py
[2025-06-29T15:03:12.856+0000] {processor.py:925} INFO - DAG(s) 'extract_raw_data_pipeline' retrieved from /opt/airflow/dags/driven_data_pipeline.py
[2025-06-29T15:03:12.890+0000] {logging_mixin.py:190} INFO - [2025-06-29T15:03:12.890+0000] {dag.py:3239} INFO - Sync 1 DAGs
[2025-06-29T15:03:12.917+0000] {logging_mixin.py:190} INFO - [2025-06-29T15:03:12.917+0000] {dag.py:4180} INFO - Setting next_dagrun for extract_raw_data_pipeline to 2025-06-29 07:58:00+00:00, run_after=2025-06-29 07:59:00+00:00
[2025-06-29T15:03:13.962+0000] {processor.py:208} INFO - Processing /opt/airflow/dags/driven_data_pipeline.py took 1.555 seconds
[2025-06-29T15:03:44.112+0000] {processor.py:186} INFO - Started process (PID=4061) to work on /opt/airflow/dags/driven_data_pipeline.py
[2025-06-29T15:03:44.114+0000] {processor.py:914} INFO - Processing file /opt/airflow/dags/driven_data_pipeline.py for tasks to queue
[2025-06-29T15:03:44.118+0000] {logging_mixin.py:190} INFO - [2025-06-29T15:03:44.117+0000] {dagbag.py:588} INFO - Filling up the DagBag from /opt/airflow/dags/driven_data_pipeline.py
[2025-06-29T15:03:44.624+0000] {processor.py:925} INFO - DAG(s) 'extract_raw_data_pipeline' retrieved from /opt/airflow/dags/driven_data_pipeline.py
[2025-06-29T15:03:44.655+0000] {logging_mixin.py:190} INFO - [2025-06-29T15:03:44.655+0000] {dag.py:3239} INFO - Sync 1 DAGs
[2025-06-29T15:03:44.681+0000] {logging_mixin.py:190} INFO - [2025-06-29T15:03:44.681+0000] {dag.py:4180} INFO - Setting next_dagrun for extract_raw_data_pipeline to 2025-06-29 07:58:00+00:00, run_after=2025-06-29 07:59:00+00:00
[2025-06-29T15:03:44.721+0000] {processor.py:208} INFO - Processing /opt/airflow/dags/driven_data_pipeline.py took 0.617 seconds
[2025-06-29T15:04:14.907+0000] {processor.py:186} INFO - Started process (PID=4070) to work on /opt/airflow/dags/driven_data_pipeline.py
[2025-06-29T15:04:14.908+0000] {processor.py:914} INFO - Processing file /opt/airflow/dags/driven_data_pipeline.py for tasks to queue
[2025-06-29T15:04:14.912+0000] {logging_mixin.py:190} INFO - [2025-06-29T15:04:14.911+0000] {dagbag.py:588} INFO - Filling up the DagBag from /opt/airflow/dags/driven_data_pipeline.py
[2025-06-29T15:04:15.439+0000] {processor.py:925} INFO - DAG(s) 'extract_raw_data_pipeline' retrieved from /opt/airflow/dags/driven_data_pipeline.py
[2025-06-29T15:04:15.467+0000] {logging_mixin.py:190} INFO - [2025-06-29T15:04:15.467+0000] {dag.py:3239} INFO - Sync 1 DAGs
[2025-06-29T15:04:15.499+0000] {logging_mixin.py:190} INFO - [2025-06-29T15:04:15.498+0000] {dag.py:4180} INFO - Setting next_dagrun for extract_raw_data_pipeline to 2025-06-29 07:58:00+00:00, run_after=2025-06-29 07:59:00+00:00
[2025-06-29T15:04:15.534+0000] {processor.py:208} INFO - Processing /opt/airflow/dags/driven_data_pipeline.py took 0.639 seconds
[2025-06-29T15:04:45.647+0000] {processor.py:186} INFO - Started process (PID=4079) to work on /opt/airflow/dags/driven_data_pipeline.py
[2025-06-29T15:04:45.649+0000] {processor.py:914} INFO - Processing file /opt/airflow/dags/driven_data_pipeline.py for tasks to queue
[2025-06-29T15:04:45.652+0000] {logging_mixin.py:190} INFO - [2025-06-29T15:04:45.651+0000] {dagbag.py:588} INFO - Filling up the DagBag from /opt/airflow/dags/driven_data_pipeline.py
[2025-06-29T15:04:46.048+0000] {processor.py:925} INFO - DAG(s) 'extract_raw_data_pipeline' retrieved from /opt/airflow/dags/driven_data_pipeline.py
[2025-06-29T15:04:46.075+0000] {logging_mixin.py:190} INFO - [2025-06-29T15:04:46.075+0000] {dag.py:3239} INFO - Sync 1 DAGs
[2025-06-29T15:04:46.104+0000] {logging_mixin.py:190} INFO - [2025-06-29T15:04:46.104+0000] {dag.py:4180} INFO - Setting next_dagrun for extract_raw_data_pipeline to 2025-06-29 07:58:00+00:00, run_after=2025-06-29 07:59:00+00:00
[2025-06-29T15:04:46.138+0000] {processor.py:208} INFO - Processing /opt/airflow/dags/driven_data_pipeline.py took 0.500 seconds
[2025-06-29T15:05:16.442+0000] {processor.py:186} INFO - Started process (PID=4088) to work on /opt/airflow/dags/driven_data_pipeline.py
[2025-06-29T15:05:16.443+0000] {processor.py:914} INFO - Processing file /opt/airflow/dags/driven_data_pipeline.py for tasks to queue
[2025-06-29T15:05:16.447+0000] {logging_mixin.py:190} INFO - [2025-06-29T15:05:16.447+0000] {dagbag.py:588} INFO - Filling up the DagBag from /opt/airflow/dags/driven_data_pipeline.py
[2025-06-29T15:05:16.874+0000] {processor.py:925} INFO - DAG(s) 'extract_raw_data_pipeline' retrieved from /opt/airflow/dags/driven_data_pipeline.py
[2025-06-29T15:05:16.900+0000] {logging_mixin.py:190} INFO - [2025-06-29T15:05:16.900+0000] {dag.py:3239} INFO - Sync 1 DAGs
[2025-06-29T15:05:16.927+0000] {logging_mixin.py:190} INFO - [2025-06-29T15:05:16.927+0000] {dag.py:4180} INFO - Setting next_dagrun for extract_raw_data_pipeline to 2025-06-29 07:58:00+00:00, run_after=2025-06-29 07:59:00+00:00
[2025-06-29T15:05:16.991+0000] {processor.py:208} INFO - Processing /opt/airflow/dags/driven_data_pipeline.py took 0.562 seconds
[2025-06-29T15:05:47.484+0000] {processor.py:186} INFO - Started process (PID=4096) to work on /opt/airflow/dags/driven_data_pipeline.py
[2025-06-29T15:05:47.487+0000] {processor.py:914} INFO - Processing file /opt/airflow/dags/driven_data_pipeline.py for tasks to queue
[2025-06-29T15:05:47.491+0000] {logging_mixin.py:190} INFO - [2025-06-29T15:05:47.490+0000] {dagbag.py:588} INFO - Filling up the DagBag from /opt/airflow/dags/driven_data_pipeline.py
[2025-06-29T15:05:47.853+0000] {processor.py:925} INFO - DAG(s) 'extract_raw_data_pipeline' retrieved from /opt/airflow/dags/driven_data_pipeline.py
[2025-06-29T15:05:47.876+0000] {logging_mixin.py:190} INFO - [2025-06-29T15:05:47.876+0000] {dag.py:3239} INFO - Sync 1 DAGs
[2025-06-29T15:05:47.902+0000] {logging_mixin.py:190} INFO - [2025-06-29T15:05:47.902+0000] {dag.py:4180} INFO - Setting next_dagrun for extract_raw_data_pipeline to 2025-06-29 07:58:00+00:00, run_after=2025-06-29 07:59:00+00:00
[2025-06-29T15:05:47.944+0000] {processor.py:208} INFO - Processing /opt/airflow/dags/driven_data_pipeline.py took 0.482 seconds
[2025-06-29T15:06:18.399+0000] {processor.py:186} INFO - Started process (PID=4104) to work on /opt/airflow/dags/driven_data_pipeline.py
[2025-06-29T15:06:18.401+0000] {processor.py:914} INFO - Processing file /opt/airflow/dags/driven_data_pipeline.py for tasks to queue
[2025-06-29T15:06:18.406+0000] {logging_mixin.py:190} INFO - [2025-06-29T15:06:18.405+0000] {dagbag.py:588} INFO - Filling up the DagBag from /opt/airflow/dags/driven_data_pipeline.py
[2025-06-29T15:06:18.771+0000] {processor.py:925} INFO - DAG(s) 'extract_raw_data_pipeline' retrieved from /opt/airflow/dags/driven_data_pipeline.py
[2025-06-29T15:06:18.796+0000] {logging_mixin.py:190} INFO - [2025-06-29T15:06:18.796+0000] {dag.py:3239} INFO - Sync 1 DAGs
[2025-06-29T15:06:18.825+0000] {logging_mixin.py:190} INFO - [2025-06-29T15:06:18.824+0000] {dag.py:4180} INFO - Setting next_dagrun for extract_raw_data_pipeline to 2025-06-29 07:58:00+00:00, run_after=2025-06-29 07:59:00+00:00
[2025-06-29T15:06:18.877+0000] {processor.py:208} INFO - Processing /opt/airflow/dags/driven_data_pipeline.py took 0.496 seconds
[2025-06-29T15:06:49.268+0000] {processor.py:186} INFO - Started process (PID=4112) to work on /opt/airflow/dags/driven_data_pipeline.py
[2025-06-29T15:06:49.270+0000] {processor.py:914} INFO - Processing file /opt/airflow/dags/driven_data_pipeline.py for tasks to queue
[2025-06-29T15:06:49.273+0000] {logging_mixin.py:190} INFO - [2025-06-29T15:06:49.272+0000] {dagbag.py:588} INFO - Filling up the DagBag from /opt/airflow/dags/driven_data_pipeline.py
[2025-06-29T15:06:49.731+0000] {processor.py:925} INFO - DAG(s) 'extract_raw_data_pipeline' retrieved from /opt/airflow/dags/driven_data_pipeline.py
[2025-06-29T15:06:49.776+0000] {logging_mixin.py:190} INFO - [2025-06-29T15:06:49.775+0000] {dag.py:3239} INFO - Sync 1 DAGs
[2025-06-29T15:06:49.808+0000] {logging_mixin.py:190} INFO - [2025-06-29T15:06:49.808+0000] {dag.py:4180} INFO - Setting next_dagrun for extract_raw_data_pipeline to 2025-06-29 07:58:00+00:00, run_after=2025-06-29 07:59:00+00:00
[2025-06-29T15:06:49.853+0000] {processor.py:208} INFO - Processing /opt/airflow/dags/driven_data_pipeline.py took 0.596 seconds
[2025-06-29T15:07:20.242+0000] {processor.py:186} INFO - Started process (PID=4120) to work on /opt/airflow/dags/driven_data_pipeline.py
[2025-06-29T15:07:20.245+0000] {processor.py:914} INFO - Processing file /opt/airflow/dags/driven_data_pipeline.py for tasks to queue
[2025-06-29T15:07:20.251+0000] {logging_mixin.py:190} INFO - [2025-06-29T15:07:20.250+0000] {dagbag.py:588} INFO - Filling up the DagBag from /opt/airflow/dags/driven_data_pipeline.py
[2025-06-29T15:07:20.666+0000] {processor.py:925} INFO - DAG(s) 'extract_raw_data_pipeline' retrieved from /opt/airflow/dags/driven_data_pipeline.py
[2025-06-29T15:07:20.697+0000] {logging_mixin.py:190} INFO - [2025-06-29T15:07:20.697+0000] {dag.py:3239} INFO - Sync 1 DAGs
[2025-06-29T15:07:20.722+0000] {logging_mixin.py:190} INFO - [2025-06-29T15:07:20.722+0000] {dag.py:4180} INFO - Setting next_dagrun for extract_raw_data_pipeline to 2025-06-29 07:58:00+00:00, run_after=2025-06-29 07:59:00+00:00
[2025-06-29T15:07:20.761+0000] {processor.py:208} INFO - Processing /opt/airflow/dags/driven_data_pipeline.py took 0.543 seconds
[2025-06-29T15:07:51.262+0000] {processor.py:186} INFO - Started process (PID=4128) to work on /opt/airflow/dags/driven_data_pipeline.py
[2025-06-29T15:07:51.263+0000] {processor.py:914} INFO - Processing file /opt/airflow/dags/driven_data_pipeline.py for tasks to queue
[2025-06-29T15:07:51.267+0000] {logging_mixin.py:190} INFO - [2025-06-29T15:07:51.266+0000] {dagbag.py:588} INFO - Filling up the DagBag from /opt/airflow/dags/driven_data_pipeline.py
[2025-06-29T15:07:51.645+0000] {processor.py:925} INFO - DAG(s) 'extract_raw_data_pipeline' retrieved from /opt/airflow/dags/driven_data_pipeline.py
[2025-06-29T15:07:51.674+0000] {logging_mixin.py:190} INFO - [2025-06-29T15:07:51.673+0000] {dag.py:3239} INFO - Sync 1 DAGs
[2025-06-29T15:07:51.695+0000] {logging_mixin.py:190} INFO - [2025-06-29T15:07:51.695+0000] {dag.py:4180} INFO - Setting next_dagrun for extract_raw_data_pipeline to 2025-06-29 07:58:00+00:00, run_after=2025-06-29 07:59:00+00:00
[2025-06-29T15:07:51.735+0000] {processor.py:208} INFO - Processing /opt/airflow/dags/driven_data_pipeline.py took 0.492 seconds
[2025-06-29T15:08:21.957+0000] {processor.py:186} INFO - Started process (PID=4136) to work on /opt/airflow/dags/driven_data_pipeline.py
[2025-06-29T15:08:21.958+0000] {processor.py:914} INFO - Processing file /opt/airflow/dags/driven_data_pipeline.py for tasks to queue
[2025-06-29T15:08:21.962+0000] {logging_mixin.py:190} INFO - [2025-06-29T15:08:21.961+0000] {dagbag.py:588} INFO - Filling up the DagBag from /opt/airflow/dags/driven_data_pipeline.py
[2025-06-29T15:08:22.342+0000] {processor.py:925} INFO - DAG(s) 'extract_raw_data_pipeline' retrieved from /opt/airflow/dags/driven_data_pipeline.py
[2025-06-29T15:08:22.372+0000] {logging_mixin.py:190} INFO - [2025-06-29T15:08:22.371+0000] {dag.py:3239} INFO - Sync 1 DAGs
[2025-06-29T15:08:22.398+0000] {logging_mixin.py:190} INFO - [2025-06-29T15:08:22.398+0000] {dag.py:4180} INFO - Setting next_dagrun for extract_raw_data_pipeline to 2025-06-29 07:58:00+00:00, run_after=2025-06-29 07:59:00+00:00
[2025-06-29T15:08:22.434+0000] {processor.py:208} INFO - Processing /opt/airflow/dags/driven_data_pipeline.py took 0.487 seconds
[2025-06-29T15:08:52.527+0000] {processor.py:186} INFO - Started process (PID=4144) to work on /opt/airflow/dags/driven_data_pipeline.py
[2025-06-29T15:08:52.528+0000] {processor.py:914} INFO - Processing file /opt/airflow/dags/driven_data_pipeline.py for tasks to queue
[2025-06-29T15:08:52.530+0000] {logging_mixin.py:190} INFO - [2025-06-29T15:08:52.530+0000] {dagbag.py:588} INFO - Filling up the DagBag from /opt/airflow/dags/driven_data_pipeline.py
[2025-06-29T15:08:52.952+0000] {processor.py:925} INFO - DAG(s) 'extract_raw_data_pipeline' retrieved from /opt/airflow/dags/driven_data_pipeline.py
[2025-06-29T15:08:52.987+0000] {logging_mixin.py:190} INFO - [2025-06-29T15:08:52.987+0000] {dag.py:3239} INFO - Sync 1 DAGs
[2025-06-29T15:08:53.016+0000] {logging_mixin.py:190} INFO - [2025-06-29T15:08:53.016+0000] {dag.py:4180} INFO - Setting next_dagrun for extract_raw_data_pipeline to 2025-06-29 07:58:00+00:00, run_after=2025-06-29 07:59:00+00:00
[2025-06-29T15:08:53.058+0000] {processor.py:208} INFO - Processing /opt/airflow/dags/driven_data_pipeline.py took 0.540 seconds
[2025-06-29T15:09:23.408+0000] {processor.py:186} INFO - Started process (PID=4152) to work on /opt/airflow/dags/driven_data_pipeline.py
[2025-06-29T15:09:23.409+0000] {processor.py:914} INFO - Processing file /opt/airflow/dags/driven_data_pipeline.py for tasks to queue
[2025-06-29T15:09:23.412+0000] {logging_mixin.py:190} INFO - [2025-06-29T15:09:23.412+0000] {dagbag.py:588} INFO - Filling up the DagBag from /opt/airflow/dags/driven_data_pipeline.py
[2025-06-29T15:09:23.913+0000] {processor.py:925} INFO - DAG(s) 'extract_raw_data_pipeline' retrieved from /opt/airflow/dags/driven_data_pipeline.py
[2025-06-29T15:09:23.952+0000] {logging_mixin.py:190} INFO - [2025-06-29T15:09:23.952+0000] {dag.py:3239} INFO - Sync 1 DAGs
[2025-06-29T15:09:23.992+0000] {logging_mixin.py:190} INFO - [2025-06-29T15:09:23.992+0000] {dag.py:4180} INFO - Setting next_dagrun for extract_raw_data_pipeline to 2025-06-29 07:58:00+00:00, run_after=2025-06-29 07:59:00+00:00
[2025-06-29T15:09:24.035+0000] {processor.py:208} INFO - Processing /opt/airflow/dags/driven_data_pipeline.py took 0.641 seconds
[2025-06-29T15:09:54.607+0000] {processor.py:186} INFO - Started process (PID=4160) to work on /opt/airflow/dags/driven_data_pipeline.py
[2025-06-29T15:09:54.610+0000] {processor.py:914} INFO - Processing file /opt/airflow/dags/driven_data_pipeline.py for tasks to queue
[2025-06-29T15:09:54.615+0000] {logging_mixin.py:190} INFO - [2025-06-29T15:09:54.615+0000] {dagbag.py:588} INFO - Filling up the DagBag from /opt/airflow/dags/driven_data_pipeline.py
[2025-06-29T15:09:54.995+0000] {processor.py:925} INFO - DAG(s) 'extract_raw_data_pipeline' retrieved from /opt/airflow/dags/driven_data_pipeline.py
[2025-06-29T15:09:55.019+0000] {logging_mixin.py:190} INFO - [2025-06-29T15:09:55.018+0000] {dag.py:3239} INFO - Sync 1 DAGs
[2025-06-29T15:09:55.050+0000] {logging_mixin.py:190} INFO - [2025-06-29T15:09:55.050+0000] {dag.py:4180} INFO - Setting next_dagrun for extract_raw_data_pipeline to 2025-06-29 07:58:00+00:00, run_after=2025-06-29 07:59:00+00:00
[2025-06-29T15:09:55.087+0000] {processor.py:208} INFO - Processing /opt/airflow/dags/driven_data_pipeline.py took 0.504 seconds
[2025-06-29T15:10:25.491+0000] {processor.py:186} INFO - Started process (PID=4168) to work on /opt/airflow/dags/driven_data_pipeline.py
[2025-06-29T15:10:25.492+0000] {processor.py:914} INFO - Processing file /opt/airflow/dags/driven_data_pipeline.py for tasks to queue
[2025-06-29T15:10:25.494+0000] {logging_mixin.py:190} INFO - [2025-06-29T15:10:25.493+0000] {dagbag.py:588} INFO - Filling up the DagBag from /opt/airflow/dags/driven_data_pipeline.py
[2025-06-29T15:10:25.852+0000] {processor.py:925} INFO - DAG(s) 'extract_raw_data_pipeline' retrieved from /opt/airflow/dags/driven_data_pipeline.py
[2025-06-29T15:10:25.878+0000] {logging_mixin.py:190} INFO - [2025-06-29T15:10:25.878+0000] {dag.py:3239} INFO - Sync 1 DAGs
[2025-06-29T15:10:25.904+0000] {logging_mixin.py:190} INFO - [2025-06-29T15:10:25.904+0000] {dag.py:4180} INFO - Setting next_dagrun for extract_raw_data_pipeline to 2025-06-29 07:58:00+00:00, run_after=2025-06-29 07:59:00+00:00
[2025-06-29T15:10:25.949+0000] {processor.py:208} INFO - Processing /opt/airflow/dags/driven_data_pipeline.py took 0.471 seconds
[2025-06-29T15:10:56.496+0000] {processor.py:186} INFO - Started process (PID=4176) to work on /opt/airflow/dags/driven_data_pipeline.py
[2025-06-29T15:10:56.498+0000] {processor.py:914} INFO - Processing file /opt/airflow/dags/driven_data_pipeline.py for tasks to queue
[2025-06-29T15:10:56.501+0000] {logging_mixin.py:190} INFO - [2025-06-29T15:10:56.500+0000] {dagbag.py:588} INFO - Filling up the DagBag from /opt/airflow/dags/driven_data_pipeline.py
[2025-06-29T15:10:56.855+0000] {processor.py:925} INFO - DAG(s) 'extract_raw_data_pipeline' retrieved from /opt/airflow/dags/driven_data_pipeline.py
[2025-06-29T15:10:56.879+0000] {logging_mixin.py:190} INFO - [2025-06-29T15:10:56.879+0000] {dag.py:3239} INFO - Sync 1 DAGs
[2025-06-29T15:10:56.904+0000] {logging_mixin.py:190} INFO - [2025-06-29T15:10:56.904+0000] {dag.py:4180} INFO - Setting next_dagrun for extract_raw_data_pipeline to 2025-06-29 07:58:00+00:00, run_after=2025-06-29 07:59:00+00:00
[2025-06-29T15:10:56.949+0000] {processor.py:208} INFO - Processing /opt/airflow/dags/driven_data_pipeline.py took 0.468 seconds
[2025-06-29T15:11:27.545+0000] {processor.py:186} INFO - Started process (PID=4184) to work on /opt/airflow/dags/driven_data_pipeline.py
[2025-06-29T15:11:27.546+0000] {processor.py:914} INFO - Processing file /opt/airflow/dags/driven_data_pipeline.py for tasks to queue
[2025-06-29T15:11:27.550+0000] {logging_mixin.py:190} INFO - [2025-06-29T15:11:27.550+0000] {dagbag.py:588} INFO - Filling up the DagBag from /opt/airflow/dags/driven_data_pipeline.py
[2025-06-29T15:11:27.906+0000] {processor.py:925} INFO - DAG(s) 'extract_raw_data_pipeline' retrieved from /opt/airflow/dags/driven_data_pipeline.py
[2025-06-29T15:11:27.936+0000] {logging_mixin.py:190} INFO - [2025-06-29T15:11:27.935+0000] {dag.py:3239} INFO - Sync 1 DAGs
[2025-06-29T15:11:27.960+0000] {logging_mixin.py:190} INFO - [2025-06-29T15:11:27.959+0000] {dag.py:4180} INFO - Setting next_dagrun for extract_raw_data_pipeline to 2025-06-29 07:58:00+00:00, run_after=2025-06-29 07:59:00+00:00
[2025-06-29T15:11:28.008+0000] {processor.py:208} INFO - Processing /opt/airflow/dags/driven_data_pipeline.py took 0.481 seconds
[2025-06-29T15:11:58.423+0000] {processor.py:186} INFO - Started process (PID=4192) to work on /opt/airflow/dags/driven_data_pipeline.py
[2025-06-29T15:11:58.424+0000] {processor.py:914} INFO - Processing file /opt/airflow/dags/driven_data_pipeline.py for tasks to queue
[2025-06-29T15:11:58.427+0000] {logging_mixin.py:190} INFO - [2025-06-29T15:11:58.426+0000] {dagbag.py:588} INFO - Filling up the DagBag from /opt/airflow/dags/driven_data_pipeline.py
[2025-06-29T15:11:58.783+0000] {processor.py:925} INFO - DAG(s) 'extract_raw_data_pipeline' retrieved from /opt/airflow/dags/driven_data_pipeline.py
[2025-06-29T15:11:58.810+0000] {logging_mixin.py:190} INFO - [2025-06-29T15:11:58.809+0000] {dag.py:3239} INFO - Sync 1 DAGs
[2025-06-29T15:11:58.833+0000] {logging_mixin.py:190} INFO - [2025-06-29T15:11:58.832+0000] {dag.py:4180} INFO - Setting next_dagrun for extract_raw_data_pipeline to 2025-06-29 07:58:00+00:00, run_after=2025-06-29 07:59:00+00:00
[2025-06-29T15:11:58.875+0000] {processor.py:208} INFO - Processing /opt/airflow/dags/driven_data_pipeline.py took 0.464 seconds
[2025-06-29T15:12:29.345+0000] {processor.py:186} INFO - Started process (PID=4200) to work on /opt/airflow/dags/driven_data_pipeline.py
[2025-06-29T15:12:29.346+0000] {processor.py:914} INFO - Processing file /opt/airflow/dags/driven_data_pipeline.py for tasks to queue
[2025-06-29T15:12:29.349+0000] {logging_mixin.py:190} INFO - [2025-06-29T15:12:29.348+0000] {dagbag.py:588} INFO - Filling up the DagBag from /opt/airflow/dags/driven_data_pipeline.py
[2025-06-29T15:12:29.718+0000] {processor.py:925} INFO - DAG(s) 'extract_raw_data_pipeline' retrieved from /opt/airflow/dags/driven_data_pipeline.py
[2025-06-29T15:12:29.739+0000] {logging_mixin.py:190} INFO - [2025-06-29T15:12:29.739+0000] {dag.py:3239} INFO - Sync 1 DAGs
[2025-06-29T15:12:29.769+0000] {logging_mixin.py:190} INFO - [2025-06-29T15:12:29.769+0000] {dag.py:4180} INFO - Setting next_dagrun for extract_raw_data_pipeline to 2025-06-29 07:58:00+00:00, run_after=2025-06-29 07:59:00+00:00
[2025-06-29T15:12:29.813+0000] {processor.py:208} INFO - Processing /opt/airflow/dags/driven_data_pipeline.py took 0.478 seconds
[2025-06-29T15:13:00.331+0000] {processor.py:186} INFO - Started process (PID=4208) to work on /opt/airflow/dags/driven_data_pipeline.py
[2025-06-29T15:13:00.333+0000] {processor.py:914} INFO - Processing file /opt/airflow/dags/driven_data_pipeline.py for tasks to queue
[2025-06-29T15:13:00.338+0000] {logging_mixin.py:190} INFO - [2025-06-29T15:13:00.338+0000] {dagbag.py:588} INFO - Filling up the DagBag from /opt/airflow/dags/driven_data_pipeline.py
[2025-06-29T15:13:00.707+0000] {processor.py:925} INFO - DAG(s) 'extract_raw_data_pipeline' retrieved from /opt/airflow/dags/driven_data_pipeline.py
[2025-06-29T15:13:00.732+0000] {logging_mixin.py:190} INFO - [2025-06-29T15:13:00.732+0000] {dag.py:3239} INFO - Sync 1 DAGs
[2025-06-29T15:13:00.757+0000] {logging_mixin.py:190} INFO - [2025-06-29T15:13:00.756+0000] {dag.py:4180} INFO - Setting next_dagrun for extract_raw_data_pipeline to 2025-06-29 07:58:00+00:00, run_after=2025-06-29 07:59:00+00:00
[2025-06-29T15:13:00.795+0000] {processor.py:208} INFO - Processing /opt/airflow/dags/driven_data_pipeline.py took 0.485 seconds
[2025-06-29T15:13:31.248+0000] {processor.py:186} INFO - Started process (PID=4216) to work on /opt/airflow/dags/driven_data_pipeline.py
[2025-06-29T15:13:31.251+0000] {processor.py:914} INFO - Processing file /opt/airflow/dags/driven_data_pipeline.py for tasks to queue
[2025-06-29T15:13:31.257+0000] {logging_mixin.py:190} INFO - [2025-06-29T15:13:31.256+0000] {dagbag.py:588} INFO - Filling up the DagBag from /opt/airflow/dags/driven_data_pipeline.py
[2025-06-29T15:13:31.636+0000] {processor.py:925} INFO - DAG(s) 'extract_raw_data_pipeline' retrieved from /opt/airflow/dags/driven_data_pipeline.py
[2025-06-29T15:13:31.668+0000] {logging_mixin.py:190} INFO - [2025-06-29T15:13:31.667+0000] {dag.py:3239} INFO - Sync 1 DAGs
[2025-06-29T15:13:31.693+0000] {logging_mixin.py:190} INFO - [2025-06-29T15:13:31.693+0000] {dag.py:4180} INFO - Setting next_dagrun for extract_raw_data_pipeline to 2025-06-29 07:58:00+00:00, run_after=2025-06-29 07:59:00+00:00
[2025-06-29T15:13:31.728+0000] {processor.py:208} INFO - Processing /opt/airflow/dags/driven_data_pipeline.py took 0.511 seconds
[2025-06-29T15:14:02.199+0000] {processor.py:186} INFO - Started process (PID=4224) to work on /opt/airflow/dags/driven_data_pipeline.py
[2025-06-29T15:14:02.201+0000] {processor.py:914} INFO - Processing file /opt/airflow/dags/driven_data_pipeline.py for tasks to queue
[2025-06-29T15:14:02.206+0000] {logging_mixin.py:190} INFO - [2025-06-29T15:14:02.205+0000] {dagbag.py:588} INFO - Filling up the DagBag from /opt/airflow/dags/driven_data_pipeline.py
[2025-06-29T15:14:02.748+0000] {processor.py:925} INFO - DAG(s) 'extract_raw_data_pipeline' retrieved from /opt/airflow/dags/driven_data_pipeline.py
[2025-06-29T15:14:02.777+0000] {logging_mixin.py:190} INFO - [2025-06-29T15:14:02.777+0000] {dag.py:3239} INFO - Sync 1 DAGs
[2025-06-29T15:14:02.799+0000] {logging_mixin.py:190} INFO - [2025-06-29T15:14:02.799+0000] {dag.py:4180} INFO - Setting next_dagrun for extract_raw_data_pipeline to 2025-06-29 07:58:00+00:00, run_after=2025-06-29 07:59:00+00:00
[2025-06-29T15:14:02.836+0000] {processor.py:208} INFO - Processing /opt/airflow/dags/driven_data_pipeline.py took 0.655 seconds
[2025-06-29T15:14:33.139+0000] {processor.py:186} INFO - Started process (PID=4232) to work on /opt/airflow/dags/driven_data_pipeline.py
[2025-06-29T15:14:33.141+0000] {processor.py:914} INFO - Processing file /opt/airflow/dags/driven_data_pipeline.py for tasks to queue
[2025-06-29T15:14:33.143+0000] {logging_mixin.py:190} INFO - [2025-06-29T15:14:33.143+0000] {dagbag.py:588} INFO - Filling up the DagBag from /opt/airflow/dags/driven_data_pipeline.py
[2025-06-29T15:14:33.558+0000] {processor.py:925} INFO - DAG(s) 'extract_raw_data_pipeline' retrieved from /opt/airflow/dags/driven_data_pipeline.py
[2025-06-29T15:14:33.591+0000] {logging_mixin.py:190} INFO - [2025-06-29T15:14:33.590+0000] {dag.py:3239} INFO - Sync 1 DAGs
[2025-06-29T15:14:33.635+0000] {logging_mixin.py:190} INFO - [2025-06-29T15:14:33.634+0000] {dag.py:4180} INFO - Setting next_dagrun for extract_raw_data_pipeline to 2025-06-29 07:58:00+00:00, run_after=2025-06-29 07:59:00+00:00
[2025-06-29T15:14:33.672+0000] {processor.py:208} INFO - Processing /opt/airflow/dags/driven_data_pipeline.py took 0.539 seconds
[2025-06-29T15:15:03.824+0000] {processor.py:186} INFO - Started process (PID=4240) to work on /opt/airflow/dags/driven_data_pipeline.py
[2025-06-29T15:15:03.825+0000] {processor.py:914} INFO - Processing file /opt/airflow/dags/driven_data_pipeline.py for tasks to queue
[2025-06-29T15:15:03.829+0000] {logging_mixin.py:190} INFO - [2025-06-29T15:15:03.829+0000] {dagbag.py:588} INFO - Filling up the DagBag from /opt/airflow/dags/driven_data_pipeline.py
[2025-06-29T15:15:04.209+0000] {processor.py:925} INFO - DAG(s) 'extract_raw_data_pipeline' retrieved from /opt/airflow/dags/driven_data_pipeline.py
[2025-06-29T15:15:04.236+0000] {logging_mixin.py:190} INFO - [2025-06-29T15:15:04.235+0000] {dag.py:3239} INFO - Sync 1 DAGs
[2025-06-29T15:15:04.258+0000] {logging_mixin.py:190} INFO - [2025-06-29T15:15:04.258+0000] {dag.py:4180} INFO - Setting next_dagrun for extract_raw_data_pipeline to 2025-06-29 07:58:00+00:00, run_after=2025-06-29 07:59:00+00:00
[2025-06-29T15:15:04.289+0000] {processor.py:208} INFO - Processing /opt/airflow/dags/driven_data_pipeline.py took 0.476 seconds
[2025-06-29T15:15:34.567+0000] {processor.py:186} INFO - Started process (PID=4248) to work on /opt/airflow/dags/driven_data_pipeline.py
[2025-06-29T15:15:34.569+0000] {processor.py:914} INFO - Processing file /opt/airflow/dags/driven_data_pipeline.py for tasks to queue
[2025-06-29T15:15:34.573+0000] {logging_mixin.py:190} INFO - [2025-06-29T15:15:34.573+0000] {dagbag.py:588} INFO - Filling up the DagBag from /opt/airflow/dags/driven_data_pipeline.py
[2025-06-29T15:15:34.938+0000] {processor.py:925} INFO - DAG(s) 'extract_raw_data_pipeline' retrieved from /opt/airflow/dags/driven_data_pipeline.py
[2025-06-29T15:15:34.962+0000] {logging_mixin.py:190} INFO - [2025-06-29T15:15:34.962+0000] {dag.py:3239} INFO - Sync 1 DAGs
[2025-06-29T15:15:34.990+0000] {logging_mixin.py:190} INFO - [2025-06-29T15:15:34.990+0000] {dag.py:4180} INFO - Setting next_dagrun for extract_raw_data_pipeline to 2025-06-29 07:58:00+00:00, run_after=2025-06-29 07:59:00+00:00
[2025-06-29T15:15:36.233+0000] {processor.py:208} INFO - Processing /opt/airflow/dags/driven_data_pipeline.py took 1.683 seconds
[2025-06-29T15:16:06.729+0000] {processor.py:186} INFO - Started process (PID=4262) to work on /opt/airflow/dags/driven_data_pipeline.py
[2025-06-29T15:16:06.730+0000] {processor.py:914} INFO - Processing file /opt/airflow/dags/driven_data_pipeline.py for tasks to queue
[2025-06-29T15:16:06.732+0000] {logging_mixin.py:190} INFO - [2025-06-29T15:16:06.732+0000] {dagbag.py:588} INFO - Filling up the DagBag from /opt/airflow/dags/driven_data_pipeline.py
[2025-06-29T15:16:07.106+0000] {processor.py:925} INFO - DAG(s) 'extract_raw_data_pipeline' retrieved from /opt/airflow/dags/driven_data_pipeline.py
[2025-06-29T15:16:07.130+0000] {logging_mixin.py:190} INFO - [2025-06-29T15:16:07.129+0000] {dag.py:3239} INFO - Sync 1 DAGs
[2025-06-29T15:16:07.152+0000] {logging_mixin.py:190} INFO - [2025-06-29T15:16:07.152+0000] {dag.py:4180} INFO - Setting next_dagrun for extract_raw_data_pipeline to 2025-06-29 07:58:00+00:00, run_after=2025-06-29 07:59:00+00:00
[2025-06-29T15:16:07.186+0000] {processor.py:208} INFO - Processing /opt/airflow/dags/driven_data_pipeline.py took 0.466 seconds
[2025-06-29T15:16:37.524+0000] {processor.py:186} INFO - Started process (PID=4270) to work on /opt/airflow/dags/driven_data_pipeline.py
[2025-06-29T15:16:37.525+0000] {processor.py:914} INFO - Processing file /opt/airflow/dags/driven_data_pipeline.py for tasks to queue
[2025-06-29T15:16:37.528+0000] {logging_mixin.py:190} INFO - [2025-06-29T15:16:37.528+0000] {dagbag.py:588} INFO - Filling up the DagBag from /opt/airflow/dags/driven_data_pipeline.py
[2025-06-29T15:16:37.922+0000] {processor.py:925} INFO - DAG(s) 'extract_raw_data_pipeline' retrieved from /opt/airflow/dags/driven_data_pipeline.py
[2025-06-29T15:16:37.944+0000] {logging_mixin.py:190} INFO - [2025-06-29T15:16:37.944+0000] {dag.py:3239} INFO - Sync 1 DAGs
[2025-06-29T15:16:37.970+0000] {logging_mixin.py:190} INFO - [2025-06-29T15:16:37.969+0000] {dag.py:4180} INFO - Setting next_dagrun for extract_raw_data_pipeline to 2025-06-29 07:58:00+00:00, run_after=2025-06-29 07:59:00+00:00
[2025-06-29T15:16:38.007+0000] {processor.py:208} INFO - Processing /opt/airflow/dags/driven_data_pipeline.py took 0.495 seconds
[2025-06-29T15:17:08.531+0000] {processor.py:186} INFO - Started process (PID=4279) to work on /opt/airflow/dags/driven_data_pipeline.py
[2025-06-29T15:17:08.533+0000] {processor.py:914} INFO - Processing file /opt/airflow/dags/driven_data_pipeline.py for tasks to queue
[2025-06-29T15:17:08.538+0000] {logging_mixin.py:190} INFO - [2025-06-29T15:17:08.537+0000] {dagbag.py:588} INFO - Filling up the DagBag from /opt/airflow/dags/driven_data_pipeline.py
[2025-06-29T15:17:08.901+0000] {processor.py:925} INFO - DAG(s) 'extract_raw_data_pipeline' retrieved from /opt/airflow/dags/driven_data_pipeline.py
[2025-06-29T15:17:08.931+0000] {logging_mixin.py:190} INFO - [2025-06-29T15:17:08.931+0000] {dag.py:3239} INFO - Sync 1 DAGs
[2025-06-29T15:17:08.953+0000] {logging_mixin.py:190} INFO - [2025-06-29T15:17:08.953+0000] {dag.py:4180} INFO - Setting next_dagrun for extract_raw_data_pipeline to 2025-06-29 07:58:00+00:00, run_after=2025-06-29 07:59:00+00:00
[2025-06-29T15:17:08.992+0000] {processor.py:208} INFO - Processing /opt/airflow/dags/driven_data_pipeline.py took 0.496 seconds
[2025-06-29T15:17:39.334+0000] {processor.py:186} INFO - Started process (PID=4287) to work on /opt/airflow/dags/driven_data_pipeline.py
[2025-06-29T15:17:39.336+0000] {processor.py:914} INFO - Processing file /opt/airflow/dags/driven_data_pipeline.py for tasks to queue
[2025-06-29T15:17:39.341+0000] {logging_mixin.py:190} INFO - [2025-06-29T15:17:39.340+0000] {dagbag.py:588} INFO - Filling up the DagBag from /opt/airflow/dags/driven_data_pipeline.py
[2025-06-29T15:17:39.769+0000] {processor.py:925} INFO - DAG(s) 'extract_raw_data_pipeline' retrieved from /opt/airflow/dags/driven_data_pipeline.py
[2025-06-29T15:17:39.795+0000] {logging_mixin.py:190} INFO - [2025-06-29T15:17:39.794+0000] {dag.py:3239} INFO - Sync 1 DAGs
[2025-06-29T15:17:39.823+0000] {logging_mixin.py:190} INFO - [2025-06-29T15:17:39.823+0000] {dag.py:4180} INFO - Setting next_dagrun for extract_raw_data_pipeline to 2025-06-29 07:58:00+00:00, run_after=2025-06-29 07:59:00+00:00
[2025-06-29T15:17:39.854+0000] {processor.py:208} INFO - Processing /opt/airflow/dags/driven_data_pipeline.py took 0.533 seconds
[2025-06-29T15:18:10.264+0000] {processor.py:186} INFO - Started process (PID=4295) to work on /opt/airflow/dags/driven_data_pipeline.py
[2025-06-29T15:18:10.267+0000] {processor.py:914} INFO - Processing file /opt/airflow/dags/driven_data_pipeline.py for tasks to queue
[2025-06-29T15:18:10.273+0000] {logging_mixin.py:190} INFO - [2025-06-29T15:18:10.272+0000] {dagbag.py:588} INFO - Filling up the DagBag from /opt/airflow/dags/driven_data_pipeline.py
[2025-06-29T15:18:10.648+0000] {processor.py:925} INFO - DAG(s) 'extract_raw_data_pipeline' retrieved from /opt/airflow/dags/driven_data_pipeline.py
[2025-06-29T15:18:10.675+0000] {logging_mixin.py:190} INFO - [2025-06-29T15:18:10.675+0000] {dag.py:3239} INFO - Sync 1 DAGs
[2025-06-29T15:18:10.701+0000] {logging_mixin.py:190} INFO - [2025-06-29T15:18:10.700+0000] {dag.py:4180} INFO - Setting next_dagrun for extract_raw_data_pipeline to 2025-06-29 07:58:00+00:00, run_after=2025-06-29 07:59:00+00:00
[2025-06-29T15:18:10.740+0000] {processor.py:208} INFO - Processing /opt/airflow/dags/driven_data_pipeline.py took 0.491 seconds
[2025-06-29T15:18:41.197+0000] {processor.py:186} INFO - Started process (PID=4302) to work on /opt/airflow/dags/driven_data_pipeline.py
[2025-06-29T15:18:41.200+0000] {processor.py:914} INFO - Processing file /opt/airflow/dags/driven_data_pipeline.py for tasks to queue
[2025-06-29T15:18:41.206+0000] {logging_mixin.py:190} INFO - [2025-06-29T15:18:41.204+0000] {dagbag.py:588} INFO - Filling up the DagBag from /opt/airflow/dags/driven_data_pipeline.py
[2025-06-29T15:18:41.599+0000] {processor.py:925} INFO - DAG(s) 'extract_raw_data_pipeline' retrieved from /opt/airflow/dags/driven_data_pipeline.py
[2025-06-29T15:18:41.623+0000] {logging_mixin.py:190} INFO - [2025-06-29T15:18:41.623+0000] {dag.py:3239} INFO - Sync 1 DAGs
[2025-06-29T15:18:41.646+0000] {logging_mixin.py:190} INFO - [2025-06-29T15:18:41.646+0000] {dag.py:4180} INFO - Setting next_dagrun for extract_raw_data_pipeline to 2025-06-29 07:58:00+00:00, run_after=2025-06-29 07:59:00+00:00
[2025-06-29T15:18:41.684+0000] {processor.py:208} INFO - Processing /opt/airflow/dags/driven_data_pipeline.py took 0.515 seconds
[2025-06-29T15:19:12.147+0000] {processor.py:186} INFO - Started process (PID=4310) to work on /opt/airflow/dags/driven_data_pipeline.py
[2025-06-29T15:19:12.149+0000] {processor.py:914} INFO - Processing file /opt/airflow/dags/driven_data_pipeline.py for tasks to queue
[2025-06-29T15:19:12.151+0000] {logging_mixin.py:190} INFO - [2025-06-29T15:19:12.150+0000] {dagbag.py:588} INFO - Filling up the DagBag from /opt/airflow/dags/driven_data_pipeline.py
[2025-06-29T15:19:12.536+0000] {processor.py:925} INFO - DAG(s) 'extract_raw_data_pipeline' retrieved from /opt/airflow/dags/driven_data_pipeline.py
[2025-06-29T15:19:12.569+0000] {logging_mixin.py:190} INFO - [2025-06-29T15:19:12.569+0000] {dag.py:3239} INFO - Sync 1 DAGs
[2025-06-29T15:19:12.598+0000] {logging_mixin.py:190} INFO - [2025-06-29T15:19:12.598+0000] {dag.py:4180} INFO - Setting next_dagrun for extract_raw_data_pipeline to 2025-06-29 07:58:00+00:00, run_after=2025-06-29 07:59:00+00:00
[2025-06-29T15:19:12.690+0000] {processor.py:208} INFO - Processing /opt/airflow/dags/driven_data_pipeline.py took 0.549 seconds
[2025-06-29T15:19:43.052+0000] {processor.py:186} INFO - Started process (PID=4318) to work on /opt/airflow/dags/driven_data_pipeline.py
[2025-06-29T15:19:43.053+0000] {processor.py:914} INFO - Processing file /opt/airflow/dags/driven_data_pipeline.py for tasks to queue
[2025-06-29T15:19:43.058+0000] {logging_mixin.py:190} INFO - [2025-06-29T15:19:43.057+0000] {dagbag.py:588} INFO - Filling up the DagBag from /opt/airflow/dags/driven_data_pipeline.py
[2025-06-29T15:19:43.462+0000] {processor.py:925} INFO - DAG(s) 'extract_raw_data_pipeline' retrieved from /opt/airflow/dags/driven_data_pipeline.py
[2025-06-29T15:19:43.498+0000] {logging_mixin.py:190} INFO - [2025-06-29T15:19:43.498+0000] {dag.py:3239} INFO - Sync 1 DAGs
[2025-06-29T15:19:43.533+0000] {logging_mixin.py:190} INFO - [2025-06-29T15:19:43.533+0000] {dag.py:4180} INFO - Setting next_dagrun for extract_raw_data_pipeline to 2025-06-29 07:58:00+00:00, run_after=2025-06-29 07:59:00+00:00
[2025-06-29T15:19:43.568+0000] {processor.py:208} INFO - Processing /opt/airflow/dags/driven_data_pipeline.py took 0.526 seconds
[2025-06-29T15:20:14.004+0000] {processor.py:186} INFO - Started process (PID=4326) to work on /opt/airflow/dags/driven_data_pipeline.py
[2025-06-29T15:20:14.006+0000] {processor.py:914} INFO - Processing file /opt/airflow/dags/driven_data_pipeline.py for tasks to queue
[2025-06-29T15:20:14.010+0000] {logging_mixin.py:190} INFO - [2025-06-29T15:20:14.009+0000] {dagbag.py:588} INFO - Filling up the DagBag from /opt/airflow/dags/driven_data_pipeline.py
[2025-06-29T15:20:14.386+0000] {processor.py:925} INFO - DAG(s) 'extract_raw_data_pipeline' retrieved from /opt/airflow/dags/driven_data_pipeline.py
[2025-06-29T15:20:14.413+0000] {logging_mixin.py:190} INFO - [2025-06-29T15:20:14.413+0000] {dag.py:3239} INFO - Sync 1 DAGs
[2025-06-29T15:20:14.434+0000] {logging_mixin.py:190} INFO - [2025-06-29T15:20:14.434+0000] {dag.py:4180} INFO - Setting next_dagrun for extract_raw_data_pipeline to 2025-06-29 07:58:00+00:00, run_after=2025-06-29 07:59:00+00:00
[2025-06-29T15:20:14.470+0000] {processor.py:208} INFO - Processing /opt/airflow/dags/driven_data_pipeline.py took 0.482 seconds
[2025-06-29T15:20:45.026+0000] {processor.py:186} INFO - Started process (PID=4334) to work on /opt/airflow/dags/driven_data_pipeline.py
[2025-06-29T15:20:45.027+0000] {processor.py:914} INFO - Processing file /opt/airflow/dags/driven_data_pipeline.py for tasks to queue
[2025-06-29T15:20:45.031+0000] {logging_mixin.py:190} INFO - [2025-06-29T15:20:45.030+0000] {dagbag.py:588} INFO - Filling up the DagBag from /opt/airflow/dags/driven_data_pipeline.py
[2025-06-29T15:20:45.399+0000] {processor.py:925} INFO - DAG(s) 'extract_raw_data_pipeline' retrieved from /opt/airflow/dags/driven_data_pipeline.py
[2025-06-29T15:20:45.424+0000] {logging_mixin.py:190} INFO - [2025-06-29T15:20:45.424+0000] {dag.py:3239} INFO - Sync 1 DAGs
[2025-06-29T15:20:45.447+0000] {logging_mixin.py:190} INFO - [2025-06-29T15:20:45.447+0000] {dag.py:4180} INFO - Setting next_dagrun for extract_raw_data_pipeline to 2025-06-29 07:58:00+00:00, run_after=2025-06-29 07:59:00+00:00
[2025-06-29T15:20:45.490+0000] {processor.py:208} INFO - Processing /opt/airflow/dags/driven_data_pipeline.py took 0.480 seconds
[2025-06-29T15:21:15.858+0000] {processor.py:186} INFO - Started process (PID=4343) to work on /opt/airflow/dags/driven_data_pipeline.py
[2025-06-29T15:21:15.860+0000] {processor.py:914} INFO - Processing file /opt/airflow/dags/driven_data_pipeline.py for tasks to queue
[2025-06-29T15:21:15.863+0000] {logging_mixin.py:190} INFO - [2025-06-29T15:21:15.863+0000] {dagbag.py:588} INFO - Filling up the DagBag from /opt/airflow/dags/driven_data_pipeline.py
[2025-06-29T15:21:16.216+0000] {processor.py:925} INFO - DAG(s) 'extract_raw_data_pipeline' retrieved from /opt/airflow/dags/driven_data_pipeline.py
[2025-06-29T15:21:16.245+0000] {logging_mixin.py:190} INFO - [2025-06-29T15:21:16.245+0000] {dag.py:3239} INFO - Sync 1 DAGs
[2025-06-29T15:21:16.270+0000] {logging_mixin.py:190} INFO - [2025-06-29T15:21:16.270+0000] {dag.py:4180} INFO - Setting next_dagrun for extract_raw_data_pipeline to 2025-06-29 07:58:00+00:00, run_after=2025-06-29 07:59:00+00:00
[2025-06-29T15:21:16.299+0000] {processor.py:208} INFO - Processing /opt/airflow/dags/driven_data_pipeline.py took 0.458 seconds
[2025-06-29T15:21:46.779+0000] {processor.py:186} INFO - Started process (PID=4351) to work on /opt/airflow/dags/driven_data_pipeline.py
[2025-06-29T15:21:46.782+0000] {processor.py:914} INFO - Processing file /opt/airflow/dags/driven_data_pipeline.py for tasks to queue
[2025-06-29T15:21:46.788+0000] {logging_mixin.py:190} INFO - [2025-06-29T15:21:46.787+0000] {dagbag.py:588} INFO - Filling up the DagBag from /opt/airflow/dags/driven_data_pipeline.py
[2025-06-29T15:21:47.171+0000] {processor.py:925} INFO - DAG(s) 'extract_raw_data_pipeline' retrieved from /opt/airflow/dags/driven_data_pipeline.py
[2025-06-29T15:21:47.194+0000] {logging_mixin.py:190} INFO - [2025-06-29T15:21:47.194+0000] {dag.py:3239} INFO - Sync 1 DAGs
[2025-06-29T15:21:47.223+0000] {logging_mixin.py:190} INFO - [2025-06-29T15:21:47.222+0000] {dag.py:4180} INFO - Setting next_dagrun for extract_raw_data_pipeline to 2025-06-29 07:58:00+00:00, run_after=2025-06-29 07:59:00+00:00
[2025-06-29T15:21:47.271+0000] {processor.py:208} INFO - Processing /opt/airflow/dags/driven_data_pipeline.py took 0.508 seconds
[2025-06-29T15:22:17.728+0000] {processor.py:186} INFO - Started process (PID=4359) to work on /opt/airflow/dags/driven_data_pipeline.py
[2025-06-29T15:22:17.732+0000] {processor.py:914} INFO - Processing file /opt/airflow/dags/driven_data_pipeline.py for tasks to queue
[2025-06-29T15:22:17.743+0000] {logging_mixin.py:190} INFO - [2025-06-29T15:22:17.742+0000] {dagbag.py:588} INFO - Filling up the DagBag from /opt/airflow/dags/driven_data_pipeline.py
[2025-06-29T15:22:18.128+0000] {processor.py:925} INFO - DAG(s) 'extract_raw_data_pipeline' retrieved from /opt/airflow/dags/driven_data_pipeline.py
[2025-06-29T15:22:18.153+0000] {logging_mixin.py:190} INFO - [2025-06-29T15:22:18.153+0000] {dag.py:3239} INFO - Sync 1 DAGs
[2025-06-29T15:22:18.177+0000] {logging_mixin.py:190} INFO - [2025-06-29T15:22:18.177+0000] {dag.py:4180} INFO - Setting next_dagrun for extract_raw_data_pipeline to 2025-06-29 07:58:00+00:00, run_after=2025-06-29 07:59:00+00:00
[2025-06-29T15:22:18.220+0000] {processor.py:208} INFO - Processing /opt/airflow/dags/driven_data_pipeline.py took 0.530 seconds
[2025-06-29T15:22:48.596+0000] {processor.py:186} INFO - Started process (PID=4367) to work on /opt/airflow/dags/driven_data_pipeline.py
[2025-06-29T15:22:48.598+0000] {processor.py:914} INFO - Processing file /opt/airflow/dags/driven_data_pipeline.py for tasks to queue
[2025-06-29T15:22:48.602+0000] {logging_mixin.py:190} INFO - [2025-06-29T15:22:48.602+0000] {dagbag.py:588} INFO - Filling up the DagBag from /opt/airflow/dags/driven_data_pipeline.py
[2025-06-29T15:22:48.970+0000] {processor.py:925} INFO - DAG(s) 'extract_raw_data_pipeline' retrieved from /opt/airflow/dags/driven_data_pipeline.py
[2025-06-29T15:22:48.997+0000] {logging_mixin.py:190} INFO - [2025-06-29T15:22:48.997+0000] {dag.py:3239} INFO - Sync 1 DAGs
[2025-06-29T15:22:49.021+0000] {logging_mixin.py:190} INFO - [2025-06-29T15:22:49.021+0000] {dag.py:4180} INFO - Setting next_dagrun for extract_raw_data_pipeline to 2025-06-29 07:58:00+00:00, run_after=2025-06-29 07:59:00+00:00
[2025-06-29T15:22:49.078+0000] {processor.py:208} INFO - Processing /opt/airflow/dags/driven_data_pipeline.py took 0.496 seconds
[2025-06-29T15:23:19.552+0000] {processor.py:186} INFO - Started process (PID=4375) to work on /opt/airflow/dags/driven_data_pipeline.py
[2025-06-29T15:23:19.601+0000] {processor.py:914} INFO - Processing file /opt/airflow/dags/driven_data_pipeline.py for tasks to queue
[2025-06-29T15:23:19.614+0000] {logging_mixin.py:190} INFO - [2025-06-29T15:23:19.611+0000] {dagbag.py:588} INFO - Filling up the DagBag from /opt/airflow/dags/driven_data_pipeline.py
[2025-06-29T15:23:20.034+0000] {processor.py:925} INFO - DAG(s) 'extract_raw_data_pipeline' retrieved from /opt/airflow/dags/driven_data_pipeline.py
[2025-06-29T15:23:20.060+0000] {logging_mixin.py:190} INFO - [2025-06-29T15:23:20.059+0000] {dag.py:3239} INFO - Sync 1 DAGs
[2025-06-29T15:23:20.083+0000] {logging_mixin.py:190} INFO - [2025-06-29T15:23:20.083+0000] {dag.py:4180} INFO - Setting next_dagrun for extract_raw_data_pipeline to 2025-06-29 07:58:00+00:00, run_after=2025-06-29 07:59:00+00:00
[2025-06-29T15:23:20.121+0000] {processor.py:208} INFO - Processing /opt/airflow/dags/driven_data_pipeline.py took 0.590 seconds
[2025-06-29T15:23:50.552+0000] {processor.py:186} INFO - Started process (PID=4383) to work on /opt/airflow/dags/driven_data_pipeline.py
[2025-06-29T15:23:50.556+0000] {processor.py:914} INFO - Processing file /opt/airflow/dags/driven_data_pipeline.py for tasks to queue
[2025-06-29T15:23:50.563+0000] {logging_mixin.py:190} INFO - [2025-06-29T15:23:50.562+0000] {dagbag.py:588} INFO - Filling up the DagBag from /opt/airflow/dags/driven_data_pipeline.py
[2025-06-29T15:23:50.983+0000] {processor.py:925} INFO - DAG(s) 'extract_raw_data_pipeline' retrieved from /opt/airflow/dags/driven_data_pipeline.py
[2025-06-29T15:23:51.012+0000] {logging_mixin.py:190} INFO - [2025-06-29T15:23:51.012+0000] {dag.py:3239} INFO - Sync 1 DAGs
[2025-06-29T15:23:51.040+0000] {logging_mixin.py:190} INFO - [2025-06-29T15:23:51.040+0000] {dag.py:4180} INFO - Setting next_dagrun for extract_raw_data_pipeline to 2025-06-29 07:58:00+00:00, run_after=2025-06-29 07:59:00+00:00
[2025-06-29T15:23:51.076+0000] {processor.py:208} INFO - Processing /opt/airflow/dags/driven_data_pipeline.py took 0.553 seconds
[2025-06-29T15:24:21.305+0000] {processor.py:186} INFO - Started process (PID=4391) to work on /opt/airflow/dags/driven_data_pipeline.py
[2025-06-29T15:24:21.307+0000] {processor.py:914} INFO - Processing file /opt/airflow/dags/driven_data_pipeline.py for tasks to queue
[2025-06-29T15:24:21.314+0000] {logging_mixin.py:190} INFO - [2025-06-29T15:24:21.312+0000] {dagbag.py:588} INFO - Filling up the DagBag from /opt/airflow/dags/driven_data_pipeline.py
[2025-06-29T15:24:21.787+0000] {processor.py:925} INFO - DAG(s) 'extract_raw_data_pipeline' retrieved from /opt/airflow/dags/driven_data_pipeline.py
[2025-06-29T15:24:21.821+0000] {logging_mixin.py:190} INFO - [2025-06-29T15:24:21.821+0000] {dag.py:3239} INFO - Sync 1 DAGs
[2025-06-29T15:24:21.857+0000] {logging_mixin.py:190} INFO - [2025-06-29T15:24:21.857+0000] {dag.py:4180} INFO - Setting next_dagrun for extract_raw_data_pipeline to 2025-06-29 07:58:00+00:00, run_after=2025-06-29 07:59:00+00:00
[2025-06-29T15:24:21.899+0000] {processor.py:208} INFO - Processing /opt/airflow/dags/driven_data_pipeline.py took 0.605 seconds
[2025-06-29T15:24:51.947+0000] {processor.py:186} INFO - Started process (PID=4399) to work on /opt/airflow/dags/driven_data_pipeline.py
[2025-06-29T15:24:51.948+0000] {processor.py:914} INFO - Processing file /opt/airflow/dags/driven_data_pipeline.py for tasks to queue
[2025-06-29T15:24:51.954+0000] {logging_mixin.py:190} INFO - [2025-06-29T15:24:51.954+0000] {dagbag.py:588} INFO - Filling up the DagBag from /opt/airflow/dags/driven_data_pipeline.py
[2025-06-29T15:24:52.324+0000] {processor.py:925} INFO - DAG(s) 'extract_raw_data_pipeline' retrieved from /opt/airflow/dags/driven_data_pipeline.py
[2025-06-29T15:24:52.356+0000] {logging_mixin.py:190} INFO - [2025-06-29T15:24:52.356+0000] {dag.py:3239} INFO - Sync 1 DAGs
[2025-06-29T15:24:52.389+0000] {logging_mixin.py:190} INFO - [2025-06-29T15:24:52.388+0000] {dag.py:4180} INFO - Setting next_dagrun for extract_raw_data_pipeline to 2025-06-29 07:58:00+00:00, run_after=2025-06-29 07:59:00+00:00
[2025-06-29T15:24:52.424+0000] {processor.py:208} INFO - Processing /opt/airflow/dags/driven_data_pipeline.py took 0.486 seconds
[2025-06-29T15:25:22.821+0000] {processor.py:186} INFO - Started process (PID=4407) to work on /opt/airflow/dags/driven_data_pipeline.py
[2025-06-29T15:25:22.823+0000] {processor.py:914} INFO - Processing file /opt/airflow/dags/driven_data_pipeline.py for tasks to queue
[2025-06-29T15:25:22.825+0000] {logging_mixin.py:190} INFO - [2025-06-29T15:25:22.824+0000] {dagbag.py:588} INFO - Filling up the DagBag from /opt/airflow/dags/driven_data_pipeline.py
[2025-06-29T15:25:23.222+0000] {processor.py:925} INFO - DAG(s) 'extract_raw_data_pipeline' retrieved from /opt/airflow/dags/driven_data_pipeline.py
[2025-06-29T15:25:23.252+0000] {logging_mixin.py:190} INFO - [2025-06-29T15:25:23.252+0000] {dag.py:3239} INFO - Sync 1 DAGs
[2025-06-29T15:25:23.283+0000] {logging_mixin.py:190} INFO - [2025-06-29T15:25:23.283+0000] {dag.py:4180} INFO - Setting next_dagrun for extract_raw_data_pipeline to 2025-06-29 07:58:00+00:00, run_after=2025-06-29 07:59:00+00:00
[2025-06-29T15:25:23.314+0000] {processor.py:208} INFO - Processing /opt/airflow/dags/driven_data_pipeline.py took 0.500 seconds
[2025-06-29T15:25:53.807+0000] {processor.py:186} INFO - Started process (PID=4415) to work on /opt/airflow/dags/driven_data_pipeline.py
[2025-06-29T15:25:53.812+0000] {processor.py:914} INFO - Processing file /opt/airflow/dags/driven_data_pipeline.py for tasks to queue
[2025-06-29T15:25:53.825+0000] {logging_mixin.py:190} INFO - [2025-06-29T15:25:53.823+0000] {dagbag.py:588} INFO - Filling up the DagBag from /opt/airflow/dags/driven_data_pipeline.py
[2025-06-29T15:25:54.219+0000] {processor.py:925} INFO - DAG(s) 'extract_raw_data_pipeline' retrieved from /opt/airflow/dags/driven_data_pipeline.py
[2025-06-29T15:25:54.248+0000] {logging_mixin.py:190} INFO - [2025-06-29T15:25:54.247+0000] {dag.py:3239} INFO - Sync 1 DAGs
[2025-06-29T15:25:54.269+0000] {logging_mixin.py:190} INFO - [2025-06-29T15:25:54.269+0000] {dag.py:4180} INFO - Setting next_dagrun for extract_raw_data_pipeline to 2025-06-29 07:58:00+00:00, run_after=2025-06-29 07:59:00+00:00
[2025-06-29T15:25:54.303+0000] {processor.py:208} INFO - Processing /opt/airflow/dags/driven_data_pipeline.py took 0.529 seconds
[2025-06-29T15:26:24.857+0000] {processor.py:186} INFO - Started process (PID=4423) to work on /opt/airflow/dags/driven_data_pipeline.py
[2025-06-29T15:26:24.859+0000] {processor.py:914} INFO - Processing file /opt/airflow/dags/driven_data_pipeline.py for tasks to queue
[2025-06-29T15:26:24.863+0000] {logging_mixin.py:190} INFO - [2025-06-29T15:26:24.862+0000] {dagbag.py:588} INFO - Filling up the DagBag from /opt/airflow/dags/driven_data_pipeline.py
[2025-06-29T15:26:25.235+0000] {processor.py:925} INFO - DAG(s) 'extract_raw_data_pipeline' retrieved from /opt/airflow/dags/driven_data_pipeline.py
[2025-06-29T15:26:25.262+0000] {logging_mixin.py:190} INFO - [2025-06-29T15:26:25.262+0000] {dag.py:3239} INFO - Sync 1 DAGs
[2025-06-29T15:26:25.283+0000] {logging_mixin.py:190} INFO - [2025-06-29T15:26:25.283+0000] {dag.py:4180} INFO - Setting next_dagrun for extract_raw_data_pipeline to 2025-06-29 07:58:00+00:00, run_after=2025-06-29 07:59:00+00:00
[2025-06-29T15:26:25.323+0000] {processor.py:208} INFO - Processing /opt/airflow/dags/driven_data_pipeline.py took 0.498 seconds
[2025-06-29T15:26:55.800+0000] {processor.py:186} INFO - Started process (PID=4431) to work on /opt/airflow/dags/driven_data_pipeline.py
[2025-06-29T15:26:55.808+0000] {processor.py:914} INFO - Processing file /opt/airflow/dags/driven_data_pipeline.py for tasks to queue
[2025-06-29T15:26:55.820+0000] {logging_mixin.py:190} INFO - [2025-06-29T15:26:55.818+0000] {dagbag.py:588} INFO - Filling up the DagBag from /opt/airflow/dags/driven_data_pipeline.py
[2025-06-29T15:26:56.200+0000] {processor.py:925} INFO - DAG(s) 'extract_raw_data_pipeline' retrieved from /opt/airflow/dags/driven_data_pipeline.py
[2025-06-29T15:26:56.226+0000] {logging_mixin.py:190} INFO - [2025-06-29T15:26:56.226+0000] {dag.py:3239} INFO - Sync 1 DAGs
[2025-06-29T15:26:56.252+0000] {logging_mixin.py:190} INFO - [2025-06-29T15:26:56.252+0000] {dag.py:4180} INFO - Setting next_dagrun for extract_raw_data_pipeline to 2025-06-29 07:58:00+00:00, run_after=2025-06-29 07:59:00+00:00
[2025-06-29T15:26:56.315+0000] {processor.py:208} INFO - Processing /opt/airflow/dags/driven_data_pipeline.py took 0.563 seconds
[2025-06-29T15:27:26.564+0000] {processor.py:186} INFO - Started process (PID=4439) to work on /opt/airflow/dags/driven_data_pipeline.py
[2025-06-29T15:27:26.573+0000] {processor.py:914} INFO - Processing file /opt/airflow/dags/driven_data_pipeline.py for tasks to queue
[2025-06-29T15:27:26.576+0000] {logging_mixin.py:190} INFO - [2025-06-29T15:27:26.575+0000] {dagbag.py:588} INFO - Filling up the DagBag from /opt/airflow/dags/driven_data_pipeline.py
[2025-06-29T15:27:26.954+0000] {processor.py:925} INFO - DAG(s) 'extract_raw_data_pipeline' retrieved from /opt/airflow/dags/driven_data_pipeline.py
[2025-06-29T15:27:26.979+0000] {logging_mixin.py:190} INFO - [2025-06-29T15:27:26.978+0000] {dag.py:3239} INFO - Sync 1 DAGs
[2025-06-29T15:27:27.009+0000] {logging_mixin.py:190} INFO - [2025-06-29T15:27:27.008+0000] {dag.py:4180} INFO - Setting next_dagrun for extract_raw_data_pipeline to 2025-06-29 07:58:00+00:00, run_after=2025-06-29 07:59:00+00:00
[2025-06-29T15:27:27.046+0000] {processor.py:208} INFO - Processing /opt/airflow/dags/driven_data_pipeline.py took 0.488 seconds
[2025-06-29T15:27:57.123+0000] {processor.py:186} INFO - Started process (PID=4447) to work on /opt/airflow/dags/driven_data_pipeline.py
[2025-06-29T15:27:57.126+0000] {processor.py:914} INFO - Processing file /opt/airflow/dags/driven_data_pipeline.py for tasks to queue
[2025-06-29T15:27:57.135+0000] {logging_mixin.py:190} INFO - [2025-06-29T15:27:57.134+0000] {dagbag.py:588} INFO - Filling up the DagBag from /opt/airflow/dags/driven_data_pipeline.py
[2025-06-29T15:27:57.529+0000] {processor.py:925} INFO - DAG(s) 'extract_raw_data_pipeline' retrieved from /opt/airflow/dags/driven_data_pipeline.py
[2025-06-29T15:27:57.558+0000] {logging_mixin.py:190} INFO - [2025-06-29T15:27:57.558+0000] {dag.py:3239} INFO - Sync 1 DAGs
[2025-06-29T15:27:57.581+0000] {logging_mixin.py:190} INFO - [2025-06-29T15:27:57.581+0000] {dag.py:4180} INFO - Setting next_dagrun for extract_raw_data_pipeline to 2025-06-29 07:58:00+00:00, run_after=2025-06-29 07:59:00+00:00
[2025-06-29T15:27:57.618+0000] {processor.py:208} INFO - Processing /opt/airflow/dags/driven_data_pipeline.py took 0.516 seconds
[2025-06-29T15:28:27.825+0000] {processor.py:186} INFO - Started process (PID=4455) to work on /opt/airflow/dags/driven_data_pipeline.py
[2025-06-29T15:28:27.827+0000] {processor.py:914} INFO - Processing file /opt/airflow/dags/driven_data_pipeline.py for tasks to queue
[2025-06-29T15:28:27.830+0000] {logging_mixin.py:190} INFO - [2025-06-29T15:28:27.830+0000] {dagbag.py:588} INFO - Filling up the DagBag from /opt/airflow/dags/driven_data_pipeline.py
[2025-06-29T15:28:28.210+0000] {processor.py:925} INFO - DAG(s) 'extract_raw_data_pipeline' retrieved from /opt/airflow/dags/driven_data_pipeline.py
[2025-06-29T15:28:28.237+0000] {logging_mixin.py:190} INFO - [2025-06-29T15:28:28.237+0000] {dag.py:3239} INFO - Sync 1 DAGs
[2025-06-29T15:28:28.260+0000] {logging_mixin.py:190} INFO - [2025-06-29T15:28:28.260+0000] {dag.py:4180} INFO - Setting next_dagrun for extract_raw_data_pipeline to 2025-06-29 07:58:00+00:00, run_after=2025-06-29 07:59:00+00:00
[2025-06-29T15:28:28.307+0000] {processor.py:208} INFO - Processing /opt/airflow/dags/driven_data_pipeline.py took 0.495 seconds
[2025-06-29T15:28:58.368+0000] {processor.py:186} INFO - Started process (PID=4463) to work on /opt/airflow/dags/driven_data_pipeline.py
[2025-06-29T15:28:58.458+0000] {processor.py:914} INFO - Processing file /opt/airflow/dags/driven_data_pipeline.py for tasks to queue
[2025-06-29T15:28:58.467+0000] {logging_mixin.py:190} INFO - [2025-06-29T15:28:58.465+0000] {dagbag.py:588} INFO - Filling up the DagBag from /opt/airflow/dags/driven_data_pipeline.py
[2025-06-29T15:28:58.889+0000] {processor.py:925} INFO - DAG(s) 'extract_raw_data_pipeline' retrieved from /opt/airflow/dags/driven_data_pipeline.py
[2025-06-29T15:28:58.916+0000] {logging_mixin.py:190} INFO - [2025-06-29T15:28:58.916+0000] {dag.py:3239} INFO - Sync 1 DAGs
[2025-06-29T15:28:58.944+0000] {logging_mixin.py:190} INFO - [2025-06-29T15:28:58.944+0000] {dag.py:4180} INFO - Setting next_dagrun for extract_raw_data_pipeline to 2025-06-29 07:58:00+00:00, run_after=2025-06-29 07:59:00+00:00
[2025-06-29T15:28:58.979+0000] {processor.py:208} INFO - Processing /opt/airflow/dags/driven_data_pipeline.py took 0.621 seconds
[2025-06-29T15:29:29.139+0000] {processor.py:186} INFO - Started process (PID=4471) to work on /opt/airflow/dags/driven_data_pipeline.py
[2025-06-29T15:29:29.140+0000] {processor.py:914} INFO - Processing file /opt/airflow/dags/driven_data_pipeline.py for tasks to queue
[2025-06-29T15:29:29.143+0000] {logging_mixin.py:190} INFO - [2025-06-29T15:29:29.143+0000] {dagbag.py:588} INFO - Filling up the DagBag from /opt/airflow/dags/driven_data_pipeline.py
[2025-06-29T15:29:29.594+0000] {processor.py:925} INFO - DAG(s) 'extract_raw_data_pipeline' retrieved from /opt/airflow/dags/driven_data_pipeline.py
[2025-06-29T15:29:29.633+0000] {logging_mixin.py:190} INFO - [2025-06-29T15:29:29.632+0000] {dag.py:3239} INFO - Sync 1 DAGs
[2025-06-29T15:29:29.672+0000] {logging_mixin.py:190} INFO - [2025-06-29T15:29:29.672+0000] {dag.py:4180} INFO - Setting next_dagrun for extract_raw_data_pipeline to 2025-06-29 07:58:00+00:00, run_after=2025-06-29 07:59:00+00:00
[2025-06-29T15:29:30.056+0000] {processor.py:208} INFO - Processing /opt/airflow/dags/driven_data_pipeline.py took 0.925 seconds
[2025-06-29T15:30:00.503+0000] {processor.py:186} INFO - Started process (PID=4479) to work on /opt/airflow/dags/driven_data_pipeline.py
[2025-06-29T15:30:00.504+0000] {processor.py:914} INFO - Processing file /opt/airflow/dags/driven_data_pipeline.py for tasks to queue
[2025-06-29T15:30:00.507+0000] {logging_mixin.py:190} INFO - [2025-06-29T15:30:00.506+0000] {dagbag.py:588} INFO - Filling up the DagBag from /opt/airflow/dags/driven_data_pipeline.py
[2025-06-29T15:30:00.937+0000] {processor.py:925} INFO - DAG(s) 'extract_raw_data_pipeline' retrieved from /opt/airflow/dags/driven_data_pipeline.py
[2025-06-29T15:30:00.962+0000] {logging_mixin.py:190} INFO - [2025-06-29T15:30:00.961+0000] {dag.py:3239} INFO - Sync 1 DAGs
[2025-06-29T15:30:00.988+0000] {logging_mixin.py:190} INFO - [2025-06-29T15:30:00.987+0000] {dag.py:4180} INFO - Setting next_dagrun for extract_raw_data_pipeline to 2025-06-29 07:58:00+00:00, run_after=2025-06-29 07:59:00+00:00
[2025-06-29T15:30:01.027+0000] {processor.py:208} INFO - Processing /opt/airflow/dags/driven_data_pipeline.py took 0.530 seconds
[2025-06-29T15:30:31.220+0000] {processor.py:186} INFO - Started process (PID=4487) to work on /opt/airflow/dags/driven_data_pipeline.py
[2025-06-29T15:30:31.222+0000] {processor.py:914} INFO - Processing file /opt/airflow/dags/driven_data_pipeline.py for tasks to queue
[2025-06-29T15:30:31.225+0000] {logging_mixin.py:190} INFO - [2025-06-29T15:30:31.225+0000] {dagbag.py:588} INFO - Filling up the DagBag from /opt/airflow/dags/driven_data_pipeline.py
[2025-06-29T15:30:31.613+0000] {processor.py:925} INFO - DAG(s) 'extract_raw_data_pipeline' retrieved from /opt/airflow/dags/driven_data_pipeline.py
[2025-06-29T15:30:31.643+0000] {logging_mixin.py:190} INFO - [2025-06-29T15:30:31.642+0000] {dag.py:3239} INFO - Sync 1 DAGs
[2025-06-29T15:30:31.678+0000] {logging_mixin.py:190} INFO - [2025-06-29T15:30:31.672+0000] {dag.py:4180} INFO - Setting next_dagrun for extract_raw_data_pipeline to 2025-06-29 07:58:00+00:00, run_after=2025-06-29 07:59:00+00:00
[2025-06-29T15:30:31.852+0000] {processor.py:208} INFO - Processing /opt/airflow/dags/driven_data_pipeline.py took 0.639 seconds
[2025-06-29T15:31:02.325+0000] {processor.py:186} INFO - Started process (PID=4495) to work on /opt/airflow/dags/driven_data_pipeline.py
[2025-06-29T15:31:02.331+0000] {processor.py:914} INFO - Processing file /opt/airflow/dags/driven_data_pipeline.py for tasks to queue
[2025-06-29T15:31:03.580+0000] {logging_mixin.py:190} INFO - [2025-06-29T15:31:03.578+0000] {dagbag.py:588} INFO - Filling up the DagBag from /opt/airflow/dags/driven_data_pipeline.py
[2025-06-29T15:31:04.046+0000] {processor.py:925} INFO - DAG(s) 'extract_raw_data_pipeline' retrieved from /opt/airflow/dags/driven_data_pipeline.py
[2025-06-29T15:31:04.075+0000] {logging_mixin.py:190} INFO - [2025-06-29T15:31:04.075+0000] {dag.py:3239} INFO - Sync 1 DAGs
[2025-06-29T15:31:04.107+0000] {logging_mixin.py:190} INFO - [2025-06-29T15:31:04.107+0000] {dag.py:4180} INFO - Setting next_dagrun for extract_raw_data_pipeline to 2025-06-29 07:58:00+00:00, run_after=2025-06-29 07:59:00+00:00
[2025-06-29T15:31:04.149+0000] {processor.py:208} INFO - Processing /opt/airflow/dags/driven_data_pipeline.py took 1.840 seconds
[2025-06-29T15:31:34.309+0000] {processor.py:186} INFO - Started process (PID=4503) to work on /opt/airflow/dags/driven_data_pipeline.py
[2025-06-29T15:31:34.311+0000] {processor.py:914} INFO - Processing file /opt/airflow/dags/driven_data_pipeline.py for tasks to queue
[2025-06-29T15:31:34.318+0000] {logging_mixin.py:190} INFO - [2025-06-29T15:31:34.317+0000] {dagbag.py:588} INFO - Filling up the DagBag from /opt/airflow/dags/driven_data_pipeline.py
[2025-06-29T15:31:34.699+0000] {processor.py:925} INFO - DAG(s) 'extract_raw_data_pipeline' retrieved from /opt/airflow/dags/driven_data_pipeline.py
[2025-06-29T15:31:34.724+0000] {logging_mixin.py:190} INFO - [2025-06-29T15:31:34.724+0000] {dag.py:3239} INFO - Sync 1 DAGs
[2025-06-29T15:31:34.751+0000] {logging_mixin.py:190} INFO - [2025-06-29T15:31:34.751+0000] {dag.py:4180} INFO - Setting next_dagrun for extract_raw_data_pipeline to 2025-06-29 07:58:00+00:00, run_after=2025-06-29 07:59:00+00:00
[2025-06-29T15:31:35.599+0000] {processor.py:208} INFO - Processing /opt/airflow/dags/driven_data_pipeline.py took 1.312 seconds
[2025-06-29T15:32:05.978+0000] {processor.py:186} INFO - Started process (PID=4511) to work on /opt/airflow/dags/driven_data_pipeline.py
[2025-06-29T15:32:05.980+0000] {processor.py:914} INFO - Processing file /opt/airflow/dags/driven_data_pipeline.py for tasks to queue
[2025-06-29T15:32:05.986+0000] {logging_mixin.py:190} INFO - [2025-06-29T15:32:05.985+0000] {dagbag.py:588} INFO - Filling up the DagBag from /opt/airflow/dags/driven_data_pipeline.py
[2025-06-29T15:32:06.389+0000] {processor.py:925} INFO - DAG(s) 'extract_raw_data_pipeline' retrieved from /opt/airflow/dags/driven_data_pipeline.py
[2025-06-29T15:32:06.417+0000] {logging_mixin.py:190} INFO - [2025-06-29T15:32:06.417+0000] {dag.py:3239} INFO - Sync 1 DAGs
[2025-06-29T15:32:06.440+0000] {logging_mixin.py:190} INFO - [2025-06-29T15:32:06.440+0000] {dag.py:4180} INFO - Setting next_dagrun for extract_raw_data_pipeline to 2025-06-29 07:58:00+00:00, run_after=2025-06-29 07:59:00+00:00
[2025-06-29T15:32:06.494+0000] {processor.py:208} INFO - Processing /opt/airflow/dags/driven_data_pipeline.py took 0.530 seconds
[2025-06-29T15:32:37.051+0000] {processor.py:186} INFO - Started process (PID=4519) to work on /opt/airflow/dags/driven_data_pipeline.py
[2025-06-29T15:32:37.053+0000] {processor.py:914} INFO - Processing file /opt/airflow/dags/driven_data_pipeline.py for tasks to queue
[2025-06-29T15:32:37.057+0000] {logging_mixin.py:190} INFO - [2025-06-29T15:32:37.057+0000] {dagbag.py:588} INFO - Filling up the DagBag from /opt/airflow/dags/driven_data_pipeline.py
[2025-06-29T15:32:37.424+0000] {processor.py:925} INFO - DAG(s) 'extract_raw_data_pipeline' retrieved from /opt/airflow/dags/driven_data_pipeline.py
[2025-06-29T15:32:37.448+0000] {logging_mixin.py:190} INFO - [2025-06-29T15:32:37.447+0000] {dag.py:3239} INFO - Sync 1 DAGs
[2025-06-29T15:32:37.475+0000] {logging_mixin.py:190} INFO - [2025-06-29T15:32:37.474+0000] {dag.py:4180} INFO - Setting next_dagrun for extract_raw_data_pipeline to 2025-06-29 07:58:00+00:00, run_after=2025-06-29 07:59:00+00:00
[2025-06-29T15:32:37.526+0000] {processor.py:208} INFO - Processing /opt/airflow/dags/driven_data_pipeline.py took 0.503 seconds
[2025-06-29T15:33:07.748+0000] {processor.py:186} INFO - Started process (PID=4527) to work on /opt/airflow/dags/driven_data_pipeline.py
[2025-06-29T15:33:07.750+0000] {processor.py:914} INFO - Processing file /opt/airflow/dags/driven_data_pipeline.py for tasks to queue
[2025-06-29T15:33:07.755+0000] {logging_mixin.py:190} INFO - [2025-06-29T15:33:07.754+0000] {dagbag.py:588} INFO - Filling up the DagBag from /opt/airflow/dags/driven_data_pipeline.py
[2025-06-29T15:33:08.118+0000] {processor.py:925} INFO - DAG(s) 'extract_raw_data_pipeline' retrieved from /opt/airflow/dags/driven_data_pipeline.py
[2025-06-29T15:33:08.144+0000] {logging_mixin.py:190} INFO - [2025-06-29T15:33:08.144+0000] {dag.py:3239} INFO - Sync 1 DAGs
[2025-06-29T15:33:08.167+0000] {logging_mixin.py:190} INFO - [2025-06-29T15:33:08.167+0000] {dag.py:4180} INFO - Setting next_dagrun for extract_raw_data_pipeline to 2025-06-29 07:58:00+00:00, run_after=2025-06-29 07:59:00+00:00
[2025-06-29T15:33:09.082+0000] {processor.py:208} INFO - Processing /opt/airflow/dags/driven_data_pipeline.py took 1.368 seconds
[2025-06-29T15:33:39.381+0000] {processor.py:186} INFO - Started process (PID=4534) to work on /opt/airflow/dags/driven_data_pipeline.py
[2025-06-29T15:33:39.858+0000] {processor.py:914} INFO - Processing file /opt/airflow/dags/driven_data_pipeline.py for tasks to queue
[2025-06-29T15:33:39.874+0000] {logging_mixin.py:190} INFO - [2025-06-29T15:33:39.872+0000] {dagbag.py:588} INFO - Filling up the DagBag from /opt/airflow/dags/driven_data_pipeline.py
[2025-06-29T15:33:40.310+0000] {processor.py:925} INFO - DAG(s) 'extract_raw_data_pipeline' retrieved from /opt/airflow/dags/driven_data_pipeline.py
[2025-06-29T15:33:40.336+0000] {logging_mixin.py:190} INFO - [2025-06-29T15:33:40.336+0000] {dag.py:3239} INFO - Sync 1 DAGs
[2025-06-29T15:33:40.360+0000] {logging_mixin.py:190} INFO - [2025-06-29T15:33:40.359+0000] {dag.py:4180} INFO - Setting next_dagrun for extract_raw_data_pipeline to 2025-06-29 07:58:00+00:00, run_after=2025-06-29 07:59:00+00:00
[2025-06-29T15:33:40.394+0000] {processor.py:208} INFO - Processing /opt/airflow/dags/driven_data_pipeline.py took 1.034 seconds
[2025-06-29T15:34:10.742+0000] {processor.py:186} INFO - Started process (PID=4542) to work on /opt/airflow/dags/driven_data_pipeline.py
[2025-06-29T15:34:10.743+0000] {processor.py:914} INFO - Processing file /opt/airflow/dags/driven_data_pipeline.py for tasks to queue
[2025-06-29T15:34:10.745+0000] {logging_mixin.py:190} INFO - [2025-06-29T15:34:10.745+0000] {dagbag.py:588} INFO - Filling up the DagBag from /opt/airflow/dags/driven_data_pipeline.py
[2025-06-29T15:34:11.111+0000] {processor.py:925} INFO - DAG(s) 'extract_raw_data_pipeline' retrieved from /opt/airflow/dags/driven_data_pipeline.py
[2025-06-29T15:34:11.144+0000] {logging_mixin.py:190} INFO - [2025-06-29T15:34:11.144+0000] {dag.py:3239} INFO - Sync 1 DAGs
[2025-06-29T15:34:11.173+0000] {logging_mixin.py:190} INFO - [2025-06-29T15:34:11.173+0000] {dag.py:4180} INFO - Setting next_dagrun for extract_raw_data_pipeline to 2025-06-29 07:58:00+00:00, run_after=2025-06-29 07:59:00+00:00
[2025-06-29T15:34:11.404+0000] {processor.py:208} INFO - Processing /opt/airflow/dags/driven_data_pipeline.py took 0.668 seconds
[2025-06-29T15:34:41.945+0000] {processor.py:186} INFO - Started process (PID=4556) to work on /opt/airflow/dags/driven_data_pipeline.py
[2025-06-29T15:34:41.947+0000] {processor.py:914} INFO - Processing file /opt/airflow/dags/driven_data_pipeline.py for tasks to queue
[2025-06-29T15:34:41.950+0000] {logging_mixin.py:190} INFO - [2025-06-29T15:34:41.950+0000] {dagbag.py:588} INFO - Filling up the DagBag from /opt/airflow/dags/driven_data_pipeline.py
[2025-06-29T15:34:42.309+0000] {processor.py:925} INFO - DAG(s) 'extract_raw_data_pipeline' retrieved from /opt/airflow/dags/driven_data_pipeline.py
[2025-06-29T15:34:42.334+0000] {logging_mixin.py:190} INFO - [2025-06-29T15:34:42.334+0000] {dag.py:3239} INFO - Sync 1 DAGs
[2025-06-29T15:34:42.360+0000] {logging_mixin.py:190} INFO - [2025-06-29T15:34:42.360+0000] {dag.py:4180} INFO - Setting next_dagrun for extract_raw_data_pipeline to 2025-06-29 07:58:00+00:00, run_after=2025-06-29 07:59:00+00:00
[2025-06-29T15:34:42.412+0000] {processor.py:208} INFO - Processing /opt/airflow/dags/driven_data_pipeline.py took 0.477 seconds
[2025-06-29T15:35:12.536+0000] {processor.py:186} INFO - Started process (PID=4564) to work on /opt/airflow/dags/driven_data_pipeline.py
[2025-06-29T15:35:12.539+0000] {processor.py:914} INFO - Processing file /opt/airflow/dags/driven_data_pipeline.py for tasks to queue
[2025-06-29T15:35:12.545+0000] {logging_mixin.py:190} INFO - [2025-06-29T15:35:12.544+0000] {dagbag.py:588} INFO - Filling up the DagBag from /opt/airflow/dags/driven_data_pipeline.py
[2025-06-29T15:35:12.907+0000] {processor.py:925} INFO - DAG(s) 'extract_raw_data_pipeline' retrieved from /opt/airflow/dags/driven_data_pipeline.py
[2025-06-29T15:35:12.934+0000] {logging_mixin.py:190} INFO - [2025-06-29T15:35:12.934+0000] {dag.py:3239} INFO - Sync 1 DAGs
[2025-06-29T15:35:12.960+0000] {logging_mixin.py:190} INFO - [2025-06-29T15:35:12.960+0000] {dag.py:4180} INFO - Setting next_dagrun for extract_raw_data_pipeline to 2025-06-29 07:58:00+00:00, run_after=2025-06-29 07:59:00+00:00
[2025-06-29T15:35:12.990+0000] {processor.py:208} INFO - Processing /opt/airflow/dags/driven_data_pipeline.py took 0.480 seconds
[2025-06-29T15:35:43.180+0000] {processor.py:186} INFO - Started process (PID=4571) to work on /opt/airflow/dags/driven_data_pipeline.py
[2025-06-29T15:35:43.181+0000] {processor.py:914} INFO - Processing file /opt/airflow/dags/driven_data_pipeline.py for tasks to queue
[2025-06-29T15:35:43.185+0000] {logging_mixin.py:190} INFO - [2025-06-29T15:35:43.184+0000] {dagbag.py:588} INFO - Filling up the DagBag from /opt/airflow/dags/driven_data_pipeline.py
[2025-06-29T15:35:43.578+0000] {processor.py:925} INFO - DAG(s) 'extract_raw_data_pipeline' retrieved from /opt/airflow/dags/driven_data_pipeline.py
[2025-06-29T15:35:43.606+0000] {logging_mixin.py:190} INFO - [2025-06-29T15:35:43.606+0000] {dag.py:3239} INFO - Sync 1 DAGs
[2025-06-29T15:35:43.633+0000] {logging_mixin.py:190} INFO - [2025-06-29T15:35:43.633+0000] {dag.py:4180} INFO - Setting next_dagrun for extract_raw_data_pipeline to 2025-06-29 07:58:00+00:00, run_after=2025-06-29 07:59:00+00:00
[2025-06-29T15:35:43.677+0000] {processor.py:208} INFO - Processing /opt/airflow/dags/driven_data_pipeline.py took 0.506 seconds
[2025-06-29T15:36:13.915+0000] {processor.py:186} INFO - Started process (PID=4579) to work on /opt/airflow/dags/driven_data_pipeline.py
[2025-06-29T15:36:13.919+0000] {processor.py:914} INFO - Processing file /opt/airflow/dags/driven_data_pipeline.py for tasks to queue
[2025-06-29T15:36:13.928+0000] {logging_mixin.py:190} INFO - [2025-06-29T15:36:13.927+0000] {dagbag.py:588} INFO - Filling up the DagBag from /opt/airflow/dags/driven_data_pipeline.py
[2025-06-29T15:36:14.308+0000] {processor.py:925} INFO - DAG(s) 'extract_raw_data_pipeline' retrieved from /opt/airflow/dags/driven_data_pipeline.py
[2025-06-29T15:36:14.338+0000] {logging_mixin.py:190} INFO - [2025-06-29T15:36:14.338+0000] {dag.py:3239} INFO - Sync 1 DAGs
[2025-06-29T15:36:14.359+0000] {logging_mixin.py:190} INFO - [2025-06-29T15:36:14.359+0000] {dag.py:4180} INFO - Setting next_dagrun for extract_raw_data_pipeline to 2025-06-29 07:58:00+00:00, run_after=2025-06-29 07:59:00+00:00
[2025-06-29T15:36:14.409+0000] {processor.py:208} INFO - Processing /opt/airflow/dags/driven_data_pipeline.py took 0.523 seconds
[2025-06-29T15:36:44.493+0000] {processor.py:186} INFO - Started process (PID=4587) to work on /opt/airflow/dags/driven_data_pipeline.py
[2025-06-29T15:36:44.495+0000] {processor.py:914} INFO - Processing file /opt/airflow/dags/driven_data_pipeline.py for tasks to queue
[2025-06-29T15:36:44.497+0000] {logging_mixin.py:190} INFO - [2025-06-29T15:36:44.497+0000] {dagbag.py:588} INFO - Filling up the DagBag from /opt/airflow/dags/driven_data_pipeline.py
[2025-06-29T15:36:44.897+0000] {processor.py:925} INFO - DAG(s) 'extract_raw_data_pipeline' retrieved from /opt/airflow/dags/driven_data_pipeline.py
[2025-06-29T15:36:44.924+0000] {logging_mixin.py:190} INFO - [2025-06-29T15:36:44.924+0000] {dag.py:3239} INFO - Sync 1 DAGs
[2025-06-29T15:36:44.949+0000] {logging_mixin.py:190} INFO - [2025-06-29T15:36:44.949+0000] {dag.py:4180} INFO - Setting next_dagrun for extract_raw_data_pipeline to 2025-06-29 07:58:00+00:00, run_after=2025-06-29 07:59:00+00:00
[2025-06-29T15:36:44.983+0000] {processor.py:208} INFO - Processing /opt/airflow/dags/driven_data_pipeline.py took 0.499 seconds
[2025-06-29T15:37:15.239+0000] {processor.py:186} INFO - Started process (PID=4595) to work on /opt/airflow/dags/driven_data_pipeline.py
[2025-06-29T15:37:15.240+0000] {processor.py:914} INFO - Processing file /opt/airflow/dags/driven_data_pipeline.py for tasks to queue
[2025-06-29T15:37:15.242+0000] {logging_mixin.py:190} INFO - [2025-06-29T15:37:15.242+0000] {dagbag.py:588} INFO - Filling up the DagBag from /opt/airflow/dags/driven_data_pipeline.py
[2025-06-29T15:37:15.608+0000] {processor.py:925} INFO - DAG(s) 'extract_raw_data_pipeline' retrieved from /opt/airflow/dags/driven_data_pipeline.py
[2025-06-29T15:37:15.629+0000] {logging_mixin.py:190} INFO - [2025-06-29T15:37:15.629+0000] {dag.py:3239} INFO - Sync 1 DAGs
[2025-06-29T15:37:15.655+0000] {logging_mixin.py:190} INFO - [2025-06-29T15:37:15.655+0000] {dag.py:4180} INFO - Setting next_dagrun for extract_raw_data_pipeline to 2025-06-29 07:58:00+00:00, run_after=2025-06-29 07:59:00+00:00
[2025-06-29T15:37:15.700+0000] {processor.py:208} INFO - Processing /opt/airflow/dags/driven_data_pipeline.py took 0.471 seconds
[2025-06-29T15:37:45.842+0000] {processor.py:186} INFO - Started process (PID=4603) to work on /opt/airflow/dags/driven_data_pipeline.py
[2025-06-29T15:37:45.844+0000] {processor.py:914} INFO - Processing file /opt/airflow/dags/driven_data_pipeline.py for tasks to queue
[2025-06-29T15:37:45.847+0000] {logging_mixin.py:190} INFO - [2025-06-29T15:37:45.847+0000] {dagbag.py:588} INFO - Filling up the DagBag from /opt/airflow/dags/driven_data_pipeline.py
[2025-06-29T15:37:46.217+0000] {processor.py:925} INFO - DAG(s) 'extract_raw_data_pipeline' retrieved from /opt/airflow/dags/driven_data_pipeline.py
[2025-06-29T15:37:46.248+0000] {logging_mixin.py:190} INFO - [2025-06-29T15:37:46.248+0000] {dag.py:3239} INFO - Sync 1 DAGs
[2025-06-29T15:37:46.273+0000] {logging_mixin.py:190} INFO - [2025-06-29T15:37:46.273+0000] {dag.py:4180} INFO - Setting next_dagrun for extract_raw_data_pipeline to 2025-06-29 07:58:00+00:00, run_after=2025-06-29 07:59:00+00:00
[2025-06-29T15:37:46.308+0000] {processor.py:208} INFO - Processing /opt/airflow/dags/driven_data_pipeline.py took 0.483 seconds
[2025-06-29T15:38:16.531+0000] {processor.py:186} INFO - Started process (PID=4611) to work on /opt/airflow/dags/driven_data_pipeline.py
[2025-06-29T15:38:16.532+0000] {processor.py:914} INFO - Processing file /opt/airflow/dags/driven_data_pipeline.py for tasks to queue
[2025-06-29T15:38:16.537+0000] {logging_mixin.py:190} INFO - [2025-06-29T15:38:16.536+0000] {dagbag.py:588} INFO - Filling up the DagBag from /opt/airflow/dags/driven_data_pipeline.py
[2025-06-29T15:38:16.912+0000] {processor.py:925} INFO - DAG(s) 'extract_raw_data_pipeline' retrieved from /opt/airflow/dags/driven_data_pipeline.py
[2025-06-29T15:38:16.937+0000] {logging_mixin.py:190} INFO - [2025-06-29T15:38:16.936+0000] {dag.py:3239} INFO - Sync 1 DAGs
[2025-06-29T15:38:16.961+0000] {logging_mixin.py:190} INFO - [2025-06-29T15:38:16.961+0000] {dag.py:4180} INFO - Setting next_dagrun for extract_raw_data_pipeline to 2025-06-29 07:58:00+00:00, run_after=2025-06-29 07:59:00+00:00
[2025-06-29T15:38:17.156+0000] {processor.py:208} INFO - Processing /opt/airflow/dags/driven_data_pipeline.py took 0.646 seconds
[2025-06-29T15:38:47.663+0000] {processor.py:186} INFO - Started process (PID=4619) to work on /opt/airflow/dags/driven_data_pipeline.py
[2025-06-29T15:38:47.664+0000] {processor.py:914} INFO - Processing file /opt/airflow/dags/driven_data_pipeline.py for tasks to queue
[2025-06-29T15:38:47.667+0000] {logging_mixin.py:190} INFO - [2025-06-29T15:38:47.667+0000] {dagbag.py:588} INFO - Filling up the DagBag from /opt/airflow/dags/driven_data_pipeline.py
[2025-06-29T15:38:48.038+0000] {processor.py:925} INFO - DAG(s) 'extract_raw_data_pipeline' retrieved from /opt/airflow/dags/driven_data_pipeline.py
[2025-06-29T15:38:48.064+0000] {logging_mixin.py:190} INFO - [2025-06-29T15:38:48.064+0000] {dag.py:3239} INFO - Sync 1 DAGs
[2025-06-29T15:38:48.087+0000] {logging_mixin.py:190} INFO - [2025-06-29T15:38:48.087+0000] {dag.py:4180} INFO - Setting next_dagrun for extract_raw_data_pipeline to 2025-06-29 07:58:00+00:00, run_after=2025-06-29 07:59:00+00:00
[2025-06-29T15:38:48.145+0000] {processor.py:208} INFO - Processing /opt/airflow/dags/driven_data_pipeline.py took 0.495 seconds
[2025-06-29T15:39:18.364+0000] {processor.py:186} INFO - Started process (PID=4627) to work on /opt/airflow/dags/driven_data_pipeline.py
[2025-06-29T15:39:18.366+0000] {processor.py:914} INFO - Processing file /opt/airflow/dags/driven_data_pipeline.py for tasks to queue
[2025-06-29T15:39:18.372+0000] {logging_mixin.py:190} INFO - [2025-06-29T15:39:18.371+0000] {dagbag.py:588} INFO - Filling up the DagBag from /opt/airflow/dags/driven_data_pipeline.py
[2025-06-29T15:39:18.739+0000] {processor.py:925} INFO - DAG(s) 'extract_raw_data_pipeline' retrieved from /opt/airflow/dags/driven_data_pipeline.py
[2025-06-29T15:39:18.766+0000] {logging_mixin.py:190} INFO - [2025-06-29T15:39:18.766+0000] {dag.py:3239} INFO - Sync 1 DAGs
[2025-06-29T15:39:18.790+0000] {logging_mixin.py:190} INFO - [2025-06-29T15:39:18.790+0000] {dag.py:4180} INFO - Setting next_dagrun for extract_raw_data_pipeline to 2025-06-29 07:58:00+00:00, run_after=2025-06-29 07:59:00+00:00
[2025-06-29T15:39:18.830+0000] {processor.py:208} INFO - Processing /opt/airflow/dags/driven_data_pipeline.py took 0.476 seconds
[2025-06-29T15:39:49.271+0000] {processor.py:186} INFO - Started process (PID=4635) to work on /opt/airflow/dags/driven_data_pipeline.py
[2025-06-29T15:39:49.275+0000] {processor.py:914} INFO - Processing file /opt/airflow/dags/driven_data_pipeline.py for tasks to queue
[2025-06-29T15:39:49.282+0000] {logging_mixin.py:190} INFO - [2025-06-29T15:39:49.281+0000] {dagbag.py:588} INFO - Filling up the DagBag from /opt/airflow/dags/driven_data_pipeline.py
[2025-06-29T15:39:49.654+0000] {processor.py:925} INFO - DAG(s) 'extract_raw_data_pipeline' retrieved from /opt/airflow/dags/driven_data_pipeline.py
[2025-06-29T15:39:49.683+0000] {logging_mixin.py:190} INFO - [2025-06-29T15:39:49.683+0000] {dag.py:3239} INFO - Sync 1 DAGs
[2025-06-29T15:39:49.708+0000] {logging_mixin.py:190} INFO - [2025-06-29T15:39:49.707+0000] {dag.py:4180} INFO - Setting next_dagrun for extract_raw_data_pipeline to 2025-06-29 07:58:00+00:00, run_after=2025-06-29 07:59:00+00:00
[2025-06-29T15:39:49.745+0000] {processor.py:208} INFO - Processing /opt/airflow/dags/driven_data_pipeline.py took 0.505 seconds
[2025-06-29T15:40:20.166+0000] {processor.py:186} INFO - Started process (PID=4642) to work on /opt/airflow/dags/driven_data_pipeline.py
[2025-06-29T15:40:20.167+0000] {processor.py:914} INFO - Processing file /opt/airflow/dags/driven_data_pipeline.py for tasks to queue
[2025-06-29T15:40:20.170+0000] {logging_mixin.py:190} INFO - [2025-06-29T15:40:20.169+0000] {dagbag.py:588} INFO - Filling up the DagBag from /opt/airflow/dags/driven_data_pipeline.py
[2025-06-29T15:40:20.525+0000] {processor.py:925} INFO - DAG(s) 'extract_raw_data_pipeline' retrieved from /opt/airflow/dags/driven_data_pipeline.py
[2025-06-29T15:40:20.549+0000] {logging_mixin.py:190} INFO - [2025-06-29T15:40:20.549+0000] {dag.py:3239} INFO - Sync 1 DAGs
[2025-06-29T15:40:20.576+0000] {logging_mixin.py:190} INFO - [2025-06-29T15:40:20.576+0000] {dag.py:4180} INFO - Setting next_dagrun for extract_raw_data_pipeline to 2025-06-29 07:58:00+00:00, run_after=2025-06-29 07:59:00+00:00
[2025-06-29T15:40:20.617+0000] {processor.py:208} INFO - Processing /opt/airflow/dags/driven_data_pipeline.py took 0.460 seconds
[2025-06-29T15:40:51.027+0000] {processor.py:186} INFO - Started process (PID=4650) to work on /opt/airflow/dags/driven_data_pipeline.py
[2025-06-29T15:40:51.028+0000] {processor.py:914} INFO - Processing file /opt/airflow/dags/driven_data_pipeline.py for tasks to queue
[2025-06-29T15:40:51.032+0000] {logging_mixin.py:190} INFO - [2025-06-29T15:40:51.031+0000] {dagbag.py:588} INFO - Filling up the DagBag from /opt/airflow/dags/driven_data_pipeline.py
[2025-06-29T15:40:51.418+0000] {processor.py:925} INFO - DAG(s) 'extract_raw_data_pipeline' retrieved from /opt/airflow/dags/driven_data_pipeline.py
[2025-06-29T15:40:51.446+0000] {logging_mixin.py:190} INFO - [2025-06-29T15:40:51.446+0000] {dag.py:3239} INFO - Sync 1 DAGs
[2025-06-29T15:40:51.483+0000] {logging_mixin.py:190} INFO - [2025-06-29T15:40:51.483+0000] {dag.py:4180} INFO - Setting next_dagrun for extract_raw_data_pipeline to 2025-06-29 07:58:00+00:00, run_after=2025-06-29 07:59:00+00:00
[2025-06-29T15:40:51.517+0000] {processor.py:208} INFO - Processing /opt/airflow/dags/driven_data_pipeline.py took 0.497 seconds
[2025-06-29T15:41:21.945+0000] {processor.py:186} INFO - Started process (PID=4658) to work on /opt/airflow/dags/driven_data_pipeline.py
[2025-06-29T15:41:21.946+0000] {processor.py:914} INFO - Processing file /opt/airflow/dags/driven_data_pipeline.py for tasks to queue
[2025-06-29T15:41:21.949+0000] {logging_mixin.py:190} INFO - [2025-06-29T15:41:21.948+0000] {dagbag.py:588} INFO - Filling up the DagBag from /opt/airflow/dags/driven_data_pipeline.py
[2025-06-29T15:41:22.324+0000] {processor.py:925} INFO - DAG(s) 'extract_raw_data_pipeline' retrieved from /opt/airflow/dags/driven_data_pipeline.py
[2025-06-29T15:41:22.349+0000] {logging_mixin.py:190} INFO - [2025-06-29T15:41:22.349+0000] {dag.py:3239} INFO - Sync 1 DAGs
[2025-06-29T15:41:22.381+0000] {logging_mixin.py:190} INFO - [2025-06-29T15:41:22.381+0000] {dag.py:4180} INFO - Setting next_dagrun for extract_raw_data_pipeline to 2025-06-29 07:58:00+00:00, run_after=2025-06-29 07:59:00+00:00
[2025-06-29T15:41:22.416+0000] {processor.py:208} INFO - Processing /opt/airflow/dags/driven_data_pipeline.py took 0.481 seconds
[2025-06-29T15:41:52.864+0000] {processor.py:186} INFO - Started process (PID=4666) to work on /opt/airflow/dags/driven_data_pipeline.py
[2025-06-29T15:41:52.866+0000] {processor.py:914} INFO - Processing file /opt/airflow/dags/driven_data_pipeline.py for tasks to queue
[2025-06-29T15:41:52.869+0000] {logging_mixin.py:190} INFO - [2025-06-29T15:41:52.869+0000] {dagbag.py:588} INFO - Filling up the DagBag from /opt/airflow/dags/driven_data_pipeline.py
[2025-06-29T15:41:53.349+0000] {processor.py:925} INFO - DAG(s) 'extract_raw_data_pipeline' retrieved from /opt/airflow/dags/driven_data_pipeline.py
[2025-06-29T15:41:53.377+0000] {logging_mixin.py:190} INFO - [2025-06-29T15:41:53.377+0000] {dag.py:3239} INFO - Sync 1 DAGs
[2025-06-29T15:41:53.403+0000] {logging_mixin.py:190} INFO - [2025-06-29T15:41:53.403+0000] {dag.py:4180} INFO - Setting next_dagrun for extract_raw_data_pipeline to 2025-06-29 07:58:00+00:00, run_after=2025-06-29 07:59:00+00:00
[2025-06-29T15:41:53.439+0000] {processor.py:208} INFO - Processing /opt/airflow/dags/driven_data_pipeline.py took 0.583 seconds
[2025-06-29T15:42:23.760+0000] {processor.py:186} INFO - Started process (PID=4674) to work on /opt/airflow/dags/driven_data_pipeline.py
[2025-06-29T15:42:23.761+0000] {processor.py:914} INFO - Processing file /opt/airflow/dags/driven_data_pipeline.py for tasks to queue
[2025-06-29T15:42:23.763+0000] {logging_mixin.py:190} INFO - [2025-06-29T15:42:23.762+0000] {dagbag.py:588} INFO - Filling up the DagBag from /opt/airflow/dags/driven_data_pipeline.py
[2025-06-29T15:42:24.176+0000] {processor.py:925} INFO - DAG(s) 'extract_raw_data_pipeline' retrieved from /opt/airflow/dags/driven_data_pipeline.py
[2025-06-29T15:42:24.205+0000] {logging_mixin.py:190} INFO - [2025-06-29T15:42:24.205+0000] {dag.py:3239} INFO - Sync 1 DAGs
[2025-06-29T15:42:24.236+0000] {logging_mixin.py:190} INFO - [2025-06-29T15:42:24.235+0000] {dag.py:4180} INFO - Setting next_dagrun for extract_raw_data_pipeline to 2025-06-29 07:58:00+00:00, run_after=2025-06-29 07:59:00+00:00
[2025-06-29T15:42:24.272+0000] {processor.py:208} INFO - Processing /opt/airflow/dags/driven_data_pipeline.py took 0.523 seconds
[2025-06-29T15:42:54.698+0000] {processor.py:186} INFO - Started process (PID=4681) to work on /opt/airflow/dags/driven_data_pipeline.py
[2025-06-29T15:42:54.700+0000] {processor.py:914} INFO - Processing file /opt/airflow/dags/driven_data_pipeline.py for tasks to queue
[2025-06-29T15:42:54.705+0000] {logging_mixin.py:190} INFO - [2025-06-29T15:42:54.703+0000] {dagbag.py:588} INFO - Filling up the DagBag from /opt/airflow/dags/driven_data_pipeline.py
[2025-06-29T15:42:55.075+0000] {processor.py:925} INFO - DAG(s) 'extract_raw_data_pipeline' retrieved from /opt/airflow/dags/driven_data_pipeline.py
[2025-06-29T15:42:55.100+0000] {logging_mixin.py:190} INFO - [2025-06-29T15:42:55.100+0000] {dag.py:3239} INFO - Sync 1 DAGs
[2025-06-29T15:42:55.129+0000] {logging_mixin.py:190} INFO - [2025-06-29T15:42:55.129+0000] {dag.py:4180} INFO - Setting next_dagrun for extract_raw_data_pipeline to 2025-06-29 07:58:00+00:00, run_after=2025-06-29 07:59:00+00:00
[2025-06-29T15:42:55.170+0000] {processor.py:208} INFO - Processing /opt/airflow/dags/driven_data_pipeline.py took 0.492 seconds
[2025-06-29T15:43:25.529+0000] {processor.py:186} INFO - Started process (PID=4689) to work on /opt/airflow/dags/driven_data_pipeline.py
[2025-06-29T15:43:25.531+0000] {processor.py:914} INFO - Processing file /opt/airflow/dags/driven_data_pipeline.py for tasks to queue
[2025-06-29T15:43:25.535+0000] {logging_mixin.py:190} INFO - [2025-06-29T15:43:25.534+0000] {dagbag.py:588} INFO - Filling up the DagBag from /opt/airflow/dags/driven_data_pipeline.py
[2025-06-29T15:43:25.904+0000] {processor.py:925} INFO - DAG(s) 'extract_raw_data_pipeline' retrieved from /opt/airflow/dags/driven_data_pipeline.py
[2025-06-29T15:43:25.932+0000] {logging_mixin.py:190} INFO - [2025-06-29T15:43:25.931+0000] {dag.py:3239} INFO - Sync 1 DAGs
[2025-06-29T15:43:25.961+0000] {logging_mixin.py:190} INFO - [2025-06-29T15:43:25.960+0000] {dag.py:4180} INFO - Setting next_dagrun for extract_raw_data_pipeline to 2025-06-29 07:58:00+00:00, run_after=2025-06-29 07:59:00+00:00
[2025-06-29T15:43:26.003+0000] {processor.py:208} INFO - Processing /opt/airflow/dags/driven_data_pipeline.py took 0.484 seconds
[2025-06-29T15:43:56.384+0000] {processor.py:186} INFO - Started process (PID=4697) to work on /opt/airflow/dags/driven_data_pipeline.py
[2025-06-29T15:43:56.386+0000] {processor.py:914} INFO - Processing file /opt/airflow/dags/driven_data_pipeline.py for tasks to queue
[2025-06-29T15:43:56.391+0000] {logging_mixin.py:190} INFO - [2025-06-29T15:43:56.390+0000] {dagbag.py:588} INFO - Filling up the DagBag from /opt/airflow/dags/driven_data_pipeline.py
[2025-06-29T15:43:56.759+0000] {processor.py:925} INFO - DAG(s) 'extract_raw_data_pipeline' retrieved from /opt/airflow/dags/driven_data_pipeline.py
[2025-06-29T15:43:56.784+0000] {logging_mixin.py:190} INFO - [2025-06-29T15:43:56.784+0000] {dag.py:3239} INFO - Sync 1 DAGs
[2025-06-29T15:43:56.810+0000] {logging_mixin.py:190} INFO - [2025-06-29T15:43:56.810+0000] {dag.py:4180} INFO - Setting next_dagrun for extract_raw_data_pipeline to 2025-06-29 07:58:00+00:00, run_after=2025-06-29 07:59:00+00:00
[2025-06-29T15:43:56.857+0000] {processor.py:208} INFO - Processing /opt/airflow/dags/driven_data_pipeline.py took 0.488 seconds
[2025-06-29T15:44:27.260+0000] {processor.py:186} INFO - Started process (PID=4705) to work on /opt/airflow/dags/driven_data_pipeline.py
[2025-06-29T15:44:27.263+0000] {processor.py:914} INFO - Processing file /opt/airflow/dags/driven_data_pipeline.py for tasks to queue
[2025-06-29T15:44:27.270+0000] {logging_mixin.py:190} INFO - [2025-06-29T15:44:27.269+0000] {dagbag.py:588} INFO - Filling up the DagBag from /opt/airflow/dags/driven_data_pipeline.py
[2025-06-29T15:44:27.647+0000] {processor.py:925} INFO - DAG(s) 'extract_raw_data_pipeline' retrieved from /opt/airflow/dags/driven_data_pipeline.py
[2025-06-29T15:44:27.671+0000] {logging_mixin.py:190} INFO - [2025-06-29T15:44:27.671+0000] {dag.py:3239} INFO - Sync 1 DAGs
[2025-06-29T15:44:27.694+0000] {logging_mixin.py:190} INFO - [2025-06-29T15:44:27.694+0000] {dag.py:4180} INFO - Setting next_dagrun for extract_raw_data_pipeline to 2025-06-29 07:58:00+00:00, run_after=2025-06-29 07:59:00+00:00
[2025-06-29T15:44:27.734+0000] {processor.py:208} INFO - Processing /opt/airflow/dags/driven_data_pipeline.py took 0.496 seconds
[2025-06-29T15:44:58.182+0000] {processor.py:186} INFO - Started process (PID=4713) to work on /opt/airflow/dags/driven_data_pipeline.py
[2025-06-29T15:44:58.185+0000] {processor.py:914} INFO - Processing file /opt/airflow/dags/driven_data_pipeline.py for tasks to queue
[2025-06-29T15:44:58.189+0000] {logging_mixin.py:190} INFO - [2025-06-29T15:44:58.188+0000] {dagbag.py:588} INFO - Filling up the DagBag from /opt/airflow/dags/driven_data_pipeline.py
[2025-06-29T15:44:58.551+0000] {processor.py:925} INFO - DAG(s) 'extract_raw_data_pipeline' retrieved from /opt/airflow/dags/driven_data_pipeline.py
[2025-06-29T15:44:58.574+0000] {logging_mixin.py:190} INFO - [2025-06-29T15:44:58.573+0000] {dag.py:3239} INFO - Sync 1 DAGs
[2025-06-29T15:44:58.600+0000] {logging_mixin.py:190} INFO - [2025-06-29T15:44:58.600+0000] {dag.py:4180} INFO - Setting next_dagrun for extract_raw_data_pipeline to 2025-06-29 07:58:00+00:00, run_after=2025-06-29 07:59:00+00:00
[2025-06-29T15:44:58.641+0000] {processor.py:208} INFO - Processing /opt/airflow/dags/driven_data_pipeline.py took 0.489 seconds
[2025-06-29T15:45:29.033+0000] {processor.py:186} INFO - Started process (PID=4721) to work on /opt/airflow/dags/driven_data_pipeline.py
[2025-06-29T15:45:29.035+0000] {processor.py:914} INFO - Processing file /opt/airflow/dags/driven_data_pipeline.py for tasks to queue
[2025-06-29T15:45:29.039+0000] {logging_mixin.py:190} INFO - [2025-06-29T15:45:29.038+0000] {dagbag.py:588} INFO - Filling up the DagBag from /opt/airflow/dags/driven_data_pipeline.py
[2025-06-29T15:45:29.397+0000] {processor.py:925} INFO - DAG(s) 'extract_raw_data_pipeline' retrieved from /opt/airflow/dags/driven_data_pipeline.py
[2025-06-29T15:45:29.423+0000] {logging_mixin.py:190} INFO - [2025-06-29T15:45:29.423+0000] {dag.py:3239} INFO - Sync 1 DAGs
[2025-06-29T15:45:29.449+0000] {logging_mixin.py:190} INFO - [2025-06-29T15:45:29.449+0000] {dag.py:4180} INFO - Setting next_dagrun for extract_raw_data_pipeline to 2025-06-29 07:58:00+00:00, run_after=2025-06-29 07:59:00+00:00
[2025-06-29T15:45:29.499+0000] {processor.py:208} INFO - Processing /opt/airflow/dags/driven_data_pipeline.py took 0.485 seconds
[2025-06-29T15:46:00.008+0000] {processor.py:186} INFO - Started process (PID=4729) to work on /opt/airflow/dags/driven_data_pipeline.py
[2025-06-29T15:46:00.009+0000] {processor.py:914} INFO - Processing file /opt/airflow/dags/driven_data_pipeline.py for tasks to queue
[2025-06-29T15:46:00.011+0000] {logging_mixin.py:190} INFO - [2025-06-29T15:46:00.011+0000] {dagbag.py:588} INFO - Filling up the DagBag from /opt/airflow/dags/driven_data_pipeline.py
[2025-06-29T15:46:00.405+0000] {processor.py:925} INFO - DAG(s) 'extract_raw_data_pipeline' retrieved from /opt/airflow/dags/driven_data_pipeline.py
[2025-06-29T15:46:00.451+0000] {logging_mixin.py:190} INFO - [2025-06-29T15:46:00.451+0000] {dag.py:3239} INFO - Sync 1 DAGs
[2025-06-29T15:46:00.481+0000] {logging_mixin.py:190} INFO - [2025-06-29T15:46:00.481+0000] {dag.py:4180} INFO - Setting next_dagrun for extract_raw_data_pipeline to 2025-06-29 07:58:00+00:00, run_after=2025-06-29 07:59:00+00:00
[2025-06-29T15:46:00.516+0000] {processor.py:208} INFO - Processing /opt/airflow/dags/driven_data_pipeline.py took 0.516 seconds
[2025-06-29T15:46:30.943+0000] {processor.py:186} INFO - Started process (PID=4737) to work on /opt/airflow/dags/driven_data_pipeline.py
[2025-06-29T15:46:30.946+0000] {processor.py:914} INFO - Processing file /opt/airflow/dags/driven_data_pipeline.py for tasks to queue
[2025-06-29T15:46:30.950+0000] {logging_mixin.py:190} INFO - [2025-06-29T15:46:30.949+0000] {dagbag.py:588} INFO - Filling up the DagBag from /opt/airflow/dags/driven_data_pipeline.py
[2025-06-29T15:46:31.347+0000] {processor.py:925} INFO - DAG(s) 'extract_raw_data_pipeline' retrieved from /opt/airflow/dags/driven_data_pipeline.py
[2025-06-29T15:46:31.370+0000] {logging_mixin.py:190} INFO - [2025-06-29T15:46:31.369+0000] {dag.py:3239} INFO - Sync 1 DAGs
[2025-06-29T15:46:31.392+0000] {logging_mixin.py:190} INFO - [2025-06-29T15:46:31.392+0000] {dag.py:4180} INFO - Setting next_dagrun for extract_raw_data_pipeline to 2025-06-29 07:58:00+00:00, run_after=2025-06-29 07:59:00+00:00
[2025-06-29T15:46:31.431+0000] {processor.py:208} INFO - Processing /opt/airflow/dags/driven_data_pipeline.py took 0.502 seconds
[2025-06-29T15:47:01.881+0000] {processor.py:186} INFO - Started process (PID=4745) to work on /opt/airflow/dags/driven_data_pipeline.py
[2025-06-29T15:47:01.883+0000] {processor.py:914} INFO - Processing file /opt/airflow/dags/driven_data_pipeline.py for tasks to queue
[2025-06-29T15:47:01.886+0000] {logging_mixin.py:190} INFO - [2025-06-29T15:47:01.886+0000] {dagbag.py:588} INFO - Filling up the DagBag from /opt/airflow/dags/driven_data_pipeline.py
[2025-06-29T15:47:02.253+0000] {processor.py:925} INFO - DAG(s) 'extract_raw_data_pipeline' retrieved from /opt/airflow/dags/driven_data_pipeline.py
[2025-06-29T15:47:02.279+0000] {logging_mixin.py:190} INFO - [2025-06-29T15:47:02.278+0000] {dag.py:3239} INFO - Sync 1 DAGs
[2025-06-29T15:47:02.302+0000] {logging_mixin.py:190} INFO - [2025-06-29T15:47:02.301+0000] {dag.py:4180} INFO - Setting next_dagrun for extract_raw_data_pipeline to 2025-06-29 07:58:00+00:00, run_after=2025-06-29 07:59:00+00:00
[2025-06-29T15:47:02.340+0000] {processor.py:208} INFO - Processing /opt/airflow/dags/driven_data_pipeline.py took 0.473 seconds
[2025-06-29T15:47:32.660+0000] {processor.py:186} INFO - Started process (PID=4753) to work on /opt/airflow/dags/driven_data_pipeline.py
[2025-06-29T15:47:32.661+0000] {processor.py:914} INFO - Processing file /opt/airflow/dags/driven_data_pipeline.py for tasks to queue
[2025-06-29T15:47:32.663+0000] {logging_mixin.py:190} INFO - [2025-06-29T15:47:32.663+0000] {dagbag.py:588} INFO - Filling up the DagBag from /opt/airflow/dags/driven_data_pipeline.py
[2025-06-29T15:47:33.069+0000] {processor.py:925} INFO - DAG(s) 'extract_raw_data_pipeline' retrieved from /opt/airflow/dags/driven_data_pipeline.py
[2025-06-29T15:47:33.100+0000] {logging_mixin.py:190} INFO - [2025-06-29T15:47:33.100+0000] {dag.py:3239} INFO - Sync 1 DAGs
[2025-06-29T15:47:33.134+0000] {logging_mixin.py:190} INFO - [2025-06-29T15:47:33.134+0000] {dag.py:4180} INFO - Setting next_dagrun for extract_raw_data_pipeline to 2025-06-29 07:58:00+00:00, run_after=2025-06-29 07:59:00+00:00
[2025-06-29T15:47:33.192+0000] {processor.py:208} INFO - Processing /opt/airflow/dags/driven_data_pipeline.py took 0.540 seconds
[2025-06-29T15:48:03.614+0000] {processor.py:186} INFO - Started process (PID=4761) to work on /opt/airflow/dags/driven_data_pipeline.py
[2025-06-29T15:48:03.615+0000] {processor.py:914} INFO - Processing file /opt/airflow/dags/driven_data_pipeline.py for tasks to queue
[2025-06-29T15:48:03.618+0000] {logging_mixin.py:190} INFO - [2025-06-29T15:48:03.617+0000] {dagbag.py:588} INFO - Filling up the DagBag from /opt/airflow/dags/driven_data_pipeline.py
[2025-06-29T15:48:04.041+0000] {processor.py:925} INFO - DAG(s) 'extract_raw_data_pipeline' retrieved from /opt/airflow/dags/driven_data_pipeline.py
[2025-06-29T15:48:04.080+0000] {logging_mixin.py:190} INFO - [2025-06-29T15:48:04.079+0000] {dag.py:3239} INFO - Sync 1 DAGs
[2025-06-29T15:48:04.106+0000] {logging_mixin.py:190} INFO - [2025-06-29T15:48:04.105+0000] {dag.py:4180} INFO - Setting next_dagrun for extract_raw_data_pipeline to 2025-06-29 07:58:00+00:00, run_after=2025-06-29 07:59:00+00:00
[2025-06-29T15:48:04.154+0000] {processor.py:208} INFO - Processing /opt/airflow/dags/driven_data_pipeline.py took 0.551 seconds
[2025-06-29T15:48:34.511+0000] {processor.py:186} INFO - Started process (PID=4769) to work on /opt/airflow/dags/driven_data_pipeline.py
[2025-06-29T15:48:34.512+0000] {processor.py:914} INFO - Processing file /opt/airflow/dags/driven_data_pipeline.py for tasks to queue
[2025-06-29T15:48:34.517+0000] {logging_mixin.py:190} INFO - [2025-06-29T15:48:34.516+0000] {dagbag.py:588} INFO - Filling up the DagBag from /opt/airflow/dags/driven_data_pipeline.py
[2025-06-29T15:48:34.935+0000] {processor.py:925} INFO - DAG(s) 'extract_raw_data_pipeline' retrieved from /opt/airflow/dags/driven_data_pipeline.py
[2025-06-29T15:48:34.958+0000] {logging_mixin.py:190} INFO - [2025-06-29T15:48:34.957+0000] {dag.py:3239} INFO - Sync 1 DAGs
[2025-06-29T15:48:34.982+0000] {logging_mixin.py:190} INFO - [2025-06-29T15:48:34.982+0000] {dag.py:4180} INFO - Setting next_dagrun for extract_raw_data_pipeline to 2025-06-29 07:58:00+00:00, run_after=2025-06-29 07:59:00+00:00
[2025-06-29T15:48:35.021+0000] {processor.py:208} INFO - Processing /opt/airflow/dags/driven_data_pipeline.py took 0.526 seconds
[2025-06-29T15:49:05.497+0000] {processor.py:186} INFO - Started process (PID=4777) to work on /opt/airflow/dags/driven_data_pipeline.py
[2025-06-29T15:49:05.499+0000] {processor.py:914} INFO - Processing file /opt/airflow/dags/driven_data_pipeline.py for tasks to queue
[2025-06-29T15:49:05.505+0000] {logging_mixin.py:190} INFO - [2025-06-29T15:49:05.504+0000] {dagbag.py:588} INFO - Filling up the DagBag from /opt/airflow/dags/driven_data_pipeline.py
[2025-06-29T15:49:05.884+0000] {processor.py:925} INFO - DAG(s) 'extract_raw_data_pipeline' retrieved from /opt/airflow/dags/driven_data_pipeline.py
[2025-06-29T15:49:05.908+0000] {logging_mixin.py:190} INFO - [2025-06-29T15:49:05.908+0000] {dag.py:3239} INFO - Sync 1 DAGs
[2025-06-29T15:49:05.933+0000] {logging_mixin.py:190} INFO - [2025-06-29T15:49:05.933+0000] {dag.py:4180} INFO - Setting next_dagrun for extract_raw_data_pipeline to 2025-06-29 07:58:00+00:00, run_after=2025-06-29 07:59:00+00:00
[2025-06-29T15:49:05.984+0000] {processor.py:208} INFO - Processing /opt/airflow/dags/driven_data_pipeline.py took 0.523 seconds
[2025-06-29T15:49:36.303+0000] {processor.py:186} INFO - Started process (PID=4785) to work on /opt/airflow/dags/driven_data_pipeline.py
[2025-06-29T15:49:36.307+0000] {processor.py:914} INFO - Processing file /opt/airflow/dags/driven_data_pipeline.py for tasks to queue
[2025-06-29T15:49:36.318+0000] {logging_mixin.py:190} INFO - [2025-06-29T15:49:36.315+0000] {dagbag.py:588} INFO - Filling up the DagBag from /opt/airflow/dags/driven_data_pipeline.py
[2025-06-29T15:49:36.709+0000] {processor.py:925} INFO - DAG(s) 'extract_raw_data_pipeline' retrieved from /opt/airflow/dags/driven_data_pipeline.py
[2025-06-29T15:49:36.734+0000] {logging_mixin.py:190} INFO - [2025-06-29T15:49:36.734+0000] {dag.py:3239} INFO - Sync 1 DAGs
[2025-06-29T15:49:36.761+0000] {logging_mixin.py:190} INFO - [2025-06-29T15:49:36.761+0000] {dag.py:4180} INFO - Setting next_dagrun for extract_raw_data_pipeline to 2025-06-29 07:58:00+00:00, run_after=2025-06-29 07:59:00+00:00
[2025-06-29T15:49:36.816+0000] {processor.py:208} INFO - Processing /opt/airflow/dags/driven_data_pipeline.py took 0.549 seconds
[2025-06-29T15:50:07.295+0000] {processor.py:186} INFO - Started process (PID=4793) to work on /opt/airflow/dags/driven_data_pipeline.py
[2025-06-29T15:50:07.296+0000] {processor.py:914} INFO - Processing file /opt/airflow/dags/driven_data_pipeline.py for tasks to queue
[2025-06-29T15:50:07.300+0000] {logging_mixin.py:190} INFO - [2025-06-29T15:50:07.299+0000] {dagbag.py:588} INFO - Filling up the DagBag from /opt/airflow/dags/driven_data_pipeline.py
[2025-06-29T15:50:07.671+0000] {processor.py:925} INFO - DAG(s) 'extract_raw_data_pipeline' retrieved from /opt/airflow/dags/driven_data_pipeline.py
[2025-06-29T15:50:07.695+0000] {logging_mixin.py:190} INFO - [2025-06-29T15:50:07.695+0000] {dag.py:3239} INFO - Sync 1 DAGs
[2025-06-29T15:50:07.718+0000] {logging_mixin.py:190} INFO - [2025-06-29T15:50:07.718+0000] {dag.py:4180} INFO - Setting next_dagrun for extract_raw_data_pipeline to 2025-06-29 07:58:00+00:00, run_after=2025-06-29 07:59:00+00:00
[2025-06-29T15:50:07.757+0000] {processor.py:208} INFO - Processing /opt/airflow/dags/driven_data_pipeline.py took 0.478 seconds
[2025-06-29T15:50:38.246+0000] {processor.py:186} INFO - Started process (PID=4800) to work on /opt/airflow/dags/driven_data_pipeline.py
[2025-06-29T15:50:38.248+0000] {processor.py:914} INFO - Processing file /opt/airflow/dags/driven_data_pipeline.py for tasks to queue
[2025-06-29T15:50:38.256+0000] {logging_mixin.py:190} INFO - [2025-06-29T15:50:38.255+0000] {dagbag.py:588} INFO - Filling up the DagBag from /opt/airflow/dags/driven_data_pipeline.py
[2025-06-29T15:50:38.657+0000] {processor.py:925} INFO - DAG(s) 'extract_raw_data_pipeline' retrieved from /opt/airflow/dags/driven_data_pipeline.py
[2025-06-29T15:50:38.682+0000] {logging_mixin.py:190} INFO - [2025-06-29T15:50:38.682+0000] {dag.py:3239} INFO - Sync 1 DAGs
[2025-06-29T15:50:38.706+0000] {logging_mixin.py:190} INFO - [2025-06-29T15:50:38.706+0000] {dag.py:4180} INFO - Setting next_dagrun for extract_raw_data_pipeline to 2025-06-29 07:58:00+00:00, run_after=2025-06-29 07:59:00+00:00
[2025-06-29T15:50:38.743+0000] {processor.py:208} INFO - Processing /opt/airflow/dags/driven_data_pipeline.py took 0.531 seconds
[2025-06-29T15:51:09.150+0000] {processor.py:186} INFO - Started process (PID=4808) to work on /opt/airflow/dags/driven_data_pipeline.py
[2025-06-29T15:51:09.151+0000] {processor.py:914} INFO - Processing file /opt/airflow/dags/driven_data_pipeline.py for tasks to queue
[2025-06-29T15:51:09.153+0000] {logging_mixin.py:190} INFO - [2025-06-29T15:51:09.153+0000] {dagbag.py:588} INFO - Filling up the DagBag from /opt/airflow/dags/driven_data_pipeline.py
[2025-06-29T15:51:09.547+0000] {processor.py:925} INFO - DAG(s) 'extract_raw_data_pipeline' retrieved from /opt/airflow/dags/driven_data_pipeline.py
[2025-06-29T15:51:09.577+0000] {logging_mixin.py:190} INFO - [2025-06-29T15:51:09.576+0000] {dag.py:3239} INFO - Sync 1 DAGs
[2025-06-29T15:51:09.607+0000] {logging_mixin.py:190} INFO - [2025-06-29T15:51:09.607+0000] {dag.py:4180} INFO - Setting next_dagrun for extract_raw_data_pipeline to 2025-06-29 07:58:00+00:00, run_after=2025-06-29 07:59:00+00:00
[2025-06-29T15:51:09.651+0000] {processor.py:208} INFO - Processing /opt/airflow/dags/driven_data_pipeline.py took 0.507 seconds
[2025-06-29T15:51:40.137+0000] {processor.py:186} INFO - Started process (PID=4816) to work on /opt/airflow/dags/driven_data_pipeline.py
[2025-06-29T15:51:40.140+0000] {processor.py:914} INFO - Processing file /opt/airflow/dags/driven_data_pipeline.py for tasks to queue
[2025-06-29T15:51:40.146+0000] {logging_mixin.py:190} INFO - [2025-06-29T15:51:40.145+0000] {dagbag.py:588} INFO - Filling up the DagBag from /opt/airflow/dags/driven_data_pipeline.py
[2025-06-29T15:51:40.516+0000] {processor.py:925} INFO - DAG(s) 'extract_raw_data_pipeline' retrieved from /opt/airflow/dags/driven_data_pipeline.py
[2025-06-29T15:51:40.541+0000] {logging_mixin.py:190} INFO - [2025-06-29T15:51:40.541+0000] {dag.py:3239} INFO - Sync 1 DAGs
[2025-06-29T15:51:40.572+0000] {logging_mixin.py:190} INFO - [2025-06-29T15:51:40.572+0000] {dag.py:4180} INFO - Setting next_dagrun for extract_raw_data_pipeline to 2025-06-29 07:58:00+00:00, run_after=2025-06-29 07:59:00+00:00
[2025-06-29T15:51:40.617+0000] {processor.py:208} INFO - Processing /opt/airflow/dags/driven_data_pipeline.py took 0.500 seconds
[2025-06-29T15:52:11.112+0000] {processor.py:186} INFO - Started process (PID=4824) to work on /opt/airflow/dags/driven_data_pipeline.py
[2025-06-29T15:52:11.116+0000] {processor.py:914} INFO - Processing file /opt/airflow/dags/driven_data_pipeline.py for tasks to queue
[2025-06-29T15:52:11.120+0000] {logging_mixin.py:190} INFO - [2025-06-29T15:52:11.119+0000] {dagbag.py:588} INFO - Filling up the DagBag from /opt/airflow/dags/driven_data_pipeline.py
[2025-06-29T15:52:11.482+0000] {processor.py:925} INFO - DAG(s) 'extract_raw_data_pipeline' retrieved from /opt/airflow/dags/driven_data_pipeline.py
[2025-06-29T15:52:11.512+0000] {logging_mixin.py:190} INFO - [2025-06-29T15:52:11.512+0000] {dag.py:3239} INFO - Sync 1 DAGs
[2025-06-29T15:52:11.538+0000] {logging_mixin.py:190} INFO - [2025-06-29T15:52:11.538+0000] {dag.py:4180} INFO - Setting next_dagrun for extract_raw_data_pipeline to 2025-06-29 07:58:00+00:00, run_after=2025-06-29 07:59:00+00:00
[2025-06-29T15:52:11.577+0000] {processor.py:208} INFO - Processing /opt/airflow/dags/driven_data_pipeline.py took 0.494 seconds
[2025-06-29T15:52:41.933+0000] {processor.py:186} INFO - Started process (PID=4832) to work on /opt/airflow/dags/driven_data_pipeline.py
[2025-06-29T15:52:41.935+0000] {processor.py:914} INFO - Processing file /opt/airflow/dags/driven_data_pipeline.py for tasks to queue
[2025-06-29T15:52:41.938+0000] {logging_mixin.py:190} INFO - [2025-06-29T15:52:41.938+0000] {dagbag.py:588} INFO - Filling up the DagBag from /opt/airflow/dags/driven_data_pipeline.py
[2025-06-29T15:52:42.300+0000] {processor.py:925} INFO - DAG(s) 'extract_raw_data_pipeline' retrieved from /opt/airflow/dags/driven_data_pipeline.py
[2025-06-29T15:52:42.327+0000] {logging_mixin.py:190} INFO - [2025-06-29T15:52:42.327+0000] {dag.py:3239} INFO - Sync 1 DAGs
[2025-06-29T15:52:42.352+0000] {logging_mixin.py:190} INFO - [2025-06-29T15:52:42.352+0000] {dag.py:4180} INFO - Setting next_dagrun for extract_raw_data_pipeline to 2025-06-29 07:58:00+00:00, run_after=2025-06-29 07:59:00+00:00
[2025-06-29T15:52:42.396+0000] {processor.py:208} INFO - Processing /opt/airflow/dags/driven_data_pipeline.py took 0.478 seconds
[2025-06-29T15:53:12.841+0000] {processor.py:186} INFO - Started process (PID=4840) to work on /opt/airflow/dags/driven_data_pipeline.py
[2025-06-29T15:53:12.852+0000] {processor.py:914} INFO - Processing file /opt/airflow/dags/driven_data_pipeline.py for tasks to queue
[2025-06-29T15:53:12.854+0000] {logging_mixin.py:190} INFO - [2025-06-29T15:53:12.854+0000] {dagbag.py:588} INFO - Filling up the DagBag from /opt/airflow/dags/driven_data_pipeline.py
[2025-06-29T15:53:13.248+0000] {processor.py:925} INFO - DAG(s) 'extract_raw_data_pipeline' retrieved from /opt/airflow/dags/driven_data_pipeline.py
[2025-06-29T15:53:13.276+0000] {logging_mixin.py:190} INFO - [2025-06-29T15:53:13.276+0000] {dag.py:3239} INFO - Sync 1 DAGs
[2025-06-29T15:53:13.307+0000] {logging_mixin.py:190} INFO - [2025-06-29T15:53:13.307+0000] {dag.py:4180} INFO - Setting next_dagrun for extract_raw_data_pipeline to 2025-06-29 07:58:00+00:00, run_after=2025-06-29 07:59:00+00:00
[2025-06-29T15:53:13.360+0000] {processor.py:208} INFO - Processing /opt/airflow/dags/driven_data_pipeline.py took 0.526 seconds
[2025-06-29T15:53:43.771+0000] {processor.py:186} INFO - Started process (PID=4847) to work on /opt/airflow/dags/driven_data_pipeline.py
[2025-06-29T15:53:43.772+0000] {processor.py:914} INFO - Processing file /opt/airflow/dags/driven_data_pipeline.py for tasks to queue
[2025-06-29T15:53:43.775+0000] {logging_mixin.py:190} INFO - [2025-06-29T15:53:43.774+0000] {dagbag.py:588} INFO - Filling up the DagBag from /opt/airflow/dags/driven_data_pipeline.py
[2025-06-29T15:53:44.183+0000] {processor.py:925} INFO - DAG(s) 'extract_raw_data_pipeline' retrieved from /opt/airflow/dags/driven_data_pipeline.py
[2025-06-29T15:53:44.208+0000] {logging_mixin.py:190} INFO - [2025-06-29T15:53:44.208+0000] {dag.py:3239} INFO - Sync 1 DAGs
[2025-06-29T15:53:44.237+0000] {logging_mixin.py:190} INFO - [2025-06-29T15:53:44.237+0000] {dag.py:4180} INFO - Setting next_dagrun for extract_raw_data_pipeline to 2025-06-29 07:58:00+00:00, run_after=2025-06-29 07:59:00+00:00
[2025-06-29T15:53:44.276+0000] {processor.py:208} INFO - Processing /opt/airflow/dags/driven_data_pipeline.py took 0.517 seconds
[2025-06-29T15:54:14.748+0000] {processor.py:186} INFO - Started process (PID=4855) to work on /opt/airflow/dags/driven_data_pipeline.py
[2025-06-29T15:54:14.751+0000] {processor.py:914} INFO - Processing file /opt/airflow/dags/driven_data_pipeline.py for tasks to queue
[2025-06-29T15:54:14.754+0000] {logging_mixin.py:190} INFO - [2025-06-29T15:54:14.754+0000] {dagbag.py:588} INFO - Filling up the DagBag from /opt/airflow/dags/driven_data_pipeline.py
[2025-06-29T15:54:15.112+0000] {processor.py:925} INFO - DAG(s) 'extract_raw_data_pipeline' retrieved from /opt/airflow/dags/driven_data_pipeline.py
[2025-06-29T15:54:15.144+0000] {logging_mixin.py:190} INFO - [2025-06-29T15:54:15.143+0000] {dag.py:3239} INFO - Sync 1 DAGs
[2025-06-29T15:54:15.168+0000] {logging_mixin.py:190} INFO - [2025-06-29T15:54:15.167+0000] {dag.py:4180} INFO - Setting next_dagrun for extract_raw_data_pipeline to 2025-06-29 07:58:00+00:00, run_after=2025-06-29 07:59:00+00:00
[2025-06-29T15:54:15.225+0000] {processor.py:208} INFO - Processing /opt/airflow/dags/driven_data_pipeline.py took 0.493 seconds
[2025-06-29T15:54:45.490+0000] {processor.py:186} INFO - Started process (PID=4863) to work on /opt/airflow/dags/driven_data_pipeline.py
[2025-06-29T15:54:45.493+0000] {processor.py:914} INFO - Processing file /opt/airflow/dags/driven_data_pipeline.py for tasks to queue
[2025-06-29T15:54:45.496+0000] {logging_mixin.py:190} INFO - [2025-06-29T15:54:45.495+0000] {dagbag.py:588} INFO - Filling up the DagBag from /opt/airflow/dags/driven_data_pipeline.py
[2025-06-29T15:54:45.863+0000] {processor.py:925} INFO - DAG(s) 'extract_raw_data_pipeline' retrieved from /opt/airflow/dags/driven_data_pipeline.py
[2025-06-29T15:54:45.885+0000] {logging_mixin.py:190} INFO - [2025-06-29T15:54:45.885+0000] {dag.py:3239} INFO - Sync 1 DAGs
[2025-06-29T15:54:45.912+0000] {logging_mixin.py:190} INFO - [2025-06-29T15:54:45.912+0000] {dag.py:4180} INFO - Setting next_dagrun for extract_raw_data_pipeline to 2025-06-29 07:58:00+00:00, run_after=2025-06-29 07:59:00+00:00
[2025-06-29T15:54:45.953+0000] {processor.py:208} INFO - Processing /opt/airflow/dags/driven_data_pipeline.py took 0.470 seconds
[2025-06-29T15:55:16.301+0000] {processor.py:186} INFO - Started process (PID=4877) to work on /opt/airflow/dags/driven_data_pipeline.py
[2025-06-29T15:55:16.302+0000] {processor.py:914} INFO - Processing file /opt/airflow/dags/driven_data_pipeline.py for tasks to queue
[2025-06-29T15:55:16.306+0000] {logging_mixin.py:190} INFO - [2025-06-29T15:55:16.305+0000] {dagbag.py:588} INFO - Filling up the DagBag from /opt/airflow/dags/driven_data_pipeline.py
[2025-06-29T15:55:16.662+0000] {processor.py:925} INFO - DAG(s) 'extract_raw_data_pipeline' retrieved from /opt/airflow/dags/driven_data_pipeline.py
[2025-06-29T15:55:16.686+0000] {logging_mixin.py:190} INFO - [2025-06-29T15:55:16.685+0000] {dag.py:3239} INFO - Sync 1 DAGs
[2025-06-29T15:55:16.712+0000] {logging_mixin.py:190} INFO - [2025-06-29T15:55:16.712+0000] {dag.py:4180} INFO - Setting next_dagrun for extract_raw_data_pipeline to 2025-06-29 07:58:00+00:00, run_after=2025-06-29 07:59:00+00:00
[2025-06-29T15:55:16.805+0000] {processor.py:208} INFO - Processing /opt/airflow/dags/driven_data_pipeline.py took 0.513 seconds
[2025-06-29T15:55:47.207+0000] {processor.py:186} INFO - Started process (PID=4885) to work on /opt/airflow/dags/driven_data_pipeline.py
[2025-06-29T15:55:47.208+0000] {processor.py:914} INFO - Processing file /opt/airflow/dags/driven_data_pipeline.py for tasks to queue
[2025-06-29T15:55:47.212+0000] {logging_mixin.py:190} INFO - [2025-06-29T15:55:47.211+0000] {dagbag.py:588} INFO - Filling up the DagBag from /opt/airflow/dags/driven_data_pipeline.py
[2025-06-29T15:55:47.591+0000] {processor.py:925} INFO - DAG(s) 'extract_raw_data_pipeline' retrieved from /opt/airflow/dags/driven_data_pipeline.py
[2025-06-29T15:55:47.616+0000] {logging_mixin.py:190} INFO - [2025-06-29T15:55:47.616+0000] {dag.py:3239} INFO - Sync 1 DAGs
[2025-06-29T15:55:47.640+0000] {logging_mixin.py:190} INFO - [2025-06-29T15:55:47.640+0000] {dag.py:4180} INFO - Setting next_dagrun for extract_raw_data_pipeline to 2025-06-29 07:58:00+00:00, run_after=2025-06-29 07:59:00+00:00
[2025-06-29T15:55:47.684+0000] {processor.py:208} INFO - Processing /opt/airflow/dags/driven_data_pipeline.py took 0.491 seconds
[2025-06-29T15:56:18.103+0000] {processor.py:186} INFO - Started process (PID=4893) to work on /opt/airflow/dags/driven_data_pipeline.py
[2025-06-29T15:56:18.107+0000] {processor.py:914} INFO - Processing file /opt/airflow/dags/driven_data_pipeline.py for tasks to queue
[2025-06-29T15:56:18.114+0000] {logging_mixin.py:190} INFO - [2025-06-29T15:56:18.113+0000] {dagbag.py:588} INFO - Filling up the DagBag from /opt/airflow/dags/driven_data_pipeline.py
[2025-06-29T15:56:18.655+0000] {processor.py:925} INFO - DAG(s) 'extract_raw_data_pipeline' retrieved from /opt/airflow/dags/driven_data_pipeline.py
[2025-06-29T15:56:18.699+0000] {logging_mixin.py:190} INFO - [2025-06-29T15:56:18.699+0000] {dag.py:3239} INFO - Sync 1 DAGs
[2025-06-29T15:56:18.741+0000] {logging_mixin.py:190} INFO - [2025-06-29T15:56:18.740+0000] {dag.py:4180} INFO - Setting next_dagrun for extract_raw_data_pipeline to 2025-06-29 07:58:00+00:00, run_after=2025-06-29 07:59:00+00:00
[2025-06-29T15:56:18.937+0000] {processor.py:208} INFO - Processing /opt/airflow/dags/driven_data_pipeline.py took 0.844 seconds
[2025-06-29T15:56:49.419+0000] {processor.py:186} INFO - Started process (PID=4901) to work on /opt/airflow/dags/driven_data_pipeline.py
[2025-06-29T15:56:49.423+0000] {processor.py:914} INFO - Processing file /opt/airflow/dags/driven_data_pipeline.py for tasks to queue
[2025-06-29T15:56:49.426+0000] {logging_mixin.py:190} INFO - [2025-06-29T15:56:49.425+0000] {dagbag.py:588} INFO - Filling up the DagBag from /opt/airflow/dags/driven_data_pipeline.py
[2025-06-29T15:56:49.858+0000] {processor.py:925} INFO - DAG(s) 'extract_raw_data_pipeline' retrieved from /opt/airflow/dags/driven_data_pipeline.py
[2025-06-29T15:56:49.885+0000] {logging_mixin.py:190} INFO - [2025-06-29T15:56:49.885+0000] {dag.py:3239} INFO - Sync 1 DAGs
[2025-06-29T15:56:49.910+0000] {logging_mixin.py:190} INFO - [2025-06-29T15:56:49.910+0000] {dag.py:4180} INFO - Setting next_dagrun for extract_raw_data_pipeline to 2025-06-29 07:58:00+00:00, run_after=2025-06-29 07:59:00+00:00
[2025-06-29T15:56:50.970+0000] {processor.py:208} INFO - Processing /opt/airflow/dags/driven_data_pipeline.py took 1.566 seconds
[2025-06-29T15:57:21.463+0000] {processor.py:186} INFO - Started process (PID=4909) to work on /opt/airflow/dags/driven_data_pipeline.py
[2025-06-29T15:57:21.465+0000] {processor.py:914} INFO - Processing file /opt/airflow/dags/driven_data_pipeline.py for tasks to queue
[2025-06-29T15:57:21.470+0000] {logging_mixin.py:190} INFO - [2025-06-29T15:57:21.469+0000] {dagbag.py:588} INFO - Filling up the DagBag from /opt/airflow/dags/driven_data_pipeline.py
[2025-06-29T15:57:21.885+0000] {processor.py:925} INFO - DAG(s) 'extract_raw_data_pipeline' retrieved from /opt/airflow/dags/driven_data_pipeline.py
[2025-06-29T15:57:21.912+0000] {logging_mixin.py:190} INFO - [2025-06-29T15:57:21.912+0000] {dag.py:3239} INFO - Sync 1 DAGs
[2025-06-29T15:57:21.940+0000] {logging_mixin.py:190} INFO - [2025-06-29T15:57:21.940+0000] {dag.py:4180} INFO - Setting next_dagrun for extract_raw_data_pipeline to 2025-06-29 07:58:00+00:00, run_after=2025-06-29 07:59:00+00:00
[2025-06-29T15:57:21.989+0000] {processor.py:208} INFO - Processing /opt/airflow/dags/driven_data_pipeline.py took 0.542 seconds
[2025-06-29T15:57:52.252+0000] {processor.py:186} INFO - Started process (PID=4917) to work on /opt/airflow/dags/driven_data_pipeline.py
[2025-06-29T15:57:52.254+0000] {processor.py:914} INFO - Processing file /opt/airflow/dags/driven_data_pipeline.py for tasks to queue
[2025-06-29T15:57:52.260+0000] {logging_mixin.py:190} INFO - [2025-06-29T15:57:52.258+0000] {dagbag.py:588} INFO - Filling up the DagBag from /opt/airflow/dags/driven_data_pipeline.py
[2025-06-29T15:57:52.660+0000] {processor.py:925} INFO - DAG(s) 'extract_raw_data_pipeline' retrieved from /opt/airflow/dags/driven_data_pipeline.py
[2025-06-29T15:57:52.685+0000] {logging_mixin.py:190} INFO - [2025-06-29T15:57:52.684+0000] {dag.py:3239} INFO - Sync 1 DAGs
[2025-06-29T15:57:52.710+0000] {logging_mixin.py:190} INFO - [2025-06-29T15:57:52.710+0000] {dag.py:4180} INFO - Setting next_dagrun for extract_raw_data_pipeline to 2025-06-29 07:58:00+00:00, run_after=2025-06-29 07:59:00+00:00
[2025-06-29T15:57:52.744+0000] {processor.py:208} INFO - Processing /opt/airflow/dags/driven_data_pipeline.py took 0.513 seconds
[2025-06-29T15:58:23.232+0000] {processor.py:186} INFO - Started process (PID=4924) to work on /opt/airflow/dags/driven_data_pipeline.py
[2025-06-29T15:58:23.234+0000] {processor.py:914} INFO - Processing file /opt/airflow/dags/driven_data_pipeline.py for tasks to queue
[2025-06-29T15:58:23.238+0000] {logging_mixin.py:190} INFO - [2025-06-29T15:58:23.237+0000] {dagbag.py:588} INFO - Filling up the DagBag from /opt/airflow/dags/driven_data_pipeline.py
[2025-06-29T15:58:23.656+0000] {processor.py:925} INFO - DAG(s) 'extract_raw_data_pipeline' retrieved from /opt/airflow/dags/driven_data_pipeline.py
[2025-06-29T15:58:23.696+0000] {logging_mixin.py:190} INFO - [2025-06-29T15:58:23.696+0000] {dag.py:3239} INFO - Sync 1 DAGs
[2025-06-29T15:58:23.737+0000] {logging_mixin.py:190} INFO - [2025-06-29T15:58:23.737+0000] {dag.py:4180} INFO - Setting next_dagrun for extract_raw_data_pipeline to 2025-06-29 07:58:00+00:00, run_after=2025-06-29 07:59:00+00:00
[2025-06-29T15:58:23.774+0000] {processor.py:208} INFO - Processing /opt/airflow/dags/driven_data_pipeline.py took 0.554 seconds
[2025-06-29T15:58:54.081+0000] {processor.py:186} INFO - Started process (PID=4932) to work on /opt/airflow/dags/driven_data_pipeline.py
[2025-06-29T15:58:54.082+0000] {processor.py:914} INFO - Processing file /opt/airflow/dags/driven_data_pipeline.py for tasks to queue
[2025-06-29T15:58:54.084+0000] {logging_mixin.py:190} INFO - [2025-06-29T15:58:54.084+0000] {dagbag.py:588} INFO - Filling up the DagBag from /opt/airflow/dags/driven_data_pipeline.py
[2025-06-29T15:58:54.545+0000] {processor.py:925} INFO - DAG(s) 'extract_raw_data_pipeline' retrieved from /opt/airflow/dags/driven_data_pipeline.py
[2025-06-29T15:58:54.579+0000] {logging_mixin.py:190} INFO - [2025-06-29T15:58:54.578+0000] {dag.py:3239} INFO - Sync 1 DAGs
[2025-06-29T15:58:54.603+0000] {logging_mixin.py:190} INFO - [2025-06-29T15:58:54.603+0000] {dag.py:4180} INFO - Setting next_dagrun for extract_raw_data_pipeline to 2025-06-29 07:58:00+00:00, run_after=2025-06-29 07:59:00+00:00
[2025-06-29T15:58:54.644+0000] {processor.py:208} INFO - Processing /opt/airflow/dags/driven_data_pipeline.py took 0.570 seconds
[2025-06-29T15:59:25.077+0000] {processor.py:186} INFO - Started process (PID=4940) to work on /opt/airflow/dags/driven_data_pipeline.py
[2025-06-29T15:59:25.082+0000] {processor.py:914} INFO - Processing file /opt/airflow/dags/driven_data_pipeline.py for tasks to queue
[2025-06-29T15:59:25.087+0000] {logging_mixin.py:190} INFO - [2025-06-29T15:59:25.087+0000] {dagbag.py:588} INFO - Filling up the DagBag from /opt/airflow/dags/driven_data_pipeline.py
[2025-06-29T15:59:25.464+0000] {processor.py:925} INFO - DAG(s) 'extract_raw_data_pipeline' retrieved from /opt/airflow/dags/driven_data_pipeline.py
[2025-06-29T15:59:25.488+0000] {logging_mixin.py:190} INFO - [2025-06-29T15:59:25.488+0000] {dag.py:3239} INFO - Sync 1 DAGs
[2025-06-29T15:59:25.517+0000] {logging_mixin.py:190} INFO - [2025-06-29T15:59:25.517+0000] {dag.py:4180} INFO - Setting next_dagrun for extract_raw_data_pipeline to 2025-06-29 07:58:00+00:00, run_after=2025-06-29 07:59:00+00:00
[2025-06-29T15:59:25.578+0000] {processor.py:208} INFO - Processing /opt/airflow/dags/driven_data_pipeline.py took 0.510 seconds
[2025-06-29T15:59:55.885+0000] {processor.py:186} INFO - Started process (PID=4948) to work on /opt/airflow/dags/driven_data_pipeline.py
[2025-06-29T15:59:55.889+0000] {processor.py:914} INFO - Processing file /opt/airflow/dags/driven_data_pipeline.py for tasks to queue
[2025-06-29T15:59:55.901+0000] {logging_mixin.py:190} INFO - [2025-06-29T15:59:55.899+0000] {dagbag.py:588} INFO - Filling up the DagBag from /opt/airflow/dags/driven_data_pipeline.py
[2025-06-29T15:59:56.288+0000] {processor.py:925} INFO - DAG(s) 'extract_raw_data_pipeline' retrieved from /opt/airflow/dags/driven_data_pipeline.py
[2025-06-29T15:59:56.315+0000] {logging_mixin.py:190} INFO - [2025-06-29T15:59:56.314+0000] {dag.py:3239} INFO - Sync 1 DAGs
[2025-06-29T15:59:56.338+0000] {logging_mixin.py:190} INFO - [2025-06-29T15:59:56.337+0000] {dag.py:4180} INFO - Setting next_dagrun for extract_raw_data_pipeline to 2025-06-29 07:58:00+00:00, run_after=2025-06-29 07:59:00+00:00
[2025-06-29T15:59:56.374+0000] {processor.py:208} INFO - Processing /opt/airflow/dags/driven_data_pipeline.py took 0.508 seconds
[2025-06-29T16:00:26.867+0000] {processor.py:186} INFO - Started process (PID=4956) to work on /opt/airflow/dags/driven_data_pipeline.py
[2025-06-29T16:00:26.868+0000] {processor.py:914} INFO - Processing file /opt/airflow/dags/driven_data_pipeline.py for tasks to queue
[2025-06-29T16:00:26.873+0000] {logging_mixin.py:190} INFO - [2025-06-29T16:00:26.872+0000] {dagbag.py:588} INFO - Filling up the DagBag from /opt/airflow/dags/driven_data_pipeline.py
[2025-06-29T16:00:27.257+0000] {processor.py:925} INFO - DAG(s) 'extract_raw_data_pipeline' retrieved from /opt/airflow/dags/driven_data_pipeline.py
[2025-06-29T16:00:27.283+0000] {logging_mixin.py:190} INFO - [2025-06-29T16:00:27.283+0000] {dag.py:3239} INFO - Sync 1 DAGs
[2025-06-29T16:00:27.308+0000] {logging_mixin.py:190} INFO - [2025-06-29T16:00:27.307+0000] {dag.py:4180} INFO - Setting next_dagrun for extract_raw_data_pipeline to 2025-06-29 07:58:00+00:00, run_after=2025-06-29 07:59:00+00:00
[2025-06-29T16:00:27.362+0000] {processor.py:208} INFO - Processing /opt/airflow/dags/driven_data_pipeline.py took 0.517 seconds
[2025-06-29T16:00:57.615+0000] {processor.py:186} INFO - Started process (PID=4964) to work on /opt/airflow/dags/driven_data_pipeline.py
[2025-06-29T16:00:57.617+0000] {processor.py:914} INFO - Processing file /opt/airflow/dags/driven_data_pipeline.py for tasks to queue
[2025-06-29T16:00:57.622+0000] {logging_mixin.py:190} INFO - [2025-06-29T16:00:57.621+0000] {dagbag.py:588} INFO - Filling up the DagBag from /opt/airflow/dags/driven_data_pipeline.py
[2025-06-29T16:00:57.992+0000] {processor.py:925} INFO - DAG(s) 'extract_raw_data_pipeline' retrieved from /opt/airflow/dags/driven_data_pipeline.py
[2025-06-29T16:00:58.015+0000] {logging_mixin.py:190} INFO - [2025-06-29T16:00:58.015+0000] {dag.py:3239} INFO - Sync 1 DAGs
[2025-06-29T16:00:58.044+0000] {logging_mixin.py:190} INFO - [2025-06-29T16:00:58.044+0000] {dag.py:4180} INFO - Setting next_dagrun for extract_raw_data_pipeline to 2025-06-29 07:58:00+00:00, run_after=2025-06-29 07:59:00+00:00
[2025-06-29T16:00:58.083+0000] {processor.py:208} INFO - Processing /opt/airflow/dags/driven_data_pipeline.py took 0.482 seconds
[2025-06-29T16:01:28.189+0000] {processor.py:186} INFO - Started process (PID=4972) to work on /opt/airflow/dags/driven_data_pipeline.py
[2025-06-29T16:01:28.193+0000] {processor.py:914} INFO - Processing file /opt/airflow/dags/driven_data_pipeline.py for tasks to queue
[2025-06-29T16:01:28.199+0000] {logging_mixin.py:190} INFO - [2025-06-29T16:01:28.198+0000] {dagbag.py:588} INFO - Filling up the DagBag from /opt/airflow/dags/driven_data_pipeline.py
[2025-06-29T16:01:28.575+0000] {processor.py:925} INFO - DAG(s) 'extract_raw_data_pipeline' retrieved from /opt/airflow/dags/driven_data_pipeline.py
[2025-06-29T16:01:28.601+0000] {logging_mixin.py:190} INFO - [2025-06-29T16:01:28.601+0000] {dag.py:3239} INFO - Sync 1 DAGs
[2025-06-29T16:01:28.625+0000] {logging_mixin.py:190} INFO - [2025-06-29T16:01:28.625+0000] {dag.py:4180} INFO - Setting next_dagrun for extract_raw_data_pipeline to 2025-06-29 07:58:00+00:00, run_after=2025-06-29 07:59:00+00:00
[2025-06-29T16:01:28.664+0000] {processor.py:208} INFO - Processing /opt/airflow/dags/driven_data_pipeline.py took 0.501 seconds
[2025-06-29T16:01:58.775+0000] {processor.py:186} INFO - Started process (PID=4980) to work on /opt/airflow/dags/driven_data_pipeline.py
[2025-06-29T16:01:58.776+0000] {processor.py:914} INFO - Processing file /opt/airflow/dags/driven_data_pipeline.py for tasks to queue
[2025-06-29T16:01:58.780+0000] {logging_mixin.py:190} INFO - [2025-06-29T16:01:58.779+0000] {dagbag.py:588} INFO - Filling up the DagBag from /opt/airflow/dags/driven_data_pipeline.py
[2025-06-29T16:01:59.246+0000] {processor.py:925} INFO - DAG(s) 'extract_raw_data_pipeline' retrieved from /opt/airflow/dags/driven_data_pipeline.py
[2025-06-29T16:01:59.276+0000] {logging_mixin.py:190} INFO - [2025-06-29T16:01:59.276+0000] {dag.py:3239} INFO - Sync 1 DAGs
[2025-06-29T16:01:59.307+0000] {logging_mixin.py:190} INFO - [2025-06-29T16:01:59.306+0000] {dag.py:4180} INFO - Setting next_dagrun for extract_raw_data_pipeline to 2025-06-29 07:58:00+00:00, run_after=2025-06-29 07:59:00+00:00
[2025-06-29T16:01:59.349+0000] {processor.py:208} INFO - Processing /opt/airflow/dags/driven_data_pipeline.py took 0.585 seconds
[2025-06-29T16:02:29.484+0000] {processor.py:186} INFO - Started process (PID=4988) to work on /opt/airflow/dags/driven_data_pipeline.py
[2025-06-29T16:02:29.485+0000] {processor.py:914} INFO - Processing file /opt/airflow/dags/driven_data_pipeline.py for tasks to queue
[2025-06-29T16:02:29.487+0000] {logging_mixin.py:190} INFO - [2025-06-29T16:02:29.487+0000] {dagbag.py:588} INFO - Filling up the DagBag from /opt/airflow/dags/driven_data_pipeline.py
[2025-06-29T16:02:29.868+0000] {processor.py:925} INFO - DAG(s) 'extract_raw_data_pipeline' retrieved from /opt/airflow/dags/driven_data_pipeline.py
[2025-06-29T16:02:29.895+0000] {logging_mixin.py:190} INFO - [2025-06-29T16:02:29.895+0000] {dag.py:3239} INFO - Sync 1 DAGs
[2025-06-29T16:02:29.918+0000] {logging_mixin.py:190} INFO - [2025-06-29T16:02:29.917+0000] {dag.py:4180} INFO - Setting next_dagrun for extract_raw_data_pipeline to 2025-06-29 07:58:00+00:00, run_after=2025-06-29 07:59:00+00:00
[2025-06-29T16:02:29.972+0000] {processor.py:208} INFO - Processing /opt/airflow/dags/driven_data_pipeline.py took 0.497 seconds
[2025-06-29T16:03:00.172+0000] {processor.py:186} INFO - Started process (PID=4996) to work on /opt/airflow/dags/driven_data_pipeline.py
[2025-06-29T16:03:00.174+0000] {processor.py:914} INFO - Processing file /opt/airflow/dags/driven_data_pipeline.py for tasks to queue
[2025-06-29T16:03:00.180+0000] {logging_mixin.py:190} INFO - [2025-06-29T16:03:00.178+0000] {dagbag.py:588} INFO - Filling up the DagBag from /opt/airflow/dags/driven_data_pipeline.py
[2025-06-29T16:03:00.573+0000] {processor.py:925} INFO - DAG(s) 'extract_raw_data_pipeline' retrieved from /opt/airflow/dags/driven_data_pipeline.py
[2025-06-29T16:03:00.599+0000] {logging_mixin.py:190} INFO - [2025-06-29T16:03:00.598+0000] {dag.py:3239} INFO - Sync 1 DAGs
[2025-06-29T16:03:00.626+0000] {logging_mixin.py:190} INFO - [2025-06-29T16:03:00.625+0000] {dag.py:4180} INFO - Setting next_dagrun for extract_raw_data_pipeline to 2025-06-29 07:58:00+00:00, run_after=2025-06-29 07:59:00+00:00
[2025-06-29T16:03:00.666+0000] {processor.py:208} INFO - Processing /opt/airflow/dags/driven_data_pipeline.py took 0.508 seconds
[2025-06-29T16:03:31.081+0000] {processor.py:186} INFO - Started process (PID=5003) to work on /opt/airflow/dags/driven_data_pipeline.py
[2025-06-29T16:03:31.083+0000] {processor.py:914} INFO - Processing file /opt/airflow/dags/driven_data_pipeline.py for tasks to queue
[2025-06-29T16:03:31.088+0000] {logging_mixin.py:190} INFO - [2025-06-29T16:03:31.087+0000] {dagbag.py:588} INFO - Filling up the DagBag from /opt/airflow/dags/driven_data_pipeline.py
[2025-06-29T16:03:31.884+0000] {processor.py:925} INFO - DAG(s) 'extract_raw_data_pipeline' retrieved from /opt/airflow/dags/driven_data_pipeline.py
[2025-06-29T16:03:32.179+0000] {logging_mixin.py:190} INFO - [2025-06-29T16:03:32.179+0000] {dag.py:3239} INFO - Sync 1 DAGs
[2025-06-29T16:03:32.210+0000] {logging_mixin.py:190} INFO - [2025-06-29T16:03:32.209+0000] {dag.py:4180} INFO - Setting next_dagrun for extract_raw_data_pipeline to 2025-06-29 07:58:00+00:00, run_after=2025-06-29 07:59:00+00:00
[2025-06-29T16:03:32.544+0000] {processor.py:208} INFO - Processing /opt/airflow/dags/driven_data_pipeline.py took 1.478 seconds
[2025-06-29T16:04:02.885+0000] {processor.py:186} INFO - Started process (PID=5011) to work on /opt/airflow/dags/driven_data_pipeline.py
[2025-06-29T16:04:02.886+0000] {processor.py:914} INFO - Processing file /opt/airflow/dags/driven_data_pipeline.py for tasks to queue
[2025-06-29T16:04:02.889+0000] {logging_mixin.py:190} INFO - [2025-06-29T16:04:02.888+0000] {dagbag.py:588} INFO - Filling up the DagBag from /opt/airflow/dags/driven_data_pipeline.py
[2025-06-29T16:04:03.354+0000] {processor.py:925} INFO - DAG(s) 'extract_raw_data_pipeline' retrieved from /opt/airflow/dags/driven_data_pipeline.py
[2025-06-29T16:04:03.387+0000] {logging_mixin.py:190} INFO - [2025-06-29T16:04:03.387+0000] {dag.py:3239} INFO - Sync 1 DAGs
[2025-06-29T16:04:03.422+0000] {logging_mixin.py:190} INFO - [2025-06-29T16:04:03.422+0000] {dag.py:4180} INFO - Setting next_dagrun for extract_raw_data_pipeline to 2025-06-29 07:58:00+00:00, run_after=2025-06-29 07:59:00+00:00
[2025-06-29T16:04:04.184+0000] {processor.py:208} INFO - Processing /opt/airflow/dags/driven_data_pipeline.py took 1.307 seconds
[2025-06-29T16:04:34.315+0000] {processor.py:186} INFO - Started process (PID=5019) to work on /opt/airflow/dags/driven_data_pipeline.py
[2025-06-29T16:04:34.318+0000] {processor.py:914} INFO - Processing file /opt/airflow/dags/driven_data_pipeline.py for tasks to queue
[2025-06-29T16:04:34.325+0000] {logging_mixin.py:190} INFO - [2025-06-29T16:04:34.324+0000] {dagbag.py:588} INFO - Filling up the DagBag from /opt/airflow/dags/driven_data_pipeline.py
[2025-06-29T16:04:34.691+0000] {processor.py:925} INFO - DAG(s) 'extract_raw_data_pipeline' retrieved from /opt/airflow/dags/driven_data_pipeline.py
[2025-06-29T16:04:34.718+0000] {logging_mixin.py:190} INFO - [2025-06-29T16:04:34.718+0000] {dag.py:3239} INFO - Sync 1 DAGs
[2025-06-29T16:04:34.747+0000] {logging_mixin.py:190} INFO - [2025-06-29T16:04:34.747+0000] {dag.py:4180} INFO - Setting next_dagrun for extract_raw_data_pipeline to 2025-06-29 07:58:00+00:00, run_after=2025-06-29 07:59:00+00:00
[2025-06-29T16:04:35.036+0000] {processor.py:208} INFO - Processing /opt/airflow/dags/driven_data_pipeline.py took 0.755 seconds
[2025-06-29T16:05:05.531+0000] {processor.py:186} INFO - Started process (PID=5027) to work on /opt/airflow/dags/driven_data_pipeline.py
[2025-06-29T16:05:05.533+0000] {processor.py:914} INFO - Processing file /opt/airflow/dags/driven_data_pipeline.py for tasks to queue
[2025-06-29T16:05:05.538+0000] {logging_mixin.py:190} INFO - [2025-06-29T16:05:05.537+0000] {dagbag.py:588} INFO - Filling up the DagBag from /opt/airflow/dags/driven_data_pipeline.py
[2025-06-29T16:05:05.884+0000] {processor.py:925} INFO - DAG(s) 'extract_raw_data_pipeline' retrieved from /opt/airflow/dags/driven_data_pipeline.py
[2025-06-29T16:05:05.911+0000] {logging_mixin.py:190} INFO - [2025-06-29T16:05:05.911+0000] {dag.py:3239} INFO - Sync 1 DAGs
[2025-06-29T16:05:05.933+0000] {logging_mixin.py:190} INFO - [2025-06-29T16:05:05.933+0000] {dag.py:4180} INFO - Setting next_dagrun for extract_raw_data_pipeline to 2025-06-29 07:58:00+00:00, run_after=2025-06-29 07:59:00+00:00
[2025-06-29T16:05:05.998+0000] {processor.py:208} INFO - Processing /opt/airflow/dags/driven_data_pipeline.py took 0.498 seconds
[2025-06-29T16:05:36.385+0000] {processor.py:186} INFO - Started process (PID=5035) to work on /opt/airflow/dags/driven_data_pipeline.py
[2025-06-29T16:05:36.389+0000] {processor.py:914} INFO - Processing file /opt/airflow/dags/driven_data_pipeline.py for tasks to queue
[2025-06-29T16:05:36.399+0000] {logging_mixin.py:190} INFO - [2025-06-29T16:05:36.398+0000] {dagbag.py:588} INFO - Filling up the DagBag from /opt/airflow/dags/driven_data_pipeline.py
[2025-06-29T16:05:36.767+0000] {processor.py:925} INFO - DAG(s) 'extract_raw_data_pipeline' retrieved from /opt/airflow/dags/driven_data_pipeline.py
[2025-06-29T16:05:36.791+0000] {logging_mixin.py:190} INFO - [2025-06-29T16:05:36.791+0000] {dag.py:3239} INFO - Sync 1 DAGs
[2025-06-29T16:05:36.816+0000] {logging_mixin.py:190} INFO - [2025-06-29T16:05:36.816+0000] {dag.py:4180} INFO - Setting next_dagrun for extract_raw_data_pipeline to 2025-06-29 07:58:00+00:00, run_after=2025-06-29 07:59:00+00:00
[2025-06-29T16:05:36.852+0000] {processor.py:208} INFO - Processing /opt/airflow/dags/driven_data_pipeline.py took 0.513 seconds
[2025-06-29T16:06:07.308+0000] {processor.py:186} INFO - Started process (PID=5043) to work on /opt/airflow/dags/driven_data_pipeline.py
[2025-06-29T16:06:07.312+0000] {processor.py:914} INFO - Processing file /opt/airflow/dags/driven_data_pipeline.py for tasks to queue
[2025-06-29T16:06:07.322+0000] {logging_mixin.py:190} INFO - [2025-06-29T16:06:07.321+0000] {dagbag.py:588} INFO - Filling up the DagBag from /opt/airflow/dags/driven_data_pipeline.py
[2025-06-29T16:06:07.686+0000] {processor.py:925} INFO - DAG(s) 'extract_raw_data_pipeline' retrieved from /opt/airflow/dags/driven_data_pipeline.py
[2025-06-29T16:06:07.711+0000] {logging_mixin.py:190} INFO - [2025-06-29T16:06:07.711+0000] {dag.py:3239} INFO - Sync 1 DAGs
[2025-06-29T16:06:07.738+0000] {logging_mixin.py:190} INFO - [2025-06-29T16:06:07.737+0000] {dag.py:4180} INFO - Setting next_dagrun for extract_raw_data_pipeline to 2025-06-29 07:58:00+00:00, run_after=2025-06-29 07:59:00+00:00
[2025-06-29T16:06:07.767+0000] {processor.py:208} INFO - Processing /opt/airflow/dags/driven_data_pipeline.py took 0.491 seconds
[2025-06-29T16:06:38.205+0000] {processor.py:186} INFO - Started process (PID=5051) to work on /opt/airflow/dags/driven_data_pipeline.py
[2025-06-29T16:06:38.209+0000] {processor.py:914} INFO - Processing file /opt/airflow/dags/driven_data_pipeline.py for tasks to queue
[2025-06-29T16:06:38.217+0000] {logging_mixin.py:190} INFO - [2025-06-29T16:06:38.216+0000] {dagbag.py:588} INFO - Filling up the DagBag from /opt/airflow/dags/driven_data_pipeline.py
[2025-06-29T16:06:38.574+0000] {processor.py:925} INFO - DAG(s) 'extract_raw_data_pipeline' retrieved from /opt/airflow/dags/driven_data_pipeline.py
[2025-06-29T16:06:38.603+0000] {logging_mixin.py:190} INFO - [2025-06-29T16:06:38.602+0000] {dag.py:3239} INFO - Sync 1 DAGs
[2025-06-29T16:06:38.625+0000] {logging_mixin.py:190} INFO - [2025-06-29T16:06:38.625+0000] {dag.py:4180} INFO - Setting next_dagrun for extract_raw_data_pipeline to 2025-06-29 07:58:00+00:00, run_after=2025-06-29 07:59:00+00:00
[2025-06-29T16:06:38.694+0000] {processor.py:208} INFO - Processing /opt/airflow/dags/driven_data_pipeline.py took 0.521 seconds
[2025-06-29T16:07:09.083+0000] {processor.py:186} INFO - Started process (PID=5059) to work on /opt/airflow/dags/driven_data_pipeline.py
[2025-06-29T16:07:09.083+0000] {processor.py:914} INFO - Processing file /opt/airflow/dags/driven_data_pipeline.py for tasks to queue
[2025-06-29T16:07:09.086+0000] {logging_mixin.py:190} INFO - [2025-06-29T16:07:09.086+0000] {dagbag.py:588} INFO - Filling up the DagBag from /opt/airflow/dags/driven_data_pipeline.py
[2025-06-29T16:07:09.420+0000] {processor.py:925} INFO - DAG(s) 'extract_raw_data_pipeline' retrieved from /opt/airflow/dags/driven_data_pipeline.py
[2025-06-29T16:07:09.449+0000] {logging_mixin.py:190} INFO - [2025-06-29T16:07:09.449+0000] {dag.py:3239} INFO - Sync 1 DAGs
[2025-06-29T16:07:09.479+0000] {logging_mixin.py:190} INFO - [2025-06-29T16:07:09.479+0000] {dag.py:4180} INFO - Setting next_dagrun for extract_raw_data_pipeline to 2025-06-29 07:58:00+00:00, run_after=2025-06-29 07:59:00+00:00
[2025-06-29T16:07:09.542+0000] {processor.py:208} INFO - Processing /opt/airflow/dags/driven_data_pipeline.py took 0.466 seconds
[2025-06-29T16:07:39.869+0000] {processor.py:186} INFO - Started process (PID=5067) to work on /opt/airflow/dags/driven_data_pipeline.py
[2025-06-29T16:07:39.870+0000] {processor.py:914} INFO - Processing file /opt/airflow/dags/driven_data_pipeline.py for tasks to queue
[2025-06-29T16:07:39.872+0000] {logging_mixin.py:190} INFO - [2025-06-29T16:07:39.872+0000] {dagbag.py:588} INFO - Filling up the DagBag from /opt/airflow/dags/driven_data_pipeline.py
[2025-06-29T16:07:40.338+0000] {processor.py:925} INFO - DAG(s) 'extract_raw_data_pipeline' retrieved from /opt/airflow/dags/driven_data_pipeline.py
[2025-06-29T16:07:40.383+0000] {logging_mixin.py:190} INFO - [2025-06-29T16:07:40.382+0000] {dag.py:3239} INFO - Sync 1 DAGs
[2025-06-29T16:07:40.418+0000] {logging_mixin.py:190} INFO - [2025-06-29T16:07:40.417+0000] {dag.py:4180} INFO - Setting next_dagrun for extract_raw_data_pipeline to 2025-06-29 07:58:00+00:00, run_after=2025-06-29 07:59:00+00:00
[2025-06-29T16:07:40.458+0000] {processor.py:208} INFO - Processing /opt/airflow/dags/driven_data_pipeline.py took 0.603 seconds
[2025-06-29T16:08:10.892+0000] {processor.py:186} INFO - Started process (PID=5075) to work on /opt/airflow/dags/driven_data_pipeline.py
[2025-06-29T16:08:10.895+0000] {processor.py:914} INFO - Processing file /opt/airflow/dags/driven_data_pipeline.py for tasks to queue
[2025-06-29T16:08:10.900+0000] {logging_mixin.py:190} INFO - [2025-06-29T16:08:10.899+0000] {dagbag.py:588} INFO - Filling up the DagBag from /opt/airflow/dags/driven_data_pipeline.py
[2025-06-29T16:08:11.309+0000] {processor.py:925} INFO - DAG(s) 'extract_raw_data_pipeline' retrieved from /opt/airflow/dags/driven_data_pipeline.py
[2025-06-29T16:08:11.333+0000] {logging_mixin.py:190} INFO - [2025-06-29T16:08:11.332+0000] {dag.py:3239} INFO - Sync 1 DAGs
[2025-06-29T16:08:11.365+0000] {logging_mixin.py:190} INFO - [2025-06-29T16:08:11.365+0000] {dag.py:4180} INFO - Setting next_dagrun for extract_raw_data_pipeline to 2025-06-29 07:58:00+00:00, run_after=2025-06-29 07:59:00+00:00
[2025-06-29T16:08:11.398+0000] {processor.py:208} INFO - Processing /opt/airflow/dags/driven_data_pipeline.py took 0.525 seconds
[2025-06-29T16:08:41.629+0000] {processor.py:186} INFO - Started process (PID=5083) to work on /opt/airflow/dags/driven_data_pipeline.py
[2025-06-29T16:08:41.630+0000] {processor.py:914} INFO - Processing file /opt/airflow/dags/driven_data_pipeline.py for tasks to queue
[2025-06-29T16:08:41.632+0000] {logging_mixin.py:190} INFO - [2025-06-29T16:08:41.631+0000] {dagbag.py:588} INFO - Filling up the DagBag from /opt/airflow/dags/driven_data_pipeline.py
[2025-06-29T16:08:41.948+0000] {processor.py:925} INFO - DAG(s) 'extract_raw_data_pipeline' retrieved from /opt/airflow/dags/driven_data_pipeline.py
[2025-06-29T16:08:41.971+0000] {logging_mixin.py:190} INFO - [2025-06-29T16:08:41.971+0000] {dag.py:3239} INFO - Sync 1 DAGs
[2025-06-29T16:08:41.993+0000] {logging_mixin.py:190} INFO - [2025-06-29T16:08:41.992+0000] {dag.py:4180} INFO - Setting next_dagrun for extract_raw_data_pipeline to 2025-06-29 07:58:00+00:00, run_after=2025-06-29 07:59:00+00:00
[2025-06-29T16:08:42.115+0000] {processor.py:208} INFO - Processing /opt/airflow/dags/driven_data_pipeline.py took 0.494 seconds
[2025-06-29T16:09:12.482+0000] {processor.py:186} INFO - Started process (PID=5091) to work on /opt/airflow/dags/driven_data_pipeline.py
[2025-06-29T16:09:12.483+0000] {processor.py:914} INFO - Processing file /opt/airflow/dags/driven_data_pipeline.py for tasks to queue
[2025-06-29T16:09:12.487+0000] {logging_mixin.py:190} INFO - [2025-06-29T16:09:12.487+0000] {dagbag.py:588} INFO - Filling up the DagBag from /opt/airflow/dags/driven_data_pipeline.py
[2025-06-29T16:09:12.796+0000] {processor.py:925} INFO - DAG(s) 'extract_raw_data_pipeline' retrieved from /opt/airflow/dags/driven_data_pipeline.py
[2025-06-29T16:09:12.819+0000] {logging_mixin.py:190} INFO - [2025-06-29T16:09:12.818+0000] {dag.py:3239} INFO - Sync 1 DAGs
[2025-06-29T16:09:12.839+0000] {logging_mixin.py:190} INFO - [2025-06-29T16:09:12.838+0000] {dag.py:4180} INFO - Setting next_dagrun for extract_raw_data_pipeline to 2025-06-29 07:58:00+00:00, run_after=2025-06-29 07:59:00+00:00
[2025-06-29T16:09:12.976+0000] {processor.py:208} INFO - Processing /opt/airflow/dags/driven_data_pipeline.py took 0.506 seconds
[2025-06-29T16:09:43.357+0000] {processor.py:186} INFO - Started process (PID=5099) to work on /opt/airflow/dags/driven_data_pipeline.py
[2025-06-29T16:09:43.358+0000] {processor.py:914} INFO - Processing file /opt/airflow/dags/driven_data_pipeline.py for tasks to queue
[2025-06-29T16:09:43.360+0000] {logging_mixin.py:190} INFO - [2025-06-29T16:09:43.360+0000] {dagbag.py:588} INFO - Filling up the DagBag from /opt/airflow/dags/driven_data_pipeline.py
[2025-06-29T16:09:43.697+0000] {processor.py:925} INFO - DAG(s) 'extract_raw_data_pipeline' retrieved from /opt/airflow/dags/driven_data_pipeline.py
[2025-06-29T16:09:43.726+0000] {logging_mixin.py:190} INFO - [2025-06-29T16:09:43.726+0000] {dag.py:3239} INFO - Sync 1 DAGs
[2025-06-29T16:09:43.757+0000] {logging_mixin.py:190} INFO - [2025-06-29T16:09:43.756+0000] {dag.py:4180} INFO - Setting next_dagrun for extract_raw_data_pipeline to 2025-06-29 07:58:00+00:00, run_after=2025-06-29 07:59:00+00:00
[2025-06-29T16:09:43.809+0000] {processor.py:208} INFO - Processing /opt/airflow/dags/driven_data_pipeline.py took 0.459 seconds
[2025-06-29T16:10:14.182+0000] {processor.py:186} INFO - Started process (PID=5107) to work on /opt/airflow/dags/driven_data_pipeline.py
[2025-06-29T16:10:14.182+0000] {processor.py:914} INFO - Processing file /opt/airflow/dags/driven_data_pipeline.py for tasks to queue
[2025-06-29T16:10:14.184+0000] {logging_mixin.py:190} INFO - [2025-06-29T16:10:14.184+0000] {dagbag.py:588} INFO - Filling up the DagBag from /opt/airflow/dags/driven_data_pipeline.py
[2025-06-29T16:10:14.507+0000] {processor.py:925} INFO - DAG(s) 'extract_raw_data_pipeline' retrieved from /opt/airflow/dags/driven_data_pipeline.py
[2025-06-29T16:10:14.529+0000] {logging_mixin.py:190} INFO - [2025-06-29T16:10:14.528+0000] {dag.py:3239} INFO - Sync 1 DAGs
[2025-06-29T16:10:14.550+0000] {logging_mixin.py:190} INFO - [2025-06-29T16:10:14.550+0000] {dag.py:4180} INFO - Setting next_dagrun for extract_raw_data_pipeline to 2025-06-29 07:58:00+00:00, run_after=2025-06-29 07:59:00+00:00
[2025-06-29T16:10:14.582+0000] {processor.py:208} INFO - Processing /opt/airflow/dags/driven_data_pipeline.py took 0.409 seconds
[2025-06-29T16:10:44.932+0000] {processor.py:186} INFO - Started process (PID=5115) to work on /opt/airflow/dags/driven_data_pipeline.py
[2025-06-29T16:10:44.933+0000] {processor.py:914} INFO - Processing file /opt/airflow/dags/driven_data_pipeline.py for tasks to queue
[2025-06-29T16:10:44.936+0000] {logging_mixin.py:190} INFO - [2025-06-29T16:10:44.936+0000] {dagbag.py:588} INFO - Filling up the DagBag from /opt/airflow/dags/driven_data_pipeline.py
[2025-06-29T16:10:45.257+0000] {processor.py:925} INFO - DAG(s) 'extract_raw_data_pipeline' retrieved from /opt/airflow/dags/driven_data_pipeline.py
[2025-06-29T16:10:45.279+0000] {logging_mixin.py:190} INFO - [2025-06-29T16:10:45.279+0000] {dag.py:3239} INFO - Sync 1 DAGs
[2025-06-29T16:10:45.303+0000] {logging_mixin.py:190} INFO - [2025-06-29T16:10:45.302+0000] {dag.py:4180} INFO - Setting next_dagrun for extract_raw_data_pipeline to 2025-06-29 07:58:00+00:00, run_after=2025-06-29 07:59:00+00:00
[2025-06-29T16:10:45.345+0000] {processor.py:208} INFO - Processing /opt/airflow/dags/driven_data_pipeline.py took 0.422 seconds
[2025-06-29T16:11:15.715+0000] {processor.py:186} INFO - Started process (PID=5123) to work on /opt/airflow/dags/driven_data_pipeline.py
[2025-06-29T16:11:15.716+0000] {processor.py:914} INFO - Processing file /opt/airflow/dags/driven_data_pipeline.py for tasks to queue
[2025-06-29T16:11:15.719+0000] {logging_mixin.py:190} INFO - [2025-06-29T16:11:15.718+0000] {dagbag.py:588} INFO - Filling up the DagBag from /opt/airflow/dags/driven_data_pipeline.py
[2025-06-29T16:11:16.026+0000] {processor.py:925} INFO - DAG(s) 'extract_raw_data_pipeline' retrieved from /opt/airflow/dags/driven_data_pipeline.py
[2025-06-29T16:11:16.048+0000] {logging_mixin.py:190} INFO - [2025-06-29T16:11:16.048+0000] {dag.py:3239} INFO - Sync 1 DAGs
[2025-06-29T16:11:16.068+0000] {logging_mixin.py:190} INFO - [2025-06-29T16:11:16.068+0000] {dag.py:4180} INFO - Setting next_dagrun for extract_raw_data_pipeline to 2025-06-29 07:58:00+00:00, run_after=2025-06-29 07:59:00+00:00
[2025-06-29T16:11:16.121+0000] {processor.py:208} INFO - Processing /opt/airflow/dags/driven_data_pipeline.py took 0.415 seconds
[2025-06-29T16:11:46.508+0000] {processor.py:186} INFO - Started process (PID=5132) to work on /opt/airflow/dags/driven_data_pipeline.py
[2025-06-29T16:11:46.509+0000] {processor.py:914} INFO - Processing file /opt/airflow/dags/driven_data_pipeline.py for tasks to queue
[2025-06-29T16:11:46.513+0000] {logging_mixin.py:190} INFO - [2025-06-29T16:11:46.512+0000] {dagbag.py:588} INFO - Filling up the DagBag from /opt/airflow/dags/driven_data_pipeline.py
[2025-06-29T16:11:46.824+0000] {processor.py:925} INFO - DAG(s) 'extract_raw_data_pipeline' retrieved from /opt/airflow/dags/driven_data_pipeline.py
[2025-06-29T16:11:46.847+0000] {logging_mixin.py:190} INFO - [2025-06-29T16:11:46.846+0000] {dag.py:3239} INFO - Sync 1 DAGs
[2025-06-29T16:11:46.868+0000] {logging_mixin.py:190} INFO - [2025-06-29T16:11:46.868+0000] {dag.py:4180} INFO - Setting next_dagrun for extract_raw_data_pipeline to 2025-06-29 07:58:00+00:00, run_after=2025-06-29 07:59:00+00:00
[2025-06-29T16:11:46.925+0000] {processor.py:208} INFO - Processing /opt/airflow/dags/driven_data_pipeline.py took 0.427 seconds
[2025-06-29T16:12:17.316+0000] {processor.py:186} INFO - Started process (PID=5140) to work on /opt/airflow/dags/driven_data_pipeline.py
[2025-06-29T16:12:17.317+0000] {processor.py:914} INFO - Processing file /opt/airflow/dags/driven_data_pipeline.py for tasks to queue
[2025-06-29T16:12:17.320+0000] {logging_mixin.py:190} INFO - [2025-06-29T16:12:17.320+0000] {dagbag.py:588} INFO - Filling up the DagBag from /opt/airflow/dags/driven_data_pipeline.py
[2025-06-29T16:12:17.632+0000] {processor.py:925} INFO - DAG(s) 'extract_raw_data_pipeline' retrieved from /opt/airflow/dags/driven_data_pipeline.py
[2025-06-29T16:12:17.655+0000] {logging_mixin.py:190} INFO - [2025-06-29T16:12:17.655+0000] {dag.py:3239} INFO - Sync 1 DAGs
[2025-06-29T16:12:17.682+0000] {logging_mixin.py:190} INFO - [2025-06-29T16:12:17.681+0000] {dag.py:4180} INFO - Setting next_dagrun for extract_raw_data_pipeline to 2025-06-29 07:58:00+00:00, run_after=2025-06-29 07:59:00+00:00
[2025-06-29T16:12:17.729+0000] {processor.py:208} INFO - Processing /opt/airflow/dags/driven_data_pipeline.py took 0.423 seconds
[2025-06-29T16:12:48.061+0000] {processor.py:186} INFO - Started process (PID=5148) to work on /opt/airflow/dags/driven_data_pipeline.py
[2025-06-29T16:12:48.062+0000] {processor.py:914} INFO - Processing file /opt/airflow/dags/driven_data_pipeline.py for tasks to queue
[2025-06-29T16:12:48.064+0000] {logging_mixin.py:190} INFO - [2025-06-29T16:12:48.064+0000] {dagbag.py:588} INFO - Filling up the DagBag from /opt/airflow/dags/driven_data_pipeline.py
[2025-06-29T16:12:48.377+0000] {processor.py:925} INFO - DAG(s) 'extract_raw_data_pipeline' retrieved from /opt/airflow/dags/driven_data_pipeline.py
[2025-06-29T16:12:48.400+0000] {logging_mixin.py:190} INFO - [2025-06-29T16:12:48.400+0000] {dag.py:3239} INFO - Sync 1 DAGs
[2025-06-29T16:12:48.420+0000] {logging_mixin.py:190} INFO - [2025-06-29T16:12:48.420+0000] {dag.py:4180} INFO - Setting next_dagrun for extract_raw_data_pipeline to 2025-06-29 07:58:00+00:00, run_after=2025-06-29 07:59:00+00:00
[2025-06-29T16:12:48.453+0000] {processor.py:208} INFO - Processing /opt/airflow/dags/driven_data_pipeline.py took 0.400 seconds
[2025-06-29T16:13:18.822+0000] {processor.py:186} INFO - Started process (PID=5156) to work on /opt/airflow/dags/driven_data_pipeline.py
[2025-06-29T16:13:18.823+0000] {processor.py:914} INFO - Processing file /opt/airflow/dags/driven_data_pipeline.py for tasks to queue
[2025-06-29T16:13:18.825+0000] {logging_mixin.py:190} INFO - [2025-06-29T16:13:18.825+0000] {dagbag.py:588} INFO - Filling up the DagBag from /opt/airflow/dags/driven_data_pipeline.py
[2025-06-29T16:13:19.157+0000] {processor.py:925} INFO - DAG(s) 'extract_raw_data_pipeline' retrieved from /opt/airflow/dags/driven_data_pipeline.py
[2025-06-29T16:13:19.181+0000] {logging_mixin.py:190} INFO - [2025-06-29T16:13:19.181+0000] {dag.py:3239} INFO - Sync 1 DAGs
[2025-06-29T16:13:19.203+0000] {logging_mixin.py:190} INFO - [2025-06-29T16:13:19.202+0000] {dag.py:4180} INFO - Setting next_dagrun for extract_raw_data_pipeline to 2025-06-29 07:58:00+00:00, run_after=2025-06-29 07:59:00+00:00
[2025-06-29T16:13:19.241+0000] {processor.py:208} INFO - Processing /opt/airflow/dags/driven_data_pipeline.py took 0.425 seconds
[2025-06-29T16:13:49.635+0000] {processor.py:186} INFO - Started process (PID=5164) to work on /opt/airflow/dags/driven_data_pipeline.py
[2025-06-29T16:13:49.637+0000] {processor.py:914} INFO - Processing file /opt/airflow/dags/driven_data_pipeline.py for tasks to queue
[2025-06-29T16:13:49.640+0000] {logging_mixin.py:190} INFO - [2025-06-29T16:13:49.640+0000] {dagbag.py:588} INFO - Filling up the DagBag from /opt/airflow/dags/driven_data_pipeline.py
[2025-06-29T16:13:49.951+0000] {processor.py:925} INFO - DAG(s) 'extract_raw_data_pipeline' retrieved from /opt/airflow/dags/driven_data_pipeline.py
[2025-06-29T16:13:49.973+0000] {logging_mixin.py:190} INFO - [2025-06-29T16:13:49.973+0000] {dag.py:3239} INFO - Sync 1 DAGs
[2025-06-29T16:13:49.999+0000] {logging_mixin.py:190} INFO - [2025-06-29T16:13:49.998+0000] {dag.py:4180} INFO - Setting next_dagrun for extract_raw_data_pipeline to 2025-06-29 07:58:00+00:00, run_after=2025-06-29 07:59:00+00:00
[2025-06-29T16:13:50.065+0000] {processor.py:208} INFO - Processing /opt/airflow/dags/driven_data_pipeline.py took 0.440 seconds
[2025-06-29T16:14:20.442+0000] {processor.py:186} INFO - Started process (PID=5172) to work on /opt/airflow/dags/driven_data_pipeline.py
[2025-06-29T16:14:20.443+0000] {processor.py:914} INFO - Processing file /opt/airflow/dags/driven_data_pipeline.py for tasks to queue
[2025-06-29T16:14:20.447+0000] {logging_mixin.py:190} INFO - [2025-06-29T16:14:20.447+0000] {dagbag.py:588} INFO - Filling up the DagBag from /opt/airflow/dags/driven_data_pipeline.py
[2025-06-29T16:14:20.779+0000] {processor.py:925} INFO - DAG(s) 'extract_raw_data_pipeline' retrieved from /opt/airflow/dags/driven_data_pipeline.py
[2025-06-29T16:14:20.804+0000] {logging_mixin.py:190} INFO - [2025-06-29T16:14:20.804+0000] {dag.py:3239} INFO - Sync 1 DAGs
[2025-06-29T16:14:20.826+0000] {logging_mixin.py:190} INFO - [2025-06-29T16:14:20.826+0000] {dag.py:4180} INFO - Setting next_dagrun for extract_raw_data_pipeline to 2025-06-29 07:58:00+00:00, run_after=2025-06-29 07:59:00+00:00
[2025-06-29T16:14:20.859+0000] {processor.py:208} INFO - Processing /opt/airflow/dags/driven_data_pipeline.py took 0.427 seconds
[2025-06-29T16:14:51.220+0000] {processor.py:186} INFO - Started process (PID=5186) to work on /opt/airflow/dags/driven_data_pipeline.py
[2025-06-29T16:14:51.233+0000] {processor.py:914} INFO - Processing file /opt/airflow/dags/driven_data_pipeline.py for tasks to queue
[2025-06-29T16:14:51.237+0000] {logging_mixin.py:190} INFO - [2025-06-29T16:14:51.236+0000] {dagbag.py:588} INFO - Filling up the DagBag from /opt/airflow/dags/driven_data_pipeline.py
[2025-06-29T16:14:51.547+0000] {processor.py:925} INFO - DAG(s) 'extract_raw_data_pipeline' retrieved from /opt/airflow/dags/driven_data_pipeline.py
[2025-06-29T16:14:51.569+0000] {logging_mixin.py:190} INFO - [2025-06-29T16:14:51.569+0000] {dag.py:3239} INFO - Sync 1 DAGs
[2025-06-29T16:14:51.590+0000] {logging_mixin.py:190} INFO - [2025-06-29T16:14:51.589+0000] {dag.py:4180} INFO - Setting next_dagrun for extract_raw_data_pipeline to 2025-06-29 07:58:00+00:00, run_after=2025-06-29 07:59:00+00:00
[2025-06-29T16:14:51.635+0000] {processor.py:208} INFO - Processing /opt/airflow/dags/driven_data_pipeline.py took 0.426 seconds
[2025-06-29T16:15:22.025+0000] {processor.py:186} INFO - Started process (PID=5194) to work on /opt/airflow/dags/driven_data_pipeline.py
[2025-06-29T16:15:22.026+0000] {processor.py:914} INFO - Processing file /opt/airflow/dags/driven_data_pipeline.py for tasks to queue
[2025-06-29T16:15:22.030+0000] {logging_mixin.py:190} INFO - [2025-06-29T16:15:22.029+0000] {dagbag.py:588} INFO - Filling up the DagBag from /opt/airflow/dags/driven_data_pipeline.py
[2025-06-29T16:15:22.350+0000] {processor.py:925} INFO - DAG(s) 'extract_raw_data_pipeline' retrieved from /opt/airflow/dags/driven_data_pipeline.py
[2025-06-29T16:15:22.372+0000] {logging_mixin.py:190} INFO - [2025-06-29T16:15:22.371+0000] {dag.py:3239} INFO - Sync 1 DAGs
[2025-06-29T16:15:22.393+0000] {logging_mixin.py:190} INFO - [2025-06-29T16:15:22.393+0000] {dag.py:4180} INFO - Setting next_dagrun for extract_raw_data_pipeline to 2025-06-29 07:58:00+00:00, run_after=2025-06-29 07:59:00+00:00
[2025-06-29T16:15:22.429+0000] {processor.py:208} INFO - Processing /opt/airflow/dags/driven_data_pipeline.py took 0.414 seconds
[2025-06-29T16:15:52.802+0000] {processor.py:186} INFO - Started process (PID=5202) to work on /opt/airflow/dags/driven_data_pipeline.py
[2025-06-29T16:15:52.804+0000] {processor.py:914} INFO - Processing file /opt/airflow/dags/driven_data_pipeline.py for tasks to queue
[2025-06-29T16:15:52.808+0000] {logging_mixin.py:190} INFO - [2025-06-29T16:15:52.807+0000] {dagbag.py:588} INFO - Filling up the DagBag from /opt/airflow/dags/driven_data_pipeline.py
[2025-06-29T16:15:53.118+0000] {processor.py:925} INFO - DAG(s) 'extract_raw_data_pipeline' retrieved from /opt/airflow/dags/driven_data_pipeline.py
[2025-06-29T16:15:53.140+0000] {logging_mixin.py:190} INFO - [2025-06-29T16:15:53.140+0000] {dag.py:3239} INFO - Sync 1 DAGs
[2025-06-29T16:15:53.161+0000] {logging_mixin.py:190} INFO - [2025-06-29T16:15:53.160+0000] {dag.py:4180} INFO - Setting next_dagrun for extract_raw_data_pipeline to 2025-06-29 07:58:00+00:00, run_after=2025-06-29 07:59:00+00:00
[2025-06-29T16:15:53.216+0000] {processor.py:208} INFO - Processing /opt/airflow/dags/driven_data_pipeline.py took 0.425 seconds
[2025-06-29T16:16:23.614+0000] {processor.py:186} INFO - Started process (PID=5210) to work on /opt/airflow/dags/driven_data_pipeline.py
[2025-06-29T16:16:23.615+0000] {processor.py:914} INFO - Processing file /opt/airflow/dags/driven_data_pipeline.py for tasks to queue
[2025-06-29T16:16:23.617+0000] {logging_mixin.py:190} INFO - [2025-06-29T16:16:23.616+0000] {dagbag.py:588} INFO - Filling up the DagBag from /opt/airflow/dags/driven_data_pipeline.py
[2025-06-29T16:16:23.967+0000] {processor.py:925} INFO - DAG(s) 'extract_raw_data_pipeline' retrieved from /opt/airflow/dags/driven_data_pipeline.py
[2025-06-29T16:16:23.989+0000] {logging_mixin.py:190} INFO - [2025-06-29T16:16:23.989+0000] {dag.py:3239} INFO - Sync 1 DAGs
[2025-06-29T16:16:24.019+0000] {logging_mixin.py:190} INFO - [2025-06-29T16:16:24.019+0000] {dag.py:4180} INFO - Setting next_dagrun for extract_raw_data_pipeline to 2025-06-29 07:58:00+00:00, run_after=2025-06-29 07:59:00+00:00
[2025-06-29T16:16:24.062+0000] {processor.py:208} INFO - Processing /opt/airflow/dags/driven_data_pipeline.py took 0.455 seconds
[2025-06-29T16:16:54.489+0000] {processor.py:186} INFO - Started process (PID=5218) to work on /opt/airflow/dags/driven_data_pipeline.py
[2025-06-29T16:16:54.490+0000] {processor.py:914} INFO - Processing file /opt/airflow/dags/driven_data_pipeline.py for tasks to queue
[2025-06-29T16:16:54.493+0000] {logging_mixin.py:190} INFO - [2025-06-29T16:16:54.493+0000] {dagbag.py:588} INFO - Filling up the DagBag from /opt/airflow/dags/driven_data_pipeline.py
[2025-06-29T16:16:54.819+0000] {processor.py:925} INFO - DAG(s) 'extract_raw_data_pipeline' retrieved from /opt/airflow/dags/driven_data_pipeline.py
[2025-06-29T16:16:54.850+0000] {logging_mixin.py:190} INFO - [2025-06-29T16:16:54.849+0000] {dag.py:3239} INFO - Sync 1 DAGs
[2025-06-29T16:16:54.873+0000] {logging_mixin.py:190} INFO - [2025-06-29T16:16:54.873+0000] {dag.py:4180} INFO - Setting next_dagrun for extract_raw_data_pipeline to 2025-06-29 07:58:00+00:00, run_after=2025-06-29 07:59:00+00:00
[2025-06-29T16:16:54.914+0000] {processor.py:208} INFO - Processing /opt/airflow/dags/driven_data_pipeline.py took 0.435 seconds
[2025-06-29T16:17:25.292+0000] {processor.py:186} INFO - Started process (PID=5226) to work on /opt/airflow/dags/driven_data_pipeline.py
[2025-06-29T16:17:25.293+0000] {processor.py:914} INFO - Processing file /opt/airflow/dags/driven_data_pipeline.py for tasks to queue
[2025-06-29T16:17:25.296+0000] {logging_mixin.py:190} INFO - [2025-06-29T16:17:25.295+0000] {dagbag.py:588} INFO - Filling up the DagBag from /opt/airflow/dags/driven_data_pipeline.py
[2025-06-29T16:17:25.600+0000] {processor.py:925} INFO - DAG(s) 'extract_raw_data_pipeline' retrieved from /opt/airflow/dags/driven_data_pipeline.py
[2025-06-29T16:17:25.622+0000] {logging_mixin.py:190} INFO - [2025-06-29T16:17:25.621+0000] {dag.py:3239} INFO - Sync 1 DAGs
[2025-06-29T16:17:25.642+0000] {logging_mixin.py:190} INFO - [2025-06-29T16:17:25.642+0000] {dag.py:4180} INFO - Setting next_dagrun for extract_raw_data_pipeline to 2025-06-29 07:58:00+00:00, run_after=2025-06-29 07:59:00+00:00
[2025-06-29T16:17:25.684+0000] {processor.py:208} INFO - Processing /opt/airflow/dags/driven_data_pipeline.py took 0.400 seconds
[2025-06-29T16:17:56.062+0000] {processor.py:186} INFO - Started process (PID=5234) to work on /opt/airflow/dags/driven_data_pipeline.py
[2025-06-29T16:17:56.064+0000] {processor.py:914} INFO - Processing file /opt/airflow/dags/driven_data_pipeline.py for tasks to queue
[2025-06-29T16:17:56.067+0000] {logging_mixin.py:190} INFO - [2025-06-29T16:17:56.067+0000] {dagbag.py:588} INFO - Filling up the DagBag from /opt/airflow/dags/driven_data_pipeline.py
[2025-06-29T16:17:56.380+0000] {processor.py:925} INFO - DAG(s) 'extract_raw_data_pipeline' retrieved from /opt/airflow/dags/driven_data_pipeline.py
[2025-06-29T16:17:56.401+0000] {logging_mixin.py:190} INFO - [2025-06-29T16:17:56.401+0000] {dag.py:3239} INFO - Sync 1 DAGs
[2025-06-29T16:17:56.422+0000] {logging_mixin.py:190} INFO - [2025-06-29T16:17:56.422+0000] {dag.py:4180} INFO - Setting next_dagrun for extract_raw_data_pipeline to 2025-06-29 07:58:00+00:00, run_after=2025-06-29 07:59:00+00:00
[2025-06-29T16:17:56.454+0000] {processor.py:208} INFO - Processing /opt/airflow/dags/driven_data_pipeline.py took 0.402 seconds
[2025-06-29T16:18:26.828+0000] {processor.py:186} INFO - Started process (PID=5242) to work on /opt/airflow/dags/driven_data_pipeline.py
[2025-06-29T16:18:26.830+0000] {processor.py:914} INFO - Processing file /opt/airflow/dags/driven_data_pipeline.py for tasks to queue
[2025-06-29T16:18:26.833+0000] {logging_mixin.py:190} INFO - [2025-06-29T16:18:26.833+0000] {dagbag.py:588} INFO - Filling up the DagBag from /opt/airflow/dags/driven_data_pipeline.py
[2025-06-29T16:18:27.148+0000] {processor.py:925} INFO - DAG(s) 'extract_raw_data_pipeline' retrieved from /opt/airflow/dags/driven_data_pipeline.py
[2025-06-29T16:18:27.170+0000] {logging_mixin.py:190} INFO - [2025-06-29T16:18:27.170+0000] {dag.py:3239} INFO - Sync 1 DAGs
[2025-06-29T16:18:27.192+0000] {logging_mixin.py:190} INFO - [2025-06-29T16:18:27.191+0000] {dag.py:4180} INFO - Setting next_dagrun for extract_raw_data_pipeline to 2025-06-29 07:58:00+00:00, run_after=2025-06-29 07:59:00+00:00
[2025-06-29T16:18:27.244+0000] {processor.py:208} INFO - Processing /opt/airflow/dags/driven_data_pipeline.py took 0.426 seconds
[2025-06-29T16:18:57.618+0000] {processor.py:186} INFO - Started process (PID=5250) to work on /opt/airflow/dags/driven_data_pipeline.py
[2025-06-29T16:18:57.620+0000] {processor.py:914} INFO - Processing file /opt/airflow/dags/driven_data_pipeline.py for tasks to queue
[2025-06-29T16:18:57.622+0000] {logging_mixin.py:190} INFO - [2025-06-29T16:18:57.622+0000] {dagbag.py:588} INFO - Filling up the DagBag from /opt/airflow/dags/driven_data_pipeline.py
[2025-06-29T16:18:57.928+0000] {processor.py:925} INFO - DAG(s) 'extract_raw_data_pipeline' retrieved from /opt/airflow/dags/driven_data_pipeline.py
[2025-06-29T16:18:57.952+0000] {logging_mixin.py:190} INFO - [2025-06-29T16:18:57.952+0000] {dag.py:3239} INFO - Sync 1 DAGs
[2025-06-29T16:18:57.974+0000] {logging_mixin.py:190} INFO - [2025-06-29T16:18:57.974+0000] {dag.py:4180} INFO - Setting next_dagrun for extract_raw_data_pipeline to 2025-06-29 07:58:00+00:00, run_after=2025-06-29 07:59:00+00:00
[2025-06-29T16:18:58.170+0000] {processor.py:208} INFO - Processing /opt/airflow/dags/driven_data_pipeline.py took 0.560 seconds
[2025-06-29T16:19:28.487+0000] {processor.py:186} INFO - Started process (PID=5258) to work on /opt/airflow/dags/driven_data_pipeline.py
[2025-06-29T16:19:28.488+0000] {processor.py:914} INFO - Processing file /opt/airflow/dags/driven_data_pipeline.py for tasks to queue
[2025-06-29T16:19:28.491+0000] {logging_mixin.py:190} INFO - [2025-06-29T16:19:28.490+0000] {dagbag.py:588} INFO - Filling up the DagBag from /opt/airflow/dags/driven_data_pipeline.py
[2025-06-29T16:19:28.826+0000] {processor.py:925} INFO - DAG(s) 'extract_raw_data_pipeline' retrieved from /opt/airflow/dags/driven_data_pipeline.py
[2025-06-29T16:19:28.857+0000] {logging_mixin.py:190} INFO - [2025-06-29T16:19:28.857+0000] {dag.py:3239} INFO - Sync 1 DAGs
[2025-06-29T16:19:28.883+0000] {logging_mixin.py:190} INFO - [2025-06-29T16:19:28.882+0000] {dag.py:4180} INFO - Setting next_dagrun for extract_raw_data_pipeline to 2025-06-29 07:58:00+00:00, run_after=2025-06-29 07:59:00+00:00
[2025-06-29T16:19:28.923+0000] {processor.py:208} INFO - Processing /opt/airflow/dags/driven_data_pipeline.py took 0.444 seconds
[2025-06-29T16:19:59.286+0000] {processor.py:186} INFO - Started process (PID=5266) to work on /opt/airflow/dags/driven_data_pipeline.py
[2025-06-29T16:19:59.287+0000] {processor.py:914} INFO - Processing file /opt/airflow/dags/driven_data_pipeline.py for tasks to queue
[2025-06-29T16:19:59.289+0000] {logging_mixin.py:190} INFO - [2025-06-29T16:19:59.289+0000] {dagbag.py:588} INFO - Filling up the DagBag from /opt/airflow/dags/driven_data_pipeline.py
[2025-06-29T16:19:59.608+0000] {processor.py:925} INFO - DAG(s) 'extract_raw_data_pipeline' retrieved from /opt/airflow/dags/driven_data_pipeline.py
[2025-06-29T16:19:59.632+0000] {logging_mixin.py:190} INFO - [2025-06-29T16:19:59.632+0000] {dag.py:3239} INFO - Sync 1 DAGs
[2025-06-29T16:19:59.653+0000] {logging_mixin.py:190} INFO - [2025-06-29T16:19:59.653+0000] {dag.py:4180} INFO - Setting next_dagrun for extract_raw_data_pipeline to 2025-06-29 07:58:00+00:00, run_after=2025-06-29 07:59:00+00:00
[2025-06-29T16:19:59.690+0000] {processor.py:208} INFO - Processing /opt/airflow/dags/driven_data_pipeline.py took 0.411 seconds
[2025-06-29T16:20:30.050+0000] {processor.py:186} INFO - Started process (PID=5274) to work on /opt/airflow/dags/driven_data_pipeline.py
[2025-06-29T16:20:30.051+0000] {processor.py:914} INFO - Processing file /opt/airflow/dags/driven_data_pipeline.py for tasks to queue
[2025-06-29T16:20:30.055+0000] {logging_mixin.py:190} INFO - [2025-06-29T16:20:30.054+0000] {dagbag.py:588} INFO - Filling up the DagBag from /opt/airflow/dags/driven_data_pipeline.py
[2025-06-29T16:20:30.381+0000] {processor.py:925} INFO - DAG(s) 'extract_raw_data_pipeline' retrieved from /opt/airflow/dags/driven_data_pipeline.py
[2025-06-29T16:20:30.403+0000] {logging_mixin.py:190} INFO - [2025-06-29T16:20:30.402+0000] {dag.py:3239} INFO - Sync 1 DAGs
[2025-06-29T16:20:30.425+0000] {logging_mixin.py:190} INFO - [2025-06-29T16:20:30.425+0000] {dag.py:4180} INFO - Setting next_dagrun for extract_raw_data_pipeline to 2025-06-29 07:58:00+00:00, run_after=2025-06-29 07:59:00+00:00
[2025-06-29T16:20:30.478+0000] {processor.py:208} INFO - Processing /opt/airflow/dags/driven_data_pipeline.py took 0.439 seconds
[2025-06-29T16:21:00.851+0000] {processor.py:186} INFO - Started process (PID=5282) to work on /opt/airflow/dags/driven_data_pipeline.py
[2025-06-29T16:21:00.852+0000] {processor.py:914} INFO - Processing file /opt/airflow/dags/driven_data_pipeline.py for tasks to queue
[2025-06-29T16:21:00.855+0000] {logging_mixin.py:190} INFO - [2025-06-29T16:21:00.855+0000] {dagbag.py:588} INFO - Filling up the DagBag from /opt/airflow/dags/driven_data_pipeline.py
[2025-06-29T16:21:01.172+0000] {processor.py:925} INFO - DAG(s) 'extract_raw_data_pipeline' retrieved from /opt/airflow/dags/driven_data_pipeline.py
[2025-06-29T16:21:01.195+0000] {logging_mixin.py:190} INFO - [2025-06-29T16:21:01.195+0000] {dag.py:3239} INFO - Sync 1 DAGs
[2025-06-29T16:21:01.218+0000] {logging_mixin.py:190} INFO - [2025-06-29T16:21:01.218+0000] {dag.py:4180} INFO - Setting next_dagrun for extract_raw_data_pipeline to 2025-06-29 07:58:00+00:00, run_after=2025-06-29 07:59:00+00:00
[2025-06-29T16:21:01.253+0000] {processor.py:208} INFO - Processing /opt/airflow/dags/driven_data_pipeline.py took 0.413 seconds
[2025-06-29T16:21:31.625+0000] {processor.py:186} INFO - Started process (PID=5290) to work on /opt/airflow/dags/driven_data_pipeline.py
[2025-06-29T16:21:31.626+0000] {processor.py:914} INFO - Processing file /opt/airflow/dags/driven_data_pipeline.py for tasks to queue
[2025-06-29T16:21:31.629+0000] {logging_mixin.py:190} INFO - [2025-06-29T16:21:31.628+0000] {dagbag.py:588} INFO - Filling up the DagBag from /opt/airflow/dags/driven_data_pipeline.py
[2025-06-29T16:21:31.939+0000] {processor.py:925} INFO - DAG(s) 'extract_raw_data_pipeline' retrieved from /opt/airflow/dags/driven_data_pipeline.py
[2025-06-29T16:21:31.961+0000] {logging_mixin.py:190} INFO - [2025-06-29T16:21:31.960+0000] {dag.py:3239} INFO - Sync 1 DAGs
[2025-06-29T16:21:31.982+0000] {logging_mixin.py:190} INFO - [2025-06-29T16:21:31.982+0000] {dag.py:4180} INFO - Setting next_dagrun for extract_raw_data_pipeline to 2025-06-29 07:58:00+00:00, run_after=2025-06-29 07:59:00+00:00
[2025-06-29T16:21:32.013+0000] {processor.py:208} INFO - Processing /opt/airflow/dags/driven_data_pipeline.py took 0.396 seconds
[2025-06-29T16:22:02.371+0000] {processor.py:186} INFO - Started process (PID=5298) to work on /opt/airflow/dags/driven_data_pipeline.py
[2025-06-29T16:22:02.373+0000] {processor.py:914} INFO - Processing file /opt/airflow/dags/driven_data_pipeline.py for tasks to queue
[2025-06-29T16:22:02.377+0000] {logging_mixin.py:190} INFO - [2025-06-29T16:22:02.376+0000] {dagbag.py:588} INFO - Filling up the DagBag from /opt/airflow/dags/driven_data_pipeline.py
[2025-06-29T16:22:02.694+0000] {processor.py:925} INFO - DAG(s) 'extract_raw_data_pipeline' retrieved from /opt/airflow/dags/driven_data_pipeline.py
[2025-06-29T16:22:02.715+0000] {logging_mixin.py:190} INFO - [2025-06-29T16:22:02.715+0000] {dag.py:3239} INFO - Sync 1 DAGs
[2025-06-29T16:22:02.736+0000] {logging_mixin.py:190} INFO - [2025-06-29T16:22:02.736+0000] {dag.py:4180} INFO - Setting next_dagrun for extract_raw_data_pipeline to 2025-06-29 07:58:00+00:00, run_after=2025-06-29 07:59:00+00:00
[2025-06-29T16:22:02.769+0000] {processor.py:208} INFO - Processing /opt/airflow/dags/driven_data_pipeline.py took 0.408 seconds
[2025-06-29T16:22:33.142+0000] {processor.py:186} INFO - Started process (PID=5306) to work on /opt/airflow/dags/driven_data_pipeline.py
[2025-06-29T16:22:33.143+0000] {processor.py:914} INFO - Processing file /opt/airflow/dags/driven_data_pipeline.py for tasks to queue
[2025-06-29T16:22:33.145+0000] {logging_mixin.py:190} INFO - [2025-06-29T16:22:33.144+0000] {dagbag.py:588} INFO - Filling up the DagBag from /opt/airflow/dags/driven_data_pipeline.py
[2025-06-29T16:22:33.463+0000] {processor.py:925} INFO - DAG(s) 'extract_raw_data_pipeline' retrieved from /opt/airflow/dags/driven_data_pipeline.py
[2025-06-29T16:22:33.484+0000] {logging_mixin.py:190} INFO - [2025-06-29T16:22:33.484+0000] {dag.py:3239} INFO - Sync 1 DAGs
[2025-06-29T16:22:33.506+0000] {logging_mixin.py:190} INFO - [2025-06-29T16:22:33.506+0000] {dag.py:4180} INFO - Setting next_dagrun for extract_raw_data_pipeline to 2025-06-29 07:58:00+00:00, run_after=2025-06-29 07:59:00+00:00
[2025-06-29T16:22:33.551+0000] {processor.py:208} INFO - Processing /opt/airflow/dags/driven_data_pipeline.py took 0.416 seconds
[2025-06-29T16:23:03.920+0000] {processor.py:186} INFO - Started process (PID=5314) to work on /opt/airflow/dags/driven_data_pipeline.py
[2025-06-29T16:23:03.921+0000] {processor.py:914} INFO - Processing file /opt/airflow/dags/driven_data_pipeline.py for tasks to queue
[2025-06-29T16:23:03.924+0000] {logging_mixin.py:190} INFO - [2025-06-29T16:23:03.923+0000] {dagbag.py:588} INFO - Filling up the DagBag from /opt/airflow/dags/driven_data_pipeline.py
[2025-06-29T16:23:04.303+0000] {processor.py:925} INFO - DAG(s) 'extract_raw_data_pipeline' retrieved from /opt/airflow/dags/driven_data_pipeline.py
[2025-06-29T16:23:04.327+0000] {logging_mixin.py:190} INFO - [2025-06-29T16:23:04.327+0000] {dag.py:3239} INFO - Sync 1 DAGs
[2025-06-29T16:23:04.348+0000] {logging_mixin.py:190} INFO - [2025-06-29T16:23:04.348+0000] {dag.py:4180} INFO - Setting next_dagrun for extract_raw_data_pipeline to 2025-06-29 07:58:00+00:00, run_after=2025-06-29 07:59:00+00:00
[2025-06-29T16:23:04.401+0000] {processor.py:208} INFO - Processing /opt/airflow/dags/driven_data_pipeline.py took 0.488 seconds
[2025-06-29T16:23:34.795+0000] {processor.py:186} INFO - Started process (PID=5322) to work on /opt/airflow/dags/driven_data_pipeline.py
[2025-06-29T16:23:34.796+0000] {processor.py:914} INFO - Processing file /opt/airflow/dags/driven_data_pipeline.py for tasks to queue
[2025-06-29T16:23:34.798+0000] {logging_mixin.py:190} INFO - [2025-06-29T16:23:34.798+0000] {dagbag.py:588} INFO - Filling up the DagBag from /opt/airflow/dags/driven_data_pipeline.py
[2025-06-29T16:23:35.122+0000] {processor.py:925} INFO - DAG(s) 'extract_raw_data_pipeline' retrieved from /opt/airflow/dags/driven_data_pipeline.py
[2025-06-29T16:23:35.144+0000] {logging_mixin.py:190} INFO - [2025-06-29T16:23:35.144+0000] {dag.py:3239} INFO - Sync 1 DAGs
[2025-06-29T16:23:35.166+0000] {logging_mixin.py:190} INFO - [2025-06-29T16:23:35.165+0000] {dag.py:4180} INFO - Setting next_dagrun for extract_raw_data_pipeline to 2025-06-29 07:58:00+00:00, run_after=2025-06-29 07:59:00+00:00
[2025-06-29T16:23:35.203+0000] {processor.py:208} INFO - Processing /opt/airflow/dags/driven_data_pipeline.py took 0.414 seconds
[2025-06-29T16:24:05.567+0000] {processor.py:186} INFO - Started process (PID=5330) to work on /opt/airflow/dags/driven_data_pipeline.py
[2025-06-29T16:24:05.568+0000] {processor.py:914} INFO - Processing file /opt/airflow/dags/driven_data_pipeline.py for tasks to queue
[2025-06-29T16:24:05.571+0000] {logging_mixin.py:190} INFO - [2025-06-29T16:24:05.571+0000] {dagbag.py:588} INFO - Filling up the DagBag from /opt/airflow/dags/driven_data_pipeline.py
[2025-06-29T16:24:05.888+0000] {processor.py:925} INFO - DAG(s) 'extract_raw_data_pipeline' retrieved from /opt/airflow/dags/driven_data_pipeline.py
[2025-06-29T16:24:05.910+0000] {logging_mixin.py:190} INFO - [2025-06-29T16:24:05.910+0000] {dag.py:3239} INFO - Sync 1 DAGs
[2025-06-29T16:24:05.931+0000] {logging_mixin.py:190} INFO - [2025-06-29T16:24:05.931+0000] {dag.py:4180} INFO - Setting next_dagrun for extract_raw_data_pipeline to 2025-06-29 07:58:00+00:00, run_after=2025-06-29 07:59:00+00:00
[2025-06-29T16:24:05.963+0000] {processor.py:208} INFO - Processing /opt/airflow/dags/driven_data_pipeline.py took 0.406 seconds
[2025-06-29T16:24:36.302+0000] {processor.py:186} INFO - Started process (PID=5338) to work on /opt/airflow/dags/driven_data_pipeline.py
[2025-06-29T16:24:36.303+0000] {processor.py:914} INFO - Processing file /opt/airflow/dags/driven_data_pipeline.py for tasks to queue
[2025-06-29T16:24:36.305+0000] {logging_mixin.py:190} INFO - [2025-06-29T16:24:36.305+0000] {dagbag.py:588} INFO - Filling up the DagBag from /opt/airflow/dags/driven_data_pipeline.py
[2025-06-29T16:24:36.615+0000] {processor.py:925} INFO - DAG(s) 'extract_raw_data_pipeline' retrieved from /opt/airflow/dags/driven_data_pipeline.py
[2025-06-29T16:24:36.637+0000] {logging_mixin.py:190} INFO - [2025-06-29T16:24:36.636+0000] {dag.py:3239} INFO - Sync 1 DAGs
[2025-06-29T16:24:36.660+0000] {logging_mixin.py:190} INFO - [2025-06-29T16:24:36.660+0000] {dag.py:4180} INFO - Setting next_dagrun for extract_raw_data_pipeline to 2025-06-29 07:58:00+00:00, run_after=2025-06-29 07:59:00+00:00
[2025-06-29T16:24:36.697+0000] {processor.py:208} INFO - Processing /opt/airflow/dags/driven_data_pipeline.py took 0.401 seconds
[2025-06-29T16:25:07.039+0000] {processor.py:186} INFO - Started process (PID=5346) to work on /opt/airflow/dags/driven_data_pipeline.py
[2025-06-29T16:25:07.163+0000] {processor.py:914} INFO - Processing file /opt/airflow/dags/driven_data_pipeline.py for tasks to queue
[2025-06-29T16:25:07.171+0000] {logging_mixin.py:190} INFO - [2025-06-29T16:25:07.170+0000] {dagbag.py:588} INFO - Filling up the DagBag from /opt/airflow/dags/driven_data_pipeline.py
[2025-06-29T16:25:07.494+0000] {processor.py:925} INFO - DAG(s) 'extract_raw_data_pipeline' retrieved from /opt/airflow/dags/driven_data_pipeline.py
[2025-06-29T16:25:07.516+0000] {logging_mixin.py:190} INFO - [2025-06-29T16:25:07.516+0000] {dag.py:3239} INFO - Sync 1 DAGs
[2025-06-29T16:25:07.539+0000] {logging_mixin.py:190} INFO - [2025-06-29T16:25:07.539+0000] {dag.py:4180} INFO - Setting next_dagrun for extract_raw_data_pipeline to 2025-06-29 07:58:00+00:00, run_after=2025-06-29 07:59:00+00:00
[2025-06-29T16:25:08.197+0000] {processor.py:208} INFO - Processing /opt/airflow/dags/driven_data_pipeline.py took 1.168 seconds
[2025-06-29T16:25:38.402+0000] {processor.py:186} INFO - Started process (PID=5354) to work on /opt/airflow/dags/driven_data_pipeline.py
[2025-06-29T16:25:38.404+0000] {processor.py:914} INFO - Processing file /opt/airflow/dags/driven_data_pipeline.py for tasks to queue
[2025-06-29T16:25:38.409+0000] {logging_mixin.py:190} INFO - [2025-06-29T16:25:38.408+0000] {dagbag.py:588} INFO - Filling up the DagBag from /opt/airflow/dags/driven_data_pipeline.py
[2025-06-29T16:25:38.721+0000] {processor.py:925} INFO - DAG(s) 'extract_raw_data_pipeline' retrieved from /opt/airflow/dags/driven_data_pipeline.py
[2025-06-29T16:25:38.741+0000] {logging_mixin.py:190} INFO - [2025-06-29T16:25:38.741+0000] {dag.py:3239} INFO - Sync 1 DAGs
[2025-06-29T16:25:38.761+0000] {logging_mixin.py:190} INFO - [2025-06-29T16:25:38.761+0000] {dag.py:4180} INFO - Setting next_dagrun for extract_raw_data_pipeline to 2025-06-29 07:58:00+00:00, run_after=2025-06-29 07:59:00+00:00
[2025-06-29T16:25:38.809+0000] {processor.py:208} INFO - Processing /opt/airflow/dags/driven_data_pipeline.py took 0.422 seconds
[2025-06-29T16:26:08.939+0000] {processor.py:186} INFO - Started process (PID=5362) to work on /opt/airflow/dags/driven_data_pipeline.py
[2025-06-29T16:26:08.941+0000] {processor.py:914} INFO - Processing file /opt/airflow/dags/driven_data_pipeline.py for tasks to queue
[2025-06-29T16:26:08.945+0000] {logging_mixin.py:190} INFO - [2025-06-29T16:26:08.945+0000] {dagbag.py:588} INFO - Filling up the DagBag from /opt/airflow/dags/driven_data_pipeline.py
[2025-06-29T16:26:09.305+0000] {processor.py:925} INFO - DAG(s) 'extract_raw_data_pipeline' retrieved from /opt/airflow/dags/driven_data_pipeline.py
[2025-06-29T16:26:09.332+0000] {logging_mixin.py:190} INFO - [2025-06-29T16:26:09.332+0000] {dag.py:3239} INFO - Sync 1 DAGs
[2025-06-29T16:26:09.364+0000] {logging_mixin.py:190} INFO - [2025-06-29T16:26:09.364+0000] {dag.py:4180} INFO - Setting next_dagrun for extract_raw_data_pipeline to 2025-06-29 07:58:00+00:00, run_after=2025-06-29 07:59:00+00:00
[2025-06-29T16:26:09.398+0000] {processor.py:208} INFO - Processing /opt/airflow/dags/driven_data_pipeline.py took 0.466 seconds
[2025-06-29T16:26:39.668+0000] {processor.py:186} INFO - Started process (PID=5370) to work on /opt/airflow/dags/driven_data_pipeline.py
[2025-06-29T16:26:39.669+0000] {processor.py:914} INFO - Processing file /opt/airflow/dags/driven_data_pipeline.py for tasks to queue
[2025-06-29T16:26:39.671+0000] {logging_mixin.py:190} INFO - [2025-06-29T16:26:39.671+0000] {dagbag.py:588} INFO - Filling up the DagBag from /opt/airflow/dags/driven_data_pipeline.py
[2025-06-29T16:26:40.073+0000] {processor.py:925} INFO - DAG(s) 'extract_raw_data_pipeline' retrieved from /opt/airflow/dags/driven_data_pipeline.py
[2025-06-29T16:26:40.114+0000] {logging_mixin.py:190} INFO - [2025-06-29T16:26:40.114+0000] {dag.py:3239} INFO - Sync 1 DAGs
[2025-06-29T16:26:40.158+0000] {logging_mixin.py:190} INFO - [2025-06-29T16:26:40.158+0000] {dag.py:4180} INFO - Setting next_dagrun for extract_raw_data_pipeline to 2025-06-29 07:58:00+00:00, run_after=2025-06-29 07:59:00+00:00
[2025-06-29T16:26:40.205+0000] {processor.py:208} INFO - Processing /opt/airflow/dags/driven_data_pipeline.py took 0.546 seconds
[2025-06-29T16:27:10.597+0000] {processor.py:186} INFO - Started process (PID=5378) to work on /opt/airflow/dags/driven_data_pipeline.py
[2025-06-29T16:27:10.600+0000] {processor.py:914} INFO - Processing file /opt/airflow/dags/driven_data_pipeline.py for tasks to queue
[2025-06-29T16:27:10.607+0000] {logging_mixin.py:190} INFO - [2025-06-29T16:27:10.606+0000] {dagbag.py:588} INFO - Filling up the DagBag from /opt/airflow/dags/driven_data_pipeline.py
[2025-06-29T16:27:11.066+0000] {processor.py:925} INFO - DAG(s) 'extract_raw_data_pipeline' retrieved from /opt/airflow/dags/driven_data_pipeline.py
[2025-06-29T16:27:11.097+0000] {logging_mixin.py:190} INFO - [2025-06-29T16:27:11.097+0000] {dag.py:3239} INFO - Sync 1 DAGs
[2025-06-29T16:27:11.128+0000] {logging_mixin.py:190} INFO - [2025-06-29T16:27:11.127+0000] {dag.py:4180} INFO - Setting next_dagrun for extract_raw_data_pipeline to 2025-06-29 07:58:00+00:00, run_after=2025-06-29 07:59:00+00:00
[2025-06-29T16:27:11.177+0000] {processor.py:208} INFO - Processing /opt/airflow/dags/driven_data_pipeline.py took 0.602 seconds
[2025-06-29T16:27:41.565+0000] {processor.py:186} INFO - Started process (PID=5386) to work on /opt/airflow/dags/driven_data_pipeline.py
[2025-06-29T16:27:41.568+0000] {processor.py:914} INFO - Processing file /opt/airflow/dags/driven_data_pipeline.py for tasks to queue
[2025-06-29T16:27:41.572+0000] {logging_mixin.py:190} INFO - [2025-06-29T16:27:41.572+0000] {dagbag.py:588} INFO - Filling up the DagBag from /opt/airflow/dags/driven_data_pipeline.py
[2025-06-29T16:27:41.933+0000] {processor.py:925} INFO - DAG(s) 'extract_raw_data_pipeline' retrieved from /opt/airflow/dags/driven_data_pipeline.py
[2025-06-29T16:27:41.960+0000] {logging_mixin.py:190} INFO - [2025-06-29T16:27:41.960+0000] {dag.py:3239} INFO - Sync 1 DAGs
[2025-06-29T16:27:41.982+0000] {logging_mixin.py:190} INFO - [2025-06-29T16:27:41.982+0000] {dag.py:4180} INFO - Setting next_dagrun for extract_raw_data_pipeline to 2025-06-29 07:58:00+00:00, run_after=2025-06-29 07:59:00+00:00
[2025-06-29T16:27:42.025+0000] {processor.py:208} INFO - Processing /opt/airflow/dags/driven_data_pipeline.py took 0.487 seconds
[2025-06-29T16:28:12.443+0000] {processor.py:186} INFO - Started process (PID=5394) to work on /opt/airflow/dags/driven_data_pipeline.py
[2025-06-29T16:28:12.445+0000] {processor.py:914} INFO - Processing file /opt/airflow/dags/driven_data_pipeline.py for tasks to queue
[2025-06-29T16:28:12.448+0000] {logging_mixin.py:190} INFO - [2025-06-29T16:28:12.447+0000] {dagbag.py:588} INFO - Filling up the DagBag from /opt/airflow/dags/driven_data_pipeline.py
[2025-06-29T16:28:12.839+0000] {processor.py:925} INFO - DAG(s) 'extract_raw_data_pipeline' retrieved from /opt/airflow/dags/driven_data_pipeline.py
[2025-06-29T16:28:12.866+0000] {logging_mixin.py:190} INFO - [2025-06-29T16:28:12.866+0000] {dag.py:3239} INFO - Sync 1 DAGs
[2025-06-29T16:28:12.896+0000] {logging_mixin.py:190} INFO - [2025-06-29T16:28:12.896+0000] {dag.py:4180} INFO - Setting next_dagrun for extract_raw_data_pipeline to 2025-06-29 07:58:00+00:00, run_after=2025-06-29 07:59:00+00:00
[2025-06-29T16:28:12.956+0000] {processor.py:208} INFO - Processing /opt/airflow/dags/driven_data_pipeline.py took 0.527 seconds
[2025-06-29T16:28:43.260+0000] {processor.py:186} INFO - Started process (PID=5402) to work on /opt/airflow/dags/driven_data_pipeline.py
[2025-06-29T16:28:43.262+0000] {processor.py:914} INFO - Processing file /opt/airflow/dags/driven_data_pipeline.py for tasks to queue
[2025-06-29T16:28:43.266+0000] {logging_mixin.py:190} INFO - [2025-06-29T16:28:43.266+0000] {dagbag.py:588} INFO - Filling up the DagBag from /opt/airflow/dags/driven_data_pipeline.py
[2025-06-29T16:28:43.694+0000] {processor.py:925} INFO - DAG(s) 'extract_raw_data_pipeline' retrieved from /opt/airflow/dags/driven_data_pipeline.py
[2025-06-29T16:28:43.722+0000] {logging_mixin.py:190} INFO - [2025-06-29T16:28:43.721+0000] {dag.py:3239} INFO - Sync 1 DAGs
[2025-06-29T16:28:43.749+0000] {logging_mixin.py:190} INFO - [2025-06-29T16:28:43.748+0000] {dag.py:4180} INFO - Setting next_dagrun for extract_raw_data_pipeline to 2025-06-29 07:58:00+00:00, run_after=2025-06-29 07:59:00+00:00
[2025-06-29T16:28:43.783+0000] {processor.py:208} INFO - Processing /opt/airflow/dags/driven_data_pipeline.py took 0.536 seconds
[2025-06-29T16:29:14.172+0000] {processor.py:186} INFO - Started process (PID=5410) to work on /opt/airflow/dags/driven_data_pipeline.py
[2025-06-29T16:29:14.174+0000] {processor.py:914} INFO - Processing file /opt/airflow/dags/driven_data_pipeline.py for tasks to queue
[2025-06-29T16:29:14.177+0000] {logging_mixin.py:190} INFO - [2025-06-29T16:29:14.177+0000] {dagbag.py:588} INFO - Filling up the DagBag from /opt/airflow/dags/driven_data_pipeline.py
[2025-06-29T16:29:14.595+0000] {processor.py:925} INFO - DAG(s) 'extract_raw_data_pipeline' retrieved from /opt/airflow/dags/driven_data_pipeline.py
[2025-06-29T16:29:14.624+0000] {logging_mixin.py:190} INFO - [2025-06-29T16:29:14.624+0000] {dag.py:3239} INFO - Sync 1 DAGs
[2025-06-29T16:29:14.660+0000] {logging_mixin.py:190} INFO - [2025-06-29T16:29:14.659+0000] {dag.py:4180} INFO - Setting next_dagrun for extract_raw_data_pipeline to 2025-06-29 07:58:00+00:00, run_after=2025-06-29 07:59:00+00:00
[2025-06-29T16:29:14.702+0000] {processor.py:208} INFO - Processing /opt/airflow/dags/driven_data_pipeline.py took 0.542 seconds
[2025-06-29T16:29:45.078+0000] {processor.py:186} INFO - Started process (PID=5418) to work on /opt/airflow/dags/driven_data_pipeline.py
[2025-06-29T16:29:45.080+0000] {processor.py:914} INFO - Processing file /opt/airflow/dags/driven_data_pipeline.py for tasks to queue
[2025-06-29T16:29:45.084+0000] {logging_mixin.py:190} INFO - [2025-06-29T16:29:45.083+0000] {dagbag.py:588} INFO - Filling up the DagBag from /opt/airflow/dags/driven_data_pipeline.py
[2025-06-29T16:29:45.432+0000] {processor.py:925} INFO - DAG(s) 'extract_raw_data_pipeline' retrieved from /opt/airflow/dags/driven_data_pipeline.py
[2025-06-29T16:29:45.457+0000] {logging_mixin.py:190} INFO - [2025-06-29T16:29:45.457+0000] {dag.py:3239} INFO - Sync 1 DAGs
[2025-06-29T16:29:45.478+0000] {logging_mixin.py:190} INFO - [2025-06-29T16:29:45.478+0000] {dag.py:4180} INFO - Setting next_dagrun for extract_raw_data_pipeline to 2025-06-29 07:58:00+00:00, run_after=2025-06-29 07:59:00+00:00
[2025-06-29T16:29:45.531+0000] {processor.py:208} INFO - Processing /opt/airflow/dags/driven_data_pipeline.py took 0.466 seconds
[2025-06-29T16:30:16.019+0000] {processor.py:186} INFO - Started process (PID=5426) to work on /opt/airflow/dags/driven_data_pipeline.py
[2025-06-29T16:30:16.023+0000] {processor.py:914} INFO - Processing file /opt/airflow/dags/driven_data_pipeline.py for tasks to queue
[2025-06-29T16:30:16.032+0000] {logging_mixin.py:190} INFO - [2025-06-29T16:30:16.031+0000] {dagbag.py:588} INFO - Filling up the DagBag from /opt/airflow/dags/driven_data_pipeline.py
[2025-06-29T16:30:16.389+0000] {processor.py:925} INFO - DAG(s) 'extract_raw_data_pipeline' retrieved from /opt/airflow/dags/driven_data_pipeline.py
[2025-06-29T16:30:16.411+0000] {logging_mixin.py:190} INFO - [2025-06-29T16:30:16.411+0000] {dag.py:3239} INFO - Sync 1 DAGs
[2025-06-29T16:30:16.436+0000] {logging_mixin.py:190} INFO - [2025-06-29T16:30:16.436+0000] {dag.py:4180} INFO - Setting next_dagrun for extract_raw_data_pipeline to 2025-06-29 07:58:00+00:00, run_after=2025-06-29 07:59:00+00:00
[2025-06-29T16:30:16.475+0000] {processor.py:208} INFO - Processing /opt/airflow/dags/driven_data_pipeline.py took 0.491 seconds
[2025-06-29T16:30:46.854+0000] {processor.py:186} INFO - Started process (PID=5434) to work on /opt/airflow/dags/driven_data_pipeline.py
[2025-06-29T16:30:46.855+0000] {processor.py:914} INFO - Processing file /opt/airflow/dags/driven_data_pipeline.py for tasks to queue
[2025-06-29T16:30:46.859+0000] {logging_mixin.py:190} INFO - [2025-06-29T16:30:46.858+0000] {dagbag.py:588} INFO - Filling up the DagBag from /opt/airflow/dags/driven_data_pipeline.py
[2025-06-29T16:30:47.217+0000] {processor.py:925} INFO - DAG(s) 'extract_raw_data_pipeline' retrieved from /opt/airflow/dags/driven_data_pipeline.py
[2025-06-29T16:30:47.242+0000] {logging_mixin.py:190} INFO - [2025-06-29T16:30:47.242+0000] {dag.py:3239} INFO - Sync 1 DAGs
[2025-06-29T16:30:47.269+0000] {logging_mixin.py:190} INFO - [2025-06-29T16:30:47.269+0000] {dag.py:4180} INFO - Setting next_dagrun for extract_raw_data_pipeline to 2025-06-29 07:58:00+00:00, run_after=2025-06-29 07:59:00+00:00
[2025-06-29T16:30:47.314+0000] {processor.py:208} INFO - Processing /opt/airflow/dags/driven_data_pipeline.py took 0.479 seconds
[2025-06-29T16:31:17.759+0000] {processor.py:186} INFO - Started process (PID=5442) to work on /opt/airflow/dags/driven_data_pipeline.py
[2025-06-29T16:31:17.760+0000] {processor.py:914} INFO - Processing file /opt/airflow/dags/driven_data_pipeline.py for tasks to queue
[2025-06-29T16:31:17.763+0000] {logging_mixin.py:190} INFO - [2025-06-29T16:31:17.762+0000] {dagbag.py:588} INFO - Filling up the DagBag from /opt/airflow/dags/driven_data_pipeline.py
[2025-06-29T16:31:18.171+0000] {processor.py:925} INFO - DAG(s) 'extract_raw_data_pipeline' retrieved from /opt/airflow/dags/driven_data_pipeline.py
[2025-06-29T16:31:18.198+0000] {logging_mixin.py:190} INFO - [2025-06-29T16:31:18.198+0000] {dag.py:3239} INFO - Sync 1 DAGs
[2025-06-29T16:31:18.223+0000] {logging_mixin.py:190} INFO - [2025-06-29T16:31:18.223+0000] {dag.py:4180} INFO - Setting next_dagrun for extract_raw_data_pipeline to 2025-06-29 07:58:00+00:00, run_after=2025-06-29 07:59:00+00:00
[2025-06-29T16:31:18.259+0000] {processor.py:208} INFO - Processing /opt/airflow/dags/driven_data_pipeline.py took 0.508 seconds
[2025-06-29T16:31:48.723+0000] {processor.py:186} INFO - Started process (PID=5450) to work on /opt/airflow/dags/driven_data_pipeline.py
[2025-06-29T16:31:48.724+0000] {processor.py:914} INFO - Processing file /opt/airflow/dags/driven_data_pipeline.py for tasks to queue
[2025-06-29T16:31:48.728+0000] {logging_mixin.py:190} INFO - [2025-06-29T16:31:48.727+0000] {dagbag.py:588} INFO - Filling up the DagBag from /opt/airflow/dags/driven_data_pipeline.py
[2025-06-29T16:31:49.067+0000] {processor.py:925} INFO - DAG(s) 'extract_raw_data_pipeline' retrieved from /opt/airflow/dags/driven_data_pipeline.py
[2025-06-29T16:31:49.089+0000] {logging_mixin.py:190} INFO - [2025-06-29T16:31:49.089+0000] {dag.py:3239} INFO - Sync 1 DAGs
[2025-06-29T16:31:49.113+0000] {logging_mixin.py:190} INFO - [2025-06-29T16:31:49.113+0000] {dag.py:4180} INFO - Setting next_dagrun for extract_raw_data_pipeline to 2025-06-29 07:58:00+00:00, run_after=2025-06-29 07:59:00+00:00
[2025-06-29T16:31:49.154+0000] {processor.py:208} INFO - Processing /opt/airflow/dags/driven_data_pipeline.py took 0.456 seconds
[2025-06-29T16:32:19.580+0000] {processor.py:186} INFO - Started process (PID=5457) to work on /opt/airflow/dags/driven_data_pipeline.py
[2025-06-29T16:32:19.583+0000] {processor.py:914} INFO - Processing file /opt/airflow/dags/driven_data_pipeline.py for tasks to queue
[2025-06-29T16:32:19.590+0000] {logging_mixin.py:190} INFO - [2025-06-29T16:32:19.589+0000] {dagbag.py:588} INFO - Filling up the DagBag from /opt/airflow/dags/driven_data_pipeline.py
[2025-06-29T16:32:20.028+0000] {processor.py:925} INFO - DAG(s) 'extract_raw_data_pipeline' retrieved from /opt/airflow/dags/driven_data_pipeline.py
[2025-06-29T16:32:20.067+0000] {logging_mixin.py:190} INFO - [2025-06-29T16:32:20.066+0000] {dag.py:3239} INFO - Sync 1 DAGs
[2025-06-29T16:32:20.107+0000] {logging_mixin.py:190} INFO - [2025-06-29T16:32:20.107+0000] {dag.py:4180} INFO - Setting next_dagrun for extract_raw_data_pipeline to 2025-06-29 07:58:00+00:00, run_after=2025-06-29 07:59:00+00:00
[2025-06-29T16:32:20.151+0000] {processor.py:208} INFO - Processing /opt/airflow/dags/driven_data_pipeline.py took 0.592 seconds
[2025-06-29T16:32:50.459+0000] {processor.py:186} INFO - Started process (PID=5465) to work on /opt/airflow/dags/driven_data_pipeline.py
[2025-06-29T16:32:50.461+0000] {processor.py:914} INFO - Processing file /opt/airflow/dags/driven_data_pipeline.py for tasks to queue
[2025-06-29T16:32:50.466+0000] {logging_mixin.py:190} INFO - [2025-06-29T16:32:50.465+0000] {dagbag.py:588} INFO - Filling up the DagBag from /opt/airflow/dags/driven_data_pipeline.py
[2025-06-29T16:32:50.821+0000] {processor.py:925} INFO - DAG(s) 'extract_raw_data_pipeline' retrieved from /opt/airflow/dags/driven_data_pipeline.py
[2025-06-29T16:32:50.845+0000] {logging_mixin.py:190} INFO - [2025-06-29T16:32:50.844+0000] {dag.py:3239} INFO - Sync 1 DAGs
[2025-06-29T16:32:50.885+0000] {logging_mixin.py:190} INFO - [2025-06-29T16:32:50.884+0000] {dag.py:4180} INFO - Setting next_dagrun for extract_raw_data_pipeline to 2025-06-29 07:58:00+00:00, run_after=2025-06-29 07:59:00+00:00
[2025-06-29T16:32:51.119+0000] {processor.py:208} INFO - Processing /opt/airflow/dags/driven_data_pipeline.py took 0.673 seconds
[2025-06-29T16:33:21.482+0000] {processor.py:186} INFO - Started process (PID=5473) to work on /opt/airflow/dags/driven_data_pipeline.py
[2025-06-29T16:33:21.484+0000] {processor.py:914} INFO - Processing file /opt/airflow/dags/driven_data_pipeline.py for tasks to queue
[2025-06-29T16:33:21.487+0000] {logging_mixin.py:190} INFO - [2025-06-29T16:33:21.486+0000] {dagbag.py:588} INFO - Filling up the DagBag from /opt/airflow/dags/driven_data_pipeline.py
[2025-06-29T16:33:21.792+0000] {processor.py:925} INFO - DAG(s) 'extract_raw_data_pipeline' retrieved from /opt/airflow/dags/driven_data_pipeline.py
[2025-06-29T16:33:21.816+0000] {logging_mixin.py:190} INFO - [2025-06-29T16:33:21.816+0000] {dag.py:3239} INFO - Sync 1 DAGs
[2025-06-29T16:33:21.838+0000] {logging_mixin.py:190} INFO - [2025-06-29T16:33:21.838+0000] {dag.py:4180} INFO - Setting next_dagrun for extract_raw_data_pipeline to 2025-06-29 07:58:00+00:00, run_after=2025-06-29 07:59:00+00:00
[2025-06-29T16:33:21.873+0000] {processor.py:208} INFO - Processing /opt/airflow/dags/driven_data_pipeline.py took 0.398 seconds
[2025-06-29T16:33:52.018+0000] {processor.py:186} INFO - Started process (PID=5481) to work on /opt/airflow/dags/driven_data_pipeline.py
[2025-06-29T16:33:52.020+0000] {processor.py:914} INFO - Processing file /opt/airflow/dags/driven_data_pipeline.py for tasks to queue
[2025-06-29T16:33:52.022+0000] {logging_mixin.py:190} INFO - [2025-06-29T16:33:52.022+0000] {dagbag.py:588} INFO - Filling up the DagBag from /opt/airflow/dags/driven_data_pipeline.py
[2025-06-29T16:33:52.329+0000] {processor.py:925} INFO - DAG(s) 'extract_raw_data_pipeline' retrieved from /opt/airflow/dags/driven_data_pipeline.py
[2025-06-29T16:33:52.350+0000] {logging_mixin.py:190} INFO - [2025-06-29T16:33:52.350+0000] {dag.py:3239} INFO - Sync 1 DAGs
[2025-06-29T16:33:52.370+0000] {logging_mixin.py:190} INFO - [2025-06-29T16:33:52.370+0000] {dag.py:4180} INFO - Setting next_dagrun for extract_raw_data_pipeline to 2025-06-29 07:58:00+00:00, run_after=2025-06-29 07:59:00+00:00
[2025-06-29T16:33:52.411+0000] {processor.py:208} INFO - Processing /opt/airflow/dags/driven_data_pipeline.py took 0.399 seconds
[2025-06-29T22:39:36.570+0000] {processor.py:186} INFO - Started process (PID=55) to work on /opt/airflow/dags/driven_data_pipeline.py
[2025-06-29T22:39:36.606+0000] {processor.py:914} INFO - Processing file /opt/airflow/dags/driven_data_pipeline.py for tasks to queue
[2025-06-29T22:39:36.609+0000] {logging_mixin.py:190} INFO - [2025-06-29T22:39:36.609+0000] {dagbag.py:588} INFO - Filling up the DagBag from /opt/airflow/dags/driven_data_pipeline.py
[2025-06-29T22:39:38.749+0000] {processor.py:925} INFO - DAG(s) 'extract_raw_data_pipeline' retrieved from /opt/airflow/dags/driven_data_pipeline.py
[2025-06-29T22:39:38.833+0000] {logging_mixin.py:190} INFO - [2025-06-29T22:39:38.832+0000] {dag.py:3239} INFO - Sync 1 DAGs
[2025-06-29T22:39:38.960+0000] {logging_mixin.py:190} INFO - [2025-06-29T22:39:38.960+0000] {dag.py:4180} INFO - Setting next_dagrun for extract_raw_data_pipeline to 2025-06-29 07:58:00+00:00, run_after=2025-06-29 07:59:00+00:00
[2025-06-29T22:39:39.041+0000] {processor.py:208} INFO - Processing /opt/airflow/dags/driven_data_pipeline.py took 2.480 seconds
[2025-06-29T22:40:09.416+0000] {processor.py:186} INFO - Started process (PID=63) to work on /opt/airflow/dags/driven_data_pipeline.py
[2025-06-29T22:40:09.528+0000] {processor.py:914} INFO - Processing file /opt/airflow/dags/driven_data_pipeline.py for tasks to queue
[2025-06-29T22:40:09.531+0000] {logging_mixin.py:190} INFO - [2025-06-29T22:40:09.530+0000] {dagbag.py:588} INFO - Filling up the DagBag from /opt/airflow/dags/driven_data_pipeline.py
[2025-06-29T22:40:09.830+0000] {processor.py:925} INFO - DAG(s) 'extract_raw_data_pipeline' retrieved from /opt/airflow/dags/driven_data_pipeline.py
[2025-06-29T22:40:09.851+0000] {logging_mixin.py:190} INFO - [2025-06-29T22:40:09.851+0000] {dag.py:3239} INFO - Sync 1 DAGs
[2025-06-29T22:40:09.872+0000] {logging_mixin.py:190} INFO - [2025-06-29T22:40:09.872+0000] {dag.py:4180} INFO - Setting next_dagrun for extract_raw_data_pipeline to 2025-06-29 07:58:00+00:00, run_after=2025-06-29 07:59:00+00:00
[2025-06-29T22:40:10.099+0000] {processor.py:208} INFO - Processing /opt/airflow/dags/driven_data_pipeline.py took 0.692 seconds
[2025-06-29T22:40:40.306+0000] {processor.py:186} INFO - Started process (PID=71) to work on /opt/airflow/dags/driven_data_pipeline.py
[2025-06-29T22:40:40.308+0000] {processor.py:914} INFO - Processing file /opt/airflow/dags/driven_data_pipeline.py for tasks to queue
[2025-06-29T22:40:40.312+0000] {logging_mixin.py:190} INFO - [2025-06-29T22:40:40.311+0000] {dagbag.py:588} INFO - Filling up the DagBag from /opt/airflow/dags/driven_data_pipeline.py
[2025-06-29T22:40:40.625+0000] {processor.py:925} INFO - DAG(s) 'extract_raw_data_pipeline' retrieved from /opt/airflow/dags/driven_data_pipeline.py
[2025-06-29T22:40:40.646+0000] {logging_mixin.py:190} INFO - [2025-06-29T22:40:40.645+0000] {dag.py:3239} INFO - Sync 1 DAGs
[2025-06-29T22:40:40.667+0000] {logging_mixin.py:190} INFO - [2025-06-29T22:40:40.666+0000] {dag.py:4180} INFO - Setting next_dagrun for extract_raw_data_pipeline to 2025-06-29 07:58:00+00:00, run_after=2025-06-29 07:59:00+00:00
[2025-06-29T22:40:40.697+0000] {processor.py:208} INFO - Processing /opt/airflow/dags/driven_data_pipeline.py took 0.401 seconds
[2025-06-29T22:41:10.769+0000] {processor.py:186} INFO - Started process (PID=79) to work on /opt/airflow/dags/driven_data_pipeline.py
[2025-06-29T22:41:10.771+0000] {processor.py:914} INFO - Processing file /opt/airflow/dags/driven_data_pipeline.py for tasks to queue
[2025-06-29T22:41:10.776+0000] {logging_mixin.py:190} INFO - [2025-06-29T22:41:10.775+0000] {dagbag.py:588} INFO - Filling up the DagBag from /opt/airflow/dags/driven_data_pipeline.py
[2025-06-29T22:41:11.082+0000] {processor.py:925} INFO - DAG(s) 'extract_raw_data_pipeline' retrieved from /opt/airflow/dags/driven_data_pipeline.py
[2025-06-29T22:41:11.103+0000] {logging_mixin.py:190} INFO - [2025-06-29T22:41:11.103+0000] {dag.py:3239} INFO - Sync 1 DAGs
[2025-06-29T22:41:11.124+0000] {logging_mixin.py:190} INFO - [2025-06-29T22:41:11.123+0000] {dag.py:4180} INFO - Setting next_dagrun for extract_raw_data_pipeline to 2025-06-29 07:58:00+00:00, run_after=2025-06-29 07:59:00+00:00
[2025-06-29T22:41:11.156+0000] {processor.py:208} INFO - Processing /opt/airflow/dags/driven_data_pipeline.py took 0.401 seconds
[2025-06-29T22:41:41.293+0000] {processor.py:186} INFO - Started process (PID=87) to work on /opt/airflow/dags/driven_data_pipeline.py
[2025-06-29T22:41:41.321+0000] {processor.py:914} INFO - Processing file /opt/airflow/dags/driven_data_pipeline.py for tasks to queue
[2025-06-29T22:41:41.323+0000] {logging_mixin.py:190} INFO - [2025-06-29T22:41:41.323+0000] {dagbag.py:588} INFO - Filling up the DagBag from /opt/airflow/dags/driven_data_pipeline.py
[2025-06-29T22:41:41.634+0000] {processor.py:925} INFO - DAG(s) 'extract_raw_data_pipeline' retrieved from /opt/airflow/dags/driven_data_pipeline.py
[2025-06-29T22:41:41.657+0000] {logging_mixin.py:190} INFO - [2025-06-29T22:41:41.657+0000] {dag.py:3239} INFO - Sync 1 DAGs
[2025-06-29T22:41:41.677+0000] {logging_mixin.py:190} INFO - [2025-06-29T22:41:41.677+0000] {dag.py:4180} INFO - Setting next_dagrun for extract_raw_data_pipeline to 2025-06-29 07:58:00+00:00, run_after=2025-06-29 07:59:00+00:00
[2025-06-29T22:41:41.758+0000] {processor.py:208} INFO - Processing /opt/airflow/dags/driven_data_pipeline.py took 0.471 seconds
[2025-06-29T22:42:12.069+0000] {processor.py:186} INFO - Started process (PID=95) to work on /opt/airflow/dags/driven_data_pipeline.py
[2025-06-29T22:42:12.084+0000] {processor.py:914} INFO - Processing file /opt/airflow/dags/driven_data_pipeline.py for tasks to queue
[2025-06-29T22:42:12.087+0000] {logging_mixin.py:190} INFO - [2025-06-29T22:42:12.086+0000] {dagbag.py:588} INFO - Filling up the DagBag from /opt/airflow/dags/driven_data_pipeline.py
[2025-06-29T22:42:12.392+0000] {processor.py:925} INFO - DAG(s) 'extract_raw_data_pipeline' retrieved from /opt/airflow/dags/driven_data_pipeline.py
[2025-06-29T22:42:12.421+0000] {logging_mixin.py:190} INFO - [2025-06-29T22:42:12.420+0000] {dag.py:3239} INFO - Sync 1 DAGs
[2025-06-29T22:42:12.444+0000] {logging_mixin.py:190} INFO - [2025-06-29T22:42:12.444+0000] {dag.py:4180} INFO - Setting next_dagrun for extract_raw_data_pipeline to 2025-06-29 07:58:00+00:00, run_after=2025-06-29 07:59:00+00:00
[2025-06-29T22:42:13.512+0000] {processor.py:208} INFO - Processing /opt/airflow/dags/driven_data_pipeline.py took 1.449 seconds
[2025-06-29T22:42:43.998+0000] {processor.py:186} INFO - Started process (PID=103) to work on /opt/airflow/dags/driven_data_pipeline.py
[2025-06-29T22:42:43.999+0000] {processor.py:914} INFO - Processing file /opt/airflow/dags/driven_data_pipeline.py for tasks to queue
[2025-06-29T22:42:44.002+0000] {logging_mixin.py:190} INFO - [2025-06-29T22:42:44.002+0000] {dagbag.py:588} INFO - Filling up the DagBag from /opt/airflow/dags/driven_data_pipeline.py
[2025-06-29T22:42:44.170+0000] {processor.py:925} INFO - DAG(s) 'extract_raw_data_pipeline' retrieved from /opt/airflow/dags/driven_data_pipeline.py
[2025-06-29T22:42:44.195+0000] {logging_mixin.py:190} INFO - [2025-06-29T22:42:44.195+0000] {dag.py:3239} INFO - Sync 1 DAGs
[2025-06-29T22:42:44.217+0000] {logging_mixin.py:190} INFO - [2025-06-29T22:42:44.217+0000] {dag.py:4180} INFO - Setting next_dagrun for extract_raw_data_pipeline to 2025-06-29 07:58:00+00:00, run_after=2025-06-29 07:59:00+00:00
[2025-06-29T22:42:44.388+0000] {processor.py:208} INFO - Processing /opt/airflow/dags/driven_data_pipeline.py took 0.396 seconds
[2025-06-29T22:43:14.724+0000] {processor.py:186} INFO - Started process (PID=111) to work on /opt/airflow/dags/driven_data_pipeline.py
[2025-06-29T22:43:14.726+0000] {processor.py:914} INFO - Processing file /opt/airflow/dags/driven_data_pipeline.py for tasks to queue
[2025-06-29T22:43:14.728+0000] {logging_mixin.py:190} INFO - [2025-06-29T22:43:14.727+0000] {dagbag.py:588} INFO - Filling up the DagBag from /opt/airflow/dags/driven_data_pipeline.py
[2025-06-29T22:43:14.897+0000] {processor.py:925} INFO - DAG(s) 'extract_raw_data_pipeline' retrieved from /opt/airflow/dags/driven_data_pipeline.py
[2025-06-29T22:43:14.921+0000] {logging_mixin.py:190} INFO - [2025-06-29T22:43:14.921+0000] {dag.py:3239} INFO - Sync 1 DAGs
[2025-06-29T22:43:14.944+0000] {logging_mixin.py:190} INFO - [2025-06-29T22:43:14.944+0000] {dag.py:4180} INFO - Setting next_dagrun for extract_raw_data_pipeline to 2025-06-29 07:58:00+00:00, run_after=2025-06-29 07:59:00+00:00
[2025-06-29T22:43:15.001+0000] {processor.py:208} INFO - Processing /opt/airflow/dags/driven_data_pipeline.py took 0.282 seconds
[2025-06-29T22:43:45.111+0000] {processor.py:186} INFO - Started process (PID=119) to work on /opt/airflow/dags/driven_data_pipeline.py
[2025-06-29T22:43:45.113+0000] {processor.py:914} INFO - Processing file /opt/airflow/dags/driven_data_pipeline.py for tasks to queue
[2025-06-29T22:43:45.115+0000] {logging_mixin.py:190} INFO - [2025-06-29T22:43:45.115+0000] {dagbag.py:588} INFO - Filling up the DagBag from /opt/airflow/dags/driven_data_pipeline.py
[2025-06-29T22:43:45.283+0000] {processor.py:925} INFO - DAG(s) 'extract_raw_data_pipeline' retrieved from /opt/airflow/dags/driven_data_pipeline.py
[2025-06-29T22:43:45.307+0000] {logging_mixin.py:190} INFO - [2025-06-29T22:43:45.307+0000] {dag.py:3239} INFO - Sync 1 DAGs
[2025-06-29T22:43:45.329+0000] {logging_mixin.py:190} INFO - [2025-06-29T22:43:45.329+0000] {dag.py:4180} INFO - Setting next_dagrun for extract_raw_data_pipeline to 2025-06-29 07:58:00+00:00, run_after=2025-06-29 07:59:00+00:00
[2025-06-29T22:43:45.791+0000] {processor.py:208} INFO - Processing /opt/airflow/dags/driven_data_pipeline.py took 0.686 seconds
[2025-06-29T22:44:16.120+0000] {processor.py:186} INFO - Started process (PID=127) to work on /opt/airflow/dags/driven_data_pipeline.py
[2025-06-29T22:44:16.121+0000] {processor.py:914} INFO - Processing file /opt/airflow/dags/driven_data_pipeline.py for tasks to queue
[2025-06-29T22:44:16.123+0000] {logging_mixin.py:190} INFO - [2025-06-29T22:44:16.123+0000] {dagbag.py:588} INFO - Filling up the DagBag from /opt/airflow/dags/driven_data_pipeline.py
[2025-06-29T22:44:16.293+0000] {processor.py:925} INFO - DAG(s) 'extract_raw_data_pipeline' retrieved from /opt/airflow/dags/driven_data_pipeline.py
[2025-06-29T22:44:16.317+0000] {logging_mixin.py:190} INFO - [2025-06-29T22:44:16.316+0000] {dag.py:3239} INFO - Sync 1 DAGs
[2025-06-29T22:44:16.340+0000] {logging_mixin.py:190} INFO - [2025-06-29T22:44:16.339+0000] {dag.py:4180} INFO - Setting next_dagrun for extract_raw_data_pipeline to 2025-06-29 07:58:00+00:00, run_after=2025-06-29 07:59:00+00:00
[2025-06-29T22:44:16.379+0000] {processor.py:208} INFO - Processing /opt/airflow/dags/driven_data_pipeline.py took 0.265 seconds
[2025-06-29T22:44:46.468+0000] {processor.py:186} INFO - Started process (PID=135) to work on /opt/airflow/dags/driven_data_pipeline.py
[2025-06-29T22:44:46.470+0000] {processor.py:914} INFO - Processing file /opt/airflow/dags/driven_data_pipeline.py for tasks to queue
[2025-06-29T22:44:46.475+0000] {logging_mixin.py:190} INFO - [2025-06-29T22:44:46.474+0000] {dagbag.py:588} INFO - Filling up the DagBag from /opt/airflow/dags/driven_data_pipeline.py
[2025-06-29T22:44:46.650+0000] {processor.py:925} INFO - DAG(s) 'extract_raw_data_pipeline' retrieved from /opt/airflow/dags/driven_data_pipeline.py
[2025-06-29T22:44:46.676+0000] {logging_mixin.py:190} INFO - [2025-06-29T22:44:46.675+0000] {dag.py:3239} INFO - Sync 1 DAGs
[2025-06-29T22:44:46.697+0000] {logging_mixin.py:190} INFO - [2025-06-29T22:44:46.697+0000] {dag.py:4180} INFO - Setting next_dagrun for extract_raw_data_pipeline to 2025-06-29 07:58:00+00:00, run_after=2025-06-29 07:59:00+00:00
[2025-06-29T22:44:46.741+0000] {processor.py:208} INFO - Processing /opt/airflow/dags/driven_data_pipeline.py took 0.285 seconds
[2025-06-29T22:45:17.115+0000] {processor.py:186} INFO - Started process (PID=143) to work on /opt/airflow/dags/driven_data_pipeline.py
[2025-06-29T22:45:17.116+0000] {processor.py:914} INFO - Processing file /opt/airflow/dags/driven_data_pipeline.py for tasks to queue
[2025-06-29T22:45:17.118+0000] {logging_mixin.py:190} INFO - [2025-06-29T22:45:17.118+0000] {dagbag.py:588} INFO - Filling up the DagBag from /opt/airflow/dags/driven_data_pipeline.py
[2025-06-29T22:45:17.287+0000] {processor.py:925} INFO - DAG(s) 'extract_raw_data_pipeline' retrieved from /opt/airflow/dags/driven_data_pipeline.py
[2025-06-29T22:45:17.310+0000] {logging_mixin.py:190} INFO - [2025-06-29T22:45:17.310+0000] {dag.py:3239} INFO - Sync 1 DAGs
[2025-06-29T22:45:17.332+0000] {logging_mixin.py:190} INFO - [2025-06-29T22:45:17.332+0000] {dag.py:4180} INFO - Setting next_dagrun for extract_raw_data_pipeline to 2025-06-29 07:58:00+00:00, run_after=2025-06-29 07:59:00+00:00
[2025-06-29T22:45:17.375+0000] {processor.py:208} INFO - Processing /opt/airflow/dags/driven_data_pipeline.py took 0.267 seconds
[2025-06-29T22:45:47.459+0000] {processor.py:186} INFO - Started process (PID=151) to work on /opt/airflow/dags/driven_data_pipeline.py
[2025-06-29T22:45:47.460+0000] {processor.py:914} INFO - Processing file /opt/airflow/dags/driven_data_pipeline.py for tasks to queue
[2025-06-29T22:45:47.462+0000] {logging_mixin.py:190} INFO - [2025-06-29T22:45:47.462+0000] {dagbag.py:588} INFO - Filling up the DagBag from /opt/airflow/dags/driven_data_pipeline.py
[2025-06-29T22:45:47.632+0000] {processor.py:925} INFO - DAG(s) 'extract_raw_data_pipeline' retrieved from /opt/airflow/dags/driven_data_pipeline.py
[2025-06-29T22:45:47.656+0000] {logging_mixin.py:190} INFO - [2025-06-29T22:45:47.656+0000] {dag.py:3239} INFO - Sync 1 DAGs
[2025-06-29T22:45:47.678+0000] {logging_mixin.py:190} INFO - [2025-06-29T22:45:47.678+0000] {dag.py:4180} INFO - Setting next_dagrun for extract_raw_data_pipeline to 2025-06-29 07:58:00+00:00, run_after=2025-06-29 07:59:00+00:00
[2025-06-29T22:45:47.717+0000] {processor.py:208} INFO - Processing /opt/airflow/dags/driven_data_pipeline.py took 0.265 seconds
[2025-06-29T22:46:18.082+0000] {processor.py:186} INFO - Started process (PID=159) to work on /opt/airflow/dags/driven_data_pipeline.py
[2025-06-29T22:46:18.084+0000] {processor.py:914} INFO - Processing file /opt/airflow/dags/driven_data_pipeline.py for tasks to queue
[2025-06-29T22:46:18.086+0000] {logging_mixin.py:190} INFO - [2025-06-29T22:46:18.086+0000] {dagbag.py:588} INFO - Filling up the DagBag from /opt/airflow/dags/driven_data_pipeline.py
[2025-06-29T22:46:18.259+0000] {processor.py:925} INFO - DAG(s) 'extract_raw_data_pipeline' retrieved from /opt/airflow/dags/driven_data_pipeline.py
[2025-06-29T22:46:18.282+0000] {logging_mixin.py:190} INFO - [2025-06-29T22:46:18.282+0000] {dag.py:3239} INFO - Sync 1 DAGs
[2025-06-29T22:46:18.305+0000] {logging_mixin.py:190} INFO - [2025-06-29T22:46:18.305+0000] {dag.py:4180} INFO - Setting next_dagrun for extract_raw_data_pipeline to 2025-06-29 07:58:00+00:00, run_after=2025-06-29 07:59:00+00:00
[2025-06-29T22:46:18.338+0000] {processor.py:208} INFO - Processing /opt/airflow/dags/driven_data_pipeline.py took 0.265 seconds
[2025-06-29T22:46:48.432+0000] {processor.py:186} INFO - Started process (PID=167) to work on /opt/airflow/dags/driven_data_pipeline.py
[2025-06-29T22:46:48.434+0000] {processor.py:914} INFO - Processing file /opt/airflow/dags/driven_data_pipeline.py for tasks to queue
[2025-06-29T22:46:48.436+0000] {logging_mixin.py:190} INFO - [2025-06-29T22:46:48.436+0000] {dagbag.py:588} INFO - Filling up the DagBag from /opt/airflow/dags/driven_data_pipeline.py
[2025-06-29T22:46:48.604+0000] {processor.py:925} INFO - DAG(s) 'extract_raw_data_pipeline' retrieved from /opt/airflow/dags/driven_data_pipeline.py
[2025-06-29T22:46:48.629+0000] {logging_mixin.py:190} INFO - [2025-06-29T22:46:48.629+0000] {dag.py:3239} INFO - Sync 1 DAGs
[2025-06-29T22:46:48.651+0000] {logging_mixin.py:190} INFO - [2025-06-29T22:46:48.650+0000] {dag.py:4180} INFO - Setting next_dagrun for extract_raw_data_pipeline to 2025-06-29 07:58:00+00:00, run_after=2025-06-29 07:59:00+00:00
[2025-06-29T22:46:48.688+0000] {processor.py:208} INFO - Processing /opt/airflow/dags/driven_data_pipeline.py took 0.262 seconds
[2025-06-29T22:47:19.059+0000] {processor.py:186} INFO - Started process (PID=181) to work on /opt/airflow/dags/driven_data_pipeline.py
[2025-06-29T22:47:19.808+0000] {processor.py:914} INFO - Processing file /opt/airflow/dags/driven_data_pipeline.py for tasks to queue
[2025-06-29T22:47:19.811+0000] {logging_mixin.py:190} INFO - [2025-06-29T22:47:19.810+0000] {dagbag.py:588} INFO - Filling up the DagBag from /opt/airflow/dags/driven_data_pipeline.py
[2025-06-29T22:47:19.980+0000] {processor.py:925} INFO - DAG(s) 'extract_raw_data_pipeline' retrieved from /opt/airflow/dags/driven_data_pipeline.py
[2025-06-29T22:47:20.004+0000] {logging_mixin.py:190} INFO - [2025-06-29T22:47:20.004+0000] {dag.py:3239} INFO - Sync 1 DAGs
[2025-06-29T22:47:20.026+0000] {logging_mixin.py:190} INFO - [2025-06-29T22:47:20.026+0000] {dag.py:4180} INFO - Setting next_dagrun for extract_raw_data_pipeline to 2025-06-29 07:58:00+00:00, run_after=2025-06-29 07:59:00+00:00
[2025-06-29T22:47:20.062+0000] {processor.py:208} INFO - Processing /opt/airflow/dags/driven_data_pipeline.py took 1.012 seconds
[2025-06-29T22:47:50.444+0000] {processor.py:186} INFO - Started process (PID=189) to work on /opt/airflow/dags/driven_data_pipeline.py
[2025-06-29T22:47:50.506+0000] {processor.py:914} INFO - Processing file /opt/airflow/dags/driven_data_pipeline.py for tasks to queue
[2025-06-29T22:47:50.509+0000] {logging_mixin.py:190} INFO - [2025-06-29T22:47:50.508+0000] {dagbag.py:588} INFO - Filling up the DagBag from /opt/airflow/dags/driven_data_pipeline.py
[2025-06-29T22:47:50.732+0000] {processor.py:925} INFO - DAG(s) 'extract_raw_data_pipeline' retrieved from /opt/airflow/dags/driven_data_pipeline.py
[2025-06-29T22:47:50.766+0000] {logging_mixin.py:190} INFO - [2025-06-29T22:47:50.765+0000] {dag.py:3239} INFO - Sync 1 DAGs
[2025-06-29T22:47:50.798+0000] {logging_mixin.py:190} INFO - [2025-06-29T22:47:50.797+0000] {dag.py:4180} INFO - Setting next_dagrun for extract_raw_data_pipeline to 2025-06-29 07:58:00+00:00, run_after=2025-06-29 07:59:00+00:00
[2025-06-29T22:47:50.853+0000] {processor.py:208} INFO - Processing /opt/airflow/dags/driven_data_pipeline.py took 0.417 seconds
[2025-06-29T22:48:21.226+0000] {processor.py:186} INFO - Started process (PID=197) to work on /opt/airflow/dags/driven_data_pipeline.py
[2025-06-29T22:48:21.227+0000] {processor.py:914} INFO - Processing file /opt/airflow/dags/driven_data_pipeline.py for tasks to queue
[2025-06-29T22:48:21.230+0000] {logging_mixin.py:190} INFO - [2025-06-29T22:48:21.230+0000] {dagbag.py:588} INFO - Filling up the DagBag from /opt/airflow/dags/driven_data_pipeline.py
[2025-06-29T22:48:21.598+0000] {processor.py:925} INFO - DAG(s) 'extract_raw_data_pipeline' retrieved from /opt/airflow/dags/driven_data_pipeline.py
[2025-06-29T22:48:21.635+0000] {logging_mixin.py:190} INFO - [2025-06-29T22:48:21.635+0000] {dag.py:3239} INFO - Sync 1 DAGs
[2025-06-29T22:48:21.675+0000] {logging_mixin.py:190} INFO - [2025-06-29T22:48:21.675+0000] {dag.py:4180} INFO - Setting next_dagrun for extract_raw_data_pipeline to 2025-06-29 07:58:00+00:00, run_after=2025-06-29 07:59:00+00:00
[2025-06-29T22:48:21.798+0000] {processor.py:208} INFO - Processing /opt/airflow/dags/driven_data_pipeline.py took 0.585 seconds
[2025-06-29T22:48:52.192+0000] {processor.py:186} INFO - Started process (PID=206) to work on /opt/airflow/dags/driven_data_pipeline.py
[2025-06-29T22:48:52.314+0000] {processor.py:914} INFO - Processing file /opt/airflow/dags/driven_data_pipeline.py for tasks to queue
[2025-06-29T22:48:52.323+0000] {logging_mixin.py:190} INFO - [2025-06-29T22:48:52.322+0000] {dagbag.py:588} INFO - Filling up the DagBag from /opt/airflow/dags/driven_data_pipeline.py
[2025-06-29T22:48:52.516+0000] {processor.py:925} INFO - DAG(s) 'extract_raw_data_pipeline' retrieved from /opt/airflow/dags/driven_data_pipeline.py
[2025-06-29T22:48:52.541+0000] {logging_mixin.py:190} INFO - [2025-06-29T22:48:52.541+0000] {dag.py:3239} INFO - Sync 1 DAGs
[2025-06-29T22:48:52.564+0000] {logging_mixin.py:190} INFO - [2025-06-29T22:48:52.564+0000] {dag.py:4180} INFO - Setting next_dagrun for extract_raw_data_pipeline to 2025-06-29 07:58:00+00:00, run_after=2025-06-29 07:59:00+00:00
[2025-06-29T22:48:52.612+0000] {processor.py:208} INFO - Processing /opt/airflow/dags/driven_data_pipeline.py took 0.430 seconds
[2025-06-29T22:49:22.982+0000] {processor.py:186} INFO - Started process (PID=214) to work on /opt/airflow/dags/driven_data_pipeline.py
[2025-06-29T22:49:22.983+0000] {processor.py:914} INFO - Processing file /opt/airflow/dags/driven_data_pipeline.py for tasks to queue
[2025-06-29T22:49:22.985+0000] {logging_mixin.py:190} INFO - [2025-06-29T22:49:22.985+0000] {dagbag.py:588} INFO - Filling up the DagBag from /opt/airflow/dags/driven_data_pipeline.py
[2025-06-29T22:49:23.157+0000] {processor.py:925} INFO - DAG(s) 'extract_raw_data_pipeline' retrieved from /opt/airflow/dags/driven_data_pipeline.py
[2025-06-29T22:49:23.181+0000] {logging_mixin.py:190} INFO - [2025-06-29T22:49:23.181+0000] {dag.py:3239} INFO - Sync 1 DAGs
[2025-06-29T22:49:23.203+0000] {logging_mixin.py:190} INFO - [2025-06-29T22:49:23.203+0000] {dag.py:4180} INFO - Setting next_dagrun for extract_raw_data_pipeline to 2025-06-29 07:58:00+00:00, run_after=2025-06-29 07:59:00+00:00
[2025-06-29T22:49:23.263+0000] {processor.py:208} INFO - Processing /opt/airflow/dags/driven_data_pipeline.py took 0.288 seconds
[2025-06-29T22:49:53.365+0000] {processor.py:186} INFO - Started process (PID=222) to work on /opt/airflow/dags/driven_data_pipeline.py
[2025-06-29T22:49:53.367+0000] {processor.py:914} INFO - Processing file /opt/airflow/dags/driven_data_pipeline.py for tasks to queue
[2025-06-29T22:49:53.371+0000] {logging_mixin.py:190} INFO - [2025-06-29T22:49:53.370+0000] {dagbag.py:588} INFO - Filling up the DagBag from /opt/airflow/dags/driven_data_pipeline.py
[2025-06-29T22:49:53.555+0000] {processor.py:925} INFO - DAG(s) 'extract_raw_data_pipeline' retrieved from /opt/airflow/dags/driven_data_pipeline.py
[2025-06-29T22:49:53.580+0000] {logging_mixin.py:190} INFO - [2025-06-29T22:49:53.580+0000] {dag.py:3239} INFO - Sync 1 DAGs
[2025-06-29T22:49:53.605+0000] {logging_mixin.py:190} INFO - [2025-06-29T22:49:53.605+0000] {dag.py:4180} INFO - Setting next_dagrun for extract_raw_data_pipeline to 2025-06-29 07:58:00+00:00, run_after=2025-06-29 07:59:00+00:00
[2025-06-29T22:49:53.643+0000] {processor.py:208} INFO - Processing /opt/airflow/dags/driven_data_pipeline.py took 0.291 seconds
[2025-06-29T22:50:23.970+0000] {processor.py:186} INFO - Started process (PID=230) to work on /opt/airflow/dags/driven_data_pipeline.py
[2025-06-29T22:50:23.971+0000] {processor.py:914} INFO - Processing file /opt/airflow/dags/driven_data_pipeline.py for tasks to queue
[2025-06-29T22:50:23.973+0000] {logging_mixin.py:190} INFO - [2025-06-29T22:50:23.973+0000] {dagbag.py:588} INFO - Filling up the DagBag from /opt/airflow/dags/driven_data_pipeline.py
[2025-06-29T22:50:24.145+0000] {processor.py:925} INFO - DAG(s) 'extract_raw_data_pipeline' retrieved from /opt/airflow/dags/driven_data_pipeline.py
[2025-06-29T22:50:24.169+0000] {logging_mixin.py:190} INFO - [2025-06-29T22:50:24.169+0000] {dag.py:3239} INFO - Sync 1 DAGs
[2025-06-29T22:50:24.193+0000] {logging_mixin.py:190} INFO - [2025-06-29T22:50:24.192+0000] {dag.py:4180} INFO - Setting next_dagrun for extract_raw_data_pipeline to 2025-06-29 07:58:00+00:00, run_after=2025-06-29 07:59:00+00:00
[2025-06-29T22:50:24.227+0000] {processor.py:208} INFO - Processing /opt/airflow/dags/driven_data_pipeline.py took 0.266 seconds
[2025-06-29T22:50:54.319+0000] {processor.py:186} INFO - Started process (PID=238) to work on /opt/airflow/dags/driven_data_pipeline.py
[2025-06-29T22:50:54.334+0000] {processor.py:914} INFO - Processing file /opt/airflow/dags/driven_data_pipeline.py for tasks to queue
[2025-06-29T22:50:54.337+0000] {logging_mixin.py:190} INFO - [2025-06-29T22:50:54.337+0000] {dagbag.py:588} INFO - Filling up the DagBag from /opt/airflow/dags/driven_data_pipeline.py
[2025-06-29T22:50:54.516+0000] {processor.py:925} INFO - DAG(s) 'extract_raw_data_pipeline' retrieved from /opt/airflow/dags/driven_data_pipeline.py
[2025-06-29T22:50:54.543+0000] {logging_mixin.py:190} INFO - [2025-06-29T22:50:54.542+0000] {dag.py:3239} INFO - Sync 1 DAGs
[2025-06-29T22:50:54.565+0000] {logging_mixin.py:190} INFO - [2025-06-29T22:50:54.564+0000] {dag.py:4180} INFO - Setting next_dagrun for extract_raw_data_pipeline to 2025-06-29 07:58:00+00:00, run_after=2025-06-29 07:59:00+00:00
[2025-06-29T22:50:55.686+0000] {processor.py:208} INFO - Processing /opt/airflow/dags/driven_data_pipeline.py took 1.377 seconds
[2025-06-29T22:51:25.933+0000] {processor.py:186} INFO - Started process (PID=246) to work on /opt/airflow/dags/driven_data_pipeline.py
[2025-06-29T22:51:25.934+0000] {processor.py:914} INFO - Processing file /opt/airflow/dags/driven_data_pipeline.py for tasks to queue
[2025-06-29T22:51:25.938+0000] {logging_mixin.py:190} INFO - [2025-06-29T22:51:25.938+0000] {dagbag.py:588} INFO - Filling up the DagBag from /opt/airflow/dags/driven_data_pipeline.py
[2025-06-29T22:51:26.114+0000] {processor.py:925} INFO - DAG(s) 'extract_raw_data_pipeline' retrieved from /opt/airflow/dags/driven_data_pipeline.py
[2025-06-29T22:51:26.137+0000] {logging_mixin.py:190} INFO - [2025-06-29T22:51:26.137+0000] {dag.py:3239} INFO - Sync 1 DAGs
[2025-06-29T22:51:26.159+0000] {logging_mixin.py:190} INFO - [2025-06-29T22:51:26.159+0000] {dag.py:4180} INFO - Setting next_dagrun for extract_raw_data_pipeline to 2025-06-29 07:58:00+00:00, run_after=2025-06-29 07:59:00+00:00
[2025-06-29T22:51:26.213+0000] {processor.py:208} INFO - Processing /opt/airflow/dags/driven_data_pipeline.py took 0.291 seconds
[2025-06-29T22:51:56.420+0000] {processor.py:186} INFO - Started process (PID=254) to work on /opt/airflow/dags/driven_data_pipeline.py
[2025-06-29T22:51:56.422+0000] {processor.py:914} INFO - Processing file /opt/airflow/dags/driven_data_pipeline.py for tasks to queue
[2025-06-29T22:51:56.426+0000] {logging_mixin.py:190} INFO - [2025-06-29T22:51:56.426+0000] {dagbag.py:588} INFO - Filling up the DagBag from /opt/airflow/dags/driven_data_pipeline.py
[2025-06-29T22:51:56.602+0000] {processor.py:925} INFO - DAG(s) 'extract_raw_data_pipeline' retrieved from /opt/airflow/dags/driven_data_pipeline.py
[2025-06-29T22:51:56.626+0000] {logging_mixin.py:190} INFO - [2025-06-29T22:51:56.626+0000] {dag.py:3239} INFO - Sync 1 DAGs
[2025-06-29T22:51:56.648+0000] {logging_mixin.py:190} INFO - [2025-06-29T22:51:56.647+0000] {dag.py:4180} INFO - Setting next_dagrun for extract_raw_data_pipeline to 2025-06-29 07:58:00+00:00, run_after=2025-06-29 07:59:00+00:00
[2025-06-29T22:51:56.689+0000] {processor.py:208} INFO - Processing /opt/airflow/dags/driven_data_pipeline.py took 0.283 seconds
[2025-06-29T22:52:26.824+0000] {processor.py:186} INFO - Started process (PID=262) to work on /opt/airflow/dags/driven_data_pipeline.py
[2025-06-29T22:52:28.088+0000] {processor.py:914} INFO - Processing file /opt/airflow/dags/driven_data_pipeline.py for tasks to queue
[2025-06-29T22:52:28.098+0000] {logging_mixin.py:190} INFO - [2025-06-29T22:52:28.097+0000] {dagbag.py:588} INFO - Filling up the DagBag from /opt/airflow/dags/driven_data_pipeline.py
[2025-06-29T22:52:28.297+0000] {processor.py:925} INFO - DAG(s) 'extract_raw_data_pipeline' retrieved from /opt/airflow/dags/driven_data_pipeline.py
[2025-06-29T22:52:28.320+0000] {logging_mixin.py:190} INFO - [2025-06-29T22:52:28.320+0000] {dag.py:3239} INFO - Sync 1 DAGs
[2025-06-29T22:52:28.344+0000] {logging_mixin.py:190} INFO - [2025-06-29T22:52:28.343+0000] {dag.py:4180} INFO - Setting next_dagrun for extract_raw_data_pipeline to 2025-06-29 07:58:00+00:00, run_after=2025-06-29 07:59:00+00:00
[2025-06-29T22:52:28.382+0000] {processor.py:208} INFO - Processing /opt/airflow/dags/driven_data_pipeline.py took 1.570 seconds
[2025-06-29T22:52:58.737+0000] {processor.py:186} INFO - Started process (PID=270) to work on /opt/airflow/dags/driven_data_pipeline.py
[2025-06-29T22:52:58.739+0000] {processor.py:914} INFO - Processing file /opt/airflow/dags/driven_data_pipeline.py for tasks to queue
[2025-06-29T22:52:58.743+0000] {logging_mixin.py:190} INFO - [2025-06-29T22:52:58.742+0000] {dagbag.py:588} INFO - Filling up the DagBag from /opt/airflow/dags/driven_data_pipeline.py
[2025-06-29T22:52:58.915+0000] {processor.py:925} INFO - DAG(s) 'extract_raw_data_pipeline' retrieved from /opt/airflow/dags/driven_data_pipeline.py
[2025-06-29T22:52:58.940+0000] {logging_mixin.py:190} INFO - [2025-06-29T22:52:58.940+0000] {dag.py:3239} INFO - Sync 1 DAGs
[2025-06-29T22:52:58.962+0000] {logging_mixin.py:190} INFO - [2025-06-29T22:52:58.962+0000] {dag.py:4180} INFO - Setting next_dagrun for extract_raw_data_pipeline to 2025-06-29 07:58:00+00:00, run_after=2025-06-29 07:59:00+00:00
[2025-06-29T22:52:58.995+0000] {processor.py:208} INFO - Processing /opt/airflow/dags/driven_data_pipeline.py took 0.275 seconds
[2025-06-29T22:53:29.056+0000] {processor.py:186} INFO - Started process (PID=278) to work on /opt/airflow/dags/driven_data_pipeline.py
[2025-06-29T22:53:29.057+0000] {processor.py:914} INFO - Processing file /opt/airflow/dags/driven_data_pipeline.py for tasks to queue
[2025-06-29T22:53:29.061+0000] {logging_mixin.py:190} INFO - [2025-06-29T22:53:29.060+0000] {dagbag.py:588} INFO - Filling up the DagBag from /opt/airflow/dags/driven_data_pipeline.py
[2025-06-29T22:53:29.245+0000] {processor.py:925} INFO - DAG(s) 'extract_raw_data_pipeline' retrieved from /opt/airflow/dags/driven_data_pipeline.py
[2025-06-29T22:53:29.270+0000] {logging_mixin.py:190} INFO - [2025-06-29T22:53:29.270+0000] {dag.py:3239} INFO - Sync 1 DAGs
[2025-06-29T22:53:29.292+0000] {logging_mixin.py:190} INFO - [2025-06-29T22:53:29.291+0000] {dag.py:4180} INFO - Setting next_dagrun for extract_raw_data_pipeline to 2025-06-29 07:58:00+00:00, run_after=2025-06-29 07:59:00+00:00
[2025-06-29T22:53:29.329+0000] {processor.py:208} INFO - Processing /opt/airflow/dags/driven_data_pipeline.py took 0.284 seconds
[2025-06-29T22:53:59.672+0000] {processor.py:186} INFO - Started process (PID=286) to work on /opt/airflow/dags/driven_data_pipeline.py
[2025-06-29T22:54:00.374+0000] {processor.py:914} INFO - Processing file /opt/airflow/dags/driven_data_pipeline.py for tasks to queue
[2025-06-29T22:54:00.378+0000] {logging_mixin.py:190} INFO - [2025-06-29T22:54:00.377+0000] {dagbag.py:588} INFO - Filling up the DagBag from /opt/airflow/dags/driven_data_pipeline.py
[2025-06-29T22:54:00.663+0000] {processor.py:925} INFO - DAG(s) 'extract_raw_data_pipeline' retrieved from /opt/airflow/dags/driven_data_pipeline.py
[2025-06-29T22:54:00.699+0000] {logging_mixin.py:190} INFO - [2025-06-29T22:54:00.698+0000] {dag.py:3239} INFO - Sync 1 DAGs
[2025-06-29T22:54:00.736+0000] {logging_mixin.py:190} INFO - [2025-06-29T22:54:00.735+0000] {dag.py:4180} INFO - Setting next_dagrun for extract_raw_data_pipeline to 2025-06-29 07:58:00+00:00, run_after=2025-06-29 07:59:00+00:00
[2025-06-29T22:54:00.815+0000] {processor.py:208} INFO - Processing /opt/airflow/dags/driven_data_pipeline.py took 1.150 seconds
[2025-06-29T22:54:31.051+0000] {processor.py:186} INFO - Started process (PID=294) to work on /opt/airflow/dags/driven_data_pipeline.py
[2025-06-29T22:54:31.055+0000] {processor.py:914} INFO - Processing file /opt/airflow/dags/driven_data_pipeline.py for tasks to queue
[2025-06-29T22:54:31.057+0000] {logging_mixin.py:190} INFO - [2025-06-29T22:54:31.057+0000] {dagbag.py:588} INFO - Filling up the DagBag from /opt/airflow/dags/driven_data_pipeline.py
[2025-06-29T22:54:31.268+0000] {processor.py:925} INFO - DAG(s) 'extract_raw_data_pipeline' retrieved from /opt/airflow/dags/driven_data_pipeline.py
[2025-06-29T22:54:31.300+0000] {logging_mixin.py:190} INFO - [2025-06-29T22:54:31.300+0000] {dag.py:3239} INFO - Sync 1 DAGs
[2025-06-29T22:54:31.332+0000] {logging_mixin.py:190} INFO - [2025-06-29T22:54:31.332+0000] {dag.py:4180} INFO - Setting next_dagrun for extract_raw_data_pipeline to 2025-06-29 07:58:00+00:00, run_after=2025-06-29 07:59:00+00:00
[2025-06-29T22:54:31.401+0000] {processor.py:208} INFO - Processing /opt/airflow/dags/driven_data_pipeline.py took 0.358 seconds
[2025-06-29T22:55:01.520+0000] {processor.py:186} INFO - Started process (PID=302) to work on /opt/airflow/dags/driven_data_pipeline.py
[2025-06-29T22:55:01.522+0000] {processor.py:914} INFO - Processing file /opt/airflow/dags/driven_data_pipeline.py for tasks to queue
[2025-06-29T22:55:01.524+0000] {logging_mixin.py:190} INFO - [2025-06-29T22:55:01.524+0000] {dagbag.py:588} INFO - Filling up the DagBag from /opt/airflow/dags/driven_data_pipeline.py
[2025-06-29T22:55:01.703+0000] {processor.py:925} INFO - DAG(s) 'extract_raw_data_pipeline' retrieved from /opt/airflow/dags/driven_data_pipeline.py
[2025-06-29T22:55:01.727+0000] {logging_mixin.py:190} INFO - [2025-06-29T22:55:01.727+0000] {dag.py:3239} INFO - Sync 1 DAGs
[2025-06-29T22:55:01.755+0000] {logging_mixin.py:190} INFO - [2025-06-29T22:55:01.754+0000] {dag.py:4180} INFO - Setting next_dagrun for extract_raw_data_pipeline to 2025-06-29 07:58:00+00:00, run_after=2025-06-29 07:59:00+00:00
[2025-06-29T22:55:02.836+0000] {processor.py:208} INFO - Processing /opt/airflow/dags/driven_data_pipeline.py took 1.324 seconds
[2025-06-29T22:55:33.033+0000] {processor.py:186} INFO - Started process (PID=310) to work on /opt/airflow/dags/driven_data_pipeline.py
[2025-06-29T22:55:33.034+0000] {processor.py:914} INFO - Processing file /opt/airflow/dags/driven_data_pipeline.py for tasks to queue
[2025-06-29T22:55:33.037+0000] {logging_mixin.py:190} INFO - [2025-06-29T22:55:33.037+0000] {dagbag.py:588} INFO - Filling up the DagBag from /opt/airflow/dags/driven_data_pipeline.py
[2025-06-29T22:55:33.210+0000] {processor.py:925} INFO - DAG(s) 'extract_raw_data_pipeline' retrieved from /opt/airflow/dags/driven_data_pipeline.py
[2025-06-29T22:55:33.233+0000] {logging_mixin.py:190} INFO - [2025-06-29T22:55:33.233+0000] {dag.py:3239} INFO - Sync 1 DAGs
[2025-06-29T22:55:33.255+0000] {logging_mixin.py:190} INFO - [2025-06-29T22:55:33.255+0000] {dag.py:4180} INFO - Setting next_dagrun for extract_raw_data_pipeline to 2025-06-29 07:58:00+00:00, run_after=2025-06-29 07:59:00+00:00
[2025-06-29T22:55:33.651+0000] {processor.py:208} INFO - Processing /opt/airflow/dags/driven_data_pipeline.py took 0.629 seconds
[2025-06-29T22:56:04.008+0000] {processor.py:186} INFO - Started process (PID=318) to work on /opt/airflow/dags/driven_data_pipeline.py
[2025-06-29T22:56:04.009+0000] {processor.py:914} INFO - Processing file /opt/airflow/dags/driven_data_pipeline.py for tasks to queue
[2025-06-29T22:56:04.013+0000] {logging_mixin.py:190} INFO - [2025-06-29T22:56:04.012+0000] {dagbag.py:588} INFO - Filling up the DagBag from /opt/airflow/dags/driven_data_pipeline.py
[2025-06-29T22:56:04.188+0000] {processor.py:925} INFO - DAG(s) 'extract_raw_data_pipeline' retrieved from /opt/airflow/dags/driven_data_pipeline.py
[2025-06-29T22:56:04.212+0000] {logging_mixin.py:190} INFO - [2025-06-29T22:56:04.212+0000] {dag.py:3239} INFO - Sync 1 DAGs
[2025-06-29T22:56:04.233+0000] {logging_mixin.py:190} INFO - [2025-06-29T22:56:04.233+0000] {dag.py:4180} INFO - Setting next_dagrun for extract_raw_data_pipeline to 2025-06-29 07:58:00+00:00, run_after=2025-06-29 07:59:00+00:00
[2025-06-29T22:56:04.305+0000] {processor.py:208} INFO - Processing /opt/airflow/dags/driven_data_pipeline.py took 0.308 seconds
[2025-06-29T22:56:34.665+0000] {processor.py:186} INFO - Started process (PID=326) to work on /opt/airflow/dags/driven_data_pipeline.py
[2025-06-29T22:56:34.665+0000] {processor.py:914} INFO - Processing file /opt/airflow/dags/driven_data_pipeline.py for tasks to queue
[2025-06-29T22:56:34.667+0000] {logging_mixin.py:190} INFO - [2025-06-29T22:56:34.667+0000] {dagbag.py:588} INFO - Filling up the DagBag from /opt/airflow/dags/driven_data_pipeline.py
[2025-06-29T22:56:34.837+0000] {processor.py:925} INFO - DAG(s) 'extract_raw_data_pipeline' retrieved from /opt/airflow/dags/driven_data_pipeline.py
[2025-06-29T22:56:34.864+0000] {logging_mixin.py:190} INFO - [2025-06-29T22:56:34.863+0000] {dag.py:3239} INFO - Sync 1 DAGs
[2025-06-29T22:56:34.887+0000] {logging_mixin.py:190} INFO - [2025-06-29T22:56:34.887+0000] {dag.py:4180} INFO - Setting next_dagrun for extract_raw_data_pipeline to 2025-06-29 07:58:00+00:00, run_after=2025-06-29 07:59:00+00:00
[2025-06-29T22:56:34.926+0000] {processor.py:208} INFO - Processing /opt/airflow/dags/driven_data_pipeline.py took 0.268 seconds
[2025-06-29T22:57:05.011+0000] {processor.py:186} INFO - Started process (PID=334) to work on /opt/airflow/dags/driven_data_pipeline.py
[2025-06-29T22:57:05.013+0000] {processor.py:914} INFO - Processing file /opt/airflow/dags/driven_data_pipeline.py for tasks to queue
[2025-06-29T22:57:05.016+0000] {logging_mixin.py:190} INFO - [2025-06-29T22:57:05.016+0000] {dagbag.py:588} INFO - Filling up the DagBag from /opt/airflow/dags/driven_data_pipeline.py
[2025-06-29T22:57:05.187+0000] {processor.py:925} INFO - DAG(s) 'extract_raw_data_pipeline' retrieved from /opt/airflow/dags/driven_data_pipeline.py
[2025-06-29T22:57:05.211+0000] {logging_mixin.py:190} INFO - [2025-06-29T22:57:05.211+0000] {dag.py:3239} INFO - Sync 1 DAGs
[2025-06-29T22:57:05.235+0000] {logging_mixin.py:190} INFO - [2025-06-29T22:57:05.235+0000] {dag.py:4180} INFO - Setting next_dagrun for extract_raw_data_pipeline to 2025-06-29 07:58:00+00:00, run_after=2025-06-29 07:59:00+00:00
[2025-06-29T22:57:05.276+0000] {processor.py:208} INFO - Processing /opt/airflow/dags/driven_data_pipeline.py took 0.280 seconds
[2025-06-29T22:57:35.580+0000] {processor.py:186} INFO - Started process (PID=342) to work on /opt/airflow/dags/driven_data_pipeline.py
[2025-06-29T22:57:35.581+0000] {processor.py:914} INFO - Processing file /opt/airflow/dags/driven_data_pipeline.py for tasks to queue
[2025-06-29T22:57:35.583+0000] {logging_mixin.py:190} INFO - [2025-06-29T22:57:35.583+0000] {dagbag.py:588} INFO - Filling up the DagBag from /opt/airflow/dags/driven_data_pipeline.py
[2025-06-29T22:57:35.754+0000] {processor.py:925} INFO - DAG(s) 'extract_raw_data_pipeline' retrieved from /opt/airflow/dags/driven_data_pipeline.py
[2025-06-29T22:57:35.778+0000] {logging_mixin.py:190} INFO - [2025-06-29T22:57:35.777+0000] {dag.py:3239} INFO - Sync 1 DAGs
[2025-06-29T22:57:35.800+0000] {logging_mixin.py:190} INFO - [2025-06-29T22:57:35.799+0000] {dag.py:4180} INFO - Setting next_dagrun for extract_raw_data_pipeline to 2025-06-29 07:58:00+00:00, run_after=2025-06-29 07:59:00+00:00
[2025-06-29T22:57:35.831+0000] {processor.py:208} INFO - Processing /opt/airflow/dags/driven_data_pipeline.py took 0.258 seconds
[2025-06-29T22:58:05.938+0000] {processor.py:186} INFO - Started process (PID=350) to work on /opt/airflow/dags/driven_data_pipeline.py
[2025-06-29T22:58:05.940+0000] {processor.py:914} INFO - Processing file /opt/airflow/dags/driven_data_pipeline.py for tasks to queue
[2025-06-29T22:58:05.942+0000] {logging_mixin.py:190} INFO - [2025-06-29T22:58:05.941+0000] {dagbag.py:588} INFO - Filling up the DagBag from /opt/airflow/dags/driven_data_pipeline.py
[2025-06-29T22:58:06.115+0000] {processor.py:925} INFO - DAG(s) 'extract_raw_data_pipeline' retrieved from /opt/airflow/dags/driven_data_pipeline.py
[2025-06-29T22:58:06.139+0000] {logging_mixin.py:190} INFO - [2025-06-29T22:58:06.139+0000] {dag.py:3239} INFO - Sync 1 DAGs
[2025-06-29T22:58:06.164+0000] {logging_mixin.py:190} INFO - [2025-06-29T22:58:06.163+0000] {dag.py:4180} INFO - Setting next_dagrun for extract_raw_data_pipeline to 2025-06-29 07:58:00+00:00, run_after=2025-06-29 07:59:00+00:00
[2025-06-29T22:58:06.228+0000] {processor.py:208} INFO - Processing /opt/airflow/dags/driven_data_pipeline.py took 0.296 seconds
[2025-06-29T22:58:36.539+0000] {processor.py:186} INFO - Started process (PID=358) to work on /opt/airflow/dags/driven_data_pipeline.py
[2025-06-29T22:58:36.540+0000] {processor.py:914} INFO - Processing file /opt/airflow/dags/driven_data_pipeline.py for tasks to queue
[2025-06-29T22:58:36.542+0000] {logging_mixin.py:190} INFO - [2025-06-29T22:58:36.542+0000] {dagbag.py:588} INFO - Filling up the DagBag from /opt/airflow/dags/driven_data_pipeline.py
[2025-06-29T22:58:36.719+0000] {processor.py:925} INFO - DAG(s) 'extract_raw_data_pipeline' retrieved from /opt/airflow/dags/driven_data_pipeline.py
[2025-06-29T22:58:36.743+0000] {logging_mixin.py:190} INFO - [2025-06-29T22:58:36.742+0000] {dag.py:3239} INFO - Sync 1 DAGs
[2025-06-29T22:58:36.766+0000] {logging_mixin.py:190} INFO - [2025-06-29T22:58:36.765+0000] {dag.py:4180} INFO - Setting next_dagrun for extract_raw_data_pipeline to 2025-06-29 07:58:00+00:00, run_after=2025-06-29 07:59:00+00:00
[2025-06-29T22:58:36.807+0000] {processor.py:208} INFO - Processing /opt/airflow/dags/driven_data_pipeline.py took 0.277 seconds
[2025-06-29T22:59:06.873+0000] {processor.py:186} INFO - Started process (PID=366) to work on /opt/airflow/dags/driven_data_pipeline.py
[2025-06-29T22:59:06.874+0000] {processor.py:914} INFO - Processing file /opt/airflow/dags/driven_data_pipeline.py for tasks to queue
[2025-06-29T22:59:06.876+0000] {logging_mixin.py:190} INFO - [2025-06-29T22:59:06.876+0000] {dagbag.py:588} INFO - Filling up the DagBag from /opt/airflow/dags/driven_data_pipeline.py
[2025-06-29T22:59:07.045+0000] {processor.py:925} INFO - DAG(s) 'extract_raw_data_pipeline' retrieved from /opt/airflow/dags/driven_data_pipeline.py
[2025-06-29T22:59:07.069+0000] {logging_mixin.py:190} INFO - [2025-06-29T22:59:07.069+0000] {dag.py:3239} INFO - Sync 1 DAGs
[2025-06-29T22:59:07.093+0000] {logging_mixin.py:190} INFO - [2025-06-29T22:59:07.092+0000] {dag.py:4180} INFO - Setting next_dagrun for extract_raw_data_pipeline to 2025-06-29 07:58:00+00:00, run_after=2025-06-29 07:59:00+00:00
[2025-06-29T22:59:07.128+0000] {processor.py:208} INFO - Processing /opt/airflow/dags/driven_data_pipeline.py took 0.262 seconds
[2025-06-29T22:59:37.469+0000] {processor.py:186} INFO - Started process (PID=374) to work on /opt/airflow/dags/driven_data_pipeline.py
[2025-06-29T22:59:37.470+0000] {processor.py:914} INFO - Processing file /opt/airflow/dags/driven_data_pipeline.py for tasks to queue
[2025-06-29T22:59:37.472+0000] {logging_mixin.py:190} INFO - [2025-06-29T22:59:37.471+0000] {dagbag.py:588} INFO - Filling up the DagBag from /opt/airflow/dags/driven_data_pipeline.py
[2025-06-29T22:59:37.642+0000] {processor.py:925} INFO - DAG(s) 'extract_raw_data_pipeline' retrieved from /opt/airflow/dags/driven_data_pipeline.py
[2025-06-29T22:59:37.665+0000] {logging_mixin.py:190} INFO - [2025-06-29T22:59:37.665+0000] {dag.py:3239} INFO - Sync 1 DAGs
[2025-06-29T22:59:37.687+0000] {logging_mixin.py:190} INFO - [2025-06-29T22:59:37.687+0000] {dag.py:4180} INFO - Setting next_dagrun for extract_raw_data_pipeline to 2025-06-29 07:58:00+00:00, run_after=2025-06-29 07:59:00+00:00
[2025-06-29T22:59:37.724+0000] {processor.py:208} INFO - Processing /opt/airflow/dags/driven_data_pipeline.py took 0.263 seconds
[2025-06-29T23:00:07.821+0000] {processor.py:186} INFO - Started process (PID=382) to work on /opt/airflow/dags/driven_data_pipeline.py
[2025-06-29T23:00:07.822+0000] {processor.py:914} INFO - Processing file /opt/airflow/dags/driven_data_pipeline.py for tasks to queue
[2025-06-29T23:00:07.825+0000] {logging_mixin.py:190} INFO - [2025-06-29T23:00:07.824+0000] {dagbag.py:588} INFO - Filling up the DagBag from /opt/airflow/dags/driven_data_pipeline.py
[2025-06-29T23:00:08.004+0000] {processor.py:925} INFO - DAG(s) 'extract_raw_data_pipeline' retrieved from /opt/airflow/dags/driven_data_pipeline.py
[2025-06-29T23:00:08.030+0000] {logging_mixin.py:190} INFO - [2025-06-29T23:00:08.030+0000] {dag.py:3239} INFO - Sync 1 DAGs
[2025-06-29T23:00:08.055+0000] {logging_mixin.py:190} INFO - [2025-06-29T23:00:08.055+0000] {dag.py:4180} INFO - Setting next_dagrun for extract_raw_data_pipeline to 2025-06-29 07:58:00+00:00, run_after=2025-06-29 07:59:00+00:00
[2025-06-29T23:00:08.098+0000] {processor.py:208} INFO - Processing /opt/airflow/dags/driven_data_pipeline.py took 0.283 seconds
[2025-06-29T23:00:38.441+0000] {processor.py:186} INFO - Started process (PID=390) to work on /opt/airflow/dags/driven_data_pipeline.py
[2025-06-29T23:00:38.442+0000] {processor.py:914} INFO - Processing file /opt/airflow/dags/driven_data_pipeline.py for tasks to queue
[2025-06-29T23:00:38.445+0000] {logging_mixin.py:190} INFO - [2025-06-29T23:00:38.445+0000] {dagbag.py:588} INFO - Filling up the DagBag from /opt/airflow/dags/driven_data_pipeline.py
[2025-06-29T23:00:38.623+0000] {processor.py:925} INFO - DAG(s) 'extract_raw_data_pipeline' retrieved from /opt/airflow/dags/driven_data_pipeline.py
[2025-06-29T23:00:38.652+0000] {logging_mixin.py:190} INFO - [2025-06-29T23:00:38.651+0000] {dag.py:3239} INFO - Sync 1 DAGs
[2025-06-29T23:00:38.675+0000] {logging_mixin.py:190} INFO - [2025-06-29T23:00:38.675+0000] {dag.py:4180} INFO - Setting next_dagrun for extract_raw_data_pipeline to 2025-06-29 07:58:00+00:00, run_after=2025-06-29 07:59:00+00:00
[2025-06-29T23:00:38.717+0000] {processor.py:208} INFO - Processing /opt/airflow/dags/driven_data_pipeline.py took 0.285 seconds
[2025-06-29T23:01:08.761+0000] {processor.py:186} INFO - Started process (PID=398) to work on /opt/airflow/dags/driven_data_pipeline.py
[2025-06-29T23:01:08.762+0000] {processor.py:914} INFO - Processing file /opt/airflow/dags/driven_data_pipeline.py for tasks to queue
[2025-06-29T23:01:08.764+0000] {logging_mixin.py:190} INFO - [2025-06-29T23:01:08.764+0000] {dagbag.py:588} INFO - Filling up the DagBag from /opt/airflow/dags/driven_data_pipeline.py
[2025-06-29T23:01:08.968+0000] {processor.py:925} INFO - DAG(s) 'extract_raw_data_pipeline' retrieved from /opt/airflow/dags/driven_data_pipeline.py
[2025-06-29T23:01:09.002+0000] {logging_mixin.py:190} INFO - [2025-06-29T23:01:09.002+0000] {dag.py:3239} INFO - Sync 1 DAGs
[2025-06-29T23:01:09.026+0000] {logging_mixin.py:190} INFO - [2025-06-29T23:01:09.026+0000] {dag.py:4180} INFO - Setting next_dagrun for extract_raw_data_pipeline to 2025-06-29 07:58:00+00:00, run_after=2025-06-29 07:59:00+00:00
[2025-06-29T23:01:09.083+0000] {processor.py:208} INFO - Processing /opt/airflow/dags/driven_data_pipeline.py took 0.328 seconds
[2025-06-29T23:01:39.449+0000] {processor.py:186} INFO - Started process (PID=406) to work on /opt/airflow/dags/driven_data_pipeline.py
[2025-06-29T23:01:39.450+0000] {processor.py:914} INFO - Processing file /opt/airflow/dags/driven_data_pipeline.py for tasks to queue
[2025-06-29T23:01:39.453+0000] {logging_mixin.py:190} INFO - [2025-06-29T23:01:39.452+0000] {dagbag.py:588} INFO - Filling up the DagBag from /opt/airflow/dags/driven_data_pipeline.py
[2025-06-29T23:01:39.623+0000] {processor.py:925} INFO - DAG(s) 'extract_raw_data_pipeline' retrieved from /opt/airflow/dags/driven_data_pipeline.py
[2025-06-29T23:01:39.647+0000] {logging_mixin.py:190} INFO - [2025-06-29T23:01:39.647+0000] {dag.py:3239} INFO - Sync 1 DAGs
[2025-06-29T23:01:39.678+0000] {logging_mixin.py:190} INFO - [2025-06-29T23:01:39.678+0000] {dag.py:4180} INFO - Setting next_dagrun for extract_raw_data_pipeline to 2025-06-29 07:58:00+00:00, run_after=2025-06-29 07:59:00+00:00
[2025-06-29T23:01:39.720+0000] {processor.py:208} INFO - Processing /opt/airflow/dags/driven_data_pipeline.py took 0.280 seconds
[2025-06-29T23:02:09.779+0000] {processor.py:186} INFO - Started process (PID=414) to work on /opt/airflow/dags/driven_data_pipeline.py
[2025-06-29T23:02:09.780+0000] {processor.py:914} INFO - Processing file /opt/airflow/dags/driven_data_pipeline.py for tasks to queue
[2025-06-29T23:02:09.784+0000] {logging_mixin.py:190} INFO - [2025-06-29T23:02:09.783+0000] {dagbag.py:588} INFO - Filling up the DagBag from /opt/airflow/dags/driven_data_pipeline.py
[2025-06-29T23:02:09.958+0000] {processor.py:925} INFO - DAG(s) 'extract_raw_data_pipeline' retrieved from /opt/airflow/dags/driven_data_pipeline.py
[2025-06-29T23:02:09.983+0000] {logging_mixin.py:190} INFO - [2025-06-29T23:02:09.983+0000] {dag.py:3239} INFO - Sync 1 DAGs
[2025-06-29T23:02:10.006+0000] {logging_mixin.py:190} INFO - [2025-06-29T23:02:10.006+0000] {dag.py:4180} INFO - Setting next_dagrun for extract_raw_data_pipeline to 2025-06-29 07:58:00+00:00, run_after=2025-06-29 07:59:00+00:00
[2025-06-29T23:02:10.035+0000] {processor.py:208} INFO - Processing /opt/airflow/dags/driven_data_pipeline.py took 0.266 seconds
[2025-06-29T23:02:40.363+0000] {processor.py:186} INFO - Started process (PID=422) to work on /opt/airflow/dags/driven_data_pipeline.py
[2025-06-29T23:02:40.365+0000] {processor.py:914} INFO - Processing file /opt/airflow/dags/driven_data_pipeline.py for tasks to queue
[2025-06-29T23:02:40.368+0000] {logging_mixin.py:190} INFO - [2025-06-29T23:02:40.368+0000] {dagbag.py:588} INFO - Filling up the DagBag from /opt/airflow/dags/driven_data_pipeline.py
[2025-06-29T23:02:40.548+0000] {processor.py:925} INFO - DAG(s) 'extract_raw_data_pipeline' retrieved from /opt/airflow/dags/driven_data_pipeline.py
[2025-06-29T23:02:40.572+0000] {logging_mixin.py:190} INFO - [2025-06-29T23:02:40.571+0000] {dag.py:3239} INFO - Sync 1 DAGs
[2025-06-29T23:02:40.595+0000] {logging_mixin.py:190} INFO - [2025-06-29T23:02:40.595+0000] {dag.py:4180} INFO - Setting next_dagrun for extract_raw_data_pipeline to 2025-06-29 07:58:00+00:00, run_after=2025-06-29 07:59:00+00:00
[2025-06-29T23:02:40.639+0000] {processor.py:208} INFO - Processing /opt/airflow/dags/driven_data_pipeline.py took 0.286 seconds
[2025-06-29T23:03:10.989+0000] {processor.py:186} INFO - Started process (PID=430) to work on /opt/airflow/dags/driven_data_pipeline.py
[2025-06-29T23:03:10.989+0000] {processor.py:914} INFO - Processing file /opt/airflow/dags/driven_data_pipeline.py for tasks to queue
[2025-06-29T23:03:10.992+0000] {logging_mixin.py:190} INFO - [2025-06-29T23:03:10.991+0000] {dagbag.py:588} INFO - Filling up the DagBag from /opt/airflow/dags/driven_data_pipeline.py
[2025-06-29T23:03:11.163+0000] {processor.py:925} INFO - DAG(s) 'extract_raw_data_pipeline' retrieved from /opt/airflow/dags/driven_data_pipeline.py
[2025-06-29T23:03:11.187+0000] {logging_mixin.py:190} INFO - [2025-06-29T23:03:11.186+0000] {dag.py:3239} INFO - Sync 1 DAGs
[2025-06-29T23:03:11.210+0000] {logging_mixin.py:190} INFO - [2025-06-29T23:03:11.209+0000] {dag.py:4180} INFO - Setting next_dagrun for extract_raw_data_pipeline to 2025-06-29 07:58:00+00:00, run_after=2025-06-29 07:59:00+00:00
[2025-06-29T23:03:11.242+0000] {processor.py:208} INFO - Processing /opt/airflow/dags/driven_data_pipeline.py took 0.262 seconds
[2025-06-29T23:03:41.351+0000] {processor.py:186} INFO - Started process (PID=438) to work on /opt/airflow/dags/driven_data_pipeline.py
[2025-06-29T23:03:41.371+0000] {processor.py:914} INFO - Processing file /opt/airflow/dags/driven_data_pipeline.py for tasks to queue
[2025-06-29T23:03:41.376+0000] {logging_mixin.py:190} INFO - [2025-06-29T23:03:41.375+0000] {dagbag.py:588} INFO - Filling up the DagBag from /opt/airflow/dags/driven_data_pipeline.py
[2025-06-29T23:03:41.562+0000] {processor.py:925} INFO - DAG(s) 'extract_raw_data_pipeline' retrieved from /opt/airflow/dags/driven_data_pipeline.py
[2025-06-29T23:03:41.585+0000] {logging_mixin.py:190} INFO - [2025-06-29T23:03:41.585+0000] {dag.py:3239} INFO - Sync 1 DAGs
[2025-06-29T23:03:41.607+0000] {logging_mixin.py:190} INFO - [2025-06-29T23:03:41.607+0000] {dag.py:4180} INFO - Setting next_dagrun for extract_raw_data_pipeline to 2025-06-29 07:58:00+00:00, run_after=2025-06-29 07:59:00+00:00
[2025-06-29T23:03:41.641+0000] {processor.py:208} INFO - Processing /opt/airflow/dags/driven_data_pipeline.py took 0.300 seconds
[2025-06-29T23:04:11.881+0000] {processor.py:186} INFO - Started process (PID=446) to work on /opt/airflow/dags/driven_data_pipeline.py
[2025-06-29T23:04:11.882+0000] {processor.py:914} INFO - Processing file /opt/airflow/dags/driven_data_pipeline.py for tasks to queue
[2025-06-29T23:04:11.885+0000] {logging_mixin.py:190} INFO - [2025-06-29T23:04:11.885+0000] {dagbag.py:588} INFO - Filling up the DagBag from /opt/airflow/dags/driven_data_pipeline.py
[2025-06-29T23:04:12.062+0000] {processor.py:925} INFO - DAG(s) 'extract_raw_data_pipeline' retrieved from /opt/airflow/dags/driven_data_pipeline.py
[2025-06-29T23:04:12.085+0000] {logging_mixin.py:190} INFO - [2025-06-29T23:04:12.085+0000] {dag.py:3239} INFO - Sync 1 DAGs
[2025-06-29T23:04:12.107+0000] {logging_mixin.py:190} INFO - [2025-06-29T23:04:12.107+0000] {dag.py:4180} INFO - Setting next_dagrun for extract_raw_data_pipeline to 2025-06-29 07:58:00+00:00, run_after=2025-06-29 07:59:00+00:00
[2025-06-29T23:04:12.150+0000] {processor.py:208} INFO - Processing /opt/airflow/dags/driven_data_pipeline.py took 0.279 seconds
[2025-06-29T23:04:42.263+0000] {processor.py:186} INFO - Started process (PID=454) to work on /opt/airflow/dags/driven_data_pipeline.py
[2025-06-29T23:04:42.264+0000] {processor.py:914} INFO - Processing file /opt/airflow/dags/driven_data_pipeline.py for tasks to queue
[2025-06-29T23:04:42.267+0000] {logging_mixin.py:190} INFO - [2025-06-29T23:04:42.266+0000] {dagbag.py:588} INFO - Filling up the DagBag from /opt/airflow/dags/driven_data_pipeline.py
[2025-06-29T23:04:42.436+0000] {processor.py:925} INFO - DAG(s) 'extract_raw_data_pipeline' retrieved from /opt/airflow/dags/driven_data_pipeline.py
[2025-06-29T23:04:42.461+0000] {logging_mixin.py:190} INFO - [2025-06-29T23:04:42.461+0000] {dag.py:3239} INFO - Sync 1 DAGs
[2025-06-29T23:04:42.487+0000] {logging_mixin.py:190} INFO - [2025-06-29T23:04:42.486+0000] {dag.py:4180} INFO - Setting next_dagrun for extract_raw_data_pipeline to 2025-06-29 07:58:00+00:00, run_after=2025-06-29 07:59:00+00:00
[2025-06-29T23:04:42.539+0000] {processor.py:208} INFO - Processing /opt/airflow/dags/driven_data_pipeline.py took 0.283 seconds
[2025-06-29T23:05:12.769+0000] {processor.py:186} INFO - Started process (PID=462) to work on /opt/airflow/dags/driven_data_pipeline.py
[2025-06-29T23:05:12.770+0000] {processor.py:914} INFO - Processing file /opt/airflow/dags/driven_data_pipeline.py for tasks to queue
[2025-06-29T23:05:12.773+0000] {logging_mixin.py:190} INFO - [2025-06-29T23:05:12.772+0000] {dagbag.py:588} INFO - Filling up the DagBag from /opt/airflow/dags/driven_data_pipeline.py
[2025-06-29T23:05:12.950+0000] {processor.py:925} INFO - DAG(s) 'extract_raw_data_pipeline' retrieved from /opt/airflow/dags/driven_data_pipeline.py
[2025-06-29T23:05:12.973+0000] {logging_mixin.py:190} INFO - [2025-06-29T23:05:12.973+0000] {dag.py:3239} INFO - Sync 1 DAGs
[2025-06-29T23:05:12.997+0000] {logging_mixin.py:190} INFO - [2025-06-29T23:05:12.996+0000] {dag.py:4180} INFO - Setting next_dagrun for extract_raw_data_pipeline to 2025-06-29 07:58:00+00:00, run_after=2025-06-29 07:59:00+00:00
[2025-06-29T23:05:13.023+0000] {processor.py:208} INFO - Processing /opt/airflow/dags/driven_data_pipeline.py took 0.263 seconds
[2025-06-29T23:05:43.177+0000] {processor.py:186} INFO - Started process (PID=470) to work on /opt/airflow/dags/driven_data_pipeline.py
[2025-06-29T23:05:43.179+0000] {processor.py:914} INFO - Processing file /opt/airflow/dags/driven_data_pipeline.py for tasks to queue
[2025-06-29T23:05:43.184+0000] {logging_mixin.py:190} INFO - [2025-06-29T23:05:43.183+0000] {dagbag.py:588} INFO - Filling up the DagBag from /opt/airflow/dags/driven_data_pipeline.py
[2025-06-29T23:05:43.358+0000] {processor.py:925} INFO - DAG(s) 'extract_raw_data_pipeline' retrieved from /opt/airflow/dags/driven_data_pipeline.py
[2025-06-29T23:05:43.382+0000] {logging_mixin.py:190} INFO - [2025-06-29T23:05:43.381+0000] {dag.py:3239} INFO - Sync 1 DAGs
[2025-06-29T23:05:43.404+0000] {logging_mixin.py:190} INFO - [2025-06-29T23:05:43.403+0000] {dag.py:4180} INFO - Setting next_dagrun for extract_raw_data_pipeline to 2025-06-29 07:58:00+00:00, run_after=2025-06-29 07:59:00+00:00
[2025-06-29T23:05:43.445+0000] {processor.py:208} INFO - Processing /opt/airflow/dags/driven_data_pipeline.py took 0.281 seconds
[2025-06-29T23:06:13.672+0000] {processor.py:186} INFO - Started process (PID=478) to work on /opt/airflow/dags/driven_data_pipeline.py
[2025-06-29T23:06:13.673+0000] {processor.py:914} INFO - Processing file /opt/airflow/dags/driven_data_pipeline.py for tasks to queue
[2025-06-29T23:06:13.675+0000] {logging_mixin.py:190} INFO - [2025-06-29T23:06:13.675+0000] {dagbag.py:588} INFO - Filling up the DagBag from /opt/airflow/dags/driven_data_pipeline.py
[2025-06-29T23:06:13.859+0000] {processor.py:925} INFO - DAG(s) 'extract_raw_data_pipeline' retrieved from /opt/airflow/dags/driven_data_pipeline.py
[2025-06-29T23:06:13.883+0000] {logging_mixin.py:190} INFO - [2025-06-29T23:06:13.882+0000] {dag.py:3239} INFO - Sync 1 DAGs
[2025-06-29T23:06:13.910+0000] {logging_mixin.py:190} INFO - [2025-06-29T23:06:13.910+0000] {dag.py:4180} INFO - Setting next_dagrun for extract_raw_data_pipeline to 2025-06-29 07:58:00+00:00, run_after=2025-06-29 07:59:00+00:00
[2025-06-29T23:06:13.957+0000] {processor.py:208} INFO - Processing /opt/airflow/dags/driven_data_pipeline.py took 0.291 seconds
[2025-06-29T23:06:44.113+0000] {processor.py:186} INFO - Started process (PID=486) to work on /opt/airflow/dags/driven_data_pipeline.py
[2025-06-29T23:06:44.116+0000] {processor.py:914} INFO - Processing file /opt/airflow/dags/driven_data_pipeline.py for tasks to queue
[2025-06-29T23:06:44.120+0000] {logging_mixin.py:190} INFO - [2025-06-29T23:06:44.119+0000] {dagbag.py:588} INFO - Filling up the DagBag from /opt/airflow/dags/driven_data_pipeline.py
[2025-06-29T23:06:44.294+0000] {processor.py:925} INFO - DAG(s) 'extract_raw_data_pipeline' retrieved from /opt/airflow/dags/driven_data_pipeline.py
[2025-06-29T23:06:44.317+0000] {logging_mixin.py:190} INFO - [2025-06-29T23:06:44.317+0000] {dag.py:3239} INFO - Sync 1 DAGs
[2025-06-29T23:06:44.340+0000] {logging_mixin.py:190} INFO - [2025-06-29T23:06:44.340+0000] {dag.py:4180} INFO - Setting next_dagrun for extract_raw_data_pipeline to 2025-06-29 07:58:00+00:00, run_after=2025-06-29 07:59:00+00:00
[2025-06-29T23:06:44.376+0000] {processor.py:208} INFO - Processing /opt/airflow/dags/driven_data_pipeline.py took 0.284 seconds
[2025-06-29T23:07:14.574+0000] {processor.py:186} INFO - Started process (PID=494) to work on /opt/airflow/dags/driven_data_pipeline.py
[2025-06-29T23:07:14.574+0000] {processor.py:914} INFO - Processing file /opt/airflow/dags/driven_data_pipeline.py for tasks to queue
[2025-06-29T23:07:14.576+0000] {logging_mixin.py:190} INFO - [2025-06-29T23:07:14.576+0000] {dagbag.py:588} INFO - Filling up the DagBag from /opt/airflow/dags/driven_data_pipeline.py
[2025-06-29T23:07:14.746+0000] {processor.py:925} INFO - DAG(s) 'extract_raw_data_pipeline' retrieved from /opt/airflow/dags/driven_data_pipeline.py
[2025-06-29T23:07:14.770+0000] {logging_mixin.py:190} INFO - [2025-06-29T23:07:14.770+0000] {dag.py:3239} INFO - Sync 1 DAGs
[2025-06-29T23:07:14.793+0000] {logging_mixin.py:190} INFO - [2025-06-29T23:07:14.793+0000] {dag.py:4180} INFO - Setting next_dagrun for extract_raw_data_pipeline to 2025-06-29 07:58:00+00:00, run_after=2025-06-29 07:59:00+00:00
[2025-06-29T23:07:14.837+0000] {processor.py:208} INFO - Processing /opt/airflow/dags/driven_data_pipeline.py took 0.270 seconds
[2025-06-29T23:07:45.058+0000] {processor.py:186} INFO - Started process (PID=502) to work on /opt/airflow/dags/driven_data_pipeline.py
[2025-06-29T23:07:45.060+0000] {processor.py:914} INFO - Processing file /opt/airflow/dags/driven_data_pipeline.py for tasks to queue
[2025-06-29T23:07:45.062+0000] {logging_mixin.py:190} INFO - [2025-06-29T23:07:45.061+0000] {dagbag.py:588} INFO - Filling up the DagBag from /opt/airflow/dags/driven_data_pipeline.py
[2025-06-29T23:07:45.256+0000] {processor.py:925} INFO - DAG(s) 'extract_raw_data_pipeline' retrieved from /opt/airflow/dags/driven_data_pipeline.py
[2025-06-29T23:07:45.280+0000] {logging_mixin.py:190} INFO - [2025-06-29T23:07:45.280+0000] {dag.py:3239} INFO - Sync 1 DAGs
[2025-06-29T23:07:45.303+0000] {logging_mixin.py:190} INFO - [2025-06-29T23:07:45.303+0000] {dag.py:4180} INFO - Setting next_dagrun for extract_raw_data_pipeline to 2025-06-29 07:58:00+00:00, run_after=2025-06-29 07:59:00+00:00
[2025-06-29T23:07:45.332+0000] {processor.py:208} INFO - Processing /opt/airflow/dags/driven_data_pipeline.py took 0.281 seconds
[2025-06-29T23:08:15.499+0000] {processor.py:186} INFO - Started process (PID=510) to work on /opt/airflow/dags/driven_data_pipeline.py
[2025-06-29T23:08:15.500+0000] {processor.py:914} INFO - Processing file /opt/airflow/dags/driven_data_pipeline.py for tasks to queue
[2025-06-29T23:08:15.502+0000] {logging_mixin.py:190} INFO - [2025-06-29T23:08:15.502+0000] {dagbag.py:588} INFO - Filling up the DagBag from /opt/airflow/dags/driven_data_pipeline.py
[2025-06-29T23:08:15.672+0000] {processor.py:925} INFO - DAG(s) 'extract_raw_data_pipeline' retrieved from /opt/airflow/dags/driven_data_pipeline.py
[2025-06-29T23:08:15.695+0000] {logging_mixin.py:190} INFO - [2025-06-29T23:08:15.695+0000] {dag.py:3239} INFO - Sync 1 DAGs
[2025-06-29T23:08:15.717+0000] {logging_mixin.py:190} INFO - [2025-06-29T23:08:15.717+0000] {dag.py:4180} INFO - Setting next_dagrun for extract_raw_data_pipeline to 2025-06-29 07:58:00+00:00, run_after=2025-06-29 07:59:00+00:00
[2025-06-29T23:08:15.752+0000] {processor.py:208} INFO - Processing /opt/airflow/dags/driven_data_pipeline.py took 0.259 seconds
[2025-06-29T23:08:45.981+0000] {processor.py:186} INFO - Started process (PID=518) to work on /opt/airflow/dags/driven_data_pipeline.py
[2025-06-29T23:08:45.984+0000] {processor.py:914} INFO - Processing file /opt/airflow/dags/driven_data_pipeline.py for tasks to queue
[2025-06-29T23:08:45.988+0000] {logging_mixin.py:190} INFO - [2025-06-29T23:08:45.987+0000] {dagbag.py:588} INFO - Filling up the DagBag from /opt/airflow/dags/driven_data_pipeline.py
[2025-06-29T23:08:46.170+0000] {processor.py:925} INFO - DAG(s) 'extract_raw_data_pipeline' retrieved from /opt/airflow/dags/driven_data_pipeline.py
[2025-06-29T23:08:46.193+0000] {logging_mixin.py:190} INFO - [2025-06-29T23:08:46.193+0000] {dag.py:3239} INFO - Sync 1 DAGs
[2025-06-29T23:08:46.216+0000] {logging_mixin.py:190} INFO - [2025-06-29T23:08:46.216+0000] {dag.py:4180} INFO - Setting next_dagrun for extract_raw_data_pipeline to 2025-06-29 07:58:00+00:00, run_after=2025-06-29 07:59:00+00:00
[2025-06-29T23:08:46.264+0000] {processor.py:208} INFO - Processing /opt/airflow/dags/driven_data_pipeline.py took 0.296 seconds
[2025-06-29T23:09:16.399+0000] {processor.py:186} INFO - Started process (PID=526) to work on /opt/airflow/dags/driven_data_pipeline.py
[2025-06-29T23:09:16.400+0000] {processor.py:914} INFO - Processing file /opt/airflow/dags/driven_data_pipeline.py for tasks to queue
[2025-06-29T23:09:16.403+0000] {logging_mixin.py:190} INFO - [2025-06-29T23:09:16.403+0000] {dagbag.py:588} INFO - Filling up the DagBag from /opt/airflow/dags/driven_data_pipeline.py
[2025-06-29T23:09:16.579+0000] {processor.py:925} INFO - DAG(s) 'extract_raw_data_pipeline' retrieved from /opt/airflow/dags/driven_data_pipeline.py
[2025-06-29T23:09:16.602+0000] {logging_mixin.py:190} INFO - [2025-06-29T23:09:16.602+0000] {dag.py:3239} INFO - Sync 1 DAGs
[2025-06-29T23:09:16.625+0000] {logging_mixin.py:190} INFO - [2025-06-29T23:09:16.625+0000] {dag.py:4180} INFO - Setting next_dagrun for extract_raw_data_pipeline to 2025-06-29 07:58:00+00:00, run_after=2025-06-29 07:59:00+00:00
[2025-06-29T23:09:16.666+0000] {processor.py:208} INFO - Processing /opt/airflow/dags/driven_data_pipeline.py took 0.277 seconds
[2025-06-29T23:09:46.997+0000] {processor.py:186} INFO - Started process (PID=534) to work on /opt/airflow/dags/driven_data_pipeline.py
[2025-06-29T23:09:46.998+0000] {processor.py:914} INFO - Processing file /opt/airflow/dags/driven_data_pipeline.py for tasks to queue
[2025-06-29T23:09:47.000+0000] {logging_mixin.py:190} INFO - [2025-06-29T23:09:47.000+0000] {dagbag.py:588} INFO - Filling up the DagBag from /opt/airflow/dags/driven_data_pipeline.py
[2025-06-29T23:09:47.180+0000] {processor.py:925} INFO - DAG(s) 'extract_raw_data_pipeline' retrieved from /opt/airflow/dags/driven_data_pipeline.py
[2025-06-29T23:09:47.203+0000] {logging_mixin.py:190} INFO - [2025-06-29T23:09:47.203+0000] {dag.py:3239} INFO - Sync 1 DAGs
[2025-06-29T23:09:47.224+0000] {logging_mixin.py:190} INFO - [2025-06-29T23:09:47.224+0000] {dag.py:4180} INFO - Setting next_dagrun for extract_raw_data_pipeline to 2025-06-29 07:58:00+00:00, run_after=2025-06-29 07:59:00+00:00
[2025-06-29T23:09:47.262+0000] {processor.py:208} INFO - Processing /opt/airflow/dags/driven_data_pipeline.py took 0.273 seconds
[2025-06-29T23:10:17.355+0000] {processor.py:186} INFO - Started process (PID=542) to work on /opt/airflow/dags/driven_data_pipeline.py
[2025-06-29T23:10:17.357+0000] {processor.py:914} INFO - Processing file /opt/airflow/dags/driven_data_pipeline.py for tasks to queue
[2025-06-29T23:10:17.361+0000] {logging_mixin.py:190} INFO - [2025-06-29T23:10:17.360+0000] {dagbag.py:588} INFO - Filling up the DagBag from /opt/airflow/dags/driven_data_pipeline.py
[2025-06-29T23:10:17.537+0000] {processor.py:925} INFO - DAG(s) 'extract_raw_data_pipeline' retrieved from /opt/airflow/dags/driven_data_pipeline.py
[2025-06-29T23:10:17.562+0000] {logging_mixin.py:190} INFO - [2025-06-29T23:10:17.561+0000] {dag.py:3239} INFO - Sync 1 DAGs
[2025-06-29T23:10:17.584+0000] {logging_mixin.py:190} INFO - [2025-06-29T23:10:17.584+0000] {dag.py:4180} INFO - Setting next_dagrun for extract_raw_data_pipeline to 2025-06-29 07:58:00+00:00, run_after=2025-06-29 07:59:00+00:00
[2025-06-29T23:10:17.623+0000] {processor.py:208} INFO - Processing /opt/airflow/dags/driven_data_pipeline.py took 0.281 seconds
[2025-06-29T23:10:47.925+0000] {processor.py:186} INFO - Started process (PID=550) to work on /opt/airflow/dags/driven_data_pipeline.py
[2025-06-29T23:10:47.926+0000] {processor.py:914} INFO - Processing file /opt/airflow/dags/driven_data_pipeline.py for tasks to queue
[2025-06-29T23:10:47.929+0000] {logging_mixin.py:190} INFO - [2025-06-29T23:10:47.929+0000] {dagbag.py:588} INFO - Filling up the DagBag from /opt/airflow/dags/driven_data_pipeline.py
[2025-06-29T23:10:48.113+0000] {processor.py:925} INFO - DAG(s) 'extract_raw_data_pipeline' retrieved from /opt/airflow/dags/driven_data_pipeline.py
[2025-06-29T23:10:48.136+0000] {logging_mixin.py:190} INFO - [2025-06-29T23:10:48.136+0000] {dag.py:3239} INFO - Sync 1 DAGs
[2025-06-29T23:10:48.160+0000] {logging_mixin.py:190} INFO - [2025-06-29T23:10:48.159+0000] {dag.py:4180} INFO - Setting next_dagrun for extract_raw_data_pipeline to 2025-06-29 07:58:00+00:00, run_after=2025-06-29 07:59:00+00:00
[2025-06-29T23:10:48.193+0000] {processor.py:208} INFO - Processing /opt/airflow/dags/driven_data_pipeline.py took 0.278 seconds
[2025-06-29T23:11:18.562+0000] {processor.py:186} INFO - Started process (PID=558) to work on /opt/airflow/dags/driven_data_pipeline.py
[2025-06-29T23:11:18.563+0000] {processor.py:914} INFO - Processing file /opt/airflow/dags/driven_data_pipeline.py for tasks to queue
[2025-06-29T23:11:18.567+0000] {logging_mixin.py:190} INFO - [2025-06-29T23:11:18.566+0000] {dagbag.py:588} INFO - Filling up the DagBag from /opt/airflow/dags/driven_data_pipeline.py
[2025-06-29T23:11:18.741+0000] {processor.py:925} INFO - DAG(s) 'extract_raw_data_pipeline' retrieved from /opt/airflow/dags/driven_data_pipeline.py
[2025-06-29T23:11:18.765+0000] {logging_mixin.py:190} INFO - [2025-06-29T23:11:18.764+0000] {dag.py:3239} INFO - Sync 1 DAGs
[2025-06-29T23:11:18.788+0000] {logging_mixin.py:190} INFO - [2025-06-29T23:11:18.788+0000] {dag.py:4180} INFO - Setting next_dagrun for extract_raw_data_pipeline to 2025-06-29 07:58:00+00:00, run_after=2025-06-29 07:59:00+00:00
[2025-06-29T23:11:18.828+0000] {processor.py:208} INFO - Processing /opt/airflow/dags/driven_data_pipeline.py took 0.278 seconds
[2025-06-29T23:11:48.870+0000] {processor.py:186} INFO - Started process (PID=566) to work on /opt/airflow/dags/driven_data_pipeline.py
[2025-06-29T23:11:48.871+0000] {processor.py:914} INFO - Processing file /opt/airflow/dags/driven_data_pipeline.py for tasks to queue
[2025-06-29T23:11:48.874+0000] {logging_mixin.py:190} INFO - [2025-06-29T23:11:48.874+0000] {dagbag.py:588} INFO - Filling up the DagBag from /opt/airflow/dags/driven_data_pipeline.py
[2025-06-29T23:11:49.094+0000] {processor.py:925} INFO - DAG(s) 'extract_raw_data_pipeline' retrieved from /opt/airflow/dags/driven_data_pipeline.py
[2025-06-29T23:11:49.129+0000] {logging_mixin.py:190} INFO - [2025-06-29T23:11:49.129+0000] {dag.py:3239} INFO - Sync 1 DAGs
[2025-06-29T23:11:49.156+0000] {logging_mixin.py:190} INFO - [2025-06-29T23:11:49.156+0000] {dag.py:4180} INFO - Setting next_dagrun for extract_raw_data_pipeline to 2025-06-29 07:58:00+00:00, run_after=2025-06-29 07:59:00+00:00
[2025-06-29T23:11:49.190+0000] {processor.py:208} INFO - Processing /opt/airflow/dags/driven_data_pipeline.py took 0.329 seconds
[2025-06-29T23:12:19.478+0000] {processor.py:186} INFO - Started process (PID=574) to work on /opt/airflow/dags/driven_data_pipeline.py
[2025-06-29T23:12:19.479+0000] {processor.py:914} INFO - Processing file /opt/airflow/dags/driven_data_pipeline.py for tasks to queue
[2025-06-29T23:12:19.482+0000] {logging_mixin.py:190} INFO - [2025-06-29T23:12:19.482+0000] {dagbag.py:588} INFO - Filling up the DagBag from /opt/airflow/dags/driven_data_pipeline.py
[2025-06-29T23:12:19.663+0000] {processor.py:925} INFO - DAG(s) 'extract_raw_data_pipeline' retrieved from /opt/airflow/dags/driven_data_pipeline.py
[2025-06-29T23:12:19.688+0000] {logging_mixin.py:190} INFO - [2025-06-29T23:12:19.688+0000] {dag.py:3239} INFO - Sync 1 DAGs
[2025-06-29T23:12:19.711+0000] {logging_mixin.py:190} INFO - [2025-06-29T23:12:19.711+0000] {dag.py:4180} INFO - Setting next_dagrun for extract_raw_data_pipeline to 2025-06-29 07:58:00+00:00, run_after=2025-06-29 07:59:00+00:00
[2025-06-29T23:12:19.909+0000] {processor.py:208} INFO - Processing /opt/airflow/dags/driven_data_pipeline.py took 0.438 seconds
[2025-06-29T23:12:50.268+0000] {processor.py:186} INFO - Started process (PID=582) to work on /opt/airflow/dags/driven_data_pipeline.py
[2025-06-29T23:12:50.269+0000] {processor.py:914} INFO - Processing file /opt/airflow/dags/driven_data_pipeline.py for tasks to queue
[2025-06-29T23:12:50.274+0000] {logging_mixin.py:190} INFO - [2025-06-29T23:12:50.273+0000] {dagbag.py:588} INFO - Filling up the DagBag from /opt/airflow/dags/driven_data_pipeline.py
[2025-06-29T23:12:50.449+0000] {processor.py:925} INFO - DAG(s) 'extract_raw_data_pipeline' retrieved from /opt/airflow/dags/driven_data_pipeline.py
[2025-06-29T23:12:50.473+0000] {logging_mixin.py:190} INFO - [2025-06-29T23:12:50.473+0000] {dag.py:3239} INFO - Sync 1 DAGs
[2025-06-29T23:12:50.497+0000] {logging_mixin.py:190} INFO - [2025-06-29T23:12:50.497+0000] {dag.py:4180} INFO - Setting next_dagrun for extract_raw_data_pipeline to 2025-06-29 07:58:00+00:00, run_after=2025-06-29 07:59:00+00:00
[2025-06-29T23:12:50.534+0000] {processor.py:208} INFO - Processing /opt/airflow/dags/driven_data_pipeline.py took 0.278 seconds
[2025-06-29T23:13:20.575+0000] {processor.py:186} INFO - Started process (PID=590) to work on /opt/airflow/dags/driven_data_pipeline.py
[2025-06-29T23:13:20.576+0000] {processor.py:914} INFO - Processing file /opt/airflow/dags/driven_data_pipeline.py for tasks to queue
[2025-06-29T23:13:20.578+0000] {logging_mixin.py:190} INFO - [2025-06-29T23:13:20.578+0000] {dagbag.py:588} INFO - Filling up the DagBag from /opt/airflow/dags/driven_data_pipeline.py
[2025-06-29T23:13:20.756+0000] {processor.py:925} INFO - DAG(s) 'extract_raw_data_pipeline' retrieved from /opt/airflow/dags/driven_data_pipeline.py
[2025-06-29T23:13:20.779+0000] {logging_mixin.py:190} INFO - [2025-06-29T23:13:20.779+0000] {dag.py:3239} INFO - Sync 1 DAGs
[2025-06-29T23:13:20.803+0000] {logging_mixin.py:190} INFO - [2025-06-29T23:13:20.803+0000] {dag.py:4180} INFO - Setting next_dagrun for extract_raw_data_pipeline to 2025-06-29 07:58:00+00:00, run_after=2025-06-29 07:59:00+00:00
[2025-06-29T23:13:20.839+0000] {processor.py:208} INFO - Processing /opt/airflow/dags/driven_data_pipeline.py took 0.269 seconds
[2025-06-29T23:13:51.161+0000] {processor.py:186} INFO - Started process (PID=598) to work on /opt/airflow/dags/driven_data_pipeline.py
[2025-06-29T23:13:51.162+0000] {processor.py:914} INFO - Processing file /opt/airflow/dags/driven_data_pipeline.py for tasks to queue
[2025-06-29T23:13:51.165+0000] {logging_mixin.py:190} INFO - [2025-06-29T23:13:51.165+0000] {dagbag.py:588} INFO - Filling up the DagBag from /opt/airflow/dags/driven_data_pipeline.py
[2025-06-29T23:13:51.363+0000] {processor.py:925} INFO - DAG(s) 'extract_raw_data_pipeline' retrieved from /opt/airflow/dags/driven_data_pipeline.py
[2025-06-29T23:13:51.395+0000] {logging_mixin.py:190} INFO - [2025-06-29T23:13:51.395+0000] {dag.py:3239} INFO - Sync 1 DAGs
[2025-06-29T23:13:51.419+0000] {logging_mixin.py:190} INFO - [2025-06-29T23:13:51.419+0000] {dag.py:4180} INFO - Setting next_dagrun for extract_raw_data_pipeline to 2025-06-29 07:58:00+00:00, run_after=2025-06-29 07:59:00+00:00
[2025-06-29T23:13:51.449+0000] {processor.py:208} INFO - Processing /opt/airflow/dags/driven_data_pipeline.py took 0.297 seconds
[2025-06-29T23:14:21.516+0000] {processor.py:186} INFO - Started process (PID=606) to work on /opt/airflow/dags/driven_data_pipeline.py
[2025-06-29T23:14:21.518+0000] {processor.py:914} INFO - Processing file /opt/airflow/dags/driven_data_pipeline.py for tasks to queue
[2025-06-29T23:14:21.522+0000] {logging_mixin.py:190} INFO - [2025-06-29T23:14:21.521+0000] {dagbag.py:588} INFO - Filling up the DagBag from /opt/airflow/dags/driven_data_pipeline.py
[2025-06-29T23:14:21.698+0000] {processor.py:925} INFO - DAG(s) 'extract_raw_data_pipeline' retrieved from /opt/airflow/dags/driven_data_pipeline.py
[2025-06-29T23:14:21.722+0000] {logging_mixin.py:190} INFO - [2025-06-29T23:14:21.722+0000] {dag.py:3239} INFO - Sync 1 DAGs
[2025-06-29T23:14:21.744+0000] {logging_mixin.py:190} INFO - [2025-06-29T23:14:21.744+0000] {dag.py:4180} INFO - Setting next_dagrun for extract_raw_data_pipeline to 2025-06-29 07:58:00+00:00, run_after=2025-06-29 07:59:00+00:00
[2025-06-29T23:14:21.786+0000] {processor.py:208} INFO - Processing /opt/airflow/dags/driven_data_pipeline.py took 0.283 seconds
[2025-06-29T23:14:52.094+0000] {processor.py:186} INFO - Started process (PID=614) to work on /opt/airflow/dags/driven_data_pipeline.py
[2025-06-29T23:14:52.095+0000] {processor.py:914} INFO - Processing file /opt/airflow/dags/driven_data_pipeline.py for tasks to queue
[2025-06-29T23:14:52.097+0000] {logging_mixin.py:190} INFO - [2025-06-29T23:14:52.097+0000] {dagbag.py:588} INFO - Filling up the DagBag from /opt/airflow/dags/driven_data_pipeline.py
[2025-06-29T23:14:52.270+0000] {processor.py:925} INFO - DAG(s) 'extract_raw_data_pipeline' retrieved from /opt/airflow/dags/driven_data_pipeline.py
[2025-06-29T23:14:52.294+0000] {logging_mixin.py:190} INFO - [2025-06-29T23:14:52.294+0000] {dag.py:3239} INFO - Sync 1 DAGs
[2025-06-29T23:14:52.317+0000] {logging_mixin.py:190} INFO - [2025-06-29T23:14:52.317+0000] {dag.py:4180} INFO - Setting next_dagrun for extract_raw_data_pipeline to 2025-06-29 07:58:00+00:00, run_after=2025-06-29 07:59:00+00:00
[2025-06-29T23:14:52.351+0000] {processor.py:208} INFO - Processing /opt/airflow/dags/driven_data_pipeline.py took 0.263 seconds
[2025-06-29T23:15:22.448+0000] {processor.py:186} INFO - Started process (PID=622) to work on /opt/airflow/dags/driven_data_pipeline.py
[2025-06-29T23:15:22.450+0000] {processor.py:914} INFO - Processing file /opt/airflow/dags/driven_data_pipeline.py for tasks to queue
[2025-06-29T23:15:22.453+0000] {logging_mixin.py:190} INFO - [2025-06-29T23:15:22.452+0000] {dagbag.py:588} INFO - Filling up the DagBag from /opt/airflow/dags/driven_data_pipeline.py
[2025-06-29T23:15:22.625+0000] {processor.py:925} INFO - DAG(s) 'extract_raw_data_pipeline' retrieved from /opt/airflow/dags/driven_data_pipeline.py
[2025-06-29T23:15:22.649+0000] {logging_mixin.py:190} INFO - [2025-06-29T23:15:22.649+0000] {dag.py:3239} INFO - Sync 1 DAGs
[2025-06-29T23:15:22.676+0000] {logging_mixin.py:190} INFO - [2025-06-29T23:15:22.675+0000] {dag.py:4180} INFO - Setting next_dagrun for extract_raw_data_pipeline to 2025-06-29 07:58:00+00:00, run_after=2025-06-29 07:59:00+00:00
[2025-06-29T23:15:22.716+0000] {processor.py:208} INFO - Processing /opt/airflow/dags/driven_data_pipeline.py took 0.276 seconds
[2025-06-29T23:15:52.953+0000] {processor.py:186} INFO - Started process (PID=630) to work on /opt/airflow/dags/driven_data_pipeline.py
[2025-06-29T23:15:52.955+0000] {processor.py:914} INFO - Processing file /opt/airflow/dags/driven_data_pipeline.py for tasks to queue
[2025-06-29T23:15:52.957+0000] {logging_mixin.py:190} INFO - [2025-06-29T23:15:52.956+0000] {dagbag.py:588} INFO - Filling up the DagBag from /opt/airflow/dags/driven_data_pipeline.py
[2025-06-29T23:15:53.139+0000] {processor.py:925} INFO - DAG(s) 'extract_raw_data_pipeline' retrieved from /opt/airflow/dags/driven_data_pipeline.py
[2025-06-29T23:15:53.163+0000] {logging_mixin.py:190} INFO - [2025-06-29T23:15:53.163+0000] {dag.py:3239} INFO - Sync 1 DAGs
[2025-06-29T23:15:53.185+0000] {logging_mixin.py:190} INFO - [2025-06-29T23:15:53.184+0000] {dag.py:4180} INFO - Setting next_dagrun for extract_raw_data_pipeline to 2025-06-29 07:58:00+00:00, run_after=2025-06-29 07:59:00+00:00
[2025-06-29T23:15:53.228+0000] {processor.py:208} INFO - Processing /opt/airflow/dags/driven_data_pipeline.py took 0.282 seconds
[2025-06-29T23:16:23.391+0000] {processor.py:186} INFO - Started process (PID=638) to work on /opt/airflow/dags/driven_data_pipeline.py
[2025-06-29T23:16:23.393+0000] {processor.py:914} INFO - Processing file /opt/airflow/dags/driven_data_pipeline.py for tasks to queue
[2025-06-29T23:16:23.395+0000] {logging_mixin.py:190} INFO - [2025-06-29T23:16:23.395+0000] {dagbag.py:588} INFO - Filling up the DagBag from /opt/airflow/dags/driven_data_pipeline.py
[2025-06-29T23:16:23.569+0000] {processor.py:925} INFO - DAG(s) 'extract_raw_data_pipeline' retrieved from /opt/airflow/dags/driven_data_pipeline.py
[2025-06-29T23:16:23.593+0000] {logging_mixin.py:190} INFO - [2025-06-29T23:16:23.592+0000] {dag.py:3239} INFO - Sync 1 DAGs
[2025-06-29T23:16:23.614+0000] {logging_mixin.py:190} INFO - [2025-06-29T23:16:23.614+0000] {dag.py:4180} INFO - Setting next_dagrun for extract_raw_data_pipeline to 2025-06-29 07:58:00+00:00, run_after=2025-06-29 07:59:00+00:00
[2025-06-29T23:16:23.646+0000] {processor.py:208} INFO - Processing /opt/airflow/dags/driven_data_pipeline.py took 0.263 seconds
[2025-06-29T23:16:53.906+0000] {processor.py:186} INFO - Started process (PID=652) to work on /opt/airflow/dags/driven_data_pipeline.py
[2025-06-29T23:16:53.907+0000] {processor.py:914} INFO - Processing file /opt/airflow/dags/driven_data_pipeline.py for tasks to queue
[2025-06-29T23:16:53.909+0000] {logging_mixin.py:190} INFO - [2025-06-29T23:16:53.909+0000] {dagbag.py:588} INFO - Filling up the DagBag from /opt/airflow/dags/driven_data_pipeline.py
[2025-06-29T23:16:54.080+0000] {processor.py:925} INFO - DAG(s) 'extract_raw_data_pipeline' retrieved from /opt/airflow/dags/driven_data_pipeline.py
[2025-06-29T23:16:54.104+0000] {logging_mixin.py:190} INFO - [2025-06-29T23:16:54.104+0000] {dag.py:3239} INFO - Sync 1 DAGs
[2025-06-29T23:16:54.127+0000] {logging_mixin.py:190} INFO - [2025-06-29T23:16:54.127+0000] {dag.py:4180} INFO - Setting next_dagrun for extract_raw_data_pipeline to 2025-06-29 07:58:00+00:00, run_after=2025-06-29 07:59:00+00:00
[2025-06-29T23:16:54.166+0000] {processor.py:208} INFO - Processing /opt/airflow/dags/driven_data_pipeline.py took 0.266 seconds
[2025-06-29T23:17:24.311+0000] {processor.py:186} INFO - Started process (PID=660) to work on /opt/airflow/dags/driven_data_pipeline.py
[2025-06-29T23:17:24.312+0000] {processor.py:914} INFO - Processing file /opt/airflow/dags/driven_data_pipeline.py for tasks to queue
[2025-06-29T23:17:24.316+0000] {logging_mixin.py:190} INFO - [2025-06-29T23:17:24.316+0000] {dagbag.py:588} INFO - Filling up the DagBag from /opt/airflow/dags/driven_data_pipeline.py
[2025-06-29T23:17:24.490+0000] {processor.py:925} INFO - DAG(s) 'extract_raw_data_pipeline' retrieved from /opt/airflow/dags/driven_data_pipeline.py
[2025-06-29T23:17:24.519+0000] {logging_mixin.py:190} INFO - [2025-06-29T23:17:24.518+0000] {dag.py:3239} INFO - Sync 1 DAGs
[2025-06-29T23:17:24.547+0000] {logging_mixin.py:190} INFO - [2025-06-29T23:17:24.547+0000] {dag.py:4180} INFO - Setting next_dagrun for extract_raw_data_pipeline to 2025-06-29 07:58:00+00:00, run_after=2025-06-29 07:59:00+00:00
[2025-06-29T23:17:24.579+0000] {processor.py:208} INFO - Processing /opt/airflow/dags/driven_data_pipeline.py took 0.290 seconds
[2025-06-29T23:17:54.807+0000] {processor.py:186} INFO - Started process (PID=668) to work on /opt/airflow/dags/driven_data_pipeline.py
[2025-06-29T23:17:54.808+0000] {processor.py:914} INFO - Processing file /opt/airflow/dags/driven_data_pipeline.py for tasks to queue
[2025-06-29T23:17:54.810+0000] {logging_mixin.py:190} INFO - [2025-06-29T23:17:54.810+0000] {dagbag.py:588} INFO - Filling up the DagBag from /opt/airflow/dags/driven_data_pipeline.py
[2025-06-29T23:17:55.010+0000] {processor.py:925} INFO - DAG(s) 'extract_raw_data_pipeline' retrieved from /opt/airflow/dags/driven_data_pipeline.py
[2025-06-29T23:17:55.035+0000] {logging_mixin.py:190} INFO - [2025-06-29T23:17:55.035+0000] {dag.py:3239} INFO - Sync 1 DAGs
[2025-06-29T23:17:55.060+0000] {logging_mixin.py:190} INFO - [2025-06-29T23:17:55.060+0000] {dag.py:4180} INFO - Setting next_dagrun for extract_raw_data_pipeline to 2025-06-29 07:58:00+00:00, run_after=2025-06-29 07:59:00+00:00
[2025-06-29T23:17:55.113+0000] {processor.py:208} INFO - Processing /opt/airflow/dags/driven_data_pipeline.py took 0.312 seconds
[2025-06-29T23:18:25.223+0000] {processor.py:186} INFO - Started process (PID=676) to work on /opt/airflow/dags/driven_data_pipeline.py
[2025-06-29T23:18:25.223+0000] {processor.py:914} INFO - Processing file /opt/airflow/dags/driven_data_pipeline.py for tasks to queue
[2025-06-29T23:18:25.226+0000] {logging_mixin.py:190} INFO - [2025-06-29T23:18:25.226+0000] {dagbag.py:588} INFO - Filling up the DagBag from /opt/airflow/dags/driven_data_pipeline.py
[2025-06-29T23:18:25.422+0000] {processor.py:925} INFO - DAG(s) 'extract_raw_data_pipeline' retrieved from /opt/airflow/dags/driven_data_pipeline.py
[2025-06-29T23:18:25.446+0000] {logging_mixin.py:190} INFO - [2025-06-29T23:18:25.446+0000] {dag.py:3239} INFO - Sync 1 DAGs
[2025-06-29T23:18:25.471+0000] {logging_mixin.py:190} INFO - [2025-06-29T23:18:25.471+0000] {dag.py:4180} INFO - Setting next_dagrun for extract_raw_data_pipeline to 2025-06-29 07:58:00+00:00, run_after=2025-06-29 07:59:00+00:00
[2025-06-29T23:18:25.511+0000] {processor.py:208} INFO - Processing /opt/airflow/dags/driven_data_pipeline.py took 0.297 seconds
[2025-06-29T23:18:55.796+0000] {processor.py:186} INFO - Started process (PID=684) to work on /opt/airflow/dags/driven_data_pipeline.py
[2025-06-29T23:18:55.798+0000] {processor.py:914} INFO - Processing file /opt/airflow/dags/driven_data_pipeline.py for tasks to queue
[2025-06-29T23:18:55.800+0000] {logging_mixin.py:190} INFO - [2025-06-29T23:18:55.800+0000] {dagbag.py:588} INFO - Filling up the DagBag from /opt/airflow/dags/driven_data_pipeline.py
[2025-06-29T23:18:55.974+0000] {processor.py:925} INFO - DAG(s) 'extract_raw_data_pipeline' retrieved from /opt/airflow/dags/driven_data_pipeline.py
[2025-06-29T23:18:55.998+0000] {logging_mixin.py:190} INFO - [2025-06-29T23:18:55.997+0000] {dag.py:3239} INFO - Sync 1 DAGs
[2025-06-29T23:18:56.022+0000] {logging_mixin.py:190} INFO - [2025-06-29T23:18:56.021+0000] {dag.py:4180} INFO - Setting next_dagrun for extract_raw_data_pipeline to 2025-06-29 07:58:00+00:00, run_after=2025-06-29 07:59:00+00:00
[2025-06-29T23:18:56.063+0000] {processor.py:208} INFO - Processing /opt/airflow/dags/driven_data_pipeline.py took 0.276 seconds
[2025-06-29T23:19:26.427+0000] {processor.py:186} INFO - Started process (PID=692) to work on /opt/airflow/dags/driven_data_pipeline.py
[2025-06-29T23:19:26.428+0000] {processor.py:914} INFO - Processing file /opt/airflow/dags/driven_data_pipeline.py for tasks to queue
[2025-06-29T23:19:26.430+0000] {logging_mixin.py:190} INFO - [2025-06-29T23:19:26.430+0000] {dagbag.py:588} INFO - Filling up the DagBag from /opt/airflow/dags/driven_data_pipeline.py
[2025-06-29T23:19:26.616+0000] {processor.py:925} INFO - DAG(s) 'extract_raw_data_pipeline' retrieved from /opt/airflow/dags/driven_data_pipeline.py
[2025-06-29T23:19:26.641+0000] {logging_mixin.py:190} INFO - [2025-06-29T23:19:26.640+0000] {dag.py:3239} INFO - Sync 1 DAGs
[2025-06-29T23:19:26.664+0000] {logging_mixin.py:190} INFO - [2025-06-29T23:19:26.664+0000] {dag.py:4180} INFO - Setting next_dagrun for extract_raw_data_pipeline to 2025-06-29 07:58:00+00:00, run_after=2025-06-29 07:59:00+00:00
[2025-06-29T23:19:26.693+0000] {processor.py:208} INFO - Processing /opt/airflow/dags/driven_data_pipeline.py took 0.279 seconds
[2025-06-29T23:19:56.753+0000] {processor.py:186} INFO - Started process (PID=700) to work on /opt/airflow/dags/driven_data_pipeline.py
[2025-06-29T23:19:56.754+0000] {processor.py:914} INFO - Processing file /opt/airflow/dags/driven_data_pipeline.py for tasks to queue
[2025-06-29T23:19:56.756+0000] {logging_mixin.py:190} INFO - [2025-06-29T23:19:56.756+0000] {dagbag.py:588} INFO - Filling up the DagBag from /opt/airflow/dags/driven_data_pipeline.py
[2025-06-29T23:19:56.949+0000] {processor.py:925} INFO - DAG(s) 'extract_raw_data_pipeline' retrieved from /opt/airflow/dags/driven_data_pipeline.py
[2025-06-29T23:19:56.974+0000] {logging_mixin.py:190} INFO - [2025-06-29T23:19:56.973+0000] {dag.py:3239} INFO - Sync 1 DAGs
[2025-06-29T23:19:56.997+0000] {logging_mixin.py:190} INFO - [2025-06-29T23:19:56.997+0000] {dag.py:4180} INFO - Setting next_dagrun for extract_raw_data_pipeline to 2025-06-29 07:58:00+00:00, run_after=2025-06-29 07:59:00+00:00
[2025-06-29T23:19:57.039+0000] {processor.py:208} INFO - Processing /opt/airflow/dags/driven_data_pipeline.py took 0.292 seconds
[2025-06-29T23:20:27.351+0000] {processor.py:186} INFO - Started process (PID=708) to work on /opt/airflow/dags/driven_data_pipeline.py
[2025-06-29T23:20:27.353+0000] {processor.py:914} INFO - Processing file /opt/airflow/dags/driven_data_pipeline.py for tasks to queue
[2025-06-29T23:20:27.357+0000] {logging_mixin.py:190} INFO - [2025-06-29T23:20:27.356+0000] {dagbag.py:588} INFO - Filling up the DagBag from /opt/airflow/dags/driven_data_pipeline.py
[2025-06-29T23:20:27.545+0000] {processor.py:925} INFO - DAG(s) 'extract_raw_data_pipeline' retrieved from /opt/airflow/dags/driven_data_pipeline.py
[2025-06-29T23:20:27.571+0000] {logging_mixin.py:190} INFO - [2025-06-29T23:20:27.571+0000] {dag.py:3239} INFO - Sync 1 DAGs
[2025-06-29T23:20:27.595+0000] {logging_mixin.py:190} INFO - [2025-06-29T23:20:27.595+0000] {dag.py:4180} INFO - Setting next_dagrun for extract_raw_data_pipeline to 2025-06-29 07:58:00+00:00, run_after=2025-06-29 07:59:00+00:00
[2025-06-29T23:20:27.632+0000] {processor.py:208} INFO - Processing /opt/airflow/dags/driven_data_pipeline.py took 0.291 seconds
[2025-06-29T23:20:57.721+0000] {processor.py:186} INFO - Started process (PID=716) to work on /opt/airflow/dags/driven_data_pipeline.py
[2025-06-29T23:20:57.722+0000] {processor.py:914} INFO - Processing file /opt/airflow/dags/driven_data_pipeline.py for tasks to queue
[2025-06-29T23:20:57.724+0000] {logging_mixin.py:190} INFO - [2025-06-29T23:20:57.724+0000] {dagbag.py:588} INFO - Filling up the DagBag from /opt/airflow/dags/driven_data_pipeline.py
[2025-06-29T23:20:57.894+0000] {processor.py:925} INFO - DAG(s) 'extract_raw_data_pipeline' retrieved from /opt/airflow/dags/driven_data_pipeline.py
[2025-06-29T23:20:57.919+0000] {logging_mixin.py:190} INFO - [2025-06-29T23:20:57.919+0000] {dag.py:3239} INFO - Sync 1 DAGs
[2025-06-29T23:20:57.943+0000] {logging_mixin.py:190} INFO - [2025-06-29T23:20:57.942+0000] {dag.py:4180} INFO - Setting next_dagrun for extract_raw_data_pipeline to 2025-06-29 07:58:00+00:00, run_after=2025-06-29 07:59:00+00:00
[2025-06-29T23:20:57.982+0000] {processor.py:208} INFO - Processing /opt/airflow/dags/driven_data_pipeline.py took 0.269 seconds
[2025-06-29T23:21:28.279+0000] {processor.py:186} INFO - Started process (PID=724) to work on /opt/airflow/dags/driven_data_pipeline.py
[2025-06-29T23:21:28.281+0000] {processor.py:914} INFO - Processing file /opt/airflow/dags/driven_data_pipeline.py for tasks to queue
[2025-06-29T23:21:28.283+0000] {logging_mixin.py:190} INFO - [2025-06-29T23:21:28.283+0000] {dagbag.py:588} INFO - Filling up the DagBag from /opt/airflow/dags/driven_data_pipeline.py
[2025-06-29T23:21:28.455+0000] {processor.py:925} INFO - DAG(s) 'extract_raw_data_pipeline' retrieved from /opt/airflow/dags/driven_data_pipeline.py
[2025-06-29T23:21:28.478+0000] {logging_mixin.py:190} INFO - [2025-06-29T23:21:28.478+0000] {dag.py:3239} INFO - Sync 1 DAGs
[2025-06-29T23:21:28.501+0000] {logging_mixin.py:190} INFO - [2025-06-29T23:21:28.501+0000] {dag.py:4180} INFO - Setting next_dagrun for extract_raw_data_pipeline to 2025-06-29 07:58:00+00:00, run_after=2025-06-29 07:59:00+00:00
[2025-06-29T23:21:28.542+0000] {processor.py:208} INFO - Processing /opt/airflow/dags/driven_data_pipeline.py took 0.273 seconds
[2025-06-29T23:21:58.598+0000] {processor.py:186} INFO - Started process (PID=732) to work on /opt/airflow/dags/driven_data_pipeline.py
[2025-06-29T23:21:58.599+0000] {processor.py:914} INFO - Processing file /opt/airflow/dags/driven_data_pipeline.py for tasks to queue
[2025-06-29T23:21:58.601+0000] {logging_mixin.py:190} INFO - [2025-06-29T23:21:58.601+0000] {dagbag.py:588} INFO - Filling up the DagBag from /opt/airflow/dags/driven_data_pipeline.py
[2025-06-29T23:21:58.778+0000] {processor.py:925} INFO - DAG(s) 'extract_raw_data_pipeline' retrieved from /opt/airflow/dags/driven_data_pipeline.py
[2025-06-29T23:21:58.806+0000] {logging_mixin.py:190} INFO - [2025-06-29T23:21:58.806+0000] {dag.py:3239} INFO - Sync 1 DAGs
[2025-06-29T23:21:58.829+0000] {logging_mixin.py:190} INFO - [2025-06-29T23:21:58.828+0000] {dag.py:4180} INFO - Setting next_dagrun for extract_raw_data_pipeline to 2025-06-29 07:58:00+00:00, run_after=2025-06-29 07:59:00+00:00
[2025-06-29T23:22:00.864+0000] {processor.py:208} INFO - Processing /opt/airflow/dags/driven_data_pipeline.py took 2.272 seconds
[2025-06-29T23:22:31.174+0000] {processor.py:186} INFO - Started process (PID=740) to work on /opt/airflow/dags/driven_data_pipeline.py
[2025-06-29T23:22:31.174+0000] {processor.py:914} INFO - Processing file /opt/airflow/dags/driven_data_pipeline.py for tasks to queue
[2025-06-29T23:22:31.177+0000] {logging_mixin.py:190} INFO - [2025-06-29T23:22:31.176+0000] {dagbag.py:588} INFO - Filling up the DagBag from /opt/airflow/dags/driven_data_pipeline.py
[2025-06-29T23:22:31.347+0000] {processor.py:925} INFO - DAG(s) 'extract_raw_data_pipeline' retrieved from /opt/airflow/dags/driven_data_pipeline.py
[2025-06-29T23:22:31.371+0000] {logging_mixin.py:190} INFO - [2025-06-29T23:22:31.371+0000] {dag.py:3239} INFO - Sync 1 DAGs
[2025-06-29T23:22:31.392+0000] {logging_mixin.py:190} INFO - [2025-06-29T23:22:31.392+0000] {dag.py:4180} INFO - Setting next_dagrun for extract_raw_data_pipeline to 2025-06-29 07:58:00+00:00, run_after=2025-06-29 07:59:00+00:00
[2025-06-29T23:22:32.334+0000] {processor.py:208} INFO - Processing /opt/airflow/dags/driven_data_pipeline.py took 1.166 seconds
[2025-06-29T23:23:02.558+0000] {processor.py:186} INFO - Started process (PID=748) to work on /opt/airflow/dags/driven_data_pipeline.py
[2025-06-29T23:23:02.560+0000] {processor.py:914} INFO - Processing file /opt/airflow/dags/driven_data_pipeline.py for tasks to queue
[2025-06-29T23:23:02.563+0000] {logging_mixin.py:190} INFO - [2025-06-29T23:23:02.563+0000] {dagbag.py:588} INFO - Filling up the DagBag from /opt/airflow/dags/driven_data_pipeline.py
[2025-06-29T23:23:02.752+0000] {processor.py:925} INFO - DAG(s) 'extract_raw_data_pipeline' retrieved from /opt/airflow/dags/driven_data_pipeline.py
[2025-06-29T23:23:02.782+0000] {logging_mixin.py:190} INFO - [2025-06-29T23:23:02.781+0000] {dag.py:3239} INFO - Sync 1 DAGs
[2025-06-29T23:23:02.810+0000] {logging_mixin.py:190} INFO - [2025-06-29T23:23:02.810+0000] {dag.py:4180} INFO - Setting next_dagrun for extract_raw_data_pipeline to 2025-06-29 07:58:00+00:00, run_after=2025-06-29 07:59:00+00:00
[2025-06-29T23:23:02.860+0000] {processor.py:208} INFO - Processing /opt/airflow/dags/driven_data_pipeline.py took 0.314 seconds
[2025-06-29T23:23:32.944+0000] {processor.py:186} INFO - Started process (PID=756) to work on /opt/airflow/dags/driven_data_pipeline.py
[2025-06-29T23:23:32.945+0000] {processor.py:914} INFO - Processing file /opt/airflow/dags/driven_data_pipeline.py for tasks to queue
[2025-06-29T23:23:32.950+0000] {logging_mixin.py:190} INFO - [2025-06-29T23:23:32.949+0000] {dagbag.py:588} INFO - Filling up the DagBag from /opt/airflow/dags/driven_data_pipeline.py
[2025-06-29T23:23:33.147+0000] {processor.py:925} INFO - DAG(s) 'extract_raw_data_pipeline' retrieved from /opt/airflow/dags/driven_data_pipeline.py
[2025-06-29T23:23:33.171+0000] {logging_mixin.py:190} INFO - [2025-06-29T23:23:33.171+0000] {dag.py:3239} INFO - Sync 1 DAGs
[2025-06-29T23:23:33.202+0000] {logging_mixin.py:190} INFO - [2025-06-29T23:23:33.202+0000] {dag.py:4180} INFO - Setting next_dagrun for extract_raw_data_pipeline to 2025-06-29 07:58:00+00:00, run_after=2025-06-29 07:59:00+00:00
[2025-06-29T23:23:33.251+0000] {processor.py:208} INFO - Processing /opt/airflow/dags/driven_data_pipeline.py took 0.322 seconds
[2025-06-29T23:24:03.427+0000] {processor.py:186} INFO - Started process (PID=764) to work on /opt/airflow/dags/driven_data_pipeline.py
[2025-06-29T23:24:03.448+0000] {processor.py:914} INFO - Processing file /opt/airflow/dags/driven_data_pipeline.py for tasks to queue
[2025-06-29T23:24:03.452+0000] {logging_mixin.py:190} INFO - [2025-06-29T23:24:03.451+0000] {dagbag.py:588} INFO - Filling up the DagBag from /opt/airflow/dags/driven_data_pipeline.py
[2025-06-29T23:24:03.793+0000] {processor.py:925} INFO - DAG(s) 'extract_raw_data_pipeline' retrieved from /opt/airflow/dags/driven_data_pipeline.py
[2025-06-29T23:24:03.835+0000] {logging_mixin.py:190} INFO - [2025-06-29T23:24:03.835+0000] {dag.py:3239} INFO - Sync 1 DAGs
[2025-06-29T23:24:03.866+0000] {logging_mixin.py:190} INFO - [2025-06-29T23:24:03.866+0000] {dag.py:4180} INFO - Setting next_dagrun for extract_raw_data_pipeline to 2025-06-29 07:58:00+00:00, run_after=2025-06-29 07:59:00+00:00
[2025-06-29T23:24:03.920+0000] {processor.py:208} INFO - Processing /opt/airflow/dags/driven_data_pipeline.py took 0.508 seconds
[2025-06-29T23:24:34.322+0000] {processor.py:186} INFO - Started process (PID=771) to work on /opt/airflow/dags/driven_data_pipeline.py
[2025-06-29T23:24:34.323+0000] {processor.py:914} INFO - Processing file /opt/airflow/dags/driven_data_pipeline.py for tasks to queue
[2025-06-29T23:24:34.328+0000] {logging_mixin.py:190} INFO - [2025-06-29T23:24:34.327+0000] {dagbag.py:588} INFO - Filling up the DagBag from /opt/airflow/dags/driven_data_pipeline.py
[2025-06-29T23:24:34.538+0000] {processor.py:925} INFO - DAG(s) 'extract_raw_data_pipeline' retrieved from /opt/airflow/dags/driven_data_pipeline.py
[2025-06-29T23:24:34.568+0000] {logging_mixin.py:190} INFO - [2025-06-29T23:24:34.568+0000] {dag.py:3239} INFO - Sync 1 DAGs
[2025-06-29T23:24:34.596+0000] {logging_mixin.py:190} INFO - [2025-06-29T23:24:34.595+0000] {dag.py:4180} INFO - Setting next_dagrun for extract_raw_data_pipeline to 2025-06-29 07:58:00+00:00, run_after=2025-06-29 07:59:00+00:00
[2025-06-29T23:24:34.645+0000] {processor.py:208} INFO - Processing /opt/airflow/dags/driven_data_pipeline.py took 0.341 seconds
[2025-06-29T23:25:04.757+0000] {processor.py:186} INFO - Started process (PID=778) to work on /opt/airflow/dags/driven_data_pipeline.py
[2025-06-29T23:25:04.759+0000] {processor.py:914} INFO - Processing file /opt/airflow/dags/driven_data_pipeline.py for tasks to queue
[2025-06-29T23:25:04.763+0000] {logging_mixin.py:190} INFO - [2025-06-29T23:25:04.763+0000] {dagbag.py:588} INFO - Filling up the DagBag from /opt/airflow/dags/driven_data_pipeline.py
[2025-06-29T23:25:04.984+0000] {processor.py:925} INFO - DAG(s) 'extract_raw_data_pipeline' retrieved from /opt/airflow/dags/driven_data_pipeline.py
[2025-06-29T23:25:05.014+0000] {logging_mixin.py:190} INFO - [2025-06-29T23:25:05.014+0000] {dag.py:3239} INFO - Sync 1 DAGs
[2025-06-29T23:25:05.044+0000] {logging_mixin.py:190} INFO - [2025-06-29T23:25:05.043+0000] {dag.py:4180} INFO - Setting next_dagrun for extract_raw_data_pipeline to 2025-06-29 07:58:00+00:00, run_after=2025-06-29 07:59:00+00:00
[2025-06-29T23:25:05.082+0000] {processor.py:208} INFO - Processing /opt/airflow/dags/driven_data_pipeline.py took 0.347 seconds
[2025-06-29T23:25:35.461+0000] {processor.py:186} INFO - Started process (PID=786) to work on /opt/airflow/dags/driven_data_pipeline.py
[2025-06-29T23:25:35.464+0000] {processor.py:914} INFO - Processing file /opt/airflow/dags/driven_data_pipeline.py for tasks to queue
[2025-06-29T23:25:35.476+0000] {logging_mixin.py:190} INFO - [2025-06-29T23:25:35.474+0000] {dagbag.py:588} INFO - Filling up the DagBag from /opt/airflow/dags/driven_data_pipeline.py
[2025-06-29T23:25:35.716+0000] {processor.py:925} INFO - DAG(s) 'extract_raw_data_pipeline' retrieved from /opt/airflow/dags/driven_data_pipeline.py
[2025-06-29T23:25:35.748+0000] {logging_mixin.py:190} INFO - [2025-06-29T23:25:35.748+0000] {dag.py:3239} INFO - Sync 1 DAGs
[2025-06-29T23:25:35.781+0000] {logging_mixin.py:190} INFO - [2025-06-29T23:25:35.780+0000] {dag.py:4180} INFO - Setting next_dagrun for extract_raw_data_pipeline to 2025-06-29 07:58:00+00:00, run_after=2025-06-29 07:59:00+00:00
[2025-06-29T23:25:35.819+0000] {processor.py:208} INFO - Processing /opt/airflow/dags/driven_data_pipeline.py took 0.388 seconds
[2025-06-29T23:26:06.258+0000] {processor.py:186} INFO - Started process (PID=794) to work on /opt/airflow/dags/driven_data_pipeline.py
[2025-06-29T23:26:06.259+0000] {processor.py:914} INFO - Processing file /opt/airflow/dags/driven_data_pipeline.py for tasks to queue
[2025-06-29T23:26:06.262+0000] {logging_mixin.py:190} INFO - [2025-06-29T23:26:06.261+0000] {dagbag.py:588} INFO - Filling up the DagBag from /opt/airflow/dags/driven_data_pipeline.py
[2025-06-29T23:26:06.488+0000] {processor.py:925} INFO - DAG(s) 'extract_raw_data_pipeline' retrieved from /opt/airflow/dags/driven_data_pipeline.py
[2025-06-29T23:26:06.519+0000] {logging_mixin.py:190} INFO - [2025-06-29T23:26:06.519+0000] {dag.py:3239} INFO - Sync 1 DAGs
[2025-06-29T23:26:06.550+0000] {logging_mixin.py:190} INFO - [2025-06-29T23:26:06.550+0000] {dag.py:4180} INFO - Setting next_dagrun for extract_raw_data_pipeline to 2025-06-29 07:58:00+00:00, run_after=2025-06-29 07:59:00+00:00
[2025-06-29T23:26:06.584+0000] {processor.py:208} INFO - Processing /opt/airflow/dags/driven_data_pipeline.py took 0.333 seconds
[2025-06-29T23:26:36.709+0000] {processor.py:186} INFO - Started process (PID=802) to work on /opt/airflow/dags/driven_data_pipeline.py
[2025-06-29T23:26:36.712+0000] {processor.py:914} INFO - Processing file /opt/airflow/dags/driven_data_pipeline.py for tasks to queue
[2025-06-29T23:26:36.724+0000] {logging_mixin.py:190} INFO - [2025-06-29T23:26:36.722+0000] {dagbag.py:588} INFO - Filling up the DagBag from /opt/airflow/dags/driven_data_pipeline.py
[2025-06-29T23:26:36.945+0000] {processor.py:925} INFO - DAG(s) 'extract_raw_data_pipeline' retrieved from /opt/airflow/dags/driven_data_pipeline.py
[2025-06-29T23:26:36.974+0000] {logging_mixin.py:190} INFO - [2025-06-29T23:26:36.973+0000] {dag.py:3239} INFO - Sync 1 DAGs
[2025-06-29T23:26:37.000+0000] {logging_mixin.py:190} INFO - [2025-06-29T23:26:37.000+0000] {dag.py:4180} INFO - Setting next_dagrun for extract_raw_data_pipeline to 2025-06-29 07:58:00+00:00, run_after=2025-06-29 07:59:00+00:00
[2025-06-29T23:26:37.062+0000] {processor.py:208} INFO - Processing /opt/airflow/dags/driven_data_pipeline.py took 0.388 seconds
[2025-06-29T23:27:07.503+0000] {processor.py:186} INFO - Started process (PID=810) to work on /opt/airflow/dags/driven_data_pipeline.py
[2025-06-29T23:27:07.504+0000] {processor.py:914} INFO - Processing file /opt/airflow/dags/driven_data_pipeline.py for tasks to queue
[2025-06-29T23:27:07.507+0000] {logging_mixin.py:190} INFO - [2025-06-29T23:27:07.507+0000] {dagbag.py:588} INFO - Filling up the DagBag from /opt/airflow/dags/driven_data_pipeline.py
[2025-06-29T23:27:07.723+0000] {processor.py:925} INFO - DAG(s) 'extract_raw_data_pipeline' retrieved from /opt/airflow/dags/driven_data_pipeline.py
[2025-06-29T23:27:07.752+0000] {logging_mixin.py:190} INFO - [2025-06-29T23:27:07.752+0000] {dag.py:3239} INFO - Sync 1 DAGs
[2025-06-29T23:27:07.786+0000] {logging_mixin.py:190} INFO - [2025-06-29T23:27:07.785+0000] {dag.py:4180} INFO - Setting next_dagrun for extract_raw_data_pipeline to 2025-06-29 07:58:00+00:00, run_after=2025-06-29 07:59:00+00:00
[2025-06-29T23:27:07.824+0000] {processor.py:208} INFO - Processing /opt/airflow/dags/driven_data_pipeline.py took 0.336 seconds
[2025-06-29T23:27:37.937+0000] {processor.py:186} INFO - Started process (PID=818) to work on /opt/airflow/dags/driven_data_pipeline.py
[2025-06-29T23:27:37.938+0000] {processor.py:914} INFO - Processing file /opt/airflow/dags/driven_data_pipeline.py for tasks to queue
[2025-06-29T23:27:37.940+0000] {logging_mixin.py:190} INFO - [2025-06-29T23:27:37.940+0000] {dagbag.py:588} INFO - Filling up the DagBag from /opt/airflow/dags/driven_data_pipeline.py
[2025-06-29T23:27:38.160+0000] {processor.py:925} INFO - DAG(s) 'extract_raw_data_pipeline' retrieved from /opt/airflow/dags/driven_data_pipeline.py
[2025-06-29T23:27:38.190+0000] {logging_mixin.py:190} INFO - [2025-06-29T23:27:38.190+0000] {dag.py:3239} INFO - Sync 1 DAGs
[2025-06-29T23:27:38.215+0000] {logging_mixin.py:190} INFO - [2025-06-29T23:27:38.215+0000] {dag.py:4180} INFO - Setting next_dagrun for extract_raw_data_pipeline to 2025-06-29 07:58:00+00:00, run_after=2025-06-29 07:59:00+00:00
[2025-06-29T23:27:38.277+0000] {processor.py:208} INFO - Processing /opt/airflow/dags/driven_data_pipeline.py took 0.351 seconds
[2025-06-29T23:28:08.624+0000] {processor.py:186} INFO - Started process (PID=826) to work on /opt/airflow/dags/driven_data_pipeline.py
[2025-06-29T23:28:08.627+0000] {processor.py:914} INFO - Processing file /opt/airflow/dags/driven_data_pipeline.py for tasks to queue
[2025-06-29T23:28:08.634+0000] {logging_mixin.py:190} INFO - [2025-06-29T23:28:08.633+0000] {dagbag.py:588} INFO - Filling up the DagBag from /opt/airflow/dags/driven_data_pipeline.py
[2025-06-29T23:28:08.861+0000] {processor.py:925} INFO - DAG(s) 'extract_raw_data_pipeline' retrieved from /opt/airflow/dags/driven_data_pipeline.py
[2025-06-29T23:28:08.892+0000] {logging_mixin.py:190} INFO - [2025-06-29T23:28:08.891+0000] {dag.py:3239} INFO - Sync 1 DAGs
[2025-06-29T23:28:08.915+0000] {logging_mixin.py:190} INFO - [2025-06-29T23:28:08.915+0000] {dag.py:4180} INFO - Setting next_dagrun for extract_raw_data_pipeline to 2025-06-29 07:58:00+00:00, run_after=2025-06-29 07:59:00+00:00
[2025-06-29T23:28:08.970+0000] {processor.py:208} INFO - Processing /opt/airflow/dags/driven_data_pipeline.py took 0.378 seconds
[2025-06-29T23:28:39.081+0000] {processor.py:186} INFO - Started process (PID=834) to work on /opt/airflow/dags/driven_data_pipeline.py
[2025-06-29T23:28:39.085+0000] {processor.py:914} INFO - Processing file /opt/airflow/dags/driven_data_pipeline.py for tasks to queue
[2025-06-29T23:28:39.096+0000] {logging_mixin.py:190} INFO - [2025-06-29T23:28:39.093+0000] {dagbag.py:588} INFO - Filling up the DagBag from /opt/airflow/dags/driven_data_pipeline.py
[2025-06-29T23:28:39.347+0000] {processor.py:925} INFO - DAG(s) 'extract_raw_data_pipeline' retrieved from /opt/airflow/dags/driven_data_pipeline.py
[2025-06-29T23:28:39.378+0000] {logging_mixin.py:190} INFO - [2025-06-29T23:28:39.377+0000] {dag.py:3239} INFO - Sync 1 DAGs
[2025-06-29T23:28:39.406+0000] {logging_mixin.py:190} INFO - [2025-06-29T23:28:39.406+0000] {dag.py:4180} INFO - Setting next_dagrun for extract_raw_data_pipeline to 2025-06-29 07:58:00+00:00, run_after=2025-06-29 07:59:00+00:00
[2025-06-29T23:28:39.446+0000] {processor.py:208} INFO - Processing /opt/airflow/dags/driven_data_pipeline.py took 0.391 seconds
[2025-06-29T23:29:09.786+0000] {processor.py:186} INFO - Started process (PID=842) to work on /opt/airflow/dags/driven_data_pipeline.py
[2025-06-29T23:29:09.787+0000] {processor.py:914} INFO - Processing file /opt/airflow/dags/driven_data_pipeline.py for tasks to queue
[2025-06-29T23:29:09.789+0000] {logging_mixin.py:190} INFO - [2025-06-29T23:29:09.789+0000] {dagbag.py:588} INFO - Filling up the DagBag from /opt/airflow/dags/driven_data_pipeline.py
[2025-06-29T23:29:10.019+0000] {processor.py:925} INFO - DAG(s) 'extract_raw_data_pipeline' retrieved from /opt/airflow/dags/driven_data_pipeline.py
[2025-06-29T23:29:10.050+0000] {logging_mixin.py:190} INFO - [2025-06-29T23:29:10.049+0000] {dag.py:3239} INFO - Sync 1 DAGs
[2025-06-29T23:29:10.084+0000] {logging_mixin.py:190} INFO - [2025-06-29T23:29:10.084+0000] {dag.py:4180} INFO - Setting next_dagrun for extract_raw_data_pipeline to 2025-06-29 07:58:00+00:00, run_after=2025-06-29 07:59:00+00:00
[2025-06-29T23:29:10.128+0000] {processor.py:208} INFO - Processing /opt/airflow/dags/driven_data_pipeline.py took 0.349 seconds
[2025-06-29T23:29:40.177+0000] {processor.py:186} INFO - Started process (PID=850) to work on /opt/airflow/dags/driven_data_pipeline.py
[2025-06-29T23:29:40.178+0000] {processor.py:914} INFO - Processing file /opt/airflow/dags/driven_data_pipeline.py for tasks to queue
[2025-06-29T23:29:40.180+0000] {logging_mixin.py:190} INFO - [2025-06-29T23:29:40.180+0000] {dagbag.py:588} INFO - Filling up the DagBag from /opt/airflow/dags/driven_data_pipeline.py
[2025-06-29T23:29:40.397+0000] {processor.py:925} INFO - DAG(s) 'extract_raw_data_pipeline' retrieved from /opt/airflow/dags/driven_data_pipeline.py
[2025-06-29T23:29:40.427+0000] {logging_mixin.py:190} INFO - [2025-06-29T23:29:40.427+0000] {dag.py:3239} INFO - Sync 1 DAGs
[2025-06-29T23:29:40.456+0000] {logging_mixin.py:190} INFO - [2025-06-29T23:29:40.455+0000] {dag.py:4180} INFO - Setting next_dagrun for extract_raw_data_pipeline to 2025-06-29 07:58:00+00:00, run_after=2025-06-29 07:59:00+00:00
[2025-06-29T23:29:40.531+0000] {processor.py:208} INFO - Processing /opt/airflow/dags/driven_data_pipeline.py took 0.362 seconds
[2025-06-29T23:30:10.953+0000] {processor.py:186} INFO - Started process (PID=858) to work on /opt/airflow/dags/driven_data_pipeline.py
[2025-06-29T23:30:10.955+0000] {processor.py:914} INFO - Processing file /opt/airflow/dags/driven_data_pipeline.py for tasks to queue
[2025-06-29T23:30:10.957+0000] {logging_mixin.py:190} INFO - [2025-06-29T23:30:10.957+0000] {dagbag.py:588} INFO - Filling up the DagBag from /opt/airflow/dags/driven_data_pipeline.py
[2025-06-29T23:30:11.154+0000] {processor.py:925} INFO - DAG(s) 'extract_raw_data_pipeline' retrieved from /opt/airflow/dags/driven_data_pipeline.py
[2025-06-29T23:30:11.181+0000] {logging_mixin.py:190} INFO - [2025-06-29T23:30:11.181+0000] {dag.py:3239} INFO - Sync 1 DAGs
[2025-06-29T23:30:11.209+0000] {logging_mixin.py:190} INFO - [2025-06-29T23:30:11.209+0000] {dag.py:4180} INFO - Setting next_dagrun for extract_raw_data_pipeline to 2025-06-29 07:58:00+00:00, run_after=2025-06-29 07:59:00+00:00
[2025-06-29T23:30:11.251+0000] {processor.py:208} INFO - Processing /opt/airflow/dags/driven_data_pipeline.py took 0.310 seconds
[2025-06-29T23:30:41.433+0000] {processor.py:186} INFO - Started process (PID=866) to work on /opt/airflow/dags/driven_data_pipeline.py
[2025-06-29T23:30:41.436+0000] {processor.py:914} INFO - Processing file /opt/airflow/dags/driven_data_pipeline.py for tasks to queue
[2025-06-29T23:30:41.443+0000] {logging_mixin.py:190} INFO - [2025-06-29T23:30:41.442+0000] {dagbag.py:588} INFO - Filling up the DagBag from /opt/airflow/dags/driven_data_pipeline.py
[2025-06-29T23:30:41.660+0000] {processor.py:925} INFO - DAG(s) 'extract_raw_data_pipeline' retrieved from /opt/airflow/dags/driven_data_pipeline.py
[2025-06-29T23:30:41.687+0000] {logging_mixin.py:190} INFO - [2025-06-29T23:30:41.686+0000] {dag.py:3239} INFO - Sync 1 DAGs
[2025-06-29T23:30:41.713+0000] {logging_mixin.py:190} INFO - [2025-06-29T23:30:41.712+0000] {dag.py:4180} INFO - Setting next_dagrun for extract_raw_data_pipeline to 2025-06-29 07:58:00+00:00, run_after=2025-06-29 07:59:00+00:00
[2025-06-29T23:30:42.196+0000] {processor.py:208} INFO - Processing /opt/airflow/dags/driven_data_pipeline.py took 0.789 seconds
[2025-06-29T23:31:12.620+0000] {processor.py:186} INFO - Started process (PID=874) to work on /opt/airflow/dags/driven_data_pipeline.py
[2025-06-29T23:31:12.622+0000] {processor.py:914} INFO - Processing file /opt/airflow/dags/driven_data_pipeline.py for tasks to queue
[2025-06-29T23:31:12.624+0000] {logging_mixin.py:190} INFO - [2025-06-29T23:31:12.624+0000] {dagbag.py:588} INFO - Filling up the DagBag from /opt/airflow/dags/driven_data_pipeline.py
[2025-06-29T23:31:12.855+0000] {processor.py:925} INFO - DAG(s) 'extract_raw_data_pipeline' retrieved from /opt/airflow/dags/driven_data_pipeline.py
[2025-06-29T23:31:12.889+0000] {logging_mixin.py:190} INFO - [2025-06-29T23:31:12.889+0000] {dag.py:3239} INFO - Sync 1 DAGs
[2025-06-29T23:31:12.927+0000] {logging_mixin.py:190} INFO - [2025-06-29T23:31:12.927+0000] {dag.py:4180} INFO - Setting next_dagrun for extract_raw_data_pipeline to 2025-06-29 07:58:00+00:00, run_after=2025-06-29 07:59:00+00:00
[2025-06-29T23:31:12.976+0000] {processor.py:208} INFO - Processing /opt/airflow/dags/driven_data_pipeline.py took 0.363 seconds
[2025-06-29T23:31:43.389+0000] {processor.py:186} INFO - Started process (PID=882) to work on /opt/airflow/dags/driven_data_pipeline.py
[2025-06-29T23:31:43.390+0000] {processor.py:914} INFO - Processing file /opt/airflow/dags/driven_data_pipeline.py for tasks to queue
[2025-06-29T23:31:43.393+0000] {logging_mixin.py:190} INFO - [2025-06-29T23:31:43.392+0000] {dagbag.py:588} INFO - Filling up the DagBag from /opt/airflow/dags/driven_data_pipeline.py
[2025-06-29T23:31:43.618+0000] {processor.py:925} INFO - DAG(s) 'extract_raw_data_pipeline' retrieved from /opt/airflow/dags/driven_data_pipeline.py
[2025-06-29T23:31:43.654+0000] {logging_mixin.py:190} INFO - [2025-06-29T23:31:43.653+0000] {dag.py:3239} INFO - Sync 1 DAGs
[2025-06-29T23:31:43.691+0000] {logging_mixin.py:190} INFO - [2025-06-29T23:31:43.691+0000] {dag.py:4180} INFO - Setting next_dagrun for extract_raw_data_pipeline to 2025-06-29 07:58:00+00:00, run_after=2025-06-29 07:59:00+00:00
[2025-06-29T23:31:43.741+0000] {processor.py:208} INFO - Processing /opt/airflow/dags/driven_data_pipeline.py took 0.361 seconds
[2025-06-29T23:32:14.169+0000] {processor.py:186} INFO - Started process (PID=890) to work on /opt/airflow/dags/driven_data_pipeline.py
[2025-06-29T23:32:14.359+0000] {processor.py:914} INFO - Processing file /opt/airflow/dags/driven_data_pipeline.py for tasks to queue
[2025-06-29T23:32:14.373+0000] {logging_mixin.py:190} INFO - [2025-06-29T23:32:14.371+0000] {dagbag.py:588} INFO - Filling up the DagBag from /opt/airflow/dags/driven_data_pipeline.py
[2025-06-29T23:32:14.642+0000] {processor.py:925} INFO - DAG(s) 'extract_raw_data_pipeline' retrieved from /opt/airflow/dags/driven_data_pipeline.py
[2025-06-29T23:32:14.677+0000] {logging_mixin.py:190} INFO - [2025-06-29T23:32:14.677+0000] {dag.py:3239} INFO - Sync 1 DAGs
[2025-06-29T23:32:14.708+0000] {logging_mixin.py:190} INFO - [2025-06-29T23:32:14.708+0000] {dag.py:4180} INFO - Setting next_dagrun for extract_raw_data_pipeline to 2025-06-29 07:58:00+00:00, run_after=2025-06-29 07:59:00+00:00
[2025-06-29T23:32:15.217+0000] {processor.py:208} INFO - Processing /opt/airflow/dags/driven_data_pipeline.py took 1.069 seconds
[2025-06-29T23:32:45.625+0000] {processor.py:186} INFO - Started process (PID=898) to work on /opt/airflow/dags/driven_data_pipeline.py
[2025-06-29T23:32:45.627+0000] {processor.py:914} INFO - Processing file /opt/airflow/dags/driven_data_pipeline.py for tasks to queue
[2025-06-29T23:32:45.633+0000] {logging_mixin.py:190} INFO - [2025-06-29T23:32:45.632+0000] {dagbag.py:588} INFO - Filling up the DagBag from /opt/airflow/dags/driven_data_pipeline.py
[2025-06-29T23:32:45.856+0000] {processor.py:925} INFO - DAG(s) 'extract_raw_data_pipeline' retrieved from /opt/airflow/dags/driven_data_pipeline.py
[2025-06-29T23:32:45.885+0000] {logging_mixin.py:190} INFO - [2025-06-29T23:32:45.884+0000] {dag.py:3239} INFO - Sync 1 DAGs
[2025-06-29T23:32:45.907+0000] {logging_mixin.py:190} INFO - [2025-06-29T23:32:45.907+0000] {dag.py:4180} INFO - Setting next_dagrun for extract_raw_data_pipeline to 2025-06-29 07:58:00+00:00, run_after=2025-06-29 07:59:00+00:00
[2025-06-29T23:32:45.943+0000] {processor.py:208} INFO - Processing /opt/airflow/dags/driven_data_pipeline.py took 0.334 seconds
[2025-06-29T23:33:16.079+0000] {processor.py:186} INFO - Started process (PID=906) to work on /opt/airflow/dags/driven_data_pipeline.py
[2025-06-29T23:33:16.081+0000] {processor.py:914} INFO - Processing file /opt/airflow/dags/driven_data_pipeline.py for tasks to queue
[2025-06-29T23:33:16.087+0000] {logging_mixin.py:190} INFO - [2025-06-29T23:33:16.086+0000] {dagbag.py:588} INFO - Filling up the DagBag from /opt/airflow/dags/driven_data_pipeline.py
[2025-06-29T23:33:16.319+0000] {processor.py:925} INFO - DAG(s) 'extract_raw_data_pipeline' retrieved from /opt/airflow/dags/driven_data_pipeline.py
[2025-06-29T23:33:16.349+0000] {logging_mixin.py:190} INFO - [2025-06-29T23:33:16.348+0000] {dag.py:3239} INFO - Sync 1 DAGs
[2025-06-29T23:33:16.375+0000] {logging_mixin.py:190} INFO - [2025-06-29T23:33:16.375+0000] {dag.py:4180} INFO - Setting next_dagrun for extract_raw_data_pipeline to 2025-06-29 07:58:00+00:00, run_after=2025-06-29 07:59:00+00:00
[2025-06-29T23:33:16.411+0000] {processor.py:208} INFO - Processing /opt/airflow/dags/driven_data_pipeline.py took 0.351 seconds
[2025-06-29T23:33:46.810+0000] {processor.py:186} INFO - Started process (PID=914) to work on /opt/airflow/dags/driven_data_pipeline.py
[2025-06-29T23:33:46.813+0000] {processor.py:914} INFO - Processing file /opt/airflow/dags/driven_data_pipeline.py for tasks to queue
[2025-06-29T23:33:46.818+0000] {logging_mixin.py:190} INFO - [2025-06-29T23:33:46.817+0000] {dagbag.py:588} INFO - Filling up the DagBag from /opt/airflow/dags/driven_data_pipeline.py
[2025-06-29T23:33:47.027+0000] {processor.py:925} INFO - DAG(s) 'extract_raw_data_pipeline' retrieved from /opt/airflow/dags/driven_data_pipeline.py
[2025-06-29T23:33:47.055+0000] {logging_mixin.py:190} INFO - [2025-06-29T23:33:47.055+0000] {dag.py:3239} INFO - Sync 1 DAGs
[2025-06-29T23:33:47.082+0000] {logging_mixin.py:190} INFO - [2025-06-29T23:33:47.082+0000] {dag.py:4180} INFO - Setting next_dagrun for extract_raw_data_pipeline to 2025-06-29 07:58:00+00:00, run_after=2025-06-29 07:59:00+00:00
[2025-06-29T23:33:47.121+0000] {processor.py:208} INFO - Processing /opt/airflow/dags/driven_data_pipeline.py took 0.348 seconds
[2025-06-29T23:34:17.230+0000] {processor.py:186} INFO - Started process (PID=922) to work on /opt/airflow/dags/driven_data_pipeline.py
[2025-06-29T23:34:17.231+0000] {processor.py:914} INFO - Processing file /opt/airflow/dags/driven_data_pipeline.py for tasks to queue
[2025-06-29T23:34:17.233+0000] {logging_mixin.py:190} INFO - [2025-06-29T23:34:17.233+0000] {dagbag.py:588} INFO - Filling up the DagBag from /opt/airflow/dags/driven_data_pipeline.py
[2025-06-29T23:34:17.466+0000] {processor.py:925} INFO - DAG(s) 'extract_raw_data_pipeline' retrieved from /opt/airflow/dags/driven_data_pipeline.py
[2025-06-29T23:34:17.503+0000] {logging_mixin.py:190} INFO - [2025-06-29T23:34:17.502+0000] {dag.py:3239} INFO - Sync 1 DAGs
[2025-06-29T23:34:17.530+0000] {logging_mixin.py:190} INFO - [2025-06-29T23:34:17.529+0000] {dag.py:4180} INFO - Setting next_dagrun for extract_raw_data_pipeline to 2025-06-29 07:58:00+00:00, run_after=2025-06-29 07:59:00+00:00
[2025-06-29T23:34:17.585+0000] {processor.py:208} INFO - Processing /opt/airflow/dags/driven_data_pipeline.py took 0.365 seconds
[2025-06-29T23:34:48.031+0000] {processor.py:186} INFO - Started process (PID=930) to work on /opt/airflow/dags/driven_data_pipeline.py
[2025-06-29T23:34:48.033+0000] {processor.py:914} INFO - Processing file /opt/airflow/dags/driven_data_pipeline.py for tasks to queue
[2025-06-29T23:34:48.037+0000] {logging_mixin.py:190} INFO - [2025-06-29T23:34:48.036+0000] {dagbag.py:588} INFO - Filling up the DagBag from /opt/airflow/dags/driven_data_pipeline.py
[2025-06-29T23:34:48.237+0000] {processor.py:925} INFO - DAG(s) 'extract_raw_data_pipeline' retrieved from /opt/airflow/dags/driven_data_pipeline.py
[2025-06-29T23:34:48.266+0000] {logging_mixin.py:190} INFO - [2025-06-29T23:34:48.266+0000] {dag.py:3239} INFO - Sync 1 DAGs
[2025-06-29T23:34:48.297+0000] {logging_mixin.py:190} INFO - [2025-06-29T23:34:48.297+0000] {dag.py:4180} INFO - Setting next_dagrun for extract_raw_data_pipeline to 2025-06-29 07:58:00+00:00, run_after=2025-06-29 07:59:00+00:00
[2025-06-29T23:34:48.340+0000] {processor.py:208} INFO - Processing /opt/airflow/dags/driven_data_pipeline.py took 0.323 seconds
[2025-06-29T23:35:18.753+0000] {processor.py:186} INFO - Started process (PID=938) to work on /opt/airflow/dags/driven_data_pipeline.py
[2025-06-29T23:35:18.756+0000] {processor.py:914} INFO - Processing file /opt/airflow/dags/driven_data_pipeline.py for tasks to queue
[2025-06-29T23:35:18.759+0000] {logging_mixin.py:190} INFO - [2025-06-29T23:35:18.759+0000] {dagbag.py:588} INFO - Filling up the DagBag from /opt/airflow/dags/driven_data_pipeline.py
[2025-06-29T23:35:18.968+0000] {processor.py:925} INFO - DAG(s) 'extract_raw_data_pipeline' retrieved from /opt/airflow/dags/driven_data_pipeline.py
[2025-06-29T23:35:19.000+0000] {logging_mixin.py:190} INFO - [2025-06-29T23:35:18.999+0000] {dag.py:3239} INFO - Sync 1 DAGs
[2025-06-29T23:35:19.031+0000] {logging_mixin.py:190} INFO - [2025-06-29T23:35:19.031+0000] {dag.py:4180} INFO - Setting next_dagrun for extract_raw_data_pipeline to 2025-06-29 07:58:00+00:00, run_after=2025-06-29 07:59:00+00:00
[2025-06-29T23:35:19.081+0000] {processor.py:208} INFO - Processing /opt/airflow/dags/driven_data_pipeline.py took 0.355 seconds
[2025-06-29T23:35:49.524+0000] {processor.py:186} INFO - Started process (PID=946) to work on /opt/airflow/dags/driven_data_pipeline.py
[2025-06-29T23:35:49.526+0000] {processor.py:914} INFO - Processing file /opt/airflow/dags/driven_data_pipeline.py for tasks to queue
[2025-06-29T23:35:49.528+0000] {logging_mixin.py:190} INFO - [2025-06-29T23:35:49.528+0000] {dagbag.py:588} INFO - Filling up the DagBag from /opt/airflow/dags/driven_data_pipeline.py
[2025-06-29T23:35:49.725+0000] {processor.py:925} INFO - DAG(s) 'extract_raw_data_pipeline' retrieved from /opt/airflow/dags/driven_data_pipeline.py
[2025-06-29T23:35:49.753+0000] {logging_mixin.py:190} INFO - [2025-06-29T23:35:49.753+0000] {dag.py:3239} INFO - Sync 1 DAGs
[2025-06-29T23:35:49.780+0000] {logging_mixin.py:190} INFO - [2025-06-29T23:35:49.779+0000] {dag.py:4180} INFO - Setting next_dagrun for extract_raw_data_pipeline to 2025-06-29 07:58:00+00:00, run_after=2025-06-29 07:59:00+00:00
[2025-06-29T23:35:49.823+0000] {processor.py:208} INFO - Processing /opt/airflow/dags/driven_data_pipeline.py took 0.308 seconds
[2025-06-29T23:36:19.904+0000] {processor.py:186} INFO - Started process (PID=954) to work on /opt/airflow/dags/driven_data_pipeline.py
[2025-06-29T23:36:19.906+0000] {processor.py:914} INFO - Processing file /opt/airflow/dags/driven_data_pipeline.py for tasks to queue
[2025-06-29T23:36:19.909+0000] {logging_mixin.py:190} INFO - [2025-06-29T23:36:19.908+0000] {dagbag.py:588} INFO - Filling up the DagBag from /opt/airflow/dags/driven_data_pipeline.py
[2025-06-29T23:36:20.129+0000] {processor.py:925} INFO - DAG(s) 'extract_raw_data_pipeline' retrieved from /opt/airflow/dags/driven_data_pipeline.py
[2025-06-29T23:36:20.159+0000] {logging_mixin.py:190} INFO - [2025-06-29T23:36:20.158+0000] {dag.py:3239} INFO - Sync 1 DAGs
[2025-06-29T23:36:20.187+0000] {logging_mixin.py:190} INFO - [2025-06-29T23:36:20.187+0000] {dag.py:4180} INFO - Setting next_dagrun for extract_raw_data_pipeline to 2025-06-29 07:58:00+00:00, run_after=2025-06-29 07:59:00+00:00
[2025-06-29T23:36:20.232+0000] {processor.py:208} INFO - Processing /opt/airflow/dags/driven_data_pipeline.py took 0.338 seconds
[2025-06-29T23:36:50.495+0000] {processor.py:186} INFO - Started process (PID=962) to work on /opt/airflow/dags/driven_data_pipeline.py
[2025-06-29T23:36:50.496+0000] {processor.py:914} INFO - Processing file /opt/airflow/dags/driven_data_pipeline.py for tasks to queue
[2025-06-29T23:36:50.500+0000] {logging_mixin.py:190} INFO - [2025-06-29T23:36:50.500+0000] {dagbag.py:588} INFO - Filling up the DagBag from /opt/airflow/dags/driven_data_pipeline.py
[2025-06-29T23:36:50.741+0000] {processor.py:925} INFO - DAG(s) 'extract_raw_data_pipeline' retrieved from /opt/airflow/dags/driven_data_pipeline.py
[2025-06-29T23:36:50.772+0000] {logging_mixin.py:190} INFO - [2025-06-29T23:36:50.772+0000] {dag.py:3239} INFO - Sync 1 DAGs
[2025-06-29T23:36:50.803+0000] {logging_mixin.py:190} INFO - [2025-06-29T23:36:50.803+0000] {dag.py:4180} INFO - Setting next_dagrun for extract_raw_data_pipeline to 2025-06-29 07:58:00+00:00, run_after=2025-06-29 07:59:00+00:00
[2025-06-29T23:36:50.838+0000] {processor.py:208} INFO - Processing /opt/airflow/dags/driven_data_pipeline.py took 0.351 seconds
[2025-06-29T23:37:21.034+0000] {processor.py:186} INFO - Started process (PID=970) to work on /opt/airflow/dags/driven_data_pipeline.py
[2025-06-29T23:37:21.036+0000] {processor.py:914} INFO - Processing file /opt/airflow/dags/driven_data_pipeline.py for tasks to queue
[2025-06-29T23:37:21.040+0000] {logging_mixin.py:190} INFO - [2025-06-29T23:37:21.040+0000] {dagbag.py:588} INFO - Filling up the DagBag from /opt/airflow/dags/driven_data_pipeline.py
[2025-06-29T23:37:21.256+0000] {processor.py:925} INFO - DAG(s) 'extract_raw_data_pipeline' retrieved from /opt/airflow/dags/driven_data_pipeline.py
[2025-06-29T23:37:21.287+0000] {logging_mixin.py:190} INFO - [2025-06-29T23:37:21.286+0000] {dag.py:3239} INFO - Sync 1 DAGs
[2025-06-29T23:37:21.317+0000] {logging_mixin.py:190} INFO - [2025-06-29T23:37:21.317+0000] {dag.py:4180} INFO - Setting next_dagrun for extract_raw_data_pipeline to 2025-06-29 07:58:00+00:00, run_after=2025-06-29 07:59:00+00:00
[2025-06-29T23:37:21.354+0000] {processor.py:208} INFO - Processing /opt/airflow/dags/driven_data_pipeline.py took 0.342 seconds
[2025-06-29T23:37:51.680+0000] {processor.py:186} INFO - Started process (PID=978) to work on /opt/airflow/dags/driven_data_pipeline.py
[2025-06-29T23:37:51.682+0000] {processor.py:914} INFO - Processing file /opt/airflow/dags/driven_data_pipeline.py for tasks to queue
[2025-06-29T23:37:51.689+0000] {logging_mixin.py:190} INFO - [2025-06-29T23:37:51.689+0000] {dagbag.py:588} INFO - Filling up the DagBag from /opt/airflow/dags/driven_data_pipeline.py
[2025-06-29T23:37:51.922+0000] {processor.py:925} INFO - DAG(s) 'extract_raw_data_pipeline' retrieved from /opt/airflow/dags/driven_data_pipeline.py
[2025-06-29T23:37:51.952+0000] {logging_mixin.py:190} INFO - [2025-06-29T23:37:51.951+0000] {dag.py:3239} INFO - Sync 1 DAGs
[2025-06-29T23:37:51.978+0000] {logging_mixin.py:190} INFO - [2025-06-29T23:37:51.977+0000] {dag.py:4180} INFO - Setting next_dagrun for extract_raw_data_pipeline to 2025-06-29 07:58:00+00:00, run_after=2025-06-29 07:59:00+00:00
[2025-06-29T23:37:52.027+0000] {processor.py:208} INFO - Processing /opt/airflow/dags/driven_data_pipeline.py took 0.375 seconds
[2025-06-29T23:38:22.381+0000] {processor.py:186} INFO - Started process (PID=986) to work on /opt/airflow/dags/driven_data_pipeline.py
[2025-06-29T23:38:22.383+0000] {processor.py:914} INFO - Processing file /opt/airflow/dags/driven_data_pipeline.py for tasks to queue
[2025-06-29T23:38:22.386+0000] {logging_mixin.py:190} INFO - [2025-06-29T23:38:22.386+0000] {dagbag.py:588} INFO - Filling up the DagBag from /opt/airflow/dags/driven_data_pipeline.py
[2025-06-29T23:38:22.560+0000] {processor.py:925} INFO - DAG(s) 'extract_raw_data_pipeline' retrieved from /opt/airflow/dags/driven_data_pipeline.py
[2025-06-29T23:38:22.584+0000] {logging_mixin.py:190} INFO - [2025-06-29T23:38:22.584+0000] {dag.py:3239} INFO - Sync 1 DAGs
[2025-06-29T23:38:22.607+0000] {logging_mixin.py:190} INFO - [2025-06-29T23:38:22.607+0000] {dag.py:4180} INFO - Setting next_dagrun for extract_raw_data_pipeline to 2025-06-29 07:58:00+00:00, run_after=2025-06-29 07:59:00+00:00
[2025-06-29T23:38:22.640+0000] {processor.py:208} INFO - Processing /opt/airflow/dags/driven_data_pipeline.py took 0.269 seconds
[2025-06-29T23:38:52.760+0000] {processor.py:186} INFO - Started process (PID=994) to work on /opt/airflow/dags/driven_data_pipeline.py
[2025-06-29T23:38:52.762+0000] {processor.py:914} INFO - Processing file /opt/airflow/dags/driven_data_pipeline.py for tasks to queue
[2025-06-29T23:38:52.766+0000] {logging_mixin.py:190} INFO - [2025-06-29T23:38:52.766+0000] {dagbag.py:588} INFO - Filling up the DagBag from /opt/airflow/dags/driven_data_pipeline.py
[2025-06-29T23:38:52.943+0000] {processor.py:925} INFO - DAG(s) 'extract_raw_data_pipeline' retrieved from /opt/airflow/dags/driven_data_pipeline.py
[2025-06-29T23:38:52.969+0000] {logging_mixin.py:190} INFO - [2025-06-29T23:38:52.968+0000] {dag.py:3239} INFO - Sync 1 DAGs
[2025-06-29T23:38:52.991+0000] {logging_mixin.py:190} INFO - [2025-06-29T23:38:52.990+0000] {dag.py:4180} INFO - Setting next_dagrun for extract_raw_data_pipeline to 2025-06-29 07:58:00+00:00, run_after=2025-06-29 07:59:00+00:00
[2025-06-29T23:38:53.028+0000] {processor.py:208} INFO - Processing /opt/airflow/dags/driven_data_pipeline.py took 0.290 seconds
[2025-06-29T23:39:23.260+0000] {processor.py:186} INFO - Started process (PID=1002) to work on /opt/airflow/dags/driven_data_pipeline.py
[2025-06-29T23:39:23.262+0000] {processor.py:914} INFO - Processing file /opt/airflow/dags/driven_data_pipeline.py for tasks to queue
[2025-06-29T23:39:23.264+0000] {logging_mixin.py:190} INFO - [2025-06-29T23:39:23.264+0000] {dagbag.py:588} INFO - Filling up the DagBag from /opt/airflow/dags/driven_data_pipeline.py
[2025-06-29T23:39:23.476+0000] {processor.py:925} INFO - DAG(s) 'extract_raw_data_pipeline' retrieved from /opt/airflow/dags/driven_data_pipeline.py
[2025-06-29T23:39:23.511+0000] {logging_mixin.py:190} INFO - [2025-06-29T23:39:23.511+0000] {dag.py:3239} INFO - Sync 1 DAGs
[2025-06-29T23:39:23.542+0000] {logging_mixin.py:190} INFO - [2025-06-29T23:39:23.542+0000] {dag.py:4180} INFO - Setting next_dagrun for extract_raw_data_pipeline to 2025-06-29 07:58:00+00:00, run_after=2025-06-29 07:59:00+00:00
[2025-06-29T23:39:23.577+0000] {processor.py:208} INFO - Processing /opt/airflow/dags/driven_data_pipeline.py took 0.323 seconds
[2025-06-29T23:39:53.685+0000] {processor.py:186} INFO - Started process (PID=1010) to work on /opt/airflow/dags/driven_data_pipeline.py
[2025-06-29T23:39:53.686+0000] {processor.py:914} INFO - Processing file /opt/airflow/dags/driven_data_pipeline.py for tasks to queue
[2025-06-29T23:39:53.688+0000] {logging_mixin.py:190} INFO - [2025-06-29T23:39:53.687+0000] {dagbag.py:588} INFO - Filling up the DagBag from /opt/airflow/dags/driven_data_pipeline.py
[2025-06-29T23:39:53.876+0000] {processor.py:925} INFO - DAG(s) 'extract_raw_data_pipeline' retrieved from /opt/airflow/dags/driven_data_pipeline.py
[2025-06-29T23:39:53.901+0000] {logging_mixin.py:190} INFO - [2025-06-29T23:39:53.901+0000] {dag.py:3239} INFO - Sync 1 DAGs
[2025-06-29T23:39:53.926+0000] {logging_mixin.py:190} INFO - [2025-06-29T23:39:53.926+0000] {dag.py:4180} INFO - Setting next_dagrun for extract_raw_data_pipeline to 2025-06-29 07:58:00+00:00, run_after=2025-06-29 07:59:00+00:00
[2025-06-29T23:39:53.969+0000] {processor.py:208} INFO - Processing /opt/airflow/dags/driven_data_pipeline.py took 0.291 seconds
[2025-06-29T23:40:24.307+0000] {processor.py:186} INFO - Started process (PID=1018) to work on /opt/airflow/dags/driven_data_pipeline.py
[2025-06-29T23:40:24.308+0000] {processor.py:914} INFO - Processing file /opt/airflow/dags/driven_data_pipeline.py for tasks to queue
[2025-06-29T23:40:24.310+0000] {logging_mixin.py:190} INFO - [2025-06-29T23:40:24.310+0000] {dagbag.py:588} INFO - Filling up the DagBag from /opt/airflow/dags/driven_data_pipeline.py
[2025-06-29T23:40:24.481+0000] {processor.py:925} INFO - DAG(s) 'extract_raw_data_pipeline' retrieved from /opt/airflow/dags/driven_data_pipeline.py
[2025-06-29T23:40:24.505+0000] {logging_mixin.py:190} INFO - [2025-06-29T23:40:24.505+0000] {dag.py:3239} INFO - Sync 1 DAGs
[2025-06-29T23:40:24.528+0000] {logging_mixin.py:190} INFO - [2025-06-29T23:40:24.527+0000] {dag.py:4180} INFO - Setting next_dagrun for extract_raw_data_pipeline to 2025-06-29 07:58:00+00:00, run_after=2025-06-29 07:59:00+00:00
[2025-06-29T23:40:24.557+0000] {processor.py:208} INFO - Processing /opt/airflow/dags/driven_data_pipeline.py took 0.259 seconds
[2025-06-29T23:40:54.641+0000] {processor.py:186} INFO - Started process (PID=1026) to work on /opt/airflow/dags/driven_data_pipeline.py
[2025-06-29T23:40:54.643+0000] {processor.py:914} INFO - Processing file /opt/airflow/dags/driven_data_pipeline.py for tasks to queue
[2025-06-29T23:40:54.648+0000] {logging_mixin.py:190} INFO - [2025-06-29T23:40:54.647+0000] {dagbag.py:588} INFO - Filling up the DagBag from /opt/airflow/dags/driven_data_pipeline.py
[2025-06-29T23:40:54.822+0000] {processor.py:925} INFO - DAG(s) 'extract_raw_data_pipeline' retrieved from /opt/airflow/dags/driven_data_pipeline.py
[2025-06-29T23:40:54.847+0000] {logging_mixin.py:190} INFO - [2025-06-29T23:40:54.846+0000] {dag.py:3239} INFO - Sync 1 DAGs
[2025-06-29T23:40:54.871+0000] {logging_mixin.py:190} INFO - [2025-06-29T23:40:54.870+0000] {dag.py:4180} INFO - Setting next_dagrun for extract_raw_data_pipeline to 2025-06-29 07:58:00+00:00, run_after=2025-06-29 07:59:00+00:00
[2025-06-29T23:40:54.911+0000] {processor.py:208} INFO - Processing /opt/airflow/dags/driven_data_pipeline.py took 0.283 seconds
[2025-06-29T23:41:25.153+0000] {processor.py:186} INFO - Started process (PID=1034) to work on /opt/airflow/dags/driven_data_pipeline.py
[2025-06-29T23:41:25.153+0000] {processor.py:914} INFO - Processing file /opt/airflow/dags/driven_data_pipeline.py for tasks to queue
[2025-06-29T23:41:25.156+0000] {logging_mixin.py:190} INFO - [2025-06-29T23:41:25.155+0000] {dagbag.py:588} INFO - Filling up the DagBag from /opt/airflow/dags/driven_data_pipeline.py
[2025-06-29T23:41:25.326+0000] {processor.py:925} INFO - DAG(s) 'extract_raw_data_pipeline' retrieved from /opt/airflow/dags/driven_data_pipeline.py
[2025-06-29T23:41:25.350+0000] {logging_mixin.py:190} INFO - [2025-06-29T23:41:25.350+0000] {dag.py:3239} INFO - Sync 1 DAGs
[2025-06-29T23:41:25.374+0000] {logging_mixin.py:190} INFO - [2025-06-29T23:41:25.374+0000] {dag.py:4180} INFO - Setting next_dagrun for extract_raw_data_pipeline to 2025-06-29 07:58:00+00:00, run_after=2025-06-29 07:59:00+00:00
[2025-06-29T23:41:25.407+0000] {processor.py:208} INFO - Processing /opt/airflow/dags/driven_data_pipeline.py took 0.261 seconds
[2025-06-29T23:41:55.559+0000] {processor.py:186} INFO - Started process (PID=1042) to work on /opt/airflow/dags/driven_data_pipeline.py
[2025-06-29T23:41:55.581+0000] {processor.py:914} INFO - Processing file /opt/airflow/dags/driven_data_pipeline.py for tasks to queue
[2025-06-29T23:41:55.585+0000] {logging_mixin.py:190} INFO - [2025-06-29T23:41:55.585+0000] {dagbag.py:588} INFO - Filling up the DagBag from /opt/airflow/dags/driven_data_pipeline.py
[2025-06-29T23:41:55.769+0000] {processor.py:925} INFO - DAG(s) 'extract_raw_data_pipeline' retrieved from /opt/airflow/dags/driven_data_pipeline.py
[2025-06-29T23:41:55.792+0000] {logging_mixin.py:190} INFO - [2025-06-29T23:41:55.792+0000] {dag.py:3239} INFO - Sync 1 DAGs
[2025-06-29T23:41:55.815+0000] {logging_mixin.py:190} INFO - [2025-06-29T23:41:55.815+0000] {dag.py:4180} INFO - Setting next_dagrun for extract_raw_data_pipeline to 2025-06-29 07:58:00+00:00, run_after=2025-06-29 07:59:00+00:00
[2025-06-29T23:41:55.847+0000] {processor.py:208} INFO - Processing /opt/airflow/dags/driven_data_pipeline.py took 0.300 seconds
[2025-06-29T23:42:26.108+0000] {processor.py:186} INFO - Started process (PID=1051) to work on /opt/airflow/dags/driven_data_pipeline.py
[2025-06-29T23:42:26.109+0000] {processor.py:914} INFO - Processing file /opt/airflow/dags/driven_data_pipeline.py for tasks to queue
[2025-06-29T23:42:26.113+0000] {logging_mixin.py:190} INFO - [2025-06-29T23:42:26.113+0000] {dagbag.py:588} INFO - Filling up the DagBag from /opt/airflow/dags/driven_data_pipeline.py
[2025-06-29T23:42:26.301+0000] {processor.py:925} INFO - DAG(s) 'extract_raw_data_pipeline' retrieved from /opt/airflow/dags/driven_data_pipeline.py
[2025-06-29T23:42:26.325+0000] {logging_mixin.py:190} INFO - [2025-06-29T23:42:26.325+0000] {dag.py:3239} INFO - Sync 1 DAGs
[2025-06-29T23:42:26.347+0000] {logging_mixin.py:190} INFO - [2025-06-29T23:42:26.347+0000] {dag.py:4180} INFO - Setting next_dagrun for extract_raw_data_pipeline to 2025-06-29 07:58:00+00:00, run_after=2025-06-29 07:59:00+00:00
[2025-06-29T23:42:26.376+0000] {processor.py:208} INFO - Processing /opt/airflow/dags/driven_data_pipeline.py took 0.289 seconds
[2025-06-29T23:42:56.487+0000] {processor.py:186} INFO - Started process (PID=1059) to work on /opt/airflow/dags/driven_data_pipeline.py
[2025-06-29T23:42:56.488+0000] {processor.py:914} INFO - Processing file /opt/airflow/dags/driven_data_pipeline.py for tasks to queue
[2025-06-29T23:42:56.491+0000] {logging_mixin.py:190} INFO - [2025-06-29T23:42:56.490+0000] {dagbag.py:588} INFO - Filling up the DagBag from /opt/airflow/dags/driven_data_pipeline.py
[2025-06-29T23:42:56.680+0000] {processor.py:925} INFO - DAG(s) 'extract_raw_data_pipeline' retrieved from /opt/airflow/dags/driven_data_pipeline.py
[2025-06-29T23:42:56.711+0000] {logging_mixin.py:190} INFO - [2025-06-29T23:42:56.710+0000] {dag.py:3239} INFO - Sync 1 DAGs
[2025-06-29T23:42:56.736+0000] {logging_mixin.py:190} INFO - [2025-06-29T23:42:56.736+0000] {dag.py:4180} INFO - Setting next_dagrun for extract_raw_data_pipeline to 2025-06-29 07:58:00+00:00, run_after=2025-06-29 07:59:00+00:00
[2025-06-29T23:42:56.771+0000] {processor.py:208} INFO - Processing /opt/airflow/dags/driven_data_pipeline.py took 0.290 seconds
[2025-06-29T23:43:27.026+0000] {processor.py:186} INFO - Started process (PID=1067) to work on /opt/airflow/dags/driven_data_pipeline.py
[2025-06-29T23:43:27.027+0000] {processor.py:914} INFO - Processing file /opt/airflow/dags/driven_data_pipeline.py for tasks to queue
[2025-06-29T23:43:27.031+0000] {logging_mixin.py:190} INFO - [2025-06-29T23:43:27.030+0000] {dagbag.py:588} INFO - Filling up the DagBag from /opt/airflow/dags/driven_data_pipeline.py
[2025-06-29T23:43:27.207+0000] {processor.py:925} INFO - DAG(s) 'extract_raw_data_pipeline' retrieved from /opt/airflow/dags/driven_data_pipeline.py
[2025-06-29T23:43:27.231+0000] {logging_mixin.py:190} INFO - [2025-06-29T23:43:27.231+0000] {dag.py:3239} INFO - Sync 1 DAGs
[2025-06-29T23:43:27.255+0000] {logging_mixin.py:190} INFO - [2025-06-29T23:43:27.254+0000] {dag.py:4180} INFO - Setting next_dagrun for extract_raw_data_pipeline to 2025-06-29 07:58:00+00:00, run_after=2025-06-29 07:59:00+00:00
[2025-06-29T23:43:27.295+0000] {processor.py:208} INFO - Processing /opt/airflow/dags/driven_data_pipeline.py took 0.279 seconds
[2025-06-29T23:43:57.436+0000] {processor.py:186} INFO - Started process (PID=1075) to work on /opt/airflow/dags/driven_data_pipeline.py
[2025-06-29T23:43:57.437+0000] {processor.py:914} INFO - Processing file /opt/airflow/dags/driven_data_pipeline.py for tasks to queue
[2025-06-29T23:43:57.440+0000] {logging_mixin.py:190} INFO - [2025-06-29T23:43:57.439+0000] {dagbag.py:588} INFO - Filling up the DagBag from /opt/airflow/dags/driven_data_pipeline.py
[2025-06-29T23:43:57.614+0000] {processor.py:925} INFO - DAG(s) 'extract_raw_data_pipeline' retrieved from /opt/airflow/dags/driven_data_pipeline.py
[2025-06-29T23:43:57.639+0000] {logging_mixin.py:190} INFO - [2025-06-29T23:43:57.639+0000] {dag.py:3239} INFO - Sync 1 DAGs
[2025-06-29T23:43:57.663+0000] {logging_mixin.py:190} INFO - [2025-06-29T23:43:57.663+0000] {dag.py:4180} INFO - Setting next_dagrun for extract_raw_data_pipeline to 2025-06-29 07:58:00+00:00, run_after=2025-06-29 07:59:00+00:00
[2025-06-29T23:43:57.704+0000] {processor.py:208} INFO - Processing /opt/airflow/dags/driven_data_pipeline.py took 0.279 seconds
[2025-06-29T23:44:27.916+0000] {processor.py:186} INFO - Started process (PID=1083) to work on /opt/airflow/dags/driven_data_pipeline.py
[2025-06-29T23:44:27.917+0000] {processor.py:914} INFO - Processing file /opt/airflow/dags/driven_data_pipeline.py for tasks to queue
[2025-06-29T23:44:27.920+0000] {logging_mixin.py:190} INFO - [2025-06-29T23:44:27.919+0000] {dagbag.py:588} INFO - Filling up the DagBag from /opt/airflow/dags/driven_data_pipeline.py
[2025-06-29T23:44:28.095+0000] {processor.py:925} INFO - DAG(s) 'extract_raw_data_pipeline' retrieved from /opt/airflow/dags/driven_data_pipeline.py
[2025-06-29T23:44:28.121+0000] {logging_mixin.py:190} INFO - [2025-06-29T23:44:28.120+0000] {dag.py:3239} INFO - Sync 1 DAGs
[2025-06-29T23:44:28.149+0000] {logging_mixin.py:190} INFO - [2025-06-29T23:44:28.148+0000] {dag.py:4180} INFO - Setting next_dagrun for extract_raw_data_pipeline to 2025-06-29 07:58:00+00:00, run_after=2025-06-29 07:59:00+00:00
[2025-06-29T23:44:28.203+0000] {processor.py:208} INFO - Processing /opt/airflow/dags/driven_data_pipeline.py took 0.295 seconds
[2025-06-29T23:44:58.312+0000] {processor.py:186} INFO - Started process (PID=1091) to work on /opt/airflow/dags/driven_data_pipeline.py
[2025-06-29T23:44:58.314+0000] {processor.py:914} INFO - Processing file /opt/airflow/dags/driven_data_pipeline.py for tasks to queue
[2025-06-29T23:44:58.316+0000] {logging_mixin.py:190} INFO - [2025-06-29T23:44:58.315+0000] {dagbag.py:588} INFO - Filling up the DagBag from /opt/airflow/dags/driven_data_pipeline.py
[2025-06-29T23:44:58.487+0000] {processor.py:925} INFO - DAG(s) 'extract_raw_data_pipeline' retrieved from /opt/airflow/dags/driven_data_pipeline.py
[2025-06-29T23:44:58.514+0000] {logging_mixin.py:190} INFO - [2025-06-29T23:44:58.514+0000] {dag.py:3239} INFO - Sync 1 DAGs
[2025-06-29T23:44:58.536+0000] {logging_mixin.py:190} INFO - [2025-06-29T23:44:58.536+0000] {dag.py:4180} INFO - Setting next_dagrun for extract_raw_data_pipeline to 2025-06-29 07:58:00+00:00, run_after=2025-06-29 07:59:00+00:00
[2025-06-29T23:44:58.573+0000] {processor.py:208} INFO - Processing /opt/airflow/dags/driven_data_pipeline.py took 0.267 seconds
[2025-06-29T23:45:28.818+0000] {processor.py:186} INFO - Started process (PID=1099) to work on /opt/airflow/dags/driven_data_pipeline.py
[2025-06-29T23:45:28.819+0000] {processor.py:914} INFO - Processing file /opt/airflow/dags/driven_data_pipeline.py for tasks to queue
[2025-06-29T23:45:28.822+0000] {logging_mixin.py:190} INFO - [2025-06-29T23:45:28.821+0000] {dagbag.py:588} INFO - Filling up the DagBag from /opt/airflow/dags/driven_data_pipeline.py
[2025-06-29T23:45:29.007+0000] {processor.py:925} INFO - DAG(s) 'extract_raw_data_pipeline' retrieved from /opt/airflow/dags/driven_data_pipeline.py
[2025-06-29T23:45:29.032+0000] {logging_mixin.py:190} INFO - [2025-06-29T23:45:29.032+0000] {dag.py:3239} INFO - Sync 1 DAGs
[2025-06-29T23:45:29.059+0000] {logging_mixin.py:190} INFO - [2025-06-29T23:45:29.059+0000] {dag.py:4180} INFO - Setting next_dagrun for extract_raw_data_pipeline to 2025-06-29 07:58:00+00:00, run_after=2025-06-29 07:59:00+00:00
[2025-06-29T23:45:29.097+0000] {processor.py:208} INFO - Processing /opt/airflow/dags/driven_data_pipeline.py took 0.289 seconds
[2025-06-29T23:45:59.268+0000] {processor.py:186} INFO - Started process (PID=1107) to work on /opt/airflow/dags/driven_data_pipeline.py
[2025-06-29T23:45:59.270+0000] {processor.py:914} INFO - Processing file /opt/airflow/dags/driven_data_pipeline.py for tasks to queue
[2025-06-29T23:45:59.272+0000] {logging_mixin.py:190} INFO - [2025-06-29T23:45:59.272+0000] {dagbag.py:588} INFO - Filling up the DagBag from /opt/airflow/dags/driven_data_pipeline.py
[2025-06-29T23:45:59.444+0000] {processor.py:925} INFO - DAG(s) 'extract_raw_data_pipeline' retrieved from /opt/airflow/dags/driven_data_pipeline.py
[2025-06-29T23:45:59.467+0000] {logging_mixin.py:190} INFO - [2025-06-29T23:45:59.467+0000] {dag.py:3239} INFO - Sync 1 DAGs
[2025-06-29T23:45:59.491+0000] {logging_mixin.py:190} INFO - [2025-06-29T23:45:59.491+0000] {dag.py:4180} INFO - Setting next_dagrun for extract_raw_data_pipeline to 2025-06-29 07:58:00+00:00, run_after=2025-06-29 07:59:00+00:00
[2025-06-29T23:45:59.526+0000] {processor.py:208} INFO - Processing /opt/airflow/dags/driven_data_pipeline.py took 0.266 seconds
[2025-06-29T23:46:29.751+0000] {processor.py:186} INFO - Started process (PID=1115) to work on /opt/airflow/dags/driven_data_pipeline.py
[2025-06-29T23:46:29.751+0000] {processor.py:914} INFO - Processing file /opt/airflow/dags/driven_data_pipeline.py for tasks to queue
[2025-06-29T23:46:29.753+0000] {logging_mixin.py:190} INFO - [2025-06-29T23:46:29.753+0000] {dagbag.py:588} INFO - Filling up the DagBag from /opt/airflow/dags/driven_data_pipeline.py
[2025-06-29T23:46:29.924+0000] {processor.py:925} INFO - DAG(s) 'extract_raw_data_pipeline' retrieved from /opt/airflow/dags/driven_data_pipeline.py
[2025-06-29T23:46:29.948+0000] {logging_mixin.py:190} INFO - [2025-06-29T23:46:29.948+0000] {dag.py:3239} INFO - Sync 1 DAGs
[2025-06-29T23:46:29.970+0000] {logging_mixin.py:190} INFO - [2025-06-29T23:46:29.969+0000] {dag.py:4180} INFO - Setting next_dagrun for extract_raw_data_pipeline to 2025-06-29 07:58:00+00:00, run_after=2025-06-29 07:59:00+00:00
[2025-06-29T23:46:30.011+0000] {processor.py:208} INFO - Processing /opt/airflow/dags/driven_data_pipeline.py took 0.268 seconds
[2025-06-29T23:47:00.205+0000] {processor.py:186} INFO - Started process (PID=1123) to work on /opt/airflow/dags/driven_data_pipeline.py
[2025-06-29T23:47:00.207+0000] {processor.py:914} INFO - Processing file /opt/airflow/dags/driven_data_pipeline.py for tasks to queue
[2025-06-29T23:47:00.210+0000] {logging_mixin.py:190} INFO - [2025-06-29T23:47:00.210+0000] {dagbag.py:588} INFO - Filling up the DagBag from /opt/airflow/dags/driven_data_pipeline.py
[2025-06-29T23:47:00.399+0000] {processor.py:925} INFO - DAG(s) 'extract_raw_data_pipeline' retrieved from /opt/airflow/dags/driven_data_pipeline.py
[2025-06-29T23:47:00.426+0000] {logging_mixin.py:190} INFO - [2025-06-29T23:47:00.426+0000] {dag.py:3239} INFO - Sync 1 DAGs
[2025-06-29T23:47:00.448+0000] {logging_mixin.py:190} INFO - [2025-06-29T23:47:00.448+0000] {dag.py:4180} INFO - Setting next_dagrun for extract_raw_data_pipeline to 2025-06-29 07:58:00+00:00, run_after=2025-06-29 07:59:00+00:00
[2025-06-29T23:47:00.487+0000] {processor.py:208} INFO - Processing /opt/airflow/dags/driven_data_pipeline.py took 0.295 seconds
[2025-06-29T23:47:30.581+0000] {processor.py:186} INFO - Started process (PID=1137) to work on /opt/airflow/dags/driven_data_pipeline.py
[2025-06-29T23:47:30.581+0000] {processor.py:914} INFO - Processing file /opt/airflow/dags/driven_data_pipeline.py for tasks to queue
[2025-06-29T23:47:30.584+0000] {logging_mixin.py:190} INFO - [2025-06-29T23:47:30.584+0000] {dagbag.py:588} INFO - Filling up the DagBag from /opt/airflow/dags/driven_data_pipeline.py
[2025-06-29T23:47:30.756+0000] {processor.py:925} INFO - DAG(s) 'extract_raw_data_pipeline' retrieved from /opt/airflow/dags/driven_data_pipeline.py
[2025-06-29T23:47:30.781+0000] {logging_mixin.py:190} INFO - [2025-06-29T23:47:30.781+0000] {dag.py:3239} INFO - Sync 1 DAGs
[2025-06-29T23:47:30.805+0000] {logging_mixin.py:190} INFO - [2025-06-29T23:47:30.805+0000] {dag.py:4180} INFO - Setting next_dagrun for extract_raw_data_pipeline to 2025-06-29 07:58:00+00:00, run_after=2025-06-29 07:59:00+00:00
[2025-06-29T23:47:30.849+0000] {processor.py:208} INFO - Processing /opt/airflow/dags/driven_data_pipeline.py took 0.276 seconds
[2025-06-29T23:48:01.116+0000] {processor.py:186} INFO - Started process (PID=1145) to work on /opt/airflow/dags/driven_data_pipeline.py
[2025-06-29T23:48:01.133+0000] {processor.py:914} INFO - Processing file /opt/airflow/dags/driven_data_pipeline.py for tasks to queue
[2025-06-29T23:48:01.136+0000] {logging_mixin.py:190} INFO - [2025-06-29T23:48:01.135+0000] {dagbag.py:588} INFO - Filling up the DagBag from /opt/airflow/dags/driven_data_pipeline.py
[2025-06-29T23:48:01.305+0000] {processor.py:925} INFO - DAG(s) 'extract_raw_data_pipeline' retrieved from /opt/airflow/dags/driven_data_pipeline.py
[2025-06-29T23:48:01.329+0000] {logging_mixin.py:190} INFO - [2025-06-29T23:48:01.328+0000] {dag.py:3239} INFO - Sync 1 DAGs
[2025-06-29T23:48:01.352+0000] {logging_mixin.py:190} INFO - [2025-06-29T23:48:01.352+0000] {dag.py:4180} INFO - Setting next_dagrun for extract_raw_data_pipeline to 2025-06-29 07:58:00+00:00, run_after=2025-06-29 07:59:00+00:00
[2025-06-29T23:48:01.386+0000] {processor.py:208} INFO - Processing /opt/airflow/dags/driven_data_pipeline.py took 0.276 seconds
[2025-06-29T23:48:31.509+0000] {processor.py:186} INFO - Started process (PID=1153) to work on /opt/airflow/dags/driven_data_pipeline.py
[2025-06-29T23:48:31.511+0000] {processor.py:914} INFO - Processing file /opt/airflow/dags/driven_data_pipeline.py for tasks to queue
[2025-06-29T23:48:31.515+0000] {logging_mixin.py:190} INFO - [2025-06-29T23:48:31.514+0000] {dagbag.py:588} INFO - Filling up the DagBag from /opt/airflow/dags/driven_data_pipeline.py
[2025-06-29T23:48:31.689+0000] {processor.py:925} INFO - DAG(s) 'extract_raw_data_pipeline' retrieved from /opt/airflow/dags/driven_data_pipeline.py
[2025-06-29T23:48:31.716+0000] {logging_mixin.py:190} INFO - [2025-06-29T23:48:31.716+0000] {dag.py:3239} INFO - Sync 1 DAGs
[2025-06-29T23:48:31.738+0000] {logging_mixin.py:190} INFO - [2025-06-29T23:48:31.738+0000] {dag.py:4180} INFO - Setting next_dagrun for extract_raw_data_pipeline to 2025-06-29 07:58:00+00:00, run_after=2025-06-29 07:59:00+00:00
[2025-06-29T23:48:31.784+0000] {processor.py:208} INFO - Processing /opt/airflow/dags/driven_data_pipeline.py took 0.296 seconds
[2025-06-29T23:49:02.054+0000] {processor.py:186} INFO - Started process (PID=1161) to work on /opt/airflow/dags/driven_data_pipeline.py
[2025-06-29T23:49:02.055+0000] {processor.py:914} INFO - Processing file /opt/airflow/dags/driven_data_pipeline.py for tasks to queue
[2025-06-29T23:49:02.057+0000] {logging_mixin.py:190} INFO - [2025-06-29T23:49:02.057+0000] {dagbag.py:588} INFO - Filling up the DagBag from /opt/airflow/dags/driven_data_pipeline.py
[2025-06-29T23:49:02.241+0000] {processor.py:925} INFO - DAG(s) 'extract_raw_data_pipeline' retrieved from /opt/airflow/dags/driven_data_pipeline.py
[2025-06-29T23:49:02.266+0000] {logging_mixin.py:190} INFO - [2025-06-29T23:49:02.265+0000] {dag.py:3239} INFO - Sync 1 DAGs
[2025-06-29T23:49:02.288+0000] {logging_mixin.py:190} INFO - [2025-06-29T23:49:02.288+0000] {dag.py:4180} INFO - Setting next_dagrun for extract_raw_data_pipeline to 2025-06-29 07:58:00+00:00, run_after=2025-06-29 07:59:00+00:00
[2025-06-29T23:49:02.331+0000] {processor.py:208} INFO - Processing /opt/airflow/dags/driven_data_pipeline.py took 0.283 seconds
[2025-06-29T23:49:32.415+0000] {processor.py:186} INFO - Started process (PID=1169) to work on /opt/airflow/dags/driven_data_pipeline.py
[2025-06-29T23:49:32.416+0000] {processor.py:914} INFO - Processing file /opt/airflow/dags/driven_data_pipeline.py for tasks to queue
[2025-06-29T23:49:32.418+0000] {logging_mixin.py:190} INFO - [2025-06-29T23:49:32.418+0000] {dagbag.py:588} INFO - Filling up the DagBag from /opt/airflow/dags/driven_data_pipeline.py
[2025-06-29T23:49:32.590+0000] {processor.py:925} INFO - DAG(s) 'extract_raw_data_pipeline' retrieved from /opt/airflow/dags/driven_data_pipeline.py
[2025-06-29T23:49:32.614+0000] {logging_mixin.py:190} INFO - [2025-06-29T23:49:32.614+0000] {dag.py:3239} INFO - Sync 1 DAGs
[2025-06-29T23:49:32.638+0000] {logging_mixin.py:190} INFO - [2025-06-29T23:49:32.638+0000] {dag.py:4180} INFO - Setting next_dagrun for extract_raw_data_pipeline to 2025-06-29 07:58:00+00:00, run_after=2025-06-29 07:59:00+00:00
[2025-06-29T23:49:32.674+0000] {processor.py:208} INFO - Processing /opt/airflow/dags/driven_data_pipeline.py took 0.268 seconds
[2025-06-29T23:50:03.015+0000] {processor.py:186} INFO - Started process (PID=1177) to work on /opt/airflow/dags/driven_data_pipeline.py
[2025-06-29T23:50:03.021+0000] {processor.py:914} INFO - Processing file /opt/airflow/dags/driven_data_pipeline.py for tasks to queue
[2025-06-29T23:50:03.023+0000] {logging_mixin.py:190} INFO - [2025-06-29T23:50:03.023+0000] {dagbag.py:588} INFO - Filling up the DagBag from /opt/airflow/dags/driven_data_pipeline.py
[2025-06-29T23:50:03.196+0000] {processor.py:925} INFO - DAG(s) 'extract_raw_data_pipeline' retrieved from /opt/airflow/dags/driven_data_pipeline.py
[2025-06-29T23:50:03.220+0000] {logging_mixin.py:190} INFO - [2025-06-29T23:50:03.219+0000] {dag.py:3239} INFO - Sync 1 DAGs
[2025-06-29T23:50:03.243+0000] {logging_mixin.py:190} INFO - [2025-06-29T23:50:03.243+0000] {dag.py:4180} INFO - Setting next_dagrun for extract_raw_data_pipeline to 2025-06-29 07:58:00+00:00, run_after=2025-06-29 07:59:00+00:00
[2025-06-29T23:50:03.284+0000] {processor.py:208} INFO - Processing /opt/airflow/dags/driven_data_pipeline.py took 0.275 seconds
[2025-06-29T23:50:33.662+0000] {processor.py:186} INFO - Started process (PID=1185) to work on /opt/airflow/dags/driven_data_pipeline.py
[2025-06-29T23:50:33.664+0000] {processor.py:914} INFO - Processing file /opt/airflow/dags/driven_data_pipeline.py for tasks to queue
[2025-06-29T23:50:33.668+0000] {logging_mixin.py:190} INFO - [2025-06-29T23:50:33.667+0000] {dagbag.py:588} INFO - Filling up the DagBag from /opt/airflow/dags/driven_data_pipeline.py
[2025-06-29T23:50:33.855+0000] {processor.py:925} INFO - DAG(s) 'extract_raw_data_pipeline' retrieved from /opt/airflow/dags/driven_data_pipeline.py
[2025-06-29T23:50:33.879+0000] {logging_mixin.py:190} INFO - [2025-06-29T23:50:33.879+0000] {dag.py:3239} INFO - Sync 1 DAGs
[2025-06-29T23:50:33.902+0000] {logging_mixin.py:190} INFO - [2025-06-29T23:50:33.901+0000] {dag.py:4180} INFO - Setting next_dagrun for extract_raw_data_pipeline to 2025-06-29 07:58:00+00:00, run_after=2025-06-29 07:59:00+00:00
[2025-06-29T23:50:33.937+0000] {processor.py:208} INFO - Processing /opt/airflow/dags/driven_data_pipeline.py took 0.290 seconds
[2025-06-29T23:51:04.290+0000] {processor.py:186} INFO - Started process (PID=1193) to work on /opt/airflow/dags/driven_data_pipeline.py
[2025-06-29T23:51:04.312+0000] {processor.py:914} INFO - Processing file /opt/airflow/dags/driven_data_pipeline.py for tasks to queue
[2025-06-29T23:51:04.318+0000] {logging_mixin.py:190} INFO - [2025-06-29T23:51:04.317+0000] {dagbag.py:588} INFO - Filling up the DagBag from /opt/airflow/dags/driven_data_pipeline.py
[2025-06-29T23:51:04.518+0000] {processor.py:925} INFO - DAG(s) 'extract_raw_data_pipeline' retrieved from /opt/airflow/dags/driven_data_pipeline.py
[2025-06-29T23:51:04.542+0000] {logging_mixin.py:190} INFO - [2025-06-29T23:51:04.542+0000] {dag.py:3239} INFO - Sync 1 DAGs
[2025-06-29T23:51:04.564+0000] {logging_mixin.py:190} INFO - [2025-06-29T23:51:04.564+0000] {dag.py:4180} INFO - Setting next_dagrun for extract_raw_data_pipeline to 2025-06-29 07:58:00+00:00, run_after=2025-06-29 07:59:00+00:00
[2025-06-29T23:51:04.600+0000] {processor.py:208} INFO - Processing /opt/airflow/dags/driven_data_pipeline.py took 0.318 seconds
[2025-06-29T23:51:34.633+0000] {processor.py:186} INFO - Started process (PID=1201) to work on /opt/airflow/dags/driven_data_pipeline.py
[2025-06-29T23:51:34.634+0000] {processor.py:914} INFO - Processing file /opt/airflow/dags/driven_data_pipeline.py for tasks to queue
[2025-06-29T23:51:34.636+0000] {logging_mixin.py:190} INFO - [2025-06-29T23:51:34.636+0000] {dagbag.py:588} INFO - Filling up the DagBag from /opt/airflow/dags/driven_data_pipeline.py
[2025-06-29T23:51:34.816+0000] {processor.py:925} INFO - DAG(s) 'extract_raw_data_pipeline' retrieved from /opt/airflow/dags/driven_data_pipeline.py
[2025-06-29T23:51:34.842+0000] {logging_mixin.py:190} INFO - [2025-06-29T23:51:34.841+0000] {dag.py:3239} INFO - Sync 1 DAGs
[2025-06-29T23:51:34.868+0000] {logging_mixin.py:190} INFO - [2025-06-29T23:51:34.868+0000] {dag.py:4180} INFO - Setting next_dagrun for extract_raw_data_pipeline to 2025-06-29 07:58:00+00:00, run_after=2025-06-29 07:59:00+00:00
[2025-06-29T23:51:34.913+0000] {processor.py:208} INFO - Processing /opt/airflow/dags/driven_data_pipeline.py took 0.286 seconds
[2025-06-29T23:52:04.982+0000] {processor.py:186} INFO - Started process (PID=1209) to work on /opt/airflow/dags/driven_data_pipeline.py
[2025-06-29T23:52:04.991+0000] {processor.py:914} INFO - Processing file /opt/airflow/dags/driven_data_pipeline.py for tasks to queue
[2025-06-29T23:52:04.995+0000] {logging_mixin.py:190} INFO - [2025-06-29T23:52:04.994+0000] {dagbag.py:588} INFO - Filling up the DagBag from /opt/airflow/dags/driven_data_pipeline.py
[2025-06-29T23:52:05.173+0000] {processor.py:925} INFO - DAG(s) 'extract_raw_data_pipeline' retrieved from /opt/airflow/dags/driven_data_pipeline.py
[2025-06-29T23:52:05.197+0000] {logging_mixin.py:190} INFO - [2025-06-29T23:52:05.197+0000] {dag.py:3239} INFO - Sync 1 DAGs
[2025-06-29T23:52:05.221+0000] {logging_mixin.py:190} INFO - [2025-06-29T23:52:05.221+0000] {dag.py:4180} INFO - Setting next_dagrun for extract_raw_data_pipeline to 2025-06-29 07:58:00+00:00, run_after=2025-06-29 07:59:00+00:00
[2025-06-29T23:52:05.281+0000] {processor.py:208} INFO - Processing /opt/airflow/dags/driven_data_pipeline.py took 0.308 seconds
[2025-06-29T23:52:35.543+0000] {processor.py:186} INFO - Started process (PID=1217) to work on /opt/airflow/dags/driven_data_pipeline.py
[2025-06-29T23:52:35.544+0000] {processor.py:914} INFO - Processing file /opt/airflow/dags/driven_data_pipeline.py for tasks to queue
[2025-06-29T23:52:35.550+0000] {logging_mixin.py:190} INFO - [2025-06-29T23:52:35.549+0000] {dagbag.py:588} INFO - Filling up the DagBag from /opt/airflow/dags/driven_data_pipeline.py
[2025-06-29T23:52:35.725+0000] {processor.py:925} INFO - DAG(s) 'extract_raw_data_pipeline' retrieved from /opt/airflow/dags/driven_data_pipeline.py
[2025-06-29T23:52:35.749+0000] {logging_mixin.py:190} INFO - [2025-06-29T23:52:35.749+0000] {dag.py:3239} INFO - Sync 1 DAGs
[2025-06-29T23:52:35.772+0000] {logging_mixin.py:190} INFO - [2025-06-29T23:52:35.772+0000] {dag.py:4180} INFO - Setting next_dagrun for extract_raw_data_pipeline to 2025-06-29 07:58:00+00:00, run_after=2025-06-29 07:59:00+00:00
[2025-06-29T23:52:35.806+0000] {processor.py:208} INFO - Processing /opt/airflow/dags/driven_data_pipeline.py took 0.279 seconds
[2025-06-29T23:53:05.859+0000] {processor.py:186} INFO - Started process (PID=1225) to work on /opt/airflow/dags/driven_data_pipeline.py
[2025-06-29T23:53:05.860+0000] {processor.py:914} INFO - Processing file /opt/airflow/dags/driven_data_pipeline.py for tasks to queue
[2025-06-29T23:53:05.863+0000] {logging_mixin.py:190} INFO - [2025-06-29T23:53:05.862+0000] {dagbag.py:588} INFO - Filling up the DagBag from /opt/airflow/dags/driven_data_pipeline.py
[2025-06-29T23:53:06.036+0000] {processor.py:925} INFO - DAG(s) 'extract_raw_data_pipeline' retrieved from /opt/airflow/dags/driven_data_pipeline.py
[2025-06-29T23:53:06.060+0000] {logging_mixin.py:190} INFO - [2025-06-29T23:53:06.060+0000] {dag.py:3239} INFO - Sync 1 DAGs
[2025-06-29T23:53:06.082+0000] {logging_mixin.py:190} INFO - [2025-06-29T23:53:06.082+0000] {dag.py:4180} INFO - Setting next_dagrun for extract_raw_data_pipeline to 2025-06-29 07:58:00+00:00, run_after=2025-06-29 07:59:00+00:00
[2025-06-29T23:53:06.124+0000] {processor.py:208} INFO - Processing /opt/airflow/dags/driven_data_pipeline.py took 0.273 seconds
[2025-06-29T23:53:36.480+0000] {processor.py:186} INFO - Started process (PID=1233) to work on /opt/airflow/dags/driven_data_pipeline.py
[2025-06-29T23:53:36.488+0000] {processor.py:914} INFO - Processing file /opt/airflow/dags/driven_data_pipeline.py for tasks to queue
[2025-06-29T23:53:36.490+0000] {logging_mixin.py:190} INFO - [2025-06-29T23:53:36.490+0000] {dagbag.py:588} INFO - Filling up the DagBag from /opt/airflow/dags/driven_data_pipeline.py
[2025-06-29T23:53:36.662+0000] {processor.py:925} INFO - DAG(s) 'extract_raw_data_pipeline' retrieved from /opt/airflow/dags/driven_data_pipeline.py
[2025-06-29T23:53:36.686+0000] {logging_mixin.py:190} INFO - [2025-06-29T23:53:36.686+0000] {dag.py:3239} INFO - Sync 1 DAGs
[2025-06-29T23:53:36.712+0000] {logging_mixin.py:190} INFO - [2025-06-29T23:53:36.712+0000] {dag.py:4180} INFO - Setting next_dagrun for extract_raw_data_pipeline to 2025-06-29 07:58:00+00:00, run_after=2025-06-29 07:59:00+00:00
[2025-06-29T23:53:37.796+0000] {processor.py:208} INFO - Processing /opt/airflow/dags/driven_data_pipeline.py took 1.324 seconds
[2025-06-29T23:54:08.138+0000] {processor.py:186} INFO - Started process (PID=1241) to work on /opt/airflow/dags/driven_data_pipeline.py
[2025-06-29T23:54:08.140+0000] {processor.py:914} INFO - Processing file /opt/airflow/dags/driven_data_pipeline.py for tasks to queue
[2025-06-29T23:54:08.144+0000] {logging_mixin.py:190} INFO - [2025-06-29T23:54:08.143+0000] {dagbag.py:588} INFO - Filling up the DagBag from /opt/airflow/dags/driven_data_pipeline.py
[2025-06-29T23:54:08.323+0000] {processor.py:925} INFO - DAG(s) 'extract_raw_data_pipeline' retrieved from /opt/airflow/dags/driven_data_pipeline.py
[2025-06-29T23:54:08.347+0000] {logging_mixin.py:190} INFO - [2025-06-29T23:54:08.347+0000] {dag.py:3239} INFO - Sync 1 DAGs
[2025-06-29T23:54:08.371+0000] {logging_mixin.py:190} INFO - [2025-06-29T23:54:08.370+0000] {dag.py:4180} INFO - Setting next_dagrun for extract_raw_data_pipeline to 2025-06-29 07:58:00+00:00, run_after=2025-06-29 07:59:00+00:00
[2025-06-29T23:54:08.411+0000] {processor.py:208} INFO - Processing /opt/airflow/dags/driven_data_pipeline.py took 0.286 seconds
[2025-06-29T23:54:38.776+0000] {processor.py:186} INFO - Started process (PID=1249) to work on /opt/airflow/dags/driven_data_pipeline.py
[2025-06-29T23:54:38.782+0000] {processor.py:914} INFO - Processing file /opt/airflow/dags/driven_data_pipeline.py for tasks to queue
[2025-06-29T23:54:38.785+0000] {logging_mixin.py:190} INFO - [2025-06-29T23:54:38.784+0000] {dagbag.py:588} INFO - Filling up the DagBag from /opt/airflow/dags/driven_data_pipeline.py
[2025-06-29T23:54:38.954+0000] {processor.py:925} INFO - DAG(s) 'extract_raw_data_pipeline' retrieved from /opt/airflow/dags/driven_data_pipeline.py
[2025-06-29T23:54:38.979+0000] {logging_mixin.py:190} INFO - [2025-06-29T23:54:38.978+0000] {dag.py:3239} INFO - Sync 1 DAGs
[2025-06-29T23:54:39.001+0000] {logging_mixin.py:190} INFO - [2025-06-29T23:54:39.000+0000] {dag.py:4180} INFO - Setting next_dagrun for extract_raw_data_pipeline to 2025-06-29 07:58:00+00:00, run_after=2025-06-29 07:59:00+00:00
[2025-06-29T23:54:39.040+0000] {processor.py:208} INFO - Processing /opt/airflow/dags/driven_data_pipeline.py took 0.273 seconds
[2025-06-29T23:55:09.149+0000] {processor.py:186} INFO - Started process (PID=1257) to work on /opt/airflow/dags/driven_data_pipeline.py
[2025-06-29T23:55:09.149+0000] {processor.py:914} INFO - Processing file /opt/airflow/dags/driven_data_pipeline.py for tasks to queue
[2025-06-29T23:55:09.151+0000] {logging_mixin.py:190} INFO - [2025-06-29T23:55:09.151+0000] {dagbag.py:588} INFO - Filling up the DagBag from /opt/airflow/dags/driven_data_pipeline.py
[2025-06-29T23:55:09.324+0000] {processor.py:925} INFO - DAG(s) 'extract_raw_data_pipeline' retrieved from /opt/airflow/dags/driven_data_pipeline.py
[2025-06-29T23:55:09.350+0000] {logging_mixin.py:190} INFO - [2025-06-29T23:55:09.350+0000] {dag.py:3239} INFO - Sync 1 DAGs
[2025-06-29T23:55:09.377+0000] {logging_mixin.py:190} INFO - [2025-06-29T23:55:09.377+0000] {dag.py:4180} INFO - Setting next_dagrun for extract_raw_data_pipeline to 2025-06-29 07:58:00+00:00, run_after=2025-06-29 07:59:00+00:00
[2025-06-29T23:55:09.412+0000] {processor.py:208} INFO - Processing /opt/airflow/dags/driven_data_pipeline.py took 0.269 seconds
[2025-06-29T23:55:39.742+0000] {processor.py:186} INFO - Started process (PID=1265) to work on /opt/airflow/dags/driven_data_pipeline.py
[2025-06-29T23:55:39.755+0000] {processor.py:914} INFO - Processing file /opt/airflow/dags/driven_data_pipeline.py for tasks to queue
[2025-06-29T23:55:39.757+0000] {logging_mixin.py:190} INFO - [2025-06-29T23:55:39.757+0000] {dagbag.py:588} INFO - Filling up the DagBag from /opt/airflow/dags/driven_data_pipeline.py
[2025-06-29T23:55:39.938+0000] {processor.py:925} INFO - DAG(s) 'extract_raw_data_pipeline' retrieved from /opt/airflow/dags/driven_data_pipeline.py
[2025-06-29T23:55:39.963+0000] {logging_mixin.py:190} INFO - [2025-06-29T23:55:39.962+0000] {dag.py:3239} INFO - Sync 1 DAGs
[2025-06-29T23:55:39.987+0000] {logging_mixin.py:190} INFO - [2025-06-29T23:55:39.987+0000] {dag.py:4180} INFO - Setting next_dagrun for extract_raw_data_pipeline to 2025-06-29 07:58:00+00:00, run_after=2025-06-29 07:59:00+00:00
[2025-06-29T23:55:40.025+0000] {processor.py:208} INFO - Processing /opt/airflow/dags/driven_data_pipeline.py took 0.289 seconds
[2025-06-29T23:56:10.383+0000] {processor.py:186} INFO - Started process (PID=1273) to work on /opt/airflow/dags/driven_data_pipeline.py
[2025-06-29T23:56:10.384+0000] {processor.py:914} INFO - Processing file /opt/airflow/dags/driven_data_pipeline.py for tasks to queue
[2025-06-29T23:56:10.387+0000] {logging_mixin.py:190} INFO - [2025-06-29T23:56:10.387+0000] {dagbag.py:588} INFO - Filling up the DagBag from /opt/airflow/dags/driven_data_pipeline.py
[2025-06-29T23:56:10.563+0000] {processor.py:925} INFO - DAG(s) 'extract_raw_data_pipeline' retrieved from /opt/airflow/dags/driven_data_pipeline.py
[2025-06-29T23:56:10.588+0000] {logging_mixin.py:190} INFO - [2025-06-29T23:56:10.587+0000] {dag.py:3239} INFO - Sync 1 DAGs
[2025-06-29T23:56:10.615+0000] {logging_mixin.py:190} INFO - [2025-06-29T23:56:10.615+0000] {dag.py:4180} INFO - Setting next_dagrun for extract_raw_data_pipeline to 2025-06-29 07:58:00+00:00, run_after=2025-06-29 07:59:00+00:00
[2025-06-29T23:56:10.667+0000] {processor.py:208} INFO - Processing /opt/airflow/dags/driven_data_pipeline.py took 0.292 seconds
[2025-06-29T23:56:41.044+0000] {processor.py:186} INFO - Started process (PID=1281) to work on /opt/airflow/dags/driven_data_pipeline.py
[2025-06-29T23:56:41.051+0000] {processor.py:914} INFO - Processing file /opt/airflow/dags/driven_data_pipeline.py for tasks to queue
[2025-06-29T23:56:41.055+0000] {logging_mixin.py:190} INFO - [2025-06-29T23:56:41.055+0000] {dagbag.py:588} INFO - Filling up the DagBag from /opt/airflow/dags/driven_data_pipeline.py
[2025-06-29T23:56:41.233+0000] {processor.py:925} INFO - DAG(s) 'extract_raw_data_pipeline' retrieved from /opt/airflow/dags/driven_data_pipeline.py
[2025-06-29T23:56:41.257+0000] {logging_mixin.py:190} INFO - [2025-06-29T23:56:41.257+0000] {dag.py:3239} INFO - Sync 1 DAGs
[2025-06-29T23:56:41.279+0000] {logging_mixin.py:190} INFO - [2025-06-29T23:56:41.278+0000] {dag.py:4180} INFO - Setting next_dagrun for extract_raw_data_pipeline to 2025-06-29 07:58:00+00:00, run_after=2025-06-29 07:59:00+00:00
[2025-06-29T23:56:41.318+0000] {processor.py:208} INFO - Processing /opt/airflow/dags/driven_data_pipeline.py took 0.287 seconds
[2025-06-29T23:57:11.676+0000] {processor.py:186} INFO - Started process (PID=1289) to work on /opt/airflow/dags/driven_data_pipeline.py
[2025-06-29T23:57:11.685+0000] {processor.py:914} INFO - Processing file /opt/airflow/dags/driven_data_pipeline.py for tasks to queue
[2025-06-29T23:57:11.688+0000] {logging_mixin.py:190} INFO - [2025-06-29T23:57:11.687+0000] {dagbag.py:588} INFO - Filling up the DagBag from /opt/airflow/dags/driven_data_pipeline.py
[2025-06-29T23:57:11.860+0000] {processor.py:925} INFO - DAG(s) 'extract_raw_data_pipeline' retrieved from /opt/airflow/dags/driven_data_pipeline.py
[2025-06-29T23:57:11.884+0000] {logging_mixin.py:190} INFO - [2025-06-29T23:57:11.884+0000] {dag.py:3239} INFO - Sync 1 DAGs
[2025-06-29T23:57:11.906+0000] {logging_mixin.py:190} INFO - [2025-06-29T23:57:11.906+0000] {dag.py:4180} INFO - Setting next_dagrun for extract_raw_data_pipeline to 2025-06-29 07:58:00+00:00, run_after=2025-06-29 07:59:00+00:00
[2025-06-29T23:57:11.947+0000] {processor.py:208} INFO - Processing /opt/airflow/dags/driven_data_pipeline.py took 0.281 seconds
[2025-06-29T23:57:41.984+0000] {processor.py:186} INFO - Started process (PID=1297) to work on /opt/airflow/dags/driven_data_pipeline.py
[2025-06-29T23:57:41.996+0000] {processor.py:914} INFO - Processing file /opt/airflow/dags/driven_data_pipeline.py for tasks to queue
[2025-06-29T23:57:41.998+0000] {logging_mixin.py:190} INFO - [2025-06-29T23:57:41.998+0000] {dagbag.py:588} INFO - Filling up the DagBag from /opt/airflow/dags/driven_data_pipeline.py
[2025-06-29T23:57:42.188+0000] {processor.py:925} INFO - DAG(s) 'extract_raw_data_pipeline' retrieved from /opt/airflow/dags/driven_data_pipeline.py
[2025-06-29T23:57:42.214+0000] {logging_mixin.py:190} INFO - [2025-06-29T23:57:42.214+0000] {dag.py:3239} INFO - Sync 1 DAGs
[2025-06-29T23:57:42.239+0000] {logging_mixin.py:190} INFO - [2025-06-29T23:57:42.238+0000] {dag.py:4180} INFO - Setting next_dagrun for extract_raw_data_pipeline to 2025-06-29 07:58:00+00:00, run_after=2025-06-29 07:59:00+00:00
[2025-06-29T23:57:42.269+0000] {processor.py:208} INFO - Processing /opt/airflow/dags/driven_data_pipeline.py took 0.291 seconds
[2025-06-29T23:58:12.643+0000] {processor.py:186} INFO - Started process (PID=1305) to work on /opt/airflow/dags/driven_data_pipeline.py
[2025-06-29T23:58:12.650+0000] {processor.py:914} INFO - Processing file /opt/airflow/dags/driven_data_pipeline.py for tasks to queue
[2025-06-29T23:58:12.653+0000] {logging_mixin.py:190} INFO - [2025-06-29T23:58:12.652+0000] {dagbag.py:588} INFO - Filling up the DagBag from /opt/airflow/dags/driven_data_pipeline.py
[2025-06-29T23:58:12.829+0000] {processor.py:925} INFO - DAG(s) 'extract_raw_data_pipeline' retrieved from /opt/airflow/dags/driven_data_pipeline.py
[2025-06-29T23:58:12.852+0000] {logging_mixin.py:190} INFO - [2025-06-29T23:58:12.852+0000] {dag.py:3239} INFO - Sync 1 DAGs
[2025-06-29T23:58:12.876+0000] {logging_mixin.py:190} INFO - [2025-06-29T23:58:12.876+0000] {dag.py:4180} INFO - Setting next_dagrun for extract_raw_data_pipeline to 2025-06-29 07:58:00+00:00, run_after=2025-06-29 07:59:00+00:00
[2025-06-29T23:58:12.912+0000] {processor.py:208} INFO - Processing /opt/airflow/dags/driven_data_pipeline.py took 0.278 seconds
[2025-06-29T23:58:43.010+0000] {processor.py:186} INFO - Started process (PID=1313) to work on /opt/airflow/dags/driven_data_pipeline.py
[2025-06-29T23:58:43.011+0000] {processor.py:914} INFO - Processing file /opt/airflow/dags/driven_data_pipeline.py for tasks to queue
[2025-06-29T23:58:43.013+0000] {logging_mixin.py:190} INFO - [2025-06-29T23:58:43.013+0000] {dagbag.py:588} INFO - Filling up the DagBag from /opt/airflow/dags/driven_data_pipeline.py
[2025-06-29T23:58:43.188+0000] {processor.py:925} INFO - DAG(s) 'extract_raw_data_pipeline' retrieved from /opt/airflow/dags/driven_data_pipeline.py
[2025-06-29T23:58:43.213+0000] {logging_mixin.py:190} INFO - [2025-06-29T23:58:43.213+0000] {dag.py:3239} INFO - Sync 1 DAGs
[2025-06-29T23:58:43.235+0000] {logging_mixin.py:190} INFO - [2025-06-29T23:58:43.235+0000] {dag.py:4180} INFO - Setting next_dagrun for extract_raw_data_pipeline to 2025-06-29 07:58:00+00:00, run_after=2025-06-29 07:59:00+00:00
[2025-06-29T23:58:43.272+0000] {processor.py:208} INFO - Processing /opt/airflow/dags/driven_data_pipeline.py took 0.271 seconds
[2025-06-29T23:59:13.562+0000] {processor.py:186} INFO - Started process (PID=1321) to work on /opt/airflow/dags/driven_data_pipeline.py
[2025-06-29T23:59:13.924+0000] {processor.py:914} INFO - Processing file /opt/airflow/dags/driven_data_pipeline.py for tasks to queue
[2025-06-29T23:59:13.937+0000] {logging_mixin.py:190} INFO - [2025-06-29T23:59:13.935+0000] {dagbag.py:588} INFO - Filling up the DagBag from /opt/airflow/dags/driven_data_pipeline.py
[2025-06-29T23:59:14.121+0000] {processor.py:925} INFO - DAG(s) 'extract_raw_data_pipeline' retrieved from /opt/airflow/dags/driven_data_pipeline.py
[2025-06-29T23:59:14.145+0000] {logging_mixin.py:190} INFO - [2025-06-29T23:59:14.145+0000] {dag.py:3239} INFO - Sync 1 DAGs
[2025-06-29T23:59:14.167+0000] {logging_mixin.py:190} INFO - [2025-06-29T23:59:14.167+0000] {dag.py:4180} INFO - Setting next_dagrun for extract_raw_data_pipeline to 2025-06-29 07:58:00+00:00, run_after=2025-06-29 07:59:00+00:00
[2025-06-29T23:59:14.205+0000] {processor.py:208} INFO - Processing /opt/airflow/dags/driven_data_pipeline.py took 0.650 seconds
[2025-06-29T23:59:44.568+0000] {processor.py:186} INFO - Started process (PID=1329) to work on /opt/airflow/dags/driven_data_pipeline.py
[2025-06-29T23:59:44.569+0000] {processor.py:914} INFO - Processing file /opt/airflow/dags/driven_data_pipeline.py for tasks to queue
[2025-06-29T23:59:44.572+0000] {logging_mixin.py:190} INFO - [2025-06-29T23:59:44.572+0000] {dagbag.py:588} INFO - Filling up the DagBag from /opt/airflow/dags/driven_data_pipeline.py
[2025-06-29T23:59:44.749+0000] {processor.py:925} INFO - DAG(s) 'extract_raw_data_pipeline' retrieved from /opt/airflow/dags/driven_data_pipeline.py
[2025-06-29T23:59:44.774+0000] {logging_mixin.py:190} INFO - [2025-06-29T23:59:44.773+0000] {dag.py:3239} INFO - Sync 1 DAGs
[2025-06-29T23:59:44.797+0000] {logging_mixin.py:190} INFO - [2025-06-29T23:59:44.797+0000] {dag.py:4180} INFO - Setting next_dagrun for extract_raw_data_pipeline to 2025-06-29 07:58:00+00:00, run_after=2025-06-29 07:59:00+00:00
[2025-06-29T23:59:44.970+0000] {processor.py:208} INFO - Processing /opt/airflow/dags/driven_data_pipeline.py took 0.411 seconds
